checkpoint,checkpoint_sha256,code_revision,oracle_gate_relative_guidance,sampling_protocol,profile,seed,episode,completed,first_lap_completed,lap_time_s,failure_gate,gates_passed,collision,flyaway,return,duration_s,position_rmse_m,attitude_rmse_rad,velocity_rmse_mps
/home/donglei/isaac_projects/isaac_drone_racer/.worktrees/stage1-fake-vio/logs/skrl/drone_racer/2026-09-02_20-09-09_ppo_torch_stage1_mixed/checkpoints/agent_50010.pt,8ac5a032a78bb88a568b9cfe2e15e95b0aad6f6d428a9ff04ee77fb9b2073364,150d107225160ac498040fa20d4ccf9e26ec2703,True,fixed_per_environment_quotas_v2,clean,11,0,False,False,,7,0,True,False,-3.8732028007507324,1.03,0.0,0.00031913744169287384,0.0
/home/donglei/isaac_projects/isaac_drone_racer/.worktrees/stage1-fake-vio/logs/skrl/drone_racer/2026-09-02_20-09-09_ppo_torch_stage1_mixed/checkpoints/agent_50010.pt,8ac5a032a78bb88a568b9cfe2e15e95b0aad6f6d428a9ff04ee77fb9b2073364,150d107225160ac498040fa20d4ccf9e26ec2703,True,fixed_per_environment_quotas_v2,clean,11,1,False,False,,3,0,True,False,-3.054656505584717,1.08,0.0,0.000369959365343675,0.0
/home/donglei/isaac_projects/isaac_drone_racer/.worktrees/stage1-fake-vio/logs/skrl/drone_racer/2026-09-02_20-09-09_ppo_torch_stage1_mixed/checkpoints/agent_50010.pt,8ac5a032a78bb88a568b9cfe2e15e95b0aad6f6d428a9ff04ee77fb9b2073364,150d107225160ac498040fa20d4ccf9e26ec2703,True,fixed_per_environment_quotas_v2,clean,11,2,False,False,,6,0,True,False,-3.1238203048706055,1.19,0.0,0.00034671465982683003,0.0
/home/donglei/isaac_projects/isaac_drone_racer/.worktrees/stage1-fake-vio/logs/skrl/drone_racer/2026-09-02_20-09-09_ppo_torch_stage1_mixed/checkpoints/agent_50010.pt,8ac5a032a78bb88a568b9cfe2e15e95b0aad6f6d428a9ff04ee77fb9b2073364,150d107225160ac498040fa20d4ccf9e26ec2703,True,fixed_per_environment_quotas_v2,clean,11,3,False,False,,1,0,True,False,-4.825421333312988,1.2,0.0,0.00033946376061066985,0.0
/home/donglei/isaac_projects/isaac_drone_racer/.worktrees/stage1-fake-vio/logs/skrl/drone_racer/2026-09-02_20-09-09_ppo_torch_stage1_mixed/checkpoints/agent_50010.pt,8ac5a032a78bb88a568b9cfe2e15e95b0aad6f6d428a9ff04ee77fb9b2073364,150d107225160ac498040fa20d4ccf9e26ec2703,True,fixed_per_environment_quotas_v2,clean,11,4,False,False,,4,0,True,False,-2.2585034370422363,1.21,0.0,0.0002876749204006046,0.0
/home/donglei/isaac_projects/isaac_drone_racer/.worktrees/stage1-fake-vio/logs/skrl/drone_racer/2026-09-02_20-09-09_ppo_torch_stage1_mixed/checkpoints/agent_50010.pt,8ac5a032a78bb88a568b9cfe2e15e95b0aad6f6d428a9ff04ee77fb9b2073364,150d107225160ac498040fa20d4ccf9e26ec2703,True,fixed_per_environment_quotas_v2,clean,11,5,False,False,,6,0,True,False,-3.176668643951416,1.22,0.0,0.00034808553755283356,0.0
/home/donglei/isaac_projects/isaac_drone_racer/.worktrees/stage1-fake-vio/logs/skrl/drone_racer/2026-09-02_20-09-09_ppo_torch_stage1_mixed/checkpoints/agent_50010.pt,8ac5a032a78bb88a568b9cfe2e15e95b0aad6f6d428a9ff04ee77fb9b2073364,150d107225160ac498040fa20d4ccf9e26ec2703,True,fixed_per_environment_quotas_v2,clean,11,6,False,False,,7,0,True,False,-4.351265907287598,1.26,0.0,0.0002819093060679734,0.0
/home/donglei/isaac_projects/isaac_drone_racer/.worktrees/stage1-fake-vio/logs/skrl/drone_racer/2026-09-02_20-09-09_ppo_torch_stage1_mixed/checkpoints/agent_50010.pt,8ac5a032a78bb88a568b9cfe2e15e95b0aad6f6d428a9ff04ee77fb9b2073364,150d107225160ac498040fa20d4ccf9e26ec2703,True,fixed_per_environment_quotas_v2,clean,11,7,False,False,,6,1,True,False,1.4737606048583984,1.3800000000000001,0.0,0.00024939156719483435,0.0
/home/donglei/isaac_projects/isaac_drone_racer/.worktrees/stage1-fake-vio/logs/skrl/drone_racer/2026-09-02_20-09-09_ppo_torch_stage1_mixed/checkpoints/agent_50010.pt,8ac5a032a78bb88a568b9cfe2e15e95b0aad6f6d428a9ff04ee77fb9b2073364,150d107225160ac498040fa20d4ccf9e26ec2703,True,fixed_per_environment_quotas_v2,clean,11,8,False,False,,4,1,True,False,1.3959131240844727,1.3900000000000001,0.0,0.00027471917564980686,0.0
/home/donglei/isaac_projects/isaac_drone_racer/.worktrees/stage1-fake-vio/logs/skrl/drone_racer/2026-09-02_20-09-09_ppo_torch_stage1_mixed/checkpoints/agent_50010.pt,8ac5a032a78bb88a568b9cfe2e15e95b0aad6f6d428a9ff04ee77fb9b2073364,150d107225160ac498040fa20d4ccf9e26ec2703,True,fixed_per_environment_quotas_v2,clean,11,9,False,False,,4,1,True,False,1.3965210914611816,1.43,0.0,0.00036521366564556956,0.0
/home/donglei/isaac_projects/isaac_drone_racer/.worktrees/stage1-fake-vio/logs/skrl/drone_racer/2026-09-02_20-09-09_ppo_torch_stage1_mixed/checkpoints/agent_50010.pt,8ac5a032a78bb88a568b9cfe2e15e95b0aad6f6d428a9ff04ee77fb9b2073364,150d107225160ac498040fa20d4ccf9e26ec2703,True,fixed_per_environment_quotas_v2,clean,11,10,False,False,,1,0,True,False,-8.511780738830566,1.46,0.0,0.00026805256493389606,0.0
/home/donglei/isaac_projects/isaac_drone_racer/.worktrees/stage1-fake-vio/logs/skrl/drone_racer/2026-09-02_20-09-09_ppo_torch_stage1_mixed/checkpoints/agent_50010.pt,8ac5a032a78bb88a568b9cfe2e15e95b0aad6f6d428a9ff04ee77fb9b2073364,150d107225160ac498040fa20d4ccf9e26ec2703,True,fixed_per_environment_quotas_v2,clean,11,11,False,False,,6,1,True,False,1.5366649627685547,1.47,0.0,0.0003369460755493492,0.0
/home/donglei/isaac_projects/isaac_drone_racer/.worktrees/stage1-fake-vio/logs/skrl/drone_racer/2026-09-02_20-09-09_ppo_torch_stage1_mixed/checkpoints/agent_50010.pt,8ac5a032a78bb88a568b9cfe2e15e95b0aad6f6d428a9ff04ee77fb9b2073364,150d107225160ac498040fa20d4ccf9e26ec2703,True,fixed_per_environment_quotas_v2,clean,11,12,False,False,,6,1,True,False,1.5383501052856445,1.54,0.0,0.0003291991597507149,0.0
/home/donglei/isaac_projects/isaac_drone_racer/.worktrees/stage1-fake-vio/logs/skrl/drone_racer/2026-09-02_20-09-09_ppo_torch_stage1_mixed/checkpoints/agent_50010.pt,8ac5a032a78bb88a568b9cfe2e15e95b0aad6f6d428a9ff04ee77fb9b2073364,150d107225160ac498040fa20d4ccf9e26ec2703,True,fixed_per_environment_quotas_v2,clean,11,13,False,False,,6,1,True,False,1.6257991790771484,1.59,0.0,0.00029994879150763154,0.0
/home/donglei/isaac_projects/isaac_drone_racer/.worktrees/stage1-fake-vio/logs/skrl/drone_racer/2026-09-02_20-09-09_ppo_torch_stage1_mixed/checkpoints/agent_50010.pt,8ac5a032a78bb88a568b9cfe2e15e95b0aad6f6d428a9ff04ee77fb9b2073364,150d107225160ac498040fa20d4ccf9e26ec2703,True,fixed_per_environment_quotas_v2,clean,11,14,False,False,,6,1,True,False,1.545823574066162,1.59,0.0,0.00028977805050089955,0.0
/home/donglei/isaac_projects/isaac_drone_racer/.worktrees/stage1-fake-vio/logs/skrl/drone_racer/2026-09-02_20-09-09_ppo_torch_stage1_mixed/checkpoints/agent_50010.pt,8ac5a032a78bb88a568b9cfe2e15e95b0aad6f6d428a9ff04ee77fb9b2073364,150d107225160ac498040fa20d4ccf9e26ec2703,True,fixed_per_environment_quotas_v2,clean,11,15,False,False,,2,1,True,False,1.675795078277588,1.72,0.0,0.00028354357345961034,0.0
/home/donglei/isaac_projects/isaac_drone_racer/.worktrees/stage1-fake-vio/logs/skrl/drone_racer/2026-09-02_20-09-09_ppo_torch_stage1_mixed/checkpoints/agent_50010.pt,8ac5a032a78bb88a568b9cfe2e15e95b0aad6f6d428a9ff04ee77fb9b2073364,150d107225160ac498040fa20d4ccf9e26ec2703,True,fixed_per_environment_quotas_v2,clean,11,16,False,False,,6,1,True,False,1.5285487174987793,1.72,0.0,0.00030246685491874814,0.0
/home/donglei/isaac_projects/isaac_drone_racer/.worktrees/stage1-fake-vio/logs/skrl/drone_racer/2026-09-02_20-09-09_ppo_torch_stage1_mixed/checkpoints/agent_50010.pt,8ac5a032a78bb88a568b9cfe2e15e95b0aad6f6d428a9ff04ee77fb9b2073364,150d107225160ac498040fa20d4ccf9e26ec2703,True,fixed_per_environment_quotas_v2,clean,11,17,False,False,,6,1,True,False,1.5447449684143066,1.72,0.0,0.0003024668258149177,0.0
/home/donglei/isaac_projects/isaac_drone_racer/.worktrees/stage1-fake-vio/logs/skrl/drone_racer/2026-09-02_20-09-09_ppo_torch_stage1_mixed/checkpoints/agent_50010.pt,8ac5a032a78bb88a568b9cfe2e15e95b0aad6f6d428a9ff04ee77fb9b2073364,150d107225160ac498040fa20d4ccf9e26ec2703,True,fixed_per_environment_quotas_v2,clean,11,18,False,False,,6,1,True,False,1.1647319793701172,1.74,0.0,0.00033108569914475083,0.0
/home/donglei/isaac_projects/isaac_drone_racer/.worktrees/stage1-fake-vio/logs/skrl/drone_racer/2026-09-02_20-09-09_ppo_torch_stage1_mixed/checkpoints/agent_50010.pt,8ac5a032a78bb88a568b9cfe2e15e95b0aad6f6d428a9ff04ee77fb9b2073364,150d107225160ac498040fa20d4ccf9e26ec2703,True,fixed_per_environment_quotas_v2,clean,11,19,False,False,,4,1,True,False,2.14309024810791,1.83,0.0,0.00033081418951041996,0.0
/home/donglei/isaac_projects/isaac_drone_racer/.worktrees/stage1-fake-vio/logs/skrl/drone_racer/2026-09-02_20-09-09_ppo_torch_stage1_mixed/checkpoints/agent_50010.pt,8ac5a032a78bb88a568b9cfe2e15e95b0aad6f6d428a9ff04ee77fb9b2073364,150d107225160ac498040fa20d4ccf9e26ec2703,True,fixed_per_environment_quotas_v2,clean,11,20,False,False,,6,1,True,False,1.5483274459838867,1.83,0.0,0.0002795890031848103,0.0
/home/donglei/isaac_projects/isaac_drone_racer/.worktrees/stage1-fake-vio/logs/skrl/drone_racer/2026-09-02_20-09-09_ppo_torch_stage1_mixed/checkpoints/agent_50010.pt,8ac5a032a78bb88a568b9cfe2e15e95b0aad6f6d428a9ff04ee77fb9b2073364,150d107225160ac498040fa20d4ccf9e26ec2703,True,fixed_per_environment_quotas_v2,clean,11,21,False,False,,1,0,True,False,-4.219608783721924,0.72,0.0,0.0003151841810904443,0.0
/home/donglei/isaac_projects/isaac_drone_racer/.worktrees/stage1-fake-vio/logs/skrl/drone_racer/2026-09-02_20-09-09_ppo_torch_stage1_mixed/checkpoints/agent_50010.pt,8ac5a032a78bb88a568b9cfe2e15e95b0aad6f6d428a9ff04ee77fb9b2073364,150d107225160ac498040fa20d4ccf9e26ec2703,True,fixed_per_environment_quotas_v2,clean,11,22,False,False,,6,0,True,False,-7.941823482513428,1.98,0.0,0.0002687899977900088,0.0
/home/donglei/isaac_projects/isaac_drone_racer/.worktrees/stage1-fake-vio/logs/skrl/drone_racer/2026-09-02_20-09-09_ppo_torch_stage1_mixed/checkpoints/agent_50010.pt,8ac5a032a78bb88a568b9cfe2e15e95b0aad6f6d428a9ff04ee77fb9b2073364,150d107225160ac498040fa20d4ccf9e26ec2703,True,fixed_per_environment_quotas_v2,clean,11,23,False,False,,1,0,True,False,-4.88966178894043,2.0100000000000002,0.0,0.00032673319219611585,0.0
/home/donglei/isaac_projects/isaac_drone_racer/.worktrees/stage1-fake-vio/logs/skrl/drone_racer/2026-09-02_20-09-09_ppo_torch_stage1_mixed/checkpoints/agent_50010.pt,8ac5a032a78bb88a568b9cfe2e15e95b0aad6f6d428a9ff04ee77fb9b2073364,150d107225160ac498040fa20d4ccf9e26ec2703,True,fixed_per_environment_quotas_v2,clean,11,24,False,False,,1,0,True,False,-4.209782600402832,0.8,0.0,0.0003183204389642924,0.0
/home/donglei/isaac_projects/isaac_drone_racer/.worktrees/stage1-fake-vio/logs/skrl/drone_racer/2026-09-02_20-09-09_ppo_torch_stage1_mixed/checkpoints/agent_50010.pt,8ac5a032a78bb88a568b9cfe2e15e95b0aad6f6d428a9ff04ee77fb9b2073364,150d107225160ac498040fa20d4ccf9e26ec2703,True,fixed_per_environment_quotas_v2,clean,11,25,False,False,,1,0,True,False,-4.116532802581787,0.84,0.0,0.0003106489311903715,0.0
/home/donglei/isaac_projects/isaac_drone_racer/.worktrees/stage1-fake-vio/logs/skrl/drone_racer/2026-09-02_20-09-09_ppo_torch_stage1_mixed/checkpoints/agent_50010.pt,8ac5a032a78bb88a568b9cfe2e15e95b0aad6f6d428a9ff04ee77fb9b2073364,150d107225160ac498040fa20d4ccf9e26ec2703,True,fixed_per_environment_quotas_v2,clean,11,26,False,False,,1,0,True,False,-4.087621212005615,0.78,0.0,0.0003317217924632132,0.0
/home/donglei/isaac_projects/isaac_drone_racer/.worktrees/stage1-fake-vio/logs/skrl/drone_racer/2026-09-02_20-09-09_ppo_torch_stage1_mixed/checkpoints/agent_50010.pt,8ac5a032a78bb88a568b9cfe2e15e95b0aad6f6d428a9ff04ee77fb9b2073364,150d107225160ac498040fa20d4ccf9e26ec2703,True,fixed_per_environment_quotas_v2,clean,11,27,False,False,,7,0,False,True,-7.9819135665893555,2.2600000000000002,0.0,0.0002831539313774556,0.0
/home/donglei/isaac_projects/isaac_drone_racer/.worktrees/stage1-fake-vio/logs/skrl/drone_racer/2026-09-02_20-09-09_ppo_torch_stage1_mixed/checkpoints/agent_50010.pt,8ac5a032a78bb88a568b9cfe2e15e95b0aad6f6d428a9ff04ee77fb9b2073364,150d107225160ac498040fa20d4ccf9e26ec2703,True,fixed_per_environment_quotas_v2,clean,11,28,False,False,,7,0,True,False,-3.9106879234313965,0.85,0.0,0.00029008230194449425,0.0
/home/donglei/isaac_projects/isaac_drone_racer/.worktrees/stage1-fake-vio/logs/skrl/drone_racer/2026-09-02_20-09-09_ppo_torch_stage1_mixed/checkpoints/agent_50010.pt,8ac5a032a78bb88a568b9cfe2e15e95b0aad6f6d428a9ff04ee77fb9b2073364,150d107225160ac498040fa20d4ccf9e26ec2703,True,fixed_per_environment_quotas_v2,clean,11,29,False,False,,1,0,False,True,-11.966548919677734,2.34,0.0,0.0003159913176205009,0.0
/home/donglei/isaac_projects/isaac_drone_racer/.worktrees/stage1-fake-vio/logs/skrl/drone_racer/2026-09-02_20-09-09_ppo_torch_stage1_mixed/checkpoints/agent_50010.pt,8ac5a032a78bb88a568b9cfe2e15e95b0aad6f6d428a9ff04ee77fb9b2073364,150d107225160ac498040fa20d4ccf9e26ec2703,True,fixed_per_environment_quotas_v2,clean,11,30,False,False,,1,0,False,True,-12.131399154663086,2.56,0.0,0.0002927143359556794,0.0
/home/donglei/isaac_projects/isaac_drone_racer/.worktrees/stage1-fake-vio/logs/skrl/drone_racer/2026-09-02_20-09-09_ppo_torch_stage1_mixed/checkpoints/agent_50010.pt,8ac5a032a78bb88a568b9cfe2e15e95b0aad6f6d428a9ff04ee77fb9b2073364,150d107225160ac498040fa20d4ccf9e26ec2703,True,fixed_per_environment_quotas_v2,clean,11,31,False,False,,1,0,True,False,-4.252358913421631,2.58,0.0,0.00028839081642217934,0.0
/home/donglei/isaac_projects/isaac_drone_racer/.worktrees/stage1-fake-vio/logs/skrl/drone_racer/2026-09-02_20-09-09_ppo_torch_stage1_mixed/checkpoints/agent_50010.pt,8ac5a032a78bb88a568b9cfe2e15e95b0aad6f6d428a9ff04ee77fb9b2073364,150d107225160ac498040fa20d4ccf9e26ec2703,True,fixed_per_environment_quotas_v2,clean,11,32,False,False,,1,0,True,False,-4.529234409332275,1.1400000000000001,0.0,0.0003233721654396504,0.0
/home/donglei/isaac_projects/isaac_drone_racer/.worktrees/stage1-fake-vio/logs/skrl/drone_racer/2026-09-02_20-09-09_ppo_torch_stage1_mixed/checkpoints/agent_50010.pt,8ac5a032a78bb88a568b9cfe2e15e95b0aad6f6d428a9ff04ee77fb9b2073364,150d107225160ac498040fa20d4ccf9e26ec2703,True,fixed_per_environment_quotas_v2,clean,11,33,False,False,,1,2,True,False,7.212506294250488,2.71,0.0,0.00029362866189330816,0.0
/home/donglei/isaac_projects/isaac_drone_racer/.worktrees/stage1-fake-vio/logs/skrl/drone_racer/2026-09-02_20-09-09_ppo_torch_stage1_mixed/checkpoints/agent_50010.pt,8ac5a032a78bb88a568b9cfe2e15e95b0aad6f6d428a9ff04ee77fb9b2073364,150d107225160ac498040fa20d4ccf9e26ec2703,True,fixed_per_environment_quotas_v2,clean,11,34,False,False,,2,1,False,True,-6.047474384307861,2.7600000000000002,0.0,0.0002788282581605017,0.0
/home/donglei/isaac_projects/isaac_drone_racer/.worktrees/stage1-fake-vio/logs/skrl/drone_racer/2026-09-02_20-09-09_ppo_torch_stage1_mixed/checkpoints/agent_50010.pt,8ac5a032a78bb88a568b9cfe2e15e95b0aad6f6d428a9ff04ee77fb9b2073364,150d107225160ac498040fa20d4ccf9e26ec2703,True,fixed_per_environment_quotas_v2,clean,11,35,False,False,,6,1,True,False,1.4510202407836914,1.57,0.0,0.00031175269396044314,0.0
/home/donglei/isaac_projects/isaac_drone_racer/.worktrees/stage1-fake-vio/logs/skrl/drone_racer/2026-09-02_20-09-09_ppo_torch_stage1_mixed/checkpoints/agent_50010.pt,8ac5a032a78bb88a568b9cfe2e15e95b0aad6f6d428a9ff04ee77fb9b2073364,150d107225160ac498040fa20d4ccf9e26ec2703,True,fixed_per_environment_quotas_v2,clean,11,36,False,False,,1,0,True,False,-4.07586669921875,0.9400000000000001,0.0,0.0003021741867996752,0.0
/home/donglei/isaac_projects/isaac_drone_racer/.worktrees/stage1-fake-vio/logs/skrl/drone_racer/2026-09-02_20-09-09_ppo_torch_stage1_mixed/checkpoints/agent_50010.pt,8ac5a032a78bb88a568b9cfe2e15e95b0aad6f6d428a9ff04ee77fb9b2073364,150d107225160ac498040fa20d4ccf9e26ec2703,True,fixed_per_environment_quotas_v2,clean,11,37,False,False,,4,2,True,False,9.768196105957031,3.15,0.0,0.0003369460755493492,0.0
/home/donglei/isaac_projects/isaac_drone_racer/.worktrees/stage1-fake-vio/logs/skrl/drone_racer/2026-09-02_20-09-09_ppo_torch_stage1_mixed/checkpoints/agent_50010.pt,8ac5a032a78bb88a568b9cfe2e15e95b0aad6f6d428a9ff04ee77fb9b2073364,150d107225160ac498040fa20d4ccf9e26ec2703,True,fixed_per_environment_quotas_v2,clean,11,38,False,False,,4,2,True,False,9.876428604125977,3.22,0.0,0.0003463375905994326,0.0
/home/donglei/isaac_projects/isaac_drone_racer/.worktrees/stage1-fake-vio/logs/skrl/drone_racer/2026-09-02_20-09-09_ppo_torch_stage1_mixed/checkpoints/agent_50010.pt,8ac5a032a78bb88a568b9cfe2e15e95b0aad6f6d428a9ff04ee77fb9b2073364,150d107225160ac498040fa20d4ccf9e26ec2703,True,fixed_per_environment_quotas_v2,clean,11,39,False,False,,2,3,True,False,11.970837593078613,3.23,0.0,0.00031450038659386337,0.0
/home/donglei/isaac_projects/isaac_drone_racer/.worktrees/stage1-fake-vio/logs/skrl/drone_racer/2026-09-02_20-09-09_ppo_torch_stage1_mixed/checkpoints/agent_50010.pt,8ac5a032a78bb88a568b9cfe2e15e95b0aad6f6d428a9ff04ee77fb9b2073364,150d107225160ac498040fa20d4ccf9e26ec2703,True,fixed_per_environment_quotas_v2,clean,11,40,False,False,,1,0,True,False,-4.129016399383545,0.78,0.0,0.00030281918589025736,0.0
/home/donglei/isaac_projects/isaac_drone_racer/.worktrees/stage1-fake-vio/logs/skrl/drone_racer/2026-09-02_20-09-09_ppo_torch_stage1_mixed/checkpoints/agent_50010.pt,8ac5a032a78bb88a568b9cfe2e15e95b0aad6f6d428a9ff04ee77fb9b2073364,150d107225160ac498040fa20d4ccf9e26ec2703,True,fixed_per_environment_quotas_v2,clean,11,41,False,False,,2,1,True,False,1.9856996536254883,1.92,0.0,0.00029482782701961696,0.0
/home/donglei/isaac_projects/isaac_drone_racer/.worktrees/stage1-fake-vio/logs/skrl/drone_racer/2026-09-02_20-09-09_ppo_torch_stage1_mixed/checkpoints/agent_50010.pt,8ac5a032a78bb88a568b9cfe2e15e95b0aad6f6d428a9ff04ee77fb9b2073364,150d107225160ac498040fa20d4ccf9e26ec2703,True,fixed_per_environment_quotas_v2,clean,11,42,False,False,,1,4,True,False,17.749996185302734,3.59,0.0,0.0002653235278557986,0.0
/home/donglei/isaac_projects/isaac_drone_racer/.worktrees/stage1-fake-vio/logs/skrl/drone_racer/2026-09-02_20-09-09_ppo_torch_stage1_mixed/checkpoints/agent_50010.pt,8ac5a032a78bb88a568b9cfe2e15e95b0aad6f6d428a9ff04ee77fb9b2073364,150d107225160ac498040fa20d4ccf9e26ec2703,True,fixed_per_environment_quotas_v2,clean,11,43,False,False,,4,3,True,False,14.831066131591797,3.64,0.0,0.00032372731948271394,0.0
/home/donglei/isaac_projects/isaac_drone_racer/.worktrees/stage1-fake-vio/logs/skrl/drone_racer/2026-09-02_20-09-09_ppo_torch_stage1_mixed/checkpoints/agent_50010.pt,8ac5a032a78bb88a568b9cfe2e15e95b0aad6f6d428a9ff04ee77fb9b2073364,150d107225160ac498040fa20d4ccf9e26ec2703,True,fixed_per_environment_quotas_v2,clean,11,44,False,False,,5,3,True,False,13.475449562072754,3.77,0.0,0.00032595227821730077,0.0
/home/donglei/isaac_projects/isaac_drone_racer/.worktrees/stage1-fake-vio/logs/skrl/drone_racer/2026-09-02_20-09-09_ppo_torch_stage1_mixed/checkpoints/agent_50010.pt,8ac5a032a78bb88a568b9cfe2e15e95b0aad6f6d428a9ff04ee77fb9b2073364,150d107225160ac498040fa20d4ccf9e26ec2703,True,fixed_per_environment_quotas_v2,clean,11,45,False,False,,3,1,True,False,2.9105992317199707,2.04,0.0,0.0002691849658731371,0.0
/home/donglei/isaac_projects/isaac_drone_racer/.worktrees/stage1-fake-vio/logs/skrl/drone_racer/2026-09-02_20-09-09_ppo_torch_stage1_mixed/checkpoints/agent_50010.pt,8ac5a032a78bb88a568b9cfe2e15e95b0aad6f6d428a9ff04ee77fb9b2073364,150d107225160ac498040fa20d4ccf9e26ec2703,True,fixed_per_environment_quotas_v2,clean,11,46,False,False,,5,1,True,False,1.61421537399292,1.9100000000000001,0.0,0.00035682349698618054,0.0
/home/donglei/isaac_projects/isaac_drone_racer/.worktrees/stage1-fake-vio/logs/skrl/drone_racer/2026-09-02_20-09-09_ppo_torch_stage1_mixed/checkpoints/agent_50010.pt,8ac5a032a78bb88a568b9cfe2e15e95b0aad6f6d428a9ff04ee77fb9b2073364,150d107225160ac498040fa20d4ccf9e26ec2703,True,fixed_per_environment_quotas_v2,clean,11,47,False,False,,4,2,True,False,9.740169525146484,3.0,0.0,0.0002983447629958391,0.0
/home/donglei/isaac_projects/isaac_drone_racer/.worktrees/stage1-fake-vio/logs/skrl/drone_racer/2026-09-02_20-09-09_ppo_torch_stage1_mixed/checkpoints/agent_50010.pt,8ac5a032a78bb88a568b9cfe2e15e95b0aad6f6d428a9ff04ee77fb9b2073364,150d107225160ac498040fa20d4ccf9e26ec2703,True,fixed_per_environment_quotas_v2,clean,11,48,False,False,,5,3,True,False,13.198970794677734,3.67,0.0,0.0002768713457044214,0.0
/home/donglei/isaac_projects/isaac_drone_racer/.worktrees/stage1-fake-vio/logs/skrl/drone_racer/2026-09-02_20-09-09_ppo_torch_stage1_mixed/checkpoints/agent_50010.pt,8ac5a032a78bb88a568b9cfe2e15e95b0aad6f6d428a9ff04ee77fb9b2073364,150d107225160ac498040fa20d4ccf9e26ec2703,True,fixed_per_environment_quotas_v2,clean,11,49,False,False,,5,5,True,False,22.967802047729492,5.01,0.0,0.0002975141687784344,0.0
/home/donglei/isaac_projects/isaac_drone_racer/.worktrees/stage1-fake-vio/logs/skrl/drone_racer/2026-09-02_20-09-09_ppo_torch_stage1_mixed/checkpoints/agent_50010.pt,8ac5a032a78bb88a568b9cfe2e15e95b0aad6f6d428a9ff04ee77fb9b2073364,150d107225160ac498040fa20d4ccf9e26ec2703,True,fixed_per_environment_quotas_v2,clean,11,50,False,False,,4,0,True,False,-10.240189552307129,5.12,0.0,0.0003021086158696562,0.0
/home/donglei/isaac_projects/isaac_drone_racer/.worktrees/stage1-fake-vio/logs/skrl/drone_racer/2026-09-02_20-09-09_ppo_torch_stage1_mixed/checkpoints/agent_50010.pt,8ac5a032a78bb88a568b9cfe2e15e95b0aad6f6d428a9ff04ee77fb9b2073364,150d107225160ac498040fa20d4ccf9e26ec2703,True,fixed_per_environment_quotas_v2,clean,11,51,False,False,,5,3,True,False,13.593605995178223,3.67,0.0,0.00030797356157563627,0.0
/home/donglei/isaac_projects/isaac_drone_racer/.worktrees/stage1-fake-vio/logs/skrl/drone_racer/2026-09-02_20-09-09_ppo_torch_stage1_mixed/checkpoints/agent_50010.pt,8ac5a032a78bb88a568b9cfe2e15e95b0aad6f6d428a9ff04ee77fb9b2073364,150d107225160ac498040fa20d4ccf9e26ec2703,True,fixed_per_environment_quotas_v2,clean,11,52,False,False,,6,5,True,False,25.33506202697754,5.29,0.0,0.0003061779134441167,0.0
/home/donglei/isaac_projects/isaac_drone_racer/.worktrees/stage1-fake-vio/logs/skrl/drone_racer/2026-09-02_20-09-09_ppo_torch_stage1_mixed/checkpoints/agent_50010.pt,8ac5a032a78bb88a568b9cfe2e15e95b0aad6f6d428a9ff04ee77fb9b2073364,150d107225160ac498040fa20d4ccf9e26ec2703,True,fixed_per_environment_quotas_v2,clean,11,53,False,False,,5,5,True,False,22.634536743164062,5.47,0.0,0.00031524180667474866,0.0
/home/donglei/isaac_projects/isaac_drone_racer/.worktrees/stage1-fake-vio/logs/skrl/drone_racer/2026-09-02_20-09-09_ppo_torch_stage1_mixed/checkpoints/agent_50010.pt,8ac5a032a78bb88a568b9cfe2e15e95b0aad6f6d428a9ff04ee77fb9b2073364,150d107225160ac498040fa20d4ccf9e26ec2703,True,fixed_per_environment_quotas_v2,clean,11,54,False,False,,5,3,True,False,13.535440444946289,4.0200000000000005,0.0,0.000290202529868111,0.0
/home/donglei/isaac_projects/isaac_drone_racer/.worktrees/stage1-fake-vio/logs/skrl/drone_racer/2026-09-02_20-09-09_ppo_torch_stage1_mixed/checkpoints/agent_50010.pt,8ac5a032a78bb88a568b9cfe2e15e95b0aad6f6d428a9ff04ee77fb9b2073364,150d107225160ac498040fa20d4ccf9e26ec2703,True,fixed_per_environment_quotas_v2,clean,11,55,False,False,,4,2,True,False,9.783037185668945,3.02,0.0,0.00029999844264239073,0.0
/home/donglei/isaac_projects/isaac_drone_racer/.worktrees/stage1-fake-vio/logs/skrl/drone_racer/2026-09-02_20-09-09_ppo_torch_stage1_mixed/checkpoints/agent_50010.pt,8ac5a032a78bb88a568b9cfe2e15e95b0aad6f6d428a9ff04ee77fb9b2073364,150d107225160ac498040fa20d4ccf9e26ec2703,True,fixed_per_environment_quotas_v2,clean,11,56,False,False,,5,2,True,False,8.144112586975098,2.72,0.0,0.0003161098575219512,0.0
/home/donglei/isaac_projects/isaac_drone_racer/.worktrees/stage1-fake-vio/logs/skrl/drone_racer/2026-09-02_20-09-09_ppo_torch_stage1_mixed/checkpoints/agent_50010.pt,8ac5a032a78bb88a568b9cfe2e15e95b0aad6f6d428a9ff04ee77fb9b2073364,150d107225160ac498040fa20d4ccf9e26ec2703,True,fixed_per_environment_quotas_v2,clean,11,57,False,False,,4,2,True,False,9.87580680847168,3.08,0.0,0.00034075349685736,0.0
/home/donglei/isaac_projects/isaac_drone_racer/.worktrees/stage1-fake-vio/logs/skrl/drone_racer/2026-09-02_20-09-09_ppo_torch_stage1_mixed/checkpoints/agent_50010.pt,8ac5a032a78bb88a568b9cfe2e15e95b0aad6f6d428a9ff04ee77fb9b2073364,150d107225160ac498040fa20d4ccf9e26ec2703,True,fixed_per_environment_quotas_v2,clean,11,58,False,False,,3,5,True,False,23.753143310546875,5.07,0.0,0.0002957484975922853,0.0
/home/donglei/isaac_projects/isaac_drone_racer/.worktrees/stage1-fake-vio/logs/skrl/drone_racer/2026-09-02_20-09-09_ppo_torch_stage1_mixed/checkpoints/agent_50010.pt,8ac5a032a78bb88a568b9cfe2e15e95b0aad6f6d428a9ff04ee77fb9b2073364,150d107225160ac498040fa20d4ccf9e26ec2703,True,fixed_per_environment_quotas_v2,clean,11,59,False,False,,5,1,True,False,1.0896005630493164,1.8800000000000001,0.0,0.0002252273407066241,0.0
/home/donglei/isaac_projects/isaac_drone_racer/.worktrees/stage1-fake-vio/logs/skrl/drone_racer/2026-09-02_20-09-09_ppo_torch_stage1_mixed/checkpoints/agent_50010.pt,8ac5a032a78bb88a568b9cfe2e15e95b0aad6f6d428a9ff04ee77fb9b2073364,150d107225160ac498040fa20d4ccf9e26ec2703,True,fixed_per_environment_quotas_v2,clean,11,60,False,False,,7,3,False,True,9.815771102905273,7.38,0.0,0.0003029012295883149,0.0
/home/donglei/isaac_projects/isaac_drone_racer/.worktrees/stage1-fake-vio/logs/skrl/drone_racer/2026-09-02_20-09-09_ppo_torch_stage1_mixed/checkpoints/agent_50010.pt,8ac5a032a78bb88a568b9cfe2e15e95b0aad6f6d428a9ff04ee77fb9b2073364,150d107225160ac498040fa20d4ccf9e26ec2703,True,fixed_per_environment_quotas_v2,clean,11,61,False,False,,6,3,True,False,14.148981094360352,3.84,0.0,0.0002841032110154629,0.0
/home/donglei/isaac_projects/isaac_drone_racer/.worktrees/stage1-fake-vio/logs/skrl/drone_racer/2026-09-02_20-09-09_ppo_torch_stage1_mixed/checkpoints/agent_50010.pt,8ac5a032a78bb88a568b9cfe2e15e95b0aad6f6d428a9ff04ee77fb9b2073364,150d107225160ac498040fa20d4ccf9e26ec2703,True,fixed_per_environment_quotas_v2,clean,11,62,True,True,6.13,,7,False,False,39.722450256347656,6.13,0.0,0.00034723273711279035,0.0
/home/donglei/isaac_projects/isaac_drone_racer/.worktrees/stage1-fake-vio/logs/skrl/drone_racer/2026-09-02_20-09-09_ppo_torch_stage1_mixed/checkpoints/agent_50010.pt,8ac5a032a78bb88a568b9cfe2e15e95b0aad6f6d428a9ff04ee77fb9b2073364,150d107225160ac498040fa20d4ccf9e26ec2703,True,fixed_per_environment_quotas_v2,clean,11,63,False,False,,6,1,False,True,-2.5733556747436523,3.06,0.0,0.0002873837947845459,0.0
/home/donglei/isaac_projects/isaac_drone_racer/.worktrees/stage1-fake-vio/logs/skrl/drone_racer/2026-09-02_20-09-09_ppo_torch_stage1_mixed/checkpoints/agent_50010.pt,8ac5a032a78bb88a568b9cfe2e15e95b0aad6f6d428a9ff04ee77fb9b2073364,150d107225160ac498040fa20d4ccf9e26ec2703,True,fixed_per_environment_quotas_v2,clean,11,64,True,True,6.57,,7,False,False,39.94428253173828,6.57,0.0,0.0003153280995320529,0.0
/home/donglei/isaac_projects/isaac_drone_racer/.worktrees/stage1-fake-vio/logs/skrl/drone_racer/2026-09-02_20-09-09_ppo_torch_stage1_mixed/checkpoints/agent_50010.pt,8ac5a032a78bb88a568b9cfe2e15e95b0aad6f6d428a9ff04ee77fb9b2073364,150d107225160ac498040fa20d4ccf9e26ec2703,True,fixed_per_environment_quotas_v2,clean,11,65,False,False,,6,0,True,False,-7.907895088195801,1.69,0.0,0.00029093926423229277,0.0
/home/donglei/isaac_projects/isaac_drone_racer/.worktrees/stage1-fake-vio/logs/skrl/drone_racer/2026-09-02_20-09-09_ppo_torch_stage1_mixed/checkpoints/agent_50010.pt,8ac5a032a78bb88a568b9cfe2e15e95b0aad6f6d428a9ff04ee77fb9b2073364,150d107225160ac498040fa20d4ccf9e26ec2703,True,fixed_per_environment_quotas_v2,clean,11,66,True,True,6.54,,7,False,False,39.68324279785156,6.54,0.0,0.00030429725302383304,0.0
/home/donglei/isaac_projects/isaac_drone_racer/.worktrees/stage1-fake-vio/logs/skrl/drone_racer/2026-09-02_20-09-09_ppo_torch_stage1_mixed/checkpoints/agent_50010.pt,8ac5a032a78bb88a568b9cfe2e15e95b0aad6f6d428a9ff04ee77fb9b2073364,150d107225160ac498040fa20d4ccf9e26ec2703,True,fixed_per_environment_quotas_v2,clean,11,67,True,True,5.95,,7,False,False,39.46929931640625,5.95,0.0,0.00030093020177446306,0.0
/home/donglei/isaac_projects/isaac_drone_racer/.worktrees/stage1-fake-vio/logs/skrl/drone_racer/2026-09-02_20-09-09_ppo_torch_stage1_mixed/checkpoints/agent_50010.pt,8ac5a032a78bb88a568b9cfe2e15e95b0aad6f6d428a9ff04ee77fb9b2073364,150d107225160ac498040fa20d4ccf9e26ec2703,True,fixed_per_environment_quotas_v2,clean,11,68,True,True,6.5200000000000005,,7,False,False,39.66754913330078,6.5200000000000005,0.0,0.0003222592640668154,0.0
/home/donglei/isaac_projects/isaac_drone_racer/.worktrees/stage1-fake-vio/logs/skrl/drone_racer/2026-09-02_20-09-09_ppo_torch_stage1_mixed/checkpoints/agent_50010.pt,8ac5a032a78bb88a568b9cfe2e15e95b0aad6f6d428a9ff04ee77fb9b2073364,150d107225160ac498040fa20d4ccf9e26ec2703,True,fixed_per_environment_quotas_v2,clean,11,69,True,True,6.04,,7,False,False,39.57875442504883,6.04,0.0,0.00030650675762444735,0.0
/home/donglei/isaac_projects/isaac_drone_racer/.worktrees/stage1-fake-vio/logs/skrl/drone_racer/2026-09-02_20-09-09_ppo_torch_stage1_mixed/checkpoints/agent_50010.pt,8ac5a032a78bb88a568b9cfe2e15e95b0aad6f6d428a9ff04ee77fb9b2073364,150d107225160ac498040fa20d4ccf9e26ec2703,True,fixed_per_environment_quotas_v2,clean,11,70,True,True,6.28,,7,False,False,39.808162689208984,6.28,0.0,0.0003005928883794695,0.0
/home/donglei/isaac_projects/isaac_drone_racer/.worktrees/stage1-fake-vio/logs/skrl/drone_racer/2026-09-02_20-09-09_ppo_torch_stage1_mixed/checkpoints/agent_50010.pt,8ac5a032a78bb88a568b9cfe2e15e95b0aad6f6d428a9ff04ee77fb9b2073364,150d107225160ac498040fa20d4ccf9e26ec2703,True,fixed_per_environment_quotas_v2,clean,11,71,False,False,,3,6,True,False,30.63788604736328,6.43,0.0,0.0002830032608471811,0.0
/home/donglei/isaac_projects/isaac_drone_racer/.worktrees/stage1-fake-vio/logs/skrl/drone_racer/2026-09-02_20-09-09_ppo_torch_stage1_mixed/checkpoints/agent_50010.pt,8ac5a032a78bb88a568b9cfe2e15e95b0aad6f6d428a9ff04ee77fb9b2073364,150d107225160ac498040fa20d4ccf9e26ec2703,True,fixed_per_environment_quotas_v2,clean,11,72,True,True,5.95,,7,False,False,39.41819763183594,5.95,0.0,0.00030489868368022144,0.0
/home/donglei/isaac_projects/isaac_drone_racer/.worktrees/stage1-fake-vio/logs/skrl/drone_racer/2026-09-02_20-09-09_ppo_torch_stage1_mixed/checkpoints/agent_50010.pt,8ac5a032a78bb88a568b9cfe2e15e95b0aad6f6d428a9ff04ee77fb9b2073364,150d107225160ac498040fa20d4ccf9e26ec2703,True,fixed_per_environment_quotas_v2,clean,11,73,False,False,,6,1,True,False,1.5307598114013672,1.49,0.0,0.00030464280280284584,0.0
/home/donglei/isaac_projects/isaac_drone_racer/.worktrees/stage1-fake-vio/logs/skrl/drone_racer/2026-09-02_20-09-09_ppo_torch_stage1_mixed/checkpoints/agent_50010.pt,8ac5a032a78bb88a568b9cfe2e15e95b0aad6f6d428a9ff04ee77fb9b2073364,150d107225160ac498040fa20d4ccf9e26ec2703,True,fixed_per_environment_quotas_v2,clean,11,74,True,True,6.04,,7,False,False,39.520545959472656,6.04,0.0,0.000310346222249791,0.0
/home/donglei/isaac_projects/isaac_drone_racer/.worktrees/stage1-fake-vio/logs/skrl/drone_racer/2026-09-02_20-09-09_ppo_torch_stage1_mixed/checkpoints/agent_50010.pt,8ac5a032a78bb88a568b9cfe2e15e95b0aad6f6d428a9ff04ee77fb9b2073364,150d107225160ac498040fa20d4ccf9e26ec2703,True,fixed_per_environment_quotas_v2,clean,11,75,False,False,,5,3,True,False,13.330204010009766,3.46,0.0,0.0002802750386763364,0.0
/home/donglei/isaac_projects/isaac_drone_racer/.worktrees/stage1-fake-vio/logs/skrl/drone_racer/2026-09-02_20-09-09_ppo_torch_stage1_mixed/checkpoints/agent_50010.pt,8ac5a032a78bb88a568b9cfe2e15e95b0aad6f6d428a9ff04ee77fb9b2073364,150d107225160ac498040fa20d4ccf9e26ec2703,True,fixed_per_environment_quotas_v2,clean,11,76,False,False,,2,2,True,False,7.172016143798828,2.61,0.0,0.00034986637183465064,0.0
/home/donglei/isaac_projects/isaac_drone_racer/.worktrees/stage1-fake-vio/logs/skrl/drone_racer/2026-09-02_20-09-09_ppo_torch_stage1_mixed/checkpoints/agent_50010.pt,8ac5a032a78bb88a568b9cfe2e15e95b0aad6f6d428a9ff04ee77fb9b2073364,150d107225160ac498040fa20d4ccf9e26ec2703,True,fixed_per_environment_quotas_v2,clean,11,77,True,True,6.22,,7,False,False,39.77129364013672,6.22,0.0,0.0003169023839291185,0.0
/home/donglei/isaac_projects/isaac_drone_racer/.worktrees/stage1-fake-vio/logs/skrl/drone_racer/2026-09-02_20-09-09_ppo_torch_stage1_mixed/checkpoints/agent_50010.pt,8ac5a032a78bb88a568b9cfe2e15e95b0aad6f6d428a9ff04ee77fb9b2073364,150d107225160ac498040fa20d4ccf9e26ec2703,True,fixed_per_environment_quotas_v2,clean,11,78,True,True,6.0600000000000005,,7,False,False,39.36798858642578,6.0600000000000005,0.0,0.0003047121281269938,0.0
/home/donglei/isaac_projects/isaac_drone_racer/.worktrees/stage1-fake-vio/logs/skrl/drone_racer/2026-09-02_20-09-09_ppo_torch_stage1_mixed/checkpoints/agent_50010.pt,8ac5a032a78bb88a568b9cfe2e15e95b0aad6f6d428a9ff04ee77fb9b2073364,150d107225160ac498040fa20d4ccf9e26ec2703,True,fixed_per_environment_quotas_v2,clean,11,79,True,True,5.95,,7,False,False,39.699440002441406,5.95,0.0,0.00031902772025205195,0.0
/home/donglei/isaac_projects/isaac_drone_racer/.worktrees/stage1-fake-vio/logs/skrl/drone_racer/2026-09-02_20-09-09_ppo_torch_stage1_mixed/checkpoints/agent_50010.pt,8ac5a032a78bb88a568b9cfe2e15e95b0aad6f6d428a9ff04ee77fb9b2073364,150d107225160ac498040fa20d4ccf9e26ec2703,True,fixed_per_environment_quotas_v2,clean,11,80,True,True,5.97,,7,False,False,39.514827728271484,5.97,0.0,0.00032715252018533647,0.0
/home/donglei/isaac_projects/isaac_drone_racer/.worktrees/stage1-fake-vio/logs/skrl/drone_racer/2026-09-02_20-09-09_ppo_torch_stage1_mixed/checkpoints/agent_50010.pt,8ac5a032a78bb88a568b9cfe2e15e95b0aad6f6d428a9ff04ee77fb9b2073364,150d107225160ac498040fa20d4ccf9e26ec2703,True,fixed_per_environment_quotas_v2,clean,11,81,True,True,6.09,,7,False,False,39.711490631103516,6.09,0.0,0.0002974511298816651,0.0
/home/donglei/isaac_projects/isaac_drone_racer/.worktrees/stage1-fake-vio/logs/skrl/drone_racer/2026-09-02_20-09-09_ppo_torch_stage1_mixed/checkpoints/agent_50010.pt,8ac5a032a78bb88a568b9cfe2e15e95b0aad6f6d428a9ff04ee77fb9b2073364,150d107225160ac498040fa20d4ccf9e26ec2703,True,fixed_per_environment_quotas_v2,clean,11,82,True,True,6.07,,7,False,False,39.62083435058594,6.07,0.0,0.00031709959148429334,0.0
/home/donglei/isaac_projects/isaac_drone_racer/.worktrees/stage1-fake-vio/logs/skrl/drone_racer/2026-09-02_20-09-09_ppo_torch_stage1_mixed/checkpoints/agent_50010.pt,8ac5a032a78bb88a568b9cfe2e15e95b0aad6f6d428a9ff04ee77fb9b2073364,150d107225160ac498040fa20d4ccf9e26ec2703,True,fixed_per_environment_quotas_v2,clean,11,83,True,True,6.03,,7,False,False,39.60726547241211,6.03,0.0,0.00030417204834520817,0.0
/home/donglei/isaac_projects/isaac_drone_racer/.worktrees/stage1-fake-vio/logs/skrl/drone_racer/2026-09-02_20-09-09_ppo_torch_stage1_mixed/checkpoints/agent_50010.pt,8ac5a032a78bb88a568b9cfe2e15e95b0aad6f6d428a9ff04ee77fb9b2073364,150d107225160ac498040fa20d4ccf9e26ec2703,True,fixed_per_environment_quotas_v2,clean,11,84,True,True,6.16,,7,False,False,39.501930236816406,6.16,0.0,0.0003035066183656454,0.0
/home/donglei/isaac_projects/isaac_drone_racer/.worktrees/stage1-fake-vio/logs/skrl/drone_racer/2026-09-02_20-09-09_ppo_torch_stage1_mixed/checkpoints/agent_50010.pt,8ac5a032a78bb88a568b9cfe2e15e95b0aad6f6d428a9ff04ee77fb9b2073364,150d107225160ac498040fa20d4ccf9e26ec2703,True,fixed_per_environment_quotas_v2,clean,11,85,False,False,,3,6,True,False,30.429950714111328,6.1000000000000005,0.0,0.00030371142202056944,0.0
/home/donglei/isaac_projects/isaac_drone_racer/.worktrees/stage1-fake-vio/logs/skrl/drone_racer/2026-09-02_20-09-09_ppo_torch_stage1_mixed/checkpoints/agent_50010.pt,8ac5a032a78bb88a568b9cfe2e15e95b0aad6f6d428a9ff04ee77fb9b2073364,150d107225160ac498040fa20d4ccf9e26ec2703,True,fixed_per_environment_quotas_v2,clean,11,86,True,True,5.9,,7,False,False,39.41526412963867,5.9,0.0,0.0003191128489561379,0.0
/home/donglei/isaac_projects/isaac_drone_racer/.worktrees/stage1-fake-vio/logs/skrl/drone_racer/2026-09-02_20-09-09_ppo_torch_stage1_mixed/checkpoints/agent_50010.pt,8ac5a032a78bb88a568b9cfe2e15e95b0aad6f6d428a9ff04ee77fb9b2073364,150d107225160ac498040fa20d4ccf9e26ec2703,True,fixed_per_environment_quotas_v2,clean,11,87,False,False,,2,5,True,False,23.9124698638916,4.97,0.0,0.0002718017203733325,0.0
/home/donglei/isaac_projects/isaac_drone_racer/.worktrees/stage1-fake-vio/logs/skrl/drone_racer/2026-09-02_20-09-09_ppo_torch_stage1_mixed/checkpoints/agent_50010.pt,8ac5a032a78bb88a568b9cfe2e15e95b0aad6f6d428a9ff04ee77fb9b2073364,150d107225160ac498040fa20d4ccf9e26ec2703,True,fixed_per_environment_quotas_v2,clean,11,88,True,True,6.390000000000001,,7,False,False,39.87178039550781,6.390000000000001,0.0,0.00030541449086740613,0.0
/home/donglei/isaac_projects/isaac_drone_racer/.worktrees/stage1-fake-vio/logs/skrl/drone_racer/2026-09-02_20-09-09_ppo_torch_stage1_mixed/checkpoints/agent_50010.pt,8ac5a032a78bb88a568b9cfe2e15e95b0aad6f6d428a9ff04ee77fb9b2073364,150d107225160ac498040fa20d4ccf9e26ec2703,True,fixed_per_environment_quotas_v2,clean,11,89,True,True,5.79,,7,False,False,39.60022735595703,5.79,0.0,0.00031436659628525376,0.0
/home/donglei/isaac_projects/isaac_drone_racer/.worktrees/stage1-fake-vio/logs/skrl/drone_racer/2026-09-02_20-09-09_ppo_torch_stage1_mixed/checkpoints/agent_50010.pt,8ac5a032a78bb88a568b9cfe2e15e95b0aad6f6d428a9ff04ee77fb9b2073364,150d107225160ac498040fa20d4ccf9e26ec2703,True,fixed_per_environment_quotas_v2,clean,11,90,True,True,6.4,,7,False,False,39.62517547607422,6.4,0.0,0.0003002532757818699,0.0
/home/donglei/isaac_projects/isaac_drone_racer/.worktrees/stage1-fake-vio/logs/skrl/drone_racer/2026-09-02_20-09-09_ppo_torch_stage1_mixed/checkpoints/agent_50010.pt,8ac5a032a78bb88a568b9cfe2e15e95b0aad6f6d428a9ff04ee77fb9b2073364,150d107225160ac498040fa20d4ccf9e26ec2703,True,fixed_per_environment_quotas_v2,clean,11,91,True,True,6.32,,7,False,False,39.737728118896484,6.32,0.0,0.0003046344791073352,0.0
/home/donglei/isaac_projects/isaac_drone_racer/.worktrees/stage1-fake-vio/logs/skrl/drone_racer/2026-09-02_20-09-09_ppo_torch_stage1_mixed/checkpoints/agent_50010.pt,8ac5a032a78bb88a568b9cfe2e15e95b0aad6f6d428a9ff04ee77fb9b2073364,150d107225160ac498040fa20d4ccf9e26ec2703,True,fixed_per_environment_quotas_v2,clean,11,92,True,True,5.93,,7,False,False,39.655704498291016,5.93,0.0,0.0003106335352640599,0.0
/home/donglei/isaac_projects/isaac_drone_racer/.worktrees/stage1-fake-vio/logs/skrl/drone_racer/2026-09-02_20-09-09_ppo_torch_stage1_mixed/checkpoints/agent_50010.pt,8ac5a032a78bb88a568b9cfe2e15e95b0aad6f6d428a9ff04ee77fb9b2073364,150d107225160ac498040fa20d4ccf9e26ec2703,True,fixed_per_environment_quotas_v2,clean,11,93,True,True,6.04,,7,False,False,39.593379974365234,6.04,0.0,0.0003077919245697558,0.0
/home/donglei/isaac_projects/isaac_drone_racer/.worktrees/stage1-fake-vio/logs/skrl/drone_racer/2026-09-02_20-09-09_ppo_torch_stage1_mixed/checkpoints/agent_50010.pt,8ac5a032a78bb88a568b9cfe2e15e95b0aad6f6d428a9ff04ee77fb9b2073364,150d107225160ac498040fa20d4ccf9e26ec2703,True,fixed_per_environment_quotas_v2,clean,11,94,True,True,6.0200000000000005,,7,False,False,39.42444610595703,6.0200000000000005,0.0,0.00034238729858770967,0.0
/home/donglei/isaac_projects/isaac_drone_racer/.worktrees/stage1-fake-vio/logs/skrl/drone_racer/2026-09-02_20-09-09_ppo_torch_stage1_mixed/checkpoints/agent_50010.pt,8ac5a032a78bb88a568b9cfe2e15e95b0aad6f6d428a9ff04ee77fb9b2073364,150d107225160ac498040fa20d4ccf9e26ec2703,True,fixed_per_environment_quotas_v2,clean,11,95,True,True,5.92,,7,False,False,39.657562255859375,5.92,0.0,0.00032853116863407195,0.0
/home/donglei/isaac_projects/isaac_drone_racer/.worktrees/stage1-fake-vio/logs/skrl/drone_racer/2026-09-02_20-09-09_ppo_torch_stage1_mixed/checkpoints/agent_50010.pt,8ac5a032a78bb88a568b9cfe2e15e95b0aad6f6d428a9ff04ee77fb9b2073364,150d107225160ac498040fa20d4ccf9e26ec2703,True,fixed_per_environment_quotas_v2,clean,11,96,True,True,6.140000000000001,,7,False,False,39.407745361328125,6.140000000000001,0.0,0.0003332490159664303,0.0
/home/donglei/isaac_projects/isaac_drone_racer/.worktrees/stage1-fake-vio/logs/skrl/drone_racer/2026-09-02_20-09-09_ppo_torch_stage1_mixed/checkpoints/agent_50010.pt,8ac5a032a78bb88a568b9cfe2e15e95b0aad6f6d428a9ff04ee77fb9b2073364,150d107225160ac498040fa20d4ccf9e26ec2703,True,fixed_per_environment_quotas_v2,clean,11,97,True,True,6.0200000000000005,,7,False,False,39.69981002807617,6.0200000000000005,0.0,0.0003031208470929414,0.0
/home/donglei/isaac_projects/isaac_drone_racer/.worktrees/stage1-fake-vio/logs/skrl/drone_racer/2026-09-02_20-09-09_ppo_torch_stage1_mixed/checkpoints/agent_50010.pt,8ac5a032a78bb88a568b9cfe2e15e95b0aad6f6d428a9ff04ee77fb9b2073364,150d107225160ac498040fa20d4ccf9e26ec2703,True,fixed_per_environment_quotas_v2,clean,11,98,True,True,5.92,,7,False,False,39.28669357299805,5.92,0.0,0.00028803336317650974,0.0
/home/donglei/isaac_projects/isaac_drone_racer/.worktrees/stage1-fake-vio/logs/skrl/drone_racer/2026-09-02_20-09-09_ppo_torch_stage1_mixed/checkpoints/agent_50010.pt,8ac5a032a78bb88a568b9cfe2e15e95b0aad6f6d428a9ff04ee77fb9b2073364,150d107225160ac498040fa20d4ccf9e26ec2703,True,fixed_per_environment_quotas_v2,clean,11,99,True,True,6.01,,7,False,False,39.53411102294922,6.01,0.0,0.0003085591597482562,0.0
/home/donglei/isaac_projects/isaac_drone_racer/.worktrees/stage1-fake-vio/logs/skrl/drone_racer/2026-09-02_20-09-09_ppo_torch_stage1_mixed/checkpoints/agent_50010.pt,8ac5a032a78bb88a568b9cfe2e15e95b0aad6f6d428a9ff04ee77fb9b2073364,150d107225160ac498040fa20d4ccf9e26ec2703,True,fixed_per_environment_quotas_v2,clean,11,100,True,True,6.13,,7,False,False,39.37540817260742,6.13,0.0,0.0003494657576084137,0.0
/home/donglei/isaac_projects/isaac_drone_racer/.worktrees/stage1-fake-vio/logs/skrl/drone_racer/2026-09-02_20-09-09_ppo_torch_stage1_mixed/checkpoints/agent_50010.pt,8ac5a032a78bb88a568b9cfe2e15e95b0aad6f6d428a9ff04ee77fb9b2073364,150d107225160ac498040fa20d4ccf9e26ec2703,True,fixed_per_environment_quotas_v2,clean,11,101,True,True,6.26,,7,False,False,39.79240417480469,6.26,0.0,0.0003170916752424091,0.0
/home/donglei/isaac_projects/isaac_drone_racer/.worktrees/stage1-fake-vio/logs/skrl/drone_racer/2026-09-02_20-09-09_ppo_torch_stage1_mixed/checkpoints/agent_50010.pt,8ac5a032a78bb88a568b9cfe2e15e95b0aad6f6d428a9ff04ee77fb9b2073364,150d107225160ac498040fa20d4ccf9e26ec2703,True,fixed_per_environment_quotas_v2,clean,11,102,True,True,6.0200000000000005,,7,False,False,39.688419342041016,6.0200000000000005,0.0,0.00031086133094504476,0.0
/home/donglei/isaac_projects/isaac_drone_racer/.worktrees/stage1-fake-vio/logs/skrl/drone_racer/2026-09-02_20-09-09_ppo_torch_stage1_mixed/checkpoints/agent_50010.pt,8ac5a032a78bb88a568b9cfe2e15e95b0aad6f6d428a9ff04ee77fb9b2073364,150d107225160ac498040fa20d4ccf9e26ec2703,True,fixed_per_environment_quotas_v2,clean,11,103,True,True,5.99,,7,False,False,39.56882858276367,5.99,0.0,0.00028911209665238857,0.0
/home/donglei/isaac_projects/isaac_drone_racer/.worktrees/stage1-fake-vio/logs/skrl/drone_racer/2026-09-02_20-09-09_ppo_torch_stage1_mixed/checkpoints/agent_50010.pt,8ac5a032a78bb88a568b9cfe2e15e95b0aad6f6d428a9ff04ee77fb9b2073364,150d107225160ac498040fa20d4ccf9e26ec2703,True,fixed_per_environment_quotas_v2,clean,11,104,False,False,,7,0,True,False,-3.8449695110321045,0.87,0.0,0.0003392618673387915,0.0
/home/donglei/isaac_projects/isaac_drone_racer/.worktrees/stage1-fake-vio/logs/skrl/drone_racer/2026-09-02_20-09-09_ppo_torch_stage1_mixed/checkpoints/agent_50010.pt,8ac5a032a78bb88a568b9cfe2e15e95b0aad6f6d428a9ff04ee77fb9b2073364,150d107225160ac498040fa20d4ccf9e26ec2703,True,fixed_per_environment_quotas_v2,clean,11,105,True,True,6.11,,7,False,False,39.77143859863281,6.11,0.0,0.0003185195673722774,0.0
/home/donglei/isaac_projects/isaac_drone_racer/.worktrees/stage1-fake-vio/logs/skrl/drone_racer/2026-09-02_20-09-09_ppo_torch_stage1_mixed/checkpoints/agent_50010.pt,8ac5a032a78bb88a568b9cfe2e15e95b0aad6f6d428a9ff04ee77fb9b2073364,150d107225160ac498040fa20d4ccf9e26ec2703,True,fixed_per_environment_quotas_v2,clean,11,106,False,False,,1,0,True,False,-4.126715660095215,1.03,0.0,0.00035354794817976654,0.0
/home/donglei/isaac_projects/isaac_drone_racer/.worktrees/stage1-fake-vio/logs/skrl/drone_racer/2026-09-02_20-09-09_ppo_torch_stage1_mixed/checkpoints/agent_50010.pt,8ac5a032a78bb88a568b9cfe2e15e95b0aad6f6d428a9ff04ee77fb9b2073364,150d107225160ac498040fa20d4ccf9e26ec2703,True,fixed_per_environment_quotas_v2,clean,11,107,True,True,6.13,,7,False,False,39.4572868347168,6.13,0.0,0.00030679444898851216,0.0
/home/donglei/isaac_projects/isaac_drone_racer/.worktrees/stage1-fake-vio/logs/skrl/drone_racer/2026-09-02_20-09-09_ppo_torch_stage1_mixed/checkpoints/agent_50010.pt,8ac5a032a78bb88a568b9cfe2e15e95b0aad6f6d428a9ff04ee77fb9b2073364,150d107225160ac498040fa20d4ccf9e26ec2703,True,fixed_per_environment_quotas_v2,clean,11,108,True,True,6.140000000000001,,7,False,False,39.404815673828125,6.140000000000001,0.0,0.00031281396513804793,0.0
/home/donglei/isaac_projects/isaac_drone_racer/.worktrees/stage1-fake-vio/logs/skrl/drone_racer/2026-09-02_20-09-09_ppo_torch_stage1_mixed/checkpoints/agent_50010.pt,8ac5a032a78bb88a568b9cfe2e15e95b0aad6f6d428a9ff04ee77fb9b2073364,150d107225160ac498040fa20d4ccf9e26ec2703,True,fixed_per_environment_quotas_v2,clean,11,109,False,False,,6,0,True,False,-3.152703285217285,1.2,0.0,0.00033355961204506457,0.0
/home/donglei/isaac_projects/isaac_drone_racer/.worktrees/stage1-fake-vio/logs/skrl/drone_racer/2026-09-02_20-09-09_ppo_torch_stage1_mixed/checkpoints/agent_50010.pt,8ac5a032a78bb88a568b9cfe2e15e95b0aad6f6d428a9ff04ee77fb9b2073364,150d107225160ac498040fa20d4ccf9e26ec2703,True,fixed_per_environment_quotas_v2,clean,11,110,True,True,6.11,,7,False,False,39.61252212524414,6.11,0.0,0.00028761886642314494,0.0
/home/donglei/isaac_projects/isaac_drone_racer/.worktrees/stage1-fake-vio/logs/skrl/drone_racer/2026-09-02_20-09-09_ppo_torch_stage1_mixed/checkpoints/agent_50010.pt,8ac5a032a78bb88a568b9cfe2e15e95b0aad6f6d428a9ff04ee77fb9b2073364,150d107225160ac498040fa20d4ccf9e26ec2703,True,fixed_per_environment_quotas_v2,clean,11,111,False,False,,2,4,True,False,16.896543502807617,3.7800000000000002,0.0,0.00028413787367753685,0.0
/home/donglei/isaac_projects/isaac_drone_racer/.worktrees/stage1-fake-vio/logs/skrl/drone_racer/2026-09-02_20-09-09_ppo_torch_stage1_mixed/checkpoints/agent_50010.pt,8ac5a032a78bb88a568b9cfe2e15e95b0aad6f6d428a9ff04ee77fb9b2073364,150d107225160ac498040fa20d4ccf9e26ec2703,True,fixed_per_environment_quotas_v2,clean,11,112,True,True,6.05,,7,False,False,39.49283218383789,6.05,0.0,0.0003010622167494148,0.0
/home/donglei/isaac_projects/isaac_drone_racer/.worktrees/stage1-fake-vio/logs/skrl/drone_racer/2026-09-02_20-09-09_ppo_torch_stage1_mixed/checkpoints/agent_50010.pt,8ac5a032a78bb88a568b9cfe2e15e95b0aad6f6d428a9ff04ee77fb9b2073364,150d107225160ac498040fa20d4ccf9e26ec2703,True,fixed_per_environment_quotas_v2,clean,11,113,True,True,6.11,,7,False,False,39.655845642089844,6.11,0.0,0.00031729211332276464,0.0
/home/donglei/isaac_projects/isaac_drone_racer/.worktrees/stage1-fake-vio/logs/skrl/drone_racer/2026-09-02_20-09-09_ppo_torch_stage1_mixed/checkpoints/agent_50010.pt,8ac5a032a78bb88a568b9cfe2e15e95b0aad6f6d428a9ff04ee77fb9b2073364,150d107225160ac498040fa20d4ccf9e26ec2703,True,fixed_per_environment_quotas_v2,clean,11,114,True,True,6.23,,7,False,False,39.73121643066406,6.23,0.0,0.0003273444890510291,0.0
/home/donglei/isaac_projects/isaac_drone_racer/.worktrees/stage1-fake-vio/logs/skrl/drone_racer/2026-09-02_20-09-09_ppo_torch_stage1_mixed/checkpoints/agent_50010.pt,8ac5a032a78bb88a568b9cfe2e15e95b0aad6f6d428a9ff04ee77fb9b2073364,150d107225160ac498040fa20d4ccf9e26ec2703,True,fixed_per_environment_quotas_v2,clean,11,115,False,False,,6,1,False,True,-6.695578575134277,2.98,0.0,0.0003124221693724394,0.0
/home/donglei/isaac_projects/isaac_drone_racer/.worktrees/stage1-fake-vio/logs/skrl/drone_racer/2026-09-02_20-09-09_ppo_torch_stage1_mixed/checkpoints/agent_50010.pt,8ac5a032a78bb88a568b9cfe2e15e95b0aad6f6d428a9ff04ee77fb9b2073364,150d107225160ac498040fa20d4ccf9e26ec2703,True,fixed_per_environment_quotas_v2,clean,11,116,True,True,5.82,,7,False,False,39.2733039855957,5.82,0.0,0.0003263587423134595,0.0
/home/donglei/isaac_projects/isaac_drone_racer/.worktrees/stage1-fake-vio/logs/skrl/drone_racer/2026-09-02_20-09-09_ppo_torch_stage1_mixed/checkpoints/agent_50010.pt,8ac5a032a78bb88a568b9cfe2e15e95b0aad6f6d428a9ff04ee77fb9b2073364,150d107225160ac498040fa20d4ccf9e26ec2703,True,fixed_per_environment_quotas_v2,clean,11,117,True,True,5.95,,7,False,False,39.4691276550293,5.95,0.0,0.0003227737615816295,0.0
/home/donglei/isaac_projects/isaac_drone_racer/.worktrees/stage1-fake-vio/logs/skrl/drone_racer/2026-09-02_20-09-09_ppo_torch_stage1_mixed/checkpoints/agent_50010.pt,8ac5a032a78bb88a568b9cfe2e15e95b0aad6f6d428a9ff04ee77fb9b2073364,150d107225160ac498040fa20d4ccf9e26ec2703,True,fixed_per_environment_quotas_v2,clean,11,118,False,False,,3,3,False,True,8.92145824432373,3.7,0.0,0.00028494070284068584,0.0
/home/donglei/isaac_projects/isaac_drone_racer/.worktrees/stage1-fake-vio/logs/skrl/drone_racer/2026-09-02_20-09-09_ppo_torch_stage1_mixed/checkpoints/agent_50010.pt,8ac5a032a78bb88a568b9cfe2e15e95b0aad6f6d428a9ff04ee77fb9b2073364,150d107225160ac498040fa20d4ccf9e26ec2703,True,fixed_per_environment_quotas_v2,clean,11,119,False,False,,3,3,True,False,13.082372665405273,3.75,0.0,0.00029620606801472604,0.0
/home/donglei/isaac_projects/isaac_drone_racer/.worktrees/stage1-fake-vio/logs/skrl/drone_racer/2026-09-02_20-09-09_ppo_torch_stage1_mixed/checkpoints/agent_50010.pt,8ac5a032a78bb88a568b9cfe2e15e95b0aad6f6d428a9ff04ee77fb9b2073364,150d107225160ac498040fa20d4ccf9e26ec2703,True,fixed_per_environment_quotas_v2,clean,11,120,False,False,,3,6,True,False,30.581504821777344,6.09,0.0,0.00030906961183063686,0.0
/home/donglei/isaac_projects/isaac_drone_racer/.worktrees/stage1-fake-vio/logs/skrl/drone_racer/2026-09-02_20-09-09_ppo_torch_stage1_mixed/checkpoints/agent_50010.pt,8ac5a032a78bb88a568b9cfe2e15e95b0aad6f6d428a9ff04ee77fb9b2073364,150d107225160ac498040fa20d4ccf9e26ec2703,True,fixed_per_environment_quotas_v2,clean,11,121,True,True,6.19,,7,False,False,39.62002182006836,6.19,0.0,0.00030403974233195186,0.0
/home/donglei/isaac_projects/isaac_drone_racer/.worktrees/stage1-fake-vio/logs/skrl/drone_racer/2026-09-02_20-09-09_ppo_torch_stage1_mixed/checkpoints/agent_50010.pt,8ac5a032a78bb88a568b9cfe2e15e95b0aad6f6d428a9ff04ee77fb9b2073364,150d107225160ac498040fa20d4ccf9e26ec2703,True,fixed_per_environment_quotas_v2,clean,11,122,True,True,6.19,,7,False,False,39.57048416137695,6.19,0.0,0.00032486283453181386,0.0
/home/donglei/isaac_projects/isaac_drone_racer/.worktrees/stage1-fake-vio/logs/skrl/drone_racer/2026-09-02_20-09-09_ppo_torch_stage1_mixed/checkpoints/agent_50010.pt,8ac5a032a78bb88a568b9cfe2e15e95b0aad6f6d428a9ff04ee77fb9b2073364,150d107225160ac498040fa20d4ccf9e26ec2703,True,fixed_per_environment_quotas_v2,clean,11,123,True,True,6.22,,7,False,False,39.70469284057617,6.22,0.0,0.000324078428093344,0.0
/home/donglei/isaac_projects/isaac_drone_racer/.worktrees/stage1-fake-vio/logs/skrl/drone_racer/2026-09-02_20-09-09_ppo_torch_stage1_mixed/checkpoints/agent_50010.pt,8ac5a032a78bb88a568b9cfe2e15e95b0aad6f6d428a9ff04ee77fb9b2073364,150d107225160ac498040fa20d4ccf9e26ec2703,True,fixed_per_environment_quotas_v2,clean,11,124,True,True,8.61,,7,False,False,36.05299758911133,8.61,0.0,0.0003166086389683187,0.0
/home/donglei/isaac_projects/isaac_drone_racer/.worktrees/stage1-fake-vio/logs/skrl/drone_racer/2026-09-02_20-09-09_ppo_torch_stage1_mixed/checkpoints/agent_50010.pt,8ac5a032a78bb88a568b9cfe2e15e95b0aad6f6d428a9ff04ee77fb9b2073364,150d107225160ac498040fa20d4ccf9e26ec2703,True,fixed_per_environment_quotas_v2,clean,11,125,True,True,6.07,,7,False,False,39.393856048583984,6.07,0.0,0.00033399107633158565,0.0
/home/donglei/isaac_projects/isaac_drone_racer/.worktrees/stage1-fake-vio/logs/skrl/drone_racer/2026-09-02_20-09-09_ppo_torch_stage1_mixed/checkpoints/agent_50010.pt,8ac5a032a78bb88a568b9cfe2e15e95b0aad6f6d428a9ff04ee77fb9b2073364,150d107225160ac498040fa20d4ccf9e26ec2703,True,fixed_per_environment_quotas_v2,clean,11,126,True,True,6.17,,7,False,False,39.437965393066406,6.17,0.0,0.0003032605745829642,0.0
/home/donglei/isaac_projects/isaac_drone_racer/.worktrees/stage1-fake-vio/logs/skrl/drone_racer/2026-09-02_20-09-09_ppo_torch_stage1_mixed/checkpoints/agent_50010.pt,8ac5a032a78bb88a568b9cfe2e15e95b0aad6f6d428a9ff04ee77fb9b2073364,150d107225160ac498040fa20d4ccf9e26ec2703,True,fixed_per_environment_quotas_v2,clean,11,127,True,True,6.04,,7,False,False,39.61509704589844,6.04,0.0,0.0003264626138843596,0.0
/home/donglei/isaac_projects/isaac_drone_racer/.worktrees/stage1-fake-vio/logs/skrl/drone_racer/2026-09-02_20-09-09_ppo_torch_stage1_mixed/checkpoints/agent_50010.pt,8ac5a032a78bb88a568b9cfe2e15e95b0aad6f6d428a9ff04ee77fb9b2073364,150d107225160ac498040fa20d4ccf9e26ec2703,True,fixed_per_environment_quotas_v2,clean,29,0,False,False,,6,0,True,False,-4.517904758453369,0.17,0.0,0.0,0.0
/home/donglei/isaac_projects/isaac_drone_racer/.worktrees/stage1-fake-vio/logs/skrl/drone_racer/2026-09-02_20-09-09_ppo_torch_stage1_mixed/checkpoints/agent_50010.pt,8ac5a032a78bb88a568b9cfe2e15e95b0aad6f6d428a9ff04ee77fb9b2073364,150d107225160ac498040fa20d4ccf9e26ec2703,True,fixed_per_environment_quotas_v2,clean,29,1,False,False,,4,0,True,False,-5.343897342681885,0.22,0.0,0.00020820382633246481,0.0
/home/donglei/isaac_projects/isaac_drone_racer/.worktrees/stage1-fake-vio/logs/skrl/drone_racer/2026-09-02_20-09-09_ppo_torch_stage1_mixed/checkpoints/agent_50010.pt,8ac5a032a78bb88a568b9cfe2e15e95b0aad6f6d428a9ff04ee77fb9b2073364,150d107225160ac498040fa20d4ccf9e26ec2703,True,fixed_per_environment_quotas_v2,clean,29,2,False,False,,3,0,True,False,-4.184459209442139,0.32,0.0,0.00047277630073949695,0.0
/home/donglei/isaac_projects/isaac_drone_racer/.worktrees/stage1-fake-vio/logs/skrl/drone_racer/2026-09-02_20-09-09_ppo_torch_stage1_mixed/checkpoints/agent_50010.pt,8ac5a032a78bb88a568b9cfe2e15e95b0aad6f6d428a9ff04ee77fb9b2073364,150d107225160ac498040fa20d4ccf9e26ec2703,True,fixed_per_environment_quotas_v2,clean,29,3,False,False,,7,1,True,False,-0.7532405853271484,0.34,0.0,0.00029008230194449425,0.0
/home/donglei/isaac_projects/isaac_drone_racer/.worktrees/stage1-fake-vio/logs/skrl/drone_racer/2026-09-02_20-09-09_ppo_torch_stage1_mixed/checkpoints/agent_50010.pt,8ac5a032a78bb88a568b9cfe2e15e95b0aad6f6d428a9ff04ee77fb9b2073364,150d107225160ac498040fa20d4ccf9e26ec2703,True,fixed_per_environment_quotas_v2,clean,29,4,False,False,,4,0,True,False,-4.295919418334961,0.36,0.0,0.00032552084303461015,0.0
/home/donglei/isaac_projects/isaac_drone_racer/.worktrees/stage1-fake-vio/logs/skrl/drone_racer/2026-09-02_20-09-09_ppo_torch_stage1_mixed/checkpoints/agent_50010.pt,8ac5a032a78bb88a568b9cfe2e15e95b0aad6f6d428a9ff04ee77fb9b2073364,150d107225160ac498040fa20d4ccf9e26ec2703,True,fixed_per_environment_quotas_v2,clean,29,5,False,False,,4,0,True,False,-4.072179794311523,0.38,0.0,0.0002743903605733067,0.0
/home/donglei/isaac_projects/isaac_drone_racer/.worktrees/stage1-fake-vio/logs/skrl/drone_racer/2026-09-02_20-09-09_ppo_torch_stage1_mixed/checkpoints/agent_50010.pt,8ac5a032a78bb88a568b9cfe2e15e95b0aad6f6d428a9ff04ee77fb9b2073364,150d107225160ac498040fa20d4ccf9e26ec2703,True,fixed_per_environment_quotas_v2,clean,29,6,False,False,,1,0,True,False,-4.1905517578125,0.62,0.0,0.00042058437247760594,0.0
/home/donglei/isaac_projects/isaac_drone_racer/.worktrees/stage1-fake-vio/logs/skrl/drone_racer/2026-09-02_20-09-09_ppo_torch_stage1_mixed/checkpoints/agent_50010.pt,8ac5a032a78bb88a568b9cfe2e15e95b0aad6f6d428a9ff04ee77fb9b2073364,150d107225160ac498040fa20d4ccf9e26ec2703,True,fixed_per_environment_quotas_v2,clean,29,7,False,False,,3,0,False,False,1.0620843172073364,0.63,0.0,0.0004436101298779249,0.0
/home/donglei/isaac_projects/isaac_drone_racer/.worktrees/stage1-fake-vio/logs/skrl/drone_racer/2026-09-02_20-09-09_ppo_torch_stage1_mixed/checkpoints/agent_50010.pt,8ac5a032a78bb88a568b9cfe2e15e95b0aad6f6d428a9ff04ee77fb9b2073364,150d107225160ac498040fa20d4ccf9e26ec2703,True,fixed_per_environment_quotas_v2,clean,29,8,False,False,,3,0,True,False,-3.238006591796875,0.77,0.0,0.0003244622203055769,0.0
/home/donglei/isaac_projects/isaac_drone_racer/.worktrees/stage1-fake-vio/logs/skrl/drone_racer/2026-09-02_20-09-09_ppo_torch_stage1_mixed/checkpoints/agent_50010.pt,8ac5a032a78bb88a568b9cfe2e15e95b0aad6f6d428a9ff04ee77fb9b2073364,150d107225160ac498040fa20d4ccf9e26ec2703,True,fixed_per_environment_quotas_v2,clean,29,9,False,False,,2,1,False,False,6.025224685668945,0.87,0.0,0.0004682258877437562,0.0
/home/donglei/isaac_projects/isaac_drone_racer/.worktrees/stage1-fake-vio/logs/skrl/drone_racer/2026-09-02_20-09-09_ppo_torch_stage1_mixed/checkpoints/agent_50010.pt,8ac5a032a78bb88a568b9cfe2e15e95b0aad6f6d428a9ff04ee77fb9b2073364,150d107225160ac498040fa20d4ccf9e26ec2703,True,fixed_per_environment_quotas_v2,clean,29,10,False,False,,4,1,True,False,1.7668461799621582,0.91,0.0,0.0003155303711537272,0.0
/home/donglei/isaac_projects/isaac_drone_racer/.worktrees/stage1-fake-vio/logs/skrl/drone_racer/2026-09-02_20-09-09_ppo_torch_stage1_mixed/checkpoints/agent_50010.pt,8ac5a032a78bb88a568b9cfe2e15e95b0aad6f6d428a9ff04ee77fb9b2073364,150d107225160ac498040fa20d4ccf9e26ec2703,True,fixed_per_environment_quotas_v2,clean,29,11,False,False,,3,1,False,False,5.268447399139404,0.96,0.0,0.0003662109375,0.0
/home/donglei/isaac_projects/isaac_drone_racer/.worktrees/stage1-fake-vio/logs/skrl/drone_racer/2026-09-02_20-09-09_ppo_torch_stage1_mixed/checkpoints/agent_50010.pt,8ac5a032a78bb88a568b9cfe2e15e95b0aad6f6d428a9ff04ee77fb9b2073364,150d107225160ac498040fa20d4ccf9e26ec2703,True,fixed_per_environment_quotas_v2,clean,29,12,False,False,,2,1,True,False,0.47067785263061523,1.01,0.0,0.0002995029790326953,0.0
/home/donglei/isaac_projects/isaac_drone_racer/.worktrees/stage1-fake-vio/logs/skrl/drone_racer/2026-09-02_20-09-09_ppo_torch_stage1_mixed/checkpoints/agent_50010.pt,8ac5a032a78bb88a568b9cfe2e15e95b0aad6f6d428a9ff04ee77fb9b2073364,150d107225160ac498040fa20d4ccf9e26ec2703,True,fixed_per_environment_quotas_v2,clean,29,13,False,False,,1,0,True,False,-4.164219856262207,0.79,0.0,0.000403695012209937,0.0
/home/donglei/isaac_projects/isaac_drone_racer/.worktrees/stage1-fake-vio/logs/skrl/drone_racer/2026-09-02_20-09-09_ppo_torch_stage1_mixed/checkpoints/agent_50010.pt,8ac5a032a78bb88a568b9cfe2e15e95b0aad6f6d428a9ff04ee77fb9b2073364,150d107225160ac498040fa20d4ccf9e26ec2703,True,fixed_per_environment_quotas_v2,clean,29,14,False,False,,6,1,True,False,1.425133228302002,1.16,0.0,0.00027946848422288895,0.0
/home/donglei/isaac_projects/isaac_drone_racer/.worktrees/stage1-fake-vio/logs/skrl/drone_racer/2026-09-02_20-09-09_ppo_torch_stage1_mixed/checkpoints/agent_50010.pt,8ac5a032a78bb88a568b9cfe2e15e95b0aad6f6d428a9ff04ee77fb9b2073364,150d107225160ac498040fa20d4ccf9e26ec2703,True,fixed_per_environment_quotas_v2,clean,29,15,False,False,,4,2,False,False,10.092195510864258,1.19,0.0,0.00032277379068545997,0.0
/home/donglei/isaac_projects/isaac_drone_racer/.worktrees/stage1-fake-vio/logs/skrl/drone_racer/2026-09-02_20-09-09_ppo_torch_stage1_mixed/checkpoints/agent_50010.pt,8ac5a032a78bb88a568b9cfe2e15e95b0aad6f6d428a9ff04ee77fb9b2073364,150d107225160ac498040fa20d4ccf9e26ec2703,True,fixed_per_environment_quotas_v2,clean,29,16,False,False,,5,2,True,False,5.554056644439697,1.46,0.0,0.0002914038486778736,0.0
/home/donglei/isaac_projects/isaac_drone_racer/.worktrees/stage1-fake-vio/logs/skrl/drone_racer/2026-09-02_20-09-09_ppo_torch_stage1_mixed/checkpoints/agent_50010.pt,8ac5a032a78bb88a568b9cfe2e15e95b0aad6f6d428a9ff04ee77fb9b2073364,150d107225160ac498040fa20d4ccf9e26ec2703,True,fixed_per_environment_quotas_v2,clean,29,17,False,False,,4,0,True,False,-3.11814284324646,1.49,0.0,0.00031497259624302387,0.0
/home/donglei/isaac_projects/isaac_drone_racer/.worktrees/stage1-fake-vio/logs/skrl/drone_racer/2026-09-02_20-09-09_ppo_torch_stage1_mixed/checkpoints/agent_50010.pt,8ac5a032a78bb88a568b9cfe2e15e95b0aad6f6d428a9ff04ee77fb9b2073364,150d107225160ac498040fa20d4ccf9e26ec2703,True,fixed_per_environment_quotas_v2,clean,29,18,False,False,,7,0,True,False,-3.871110200881958,0.93,0.0,0.000286420137854293,0.0
/home/donglei/isaac_projects/isaac_drone_racer/.worktrees/stage1-fake-vio/logs/skrl/drone_racer/2026-09-02_20-09-09_ppo_torch_stage1_mixed/checkpoints/agent_50010.pt,8ac5a032a78bb88a568b9cfe2e15e95b0aad6f6d428a9ff04ee77fb9b2073364,150d107225160ac498040fa20d4ccf9e26ec2703,True,fixed_per_environment_quotas_v2,clean,29,19,False,False,,5,0,True,False,-10.834589004516602,1.58,0.0,0.00029583906871266663,0.0
/home/donglei/isaac_projects/isaac_drone_racer/.worktrees/stage1-fake-vio/logs/skrl/drone_racer/2026-09-02_20-09-09_ppo_torch_stage1_mixed/checkpoints/agent_50010.pt,8ac5a032a78bb88a568b9cfe2e15e95b0aad6f6d428a9ff04ee77fb9b2073364,150d107225160ac498040fa20d4ccf9e26ec2703,True,fixed_per_environment_quotas_v2,clean,29,20,False,False,,7,2,True,False,5.547170639038086,1.6300000000000001,0.0,0.0003245207481086254,0.0
/home/donglei/isaac_projects/isaac_drone_racer/.worktrees/stage1-fake-vio/logs/skrl/drone_racer/2026-09-02_20-09-09_ppo_torch_stage1_mixed/checkpoints/agent_50010.pt,8ac5a032a78bb88a568b9cfe2e15e95b0aad6f6d428a9ff04ee77fb9b2073364,150d107225160ac498040fa20d4ccf9e26ec2703,True,fixed_per_environment_quotas_v2,clean,29,21,False,False,,4,0,True,False,-2.2605772018432617,1.36,0.0,0.00030767873977310956,0.0
/home/donglei/isaac_projects/isaac_drone_racer/.worktrees/stage1-fake-vio/logs/skrl/drone_racer/2026-09-02_20-09-09_ppo_torch_stage1_mixed/checkpoints/agent_50010.pt,8ac5a032a78bb88a568b9cfe2e15e95b0aad6f6d428a9ff04ee77fb9b2073364,150d107225160ac498040fa20d4ccf9e26ec2703,True,fixed_per_environment_quotas_v2,clean,29,22,False,False,,4,0,True,False,-9.757770538330078,1.72,0.0,0.0003202740044798702,0.0
/home/donglei/isaac_projects/isaac_drone_racer/.worktrees/stage1-fake-vio/logs/skrl/drone_racer/2026-09-02_20-09-09_ppo_torch_stage1_mixed/checkpoints/agent_50010.pt,8ac5a032a78bb88a568b9cfe2e15e95b0aad6f6d428a9ff04ee77fb9b2073364,150d107225160ac498040fa20d4ccf9e26ec2703,True,fixed_per_environment_quotas_v2,clean,29,23,False,False,,3,0,True,False,-3.189699172973633,0.9500000000000001,0.0,0.0003088161756750196,0.0
/home/donglei/isaac_projects/isaac_drone_racer/.worktrees/stage1-fake-vio/logs/skrl/drone_racer/2026-09-02_20-09-09_ppo_torch_stage1_mixed/checkpoints/agent_50010.pt,8ac5a032a78bb88a568b9cfe2e15e95b0aad6f6d428a9ff04ee77fb9b2073364,150d107225160ac498040fa20d4ccf9e26ec2703,True,fixed_per_environment_quotas_v2,clean,29,24,False,False,,1,0,True,False,-4.077018737792969,0.97,0.0,0.00024287888663820922,0.0
/home/donglei/isaac_projects/isaac_drone_racer/.worktrees/stage1-fake-vio/logs/skrl/drone_racer/2026-09-02_20-09-09_ppo_torch_stage1_mixed/checkpoints/agent_50010.pt,8ac5a032a78bb88a568b9cfe2e15e95b0aad6f6d428a9ff04ee77fb9b2073364,150d107225160ac498040fa20d4ccf9e26ec2703,True,fixed_per_environment_quotas_v2,clean,29,25,False,False,,6,0,True,False,-3.0759878158569336,1.01,0.0,0.0002915147924795747,0.0
/home/donglei/isaac_projects/isaac_drone_racer/.worktrees/stage1-fake-vio/logs/skrl/drone_racer/2026-09-02_20-09-09_ppo_torch_stage1_mixed/checkpoints/agent_50010.pt,8ac5a032a78bb88a568b9cfe2e15e95b0aad6f6d428a9ff04ee77fb9b2073364,150d107225160ac498040fa20d4ccf9e26ec2703,True,fixed_per_environment_quotas_v2,clean,29,26,False,False,,5,2,True,False,6.753656387329102,2.23,0.0,0.00030322629027068615,0.0
/home/donglei/isaac_projects/isaac_drone_racer/.worktrees/stage1-fake-vio/logs/skrl/drone_racer/2026-09-02_20-09-09_ppo_torch_stage1_mixed/checkpoints/agent_50010.pt,8ac5a032a78bb88a568b9cfe2e15e95b0aad6f6d428a9ff04ee77fb9b2073364,150d107225160ac498040fa20d4ccf9e26ec2703,True,fixed_per_environment_quotas_v2,clean,29,27,False,False,,6,1,True,False,1.4763197898864746,1.8900000000000001,0.0,0.0003479963925201446,0.0
/home/donglei/isaac_projects/isaac_drone_racer/.worktrees/stage1-fake-vio/logs/skrl/drone_racer/2026-09-02_20-09-09_ppo_torch_stage1_mixed/checkpoints/agent_50010.pt,8ac5a032a78bb88a568b9cfe2e15e95b0aad6f6d428a9ff04ee77fb9b2073364,150d107225160ac498040fa20d4ccf9e26ec2703,True,fixed_per_environment_quotas_v2,clean,29,28,False,False,,6,2,True,False,8.357942581176758,2.4,0.0,0.0002819093060679734,0.0
/home/donglei/isaac_projects/isaac_drone_racer/.worktrees/stage1-fake-vio/logs/skrl/drone_racer/2026-09-02_20-09-09_ppo_torch_stage1_mixed/checkpoints/agent_50010.pt,8ac5a032a78bb88a568b9cfe2e15e95b0aad6f6d428a9ff04ee77fb9b2073364,150d107225160ac498040fa20d4ccf9e26ec2703,True,fixed_per_environment_quotas_v2,clean,29,29,False,False,,4,2,True,False,8.10222053527832,2.52,0.0,0.00032552084303461015,0.0
/home/donglei/isaac_projects/isaac_drone_racer/.worktrees/stage1-fake-vio/logs/skrl/drone_racer/2026-09-02_20-09-09_ppo_torch_stage1_mixed/checkpoints/agent_50010.pt,8ac5a032a78bb88a568b9cfe2e15e95b0aad6f6d428a9ff04ee77fb9b2073364,150d107225160ac498040fa20d4ccf9e26ec2703,True,fixed_per_environment_quotas_v2,clean,29,30,False,False,,6,3,True,False,12.802608489990234,2.65,0.0,0.00029994879150763154,0.0
/home/donglei/isaac_projects/isaac_drone_racer/.worktrees/stage1-fake-vio/logs/skrl/drone_racer/2026-09-02_20-09-09_ppo_torch_stage1_mixed/checkpoints/agent_50010.pt,8ac5a032a78bb88a568b9cfe2e15e95b0aad6f6d428a9ff04ee77fb9b2073364,150d107225160ac498040fa20d4ccf9e26ec2703,True,fixed_per_environment_quotas_v2,clean,29,31,False,False,,2,4,False,False,21.9759578704834,2.98,0.0,0.0003175025340169668,0.0
/home/donglei/isaac_projects/isaac_drone_racer/.worktrees/stage1-fake-vio/logs/skrl/drone_racer/2026-09-02_20-09-09_ppo_torch_stage1_mixed/checkpoints/agent_50010.pt,8ac5a032a78bb88a568b9cfe2e15e95b0aad6f6d428a9ff04ee77fb9b2073364,150d107225160ac498040fa20d4ccf9e26ec2703,True,fixed_per_environment_quotas_v2,clean,29,32,False,False,,1,0,True,False,-4.2255859375,0.64,0.0,0.0002990099892485887,0.0
/home/donglei/isaac_projects/isaac_drone_racer/.worktrees/stage1-fake-vio/logs/skrl/drone_racer/2026-09-02_20-09-09_ppo_torch_stage1_mixed/checkpoints/agent_50010.pt,8ac5a032a78bb88a568b9cfe2e15e95b0aad6f6d428a9ff04ee77fb9b2073364,150d107225160ac498040fa20d4ccf9e26ec2703,True,fixed_per_environment_quotas_v2,clean,29,33,False,False,,4,3,True,False,12.973867416381836,3.06,0.0,0.0003158015897497535,0.0
/home/donglei/isaac_projects/isaac_drone_racer/.worktrees/stage1-fake-vio/logs/skrl/drone_racer/2026-09-02_20-09-09_ppo_torch_stage1_mixed/checkpoints/agent_50010.pt,8ac5a032a78bb88a568b9cfe2e15e95b0aad6f6d428a9ff04ee77fb9b2073364,150d107225160ac498040fa20d4ccf9e26ec2703,True,fixed_per_environment_quotas_v2,clean,29,34,False,False,,5,4,False,False,23.119314193725586,3.17,0.0,0.00032216619001701474,0.0
/home/donglei/isaac_projects/isaac_drone_racer/.worktrees/stage1-fake-vio/logs/skrl/drone_racer/2026-09-02_20-09-09_ppo_torch_stage1_mixed/checkpoints/agent_50010.pt,8ac5a032a78bb88a568b9cfe2e15e95b0aad6f6d428a9ff04ee77fb9b2073364,150d107225160ac498040fa20d4ccf9e26ec2703,True,fixed_per_environment_quotas_v2,clean,29,35,False,False,,4,4,True,False,17.369028091430664,3.39,0.0,0.0003137864696327597,0.0
/home/donglei/isaac_projects/isaac_drone_racer/.worktrees/stage1-fake-vio/logs/skrl/drone_racer/2026-09-02_20-09-09_ppo_torch_stage1_mixed/checkpoints/agent_50010.pt,8ac5a032a78bb88a568b9cfe2e15e95b0aad6f6d428a9ff04ee77fb9b2073364,150d107225160ac498040fa20d4ccf9e26ec2703,True,fixed_per_environment_quotas_v2,clean,29,36,False,False,,6,2,True,False,8.166078567504883,3.33,0.0,0.0003210917639080435,0.0
/home/donglei/isaac_projects/isaac_drone_racer/.worktrees/stage1-fake-vio/logs/skrl/drone_racer/2026-09-02_20-09-09_ppo_torch_stage1_mixed/checkpoints/agent_50010.pt,8ac5a032a78bb88a568b9cfe2e15e95b0aad6f6d428a9ff04ee77fb9b2073364,150d107225160ac498040fa20d4ccf9e26ec2703,True,fixed_per_environment_quotas_v2,clean,29,37,False,False,,3,5,True,False,23.19763946533203,4.21,0.0,0.0003348587197251618,0.0
/home/donglei/isaac_projects/isaac_drone_racer/.worktrees/stage1-fake-vio/logs/skrl/drone_racer/2026-09-02_20-09-09_ppo_torch_stage1_mixed/checkpoints/agent_50010.pt,8ac5a032a78bb88a568b9cfe2e15e95b0aad6f6d428a9ff04ee77fb9b2073364,150d107225160ac498040fa20d4ccf9e26ec2703,True,fixed_per_environment_quotas_v2,clean,29,38,False,False,,6,5,True,False,24.293563842773438,4.37,0.0,0.0002972944639623165,0.0
/home/donglei/isaac_projects/isaac_drone_racer/.worktrees/stage1-fake-vio/logs/skrl/drone_racer/2026-09-02_20-09-09_ppo_torch_stage1_mixed/checkpoints/agent_50010.pt,8ac5a032a78bb88a568b9cfe2e15e95b0aad6f6d428a9ff04ee77fb9b2073364,150d107225160ac498040fa20d4ccf9e26ec2703,True,fixed_per_environment_quotas_v2,clean,29,39,False,False,,6,3,True,False,12.61756420135498,3.2,0.0,0.00033652462298050523,0.0
/home/donglei/isaac_projects/isaac_drone_racer/.worktrees/stage1-fake-vio/logs/skrl/drone_racer/2026-09-02_20-09-09_ppo_torch_stage1_mixed/checkpoints/agent_50010.pt,8ac5a032a78bb88a568b9cfe2e15e95b0aad6f6d428a9ff04ee77fb9b2073364,150d107225160ac498040fa20d4ccf9e26ec2703,True,fixed_per_environment_quotas_v2,clean,29,40,False,False,,5,0,True,False,-8.620328903198242,4.43,0.0,0.0003472099779173732,0.0
/home/donglei/isaac_projects/isaac_drone_racer/.worktrees/stage1-fake-vio/logs/skrl/drone_racer/2026-09-02_20-09-09_ppo_torch_stage1_mixed/checkpoints/agent_50010.pt,8ac5a032a78bb88a568b9cfe2e15e95b0aad6f6d428a9ff04ee77fb9b2073364,150d107225160ac498040fa20d4ccf9e26ec2703,True,fixed_per_environment_quotas_v2,clean,29,41,False,False,,3,4,True,False,18.999059677124023,4.46,0.0,0.00033345274277962744,0.0
/home/donglei/isaac_projects/isaac_drone_racer/.worktrees/stage1-fake-vio/logs/skrl/drone_racer/2026-09-02_20-09-09_ppo_torch_stage1_mixed/checkpoints/agent_50010.pt,8ac5a032a78bb88a568b9cfe2e15e95b0aad6f6d428a9ff04ee77fb9b2073364,150d107225160ac498040fa20d4ccf9e26ec2703,True,fixed_per_environment_quotas_v2,clean,29,42,False,False,,3,3,True,False,12.926800727844238,3.6,0.0,0.00031095335725694895,0.0
/home/donglei/isaac_projects/isaac_drone_racer/.worktrees/stage1-fake-vio/logs/skrl/drone_racer/2026-09-02_20-09-09_ppo_torch_stage1_mixed/checkpoints/agent_50010.pt,8ac5a032a78bb88a568b9cfe2e15e95b0aad6f6d428a9ff04ee77fb9b2073364,150d107225160ac498040fa20d4ccf9e26ec2703,True,fixed_per_environment_quotas_v2,clean,29,43,False,False,,4,6,False,False,33.71659851074219,5.16,0.0,0.00028026552172377706,0.0
/home/donglei/isaac_projects/isaac_drone_racer/.worktrees/stage1-fake-vio/logs/skrl/drone_racer/2026-09-02_20-09-09_ppo_torch_stage1_mixed/checkpoints/agent_50010.pt,8ac5a032a78bb88a568b9cfe2e15e95b0aad6f6d428a9ff04ee77fb9b2073364,150d107225160ac498040fa20d4ccf9e26ec2703,True,fixed_per_environment_quotas_v2,clean,29,44,False,False,,3,0,True,False,-3.0565590858459473,1.01,0.0,0.00034355345997028053,0.0
/home/donglei/isaac_projects/isaac_drone_racer/.worktrees/stage1-fake-vio/logs/skrl/drone_racer/2026-09-02_20-09-09_ppo_torch_stage1_mixed/checkpoints/agent_50010.pt,8ac5a032a78bb88a568b9cfe2e15e95b0aad6f6d428a9ff04ee77fb9b2073364,150d107225160ac498040fa20d4ccf9e26ec2703,True,fixed_per_environment_quotas_v2,clean,29,45,False,False,,2,1,True,False,-4.4572625160217285,3.93,0.0,0.0002851189929060638,0.0
/home/donglei/isaac_projects/isaac_drone_racer/.worktrees/stage1-fake-vio/logs/skrl/drone_racer/2026-09-02_20-09-09_ppo_torch_stage1_mixed/checkpoints/agent_50010.pt,8ac5a032a78bb88a568b9cfe2e15e95b0aad6f6d428a9ff04ee77fb9b2073364,150d107225160ac498040fa20d4ccf9e26ec2703,True,fixed_per_environment_quotas_v2,clean,29,46,True,True,5.45,,7,False,False,38.207305908203125,5.45,0.0,0.000332025985699147,0.0
/home/donglei/isaac_projects/isaac_drone_racer/.worktrees/stage1-fake-vio/logs/skrl/drone_racer/2026-09-02_20-09-09_ppo_torch_stage1_mixed/checkpoints/agent_50010.pt,8ac5a032a78bb88a568b9cfe2e15e95b0aad6f6d428a9ff04ee77fb9b2073364,150d107225160ac498040fa20d4ccf9e26ec2703,True,fixed_per_environment_quotas_v2,clean,29,47,False,False,,4,1,True,False,1.6275558471679688,1.72,0.0,0.00033714191522449255,0.0
/home/donglei/isaac_projects/isaac_drone_racer/.worktrees/stage1-fake-vio/logs/skrl/drone_racer/2026-09-02_20-09-09_ppo_torch_stage1_mixed/checkpoints/agent_50010.pt,8ac5a032a78bb88a568b9cfe2e15e95b0aad6f6d428a9ff04ee77fb9b2073364,150d107225160ac498040fa20d4ccf9e26ec2703,True,fixed_per_environment_quotas_v2,clean,29,48,True,True,5.32,,7,False,False,39.041664123535156,5.32,0.0,0.0003265898849349469,0.0
/home/donglei/isaac_projects/isaac_drone_racer/.worktrees/stage1-fake-vio/logs/skrl/drone_racer/2026-09-02_20-09-09_ppo_torch_stage1_mixed/checkpoints/agent_50010.pt,8ac5a032a78bb88a568b9cfe2e15e95b0aad6f6d428a9ff04ee77fb9b2073364,150d107225160ac498040fa20d4ccf9e26ec2703,True,fixed_per_environment_quotas_v2,clean,29,49,True,True,4.97,,7,False,False,36.85272216796875,4.97,0.0,0.0003263385151512921,0.0
/home/donglei/isaac_projects/isaac_drone_racer/.worktrees/stage1-fake-vio/logs/skrl/drone_racer/2026-09-02_20-09-09_ppo_torch_stage1_mixed/checkpoints/agent_50010.pt,8ac5a032a78bb88a568b9cfe2e15e95b0aad6f6d428a9ff04ee77fb9b2073364,150d107225160ac498040fa20d4ccf9e26ec2703,True,fixed_per_environment_quotas_v2,clean,29,50,False,False,,6,1,True,False,1.6504740715026855,1.59,0.0,0.00025095517048612237,0.0
/home/donglei/isaac_projects/isaac_drone_racer/.worktrees/stage1-fake-vio/logs/skrl/drone_racer/2026-09-02_20-09-09_ppo_torch_stage1_mixed/checkpoints/agent_50010.pt,8ac5a032a78bb88a568b9cfe2e15e95b0aad6f6d428a9ff04ee77fb9b2073364,150d107225160ac498040fa20d4ccf9e26ec2703,True,fixed_per_environment_quotas_v2,clean,29,51,False,False,,1,0,True,False,-4.096645832061768,0.76,0.0,0.0002743903605733067,0.0
/home/donglei/isaac_projects/isaac_drone_racer/.worktrees/stage1-fake-vio/logs/skrl/drone_racer/2026-09-02_20-09-09_ppo_torch_stage1_mixed/checkpoints/agent_50010.pt,8ac5a032a78bb88a568b9cfe2e15e95b0aad6f6d428a9ff04ee77fb9b2073364,150d107225160ac498040fa20d4ccf9e26ec2703,True,fixed_per_environment_quotas_v2,clean,29,52,False,False,,3,3,True,False,13.006174087524414,3.64,0.0,0.0003134476428385824,0.0
/home/donglei/isaac_projects/isaac_drone_racer/.worktrees/stage1-fake-vio/logs/skrl/drone_racer/2026-09-02_20-09-09_ppo_torch_stage1_mixed/checkpoints/agent_50010.pt,8ac5a032a78bb88a568b9cfe2e15e95b0aad6f6d428a9ff04ee77fb9b2073364,150d107225160ac498040fa20d4ccf9e26ec2703,True,fixed_per_environment_quotas_v2,clean,29,53,False,False,,5,3,True,False,13.67717170715332,3.68,0.0,0.0003452669770922512,0.0
/home/donglei/isaac_projects/isaac_drone_racer/.worktrees/stage1-fake-vio/logs/skrl/drone_racer/2026-09-02_20-09-09_ppo_torch_stage1_mixed/checkpoints/agent_50010.pt,8ac5a032a78bb88a568b9cfe2e15e95b0aad6f6d428a9ff04ee77fb9b2073364,150d107225160ac498040fa20d4ccf9e26ec2703,True,fixed_per_environment_quotas_v2,clean,29,54,True,True,5.39,,7,False,False,38.058616638183594,5.39,0.0,0.0003325413563288748,0.0
/home/donglei/isaac_projects/isaac_drone_racer/.worktrees/stage1-fake-vio/logs/skrl/drone_racer/2026-09-02_20-09-09_ppo_torch_stage1_mixed/checkpoints/agent_50010.pt,8ac5a032a78bb88a568b9cfe2e15e95b0aad6f6d428a9ff04ee77fb9b2073364,150d107225160ac498040fa20d4ccf9e26ec2703,True,fixed_per_environment_quotas_v2,clean,29,55,True,True,6.47,,7,False,False,39.63637924194336,6.47,0.0,0.0003235020849388093,0.0
/home/donglei/isaac_projects/isaac_drone_racer/.worktrees/stage1-fake-vio/logs/skrl/drone_racer/2026-09-02_20-09-09_ppo_torch_stage1_mixed/checkpoints/agent_50010.pt,8ac5a032a78bb88a568b9cfe2e15e95b0aad6f6d428a9ff04ee77fb9b2073364,150d107225160ac498040fa20d4ccf9e26ec2703,True,fixed_per_environment_quotas_v2,clean,29,56,True,True,5.23,,7,False,False,39.316837310791016,5.23,0.0,0.0003166872193105519,0.0
/home/donglei/isaac_projects/isaac_drone_racer/.worktrees/stage1-fake-vio/logs/skrl/drone_racer/2026-09-02_20-09-09_ppo_torch_stage1_mixed/checkpoints/agent_50010.pt,8ac5a032a78bb88a568b9cfe2e15e95b0aad6f6d428a9ff04ee77fb9b2073364,150d107225160ac498040fa20d4ccf9e26ec2703,True,fixed_per_environment_quotas_v2,clean,29,57,False,False,,2,4,True,False,13.869041442871094,7.7,0.0,0.0003027405182365328,0.0
/home/donglei/isaac_projects/isaac_drone_racer/.worktrees/stage1-fake-vio/logs/skrl/drone_racer/2026-09-02_20-09-09_ppo_torch_stage1_mixed/checkpoints/agent_50010.pt,8ac5a032a78bb88a568b9cfe2e15e95b0aad6f6d428a9ff04ee77fb9b2073364,150d107225160ac498040fa20d4ccf9e26ec2703,True,fixed_per_environment_quotas_v2,clean,29,58,False,False,,3,6,True,False,30.561614990234375,6.49,0.0,0.00032186388853006065,0.0
/home/donglei/isaac_projects/isaac_drone_racer/.worktrees/stage1-fake-vio/logs/skrl/drone_racer/2026-09-02_20-09-09_ppo_torch_stage1_mixed/checkpoints/agent_50010.pt,8ac5a032a78bb88a568b9cfe2e15e95b0aad6f6d428a9ff04ee77fb9b2073364,150d107225160ac498040fa20d4ccf9e26ec2703,True,fixed_per_environment_quotas_v2,clean,29,59,True,True,5.48,,7,False,False,38.89662170410156,5.48,0.0,0.00032313604606315494,0.0
/home/donglei/isaac_projects/isaac_drone_racer/.worktrees/stage1-fake-vio/logs/skrl/drone_racer/2026-09-02_20-09-09_ppo_torch_stage1_mixed/checkpoints/agent_50010.pt,8ac5a032a78bb88a568b9cfe2e15e95b0aad6f6d428a9ff04ee77fb9b2073364,150d107225160ac498040fa20d4ccf9e26ec2703,True,fixed_per_environment_quotas_v2,clean,29,60,True,True,6.13,,7,False,False,39.807594299316406,6.13,0.0,0.0002746886166278273,0.0
/home/donglei/isaac_projects/isaac_drone_racer/.worktrees/stage1-fake-vio/logs/skrl/drone_racer/2026-09-02_20-09-09_ppo_torch_stage1_mixed/checkpoints/agent_50010.pt,8ac5a032a78bb88a568b9cfe2e15e95b0aad6f6d428a9ff04ee77fb9b2073364,150d107225160ac498040fa20d4ccf9e26ec2703,True,fixed_per_environment_quotas_v2,clean,29,61,True,True,5.3100000000000005,,7,False,False,37.56039047241211,5.3100000000000005,0.0,0.00028428834048099816,0.0
/home/donglei/isaac_projects/isaac_drone_racer/.worktrees/stage1-fake-vio/logs/skrl/drone_racer/2026-09-02_20-09-09_ppo_torch_stage1_mixed/checkpoints/agent_50010.pt,8ac5a032a78bb88a568b9cfe2e15e95b0aad6f6d428a9ff04ee77fb9b2073364,150d107225160ac498040fa20d4ccf9e26ec2703,True,fixed_per_environment_quotas_v2,clean,29,62,True,True,5.44,,7,False,False,38.21855545043945,5.44,0.0,0.00032296768040396273,0.0
/home/donglei/isaac_projects/isaac_drone_racer/.worktrees/stage1-fake-vio/logs/skrl/drone_racer/2026-09-02_20-09-09_ppo_torch_stage1_mixed/checkpoints/agent_50010.pt,8ac5a032a78bb88a568b9cfe2e15e95b0aad6f6d428a9ff04ee77fb9b2073364,150d107225160ac498040fa20d4ccf9e26ec2703,True,fixed_per_environment_quotas_v2,clean,29,63,True,True,5.7700000000000005,,7,False,False,39.55177307128906,5.7700000000000005,0.0,0.0002801940718200058,0.0
/home/donglei/isaac_projects/isaac_drone_racer/.worktrees/stage1-fake-vio/logs/skrl/drone_racer/2026-09-02_20-09-09_ppo_torch_stage1_mixed/checkpoints/agent_50010.pt,8ac5a032a78bb88a568b9cfe2e15e95b0aad6f6d428a9ff04ee77fb9b2073364,150d107225160ac498040fa20d4ccf9e26ec2703,True,fixed_per_environment_quotas_v2,clean,29,64,False,False,,4,5,True,False,25.221904754638672,5.95,0.0,0.0003240128280594945,0.0
/home/donglei/isaac_projects/isaac_drone_racer/.worktrees/stage1-fake-vio/logs/skrl/drone_racer/2026-09-02_20-09-09_ppo_torch_stage1_mixed/checkpoints/agent_50010.pt,8ac5a032a78bb88a568b9cfe2e15e95b0aad6f6d428a9ff04ee77fb9b2073364,150d107225160ac498040fa20d4ccf9e26ec2703,True,fixed_per_environment_quotas_v2,clean,29,65,True,True,5.4,,7,False,False,38.474571228027344,5.4,0.0,0.00030594339477829635,0.0
/home/donglei/isaac_projects/isaac_drone_racer/.worktrees/stage1-fake-vio/logs/skrl/drone_racer/2026-09-02_20-09-09_ppo_torch_stage1_mixed/checkpoints/agent_50010.pt,8ac5a032a78bb88a568b9cfe2e15e95b0aad6f6d428a9ff04ee77fb9b2073364,150d107225160ac498040fa20d4ccf9e26ec2703,True,fixed_per_environment_quotas_v2,clean,29,66,True,True,6.2700000000000005,,7,False,False,39.85737991333008,6.2700000000000005,0.0,0.0003107800439465791,0.0
/home/donglei/isaac_projects/isaac_drone_racer/.worktrees/stage1-fake-vio/logs/skrl/drone_racer/2026-09-02_20-09-09_ppo_torch_stage1_mixed/checkpoints/agent_50010.pt,8ac5a032a78bb88a568b9cfe2e15e95b0aad6f6d428a9ff04ee77fb9b2073364,150d107225160ac498040fa20d4ccf9e26ec2703,True,fixed_per_environment_quotas_v2,clean,29,67,True,True,5.3500000000000005,,7,False,False,38.834049224853516,5.3500000000000005,0.0,0.0003044562181457877,0.0
/home/donglei/isaac_projects/isaac_drone_racer/.worktrees/stage1-fake-vio/logs/skrl/drone_racer/2026-09-02_20-09-09_ppo_torch_stage1_mixed/checkpoints/agent_50010.pt,8ac5a032a78bb88a568b9cfe2e15e95b0aad6f6d428a9ff04ee77fb9b2073364,150d107225160ac498040fa20d4ccf9e26ec2703,True,fixed_per_environment_quotas_v2,clean,29,68,True,True,6.32,,7,False,False,39.88266372680664,6.32,0.0,0.00031438525184057653,0.0
/home/donglei/isaac_projects/isaac_drone_racer/.worktrees/stage1-fake-vio/logs/skrl/drone_racer/2026-09-02_20-09-09_ppo_torch_stage1_mixed/checkpoints/agent_50010.pt,8ac5a032a78bb88a568b9cfe2e15e95b0aad6f6d428a9ff04ee77fb9b2073364,150d107225160ac498040fa20d4ccf9e26ec2703,True,fixed_per_environment_quotas_v2,clean,29,69,True,True,5.07,,7,False,False,38.38569641113281,5.07,0.0,0.00032310414826497436,0.0
/home/donglei/isaac_projects/isaac_drone_racer/.worktrees/stage1-fake-vio/logs/skrl/drone_racer/2026-09-02_20-09-09_ppo_torch_stage1_mixed/checkpoints/agent_50010.pt,8ac5a032a78bb88a568b9cfe2e15e95b0aad6f6d428a9ff04ee77fb9b2073364,150d107225160ac498040fa20d4ccf9e26ec2703,True,fixed_per_environment_quotas_v2,clean,29,70,False,False,,5,5,True,False,23.288475036621094,5.29,0.0,0.00032613560324534774,0.0
/home/donglei/isaac_projects/isaac_drone_racer/.worktrees/stage1-fake-vio/logs/skrl/drone_racer/2026-09-02_20-09-09_ppo_torch_stage1_mixed/checkpoints/agent_50010.pt,8ac5a032a78bb88a568b9cfe2e15e95b0aad6f6d428a9ff04ee77fb9b2073364,150d107225160ac498040fa20d4ccf9e26ec2703,True,fixed_per_environment_quotas_v2,clean,29,71,True,True,5.44,,7,False,False,38.22357940673828,5.44,0.0,0.0003161098575219512,0.0
/home/donglei/isaac_projects/isaac_drone_racer/.worktrees/stage1-fake-vio/logs/skrl/drone_racer/2026-09-02_20-09-09_ppo_torch_stage1_mixed/checkpoints/agent_50010.pt,8ac5a032a78bb88a568b9cfe2e15e95b0aad6f6d428a9ff04ee77fb9b2073364,150d107225160ac498040fa20d4ccf9e26ec2703,True,fixed_per_environment_quotas_v2,clean,29,72,False,False,,1,0,True,False,-4.212594985961914,0.8,0.0,0.0003452669770922512,0.0
/home/donglei/isaac_projects/isaac_drone_racer/.worktrees/stage1-fake-vio/logs/skrl/drone_racer/2026-09-02_20-09-09_ppo_torch_stage1_mixed/checkpoints/agent_50010.pt,8ac5a032a78bb88a568b9cfe2e15e95b0aad6f6d428a9ff04ee77fb9b2073364,150d107225160ac498040fa20d4ccf9e26ec2703,True,fixed_per_environment_quotas_v2,clean,29,73,True,True,5.0200000000000005,,7,False,False,38.35515594482422,5.0200000000000005,0.0,0.0002940044505521655,0.0
/home/donglei/isaac_projects/isaac_drone_racer/.worktrees/stage1-fake-vio/logs/skrl/drone_racer/2026-09-02_20-09-09_ppo_torch_stage1_mixed/checkpoints/agent_50010.pt,8ac5a032a78bb88a568b9cfe2e15e95b0aad6f6d428a9ff04ee77fb9b2073364,150d107225160ac498040fa20d4ccf9e26ec2703,True,fixed_per_environment_quotas_v2,clean,29,74,True,True,6.78,,7,False,False,39.79398727416992,6.78,0.0,0.0003046892525162548,0.0
/home/donglei/isaac_projects/isaac_drone_racer/.worktrees/stage1-fake-vio/logs/skrl/drone_racer/2026-09-02_20-09-09_ppo_torch_stage1_mixed/checkpoints/agent_50010.pt,8ac5a032a78bb88a568b9cfe2e15e95b0aad6f6d428a9ff04ee77fb9b2073364,150d107225160ac498040fa20d4ccf9e26ec2703,True,fixed_per_environment_quotas_v2,clean,29,75,True,True,5.18,,7,False,False,37.964778900146484,5.18,0.0,0.0002829956647474319,0.0
/home/donglei/isaac_projects/isaac_drone_racer/.worktrees/stage1-fake-vio/logs/skrl/drone_racer/2026-09-02_20-09-09_ppo_torch_stage1_mixed/checkpoints/agent_50010.pt,8ac5a032a78bb88a568b9cfe2e15e95b0aad6f6d428a9ff04ee77fb9b2073364,150d107225160ac498040fa20d4ccf9e26ec2703,True,fixed_per_environment_quotas_v2,clean,29,76,False,False,,1,0,False,True,-8.739107131958008,2.44,0.0,0.0002795890031848103,0.0
/home/donglei/isaac_projects/isaac_drone_racer/.worktrees/stage1-fake-vio/logs/skrl/drone_racer/2026-09-02_20-09-09_ppo_torch_stage1_mixed/checkpoints/agent_50010.pt,8ac5a032a78bb88a568b9cfe2e15e95b0aad6f6d428a9ff04ee77fb9b2073364,150d107225160ac498040fa20d4ccf9e26ec2703,True,fixed_per_environment_quotas_v2,clean,29,77,True,True,5.75,,7,False,False,39.472476959228516,5.75,0.0,0.0003321061667520553,0.0
/home/donglei/isaac_projects/isaac_drone_racer/.worktrees/stage1-fake-vio/logs/skrl/drone_racer/2026-09-02_20-09-09_ppo_torch_stage1_mixed/checkpoints/agent_50010.pt,8ac5a032a78bb88a568b9cfe2e15e95b0aad6f6d428a9ff04ee77fb9b2073364,150d107225160ac498040fa20d4ccf9e26ec2703,True,fixed_per_environment_quotas_v2,clean,29,78,True,True,5.63,,7,False,False,39.26982116699219,5.63,0.0,0.0002851454773917794,0.0
/home/donglei/isaac_projects/isaac_drone_racer/.worktrees/stage1-fake-vio/logs/skrl/drone_racer/2026-09-02_20-09-09_ppo_torch_stage1_mixed/checkpoints/agent_50010.pt,8ac5a032a78bb88a568b9cfe2e15e95b0aad6f6d428a9ff04ee77fb9b2073364,150d107225160ac498040fa20d4ccf9e26ec2703,True,fixed_per_environment_quotas_v2,clean,29,79,True,True,5.82,,7,False,False,39.51559829711914,5.82,0.0,0.0003029232320841402,0.0
/home/donglei/isaac_projects/isaac_drone_racer/.worktrees/stage1-fake-vio/logs/skrl/drone_racer/2026-09-02_20-09-09_ppo_torch_stage1_mixed/checkpoints/agent_50010.pt,8ac5a032a78bb88a568b9cfe2e15e95b0aad6f6d428a9ff04ee77fb9b2073364,150d107225160ac498040fa20d4ccf9e26ec2703,True,fixed_per_environment_quotas_v2,clean,29,80,False,False,,4,2,True,False,9.74161148071289,3.0700000000000003,0.0,0.00032737114815972745,0.0
/home/donglei/isaac_projects/isaac_drone_racer/.worktrees/stage1-fake-vio/logs/skrl/drone_racer/2026-09-02_20-09-09_ppo_torch_stage1_mixed/checkpoints/agent_50010.pt,8ac5a032a78bb88a568b9cfe2e15e95b0aad6f6d428a9ff04ee77fb9b2073364,150d107225160ac498040fa20d4ccf9e26ec2703,True,fixed_per_environment_quotas_v2,clean,29,81,True,True,4.99,,7,False,False,38.44417953491211,4.99,0.0,0.00027992500690743327,0.0
/home/donglei/isaac_projects/isaac_drone_racer/.worktrees/stage1-fake-vio/logs/skrl/drone_racer/2026-09-02_20-09-09_ppo_torch_stage1_mixed/checkpoints/agent_50010.pt,8ac5a032a78bb88a568b9cfe2e15e95b0aad6f6d428a9ff04ee77fb9b2073364,150d107225160ac498040fa20d4ccf9e26ec2703,True,fixed_per_environment_quotas_v2,clean,29,82,False,False,,1,0,False,True,-12.060932159423828,2.94,0.0,0.0002959431440103799,0.0
/home/donglei/isaac_projects/isaac_drone_racer/.worktrees/stage1-fake-vio/logs/skrl/drone_racer/2026-09-02_20-09-09_ppo_torch_stage1_mixed/checkpoints/agent_50010.pt,8ac5a032a78bb88a568b9cfe2e15e95b0aad6f6d428a9ff04ee77fb9b2073364,150d107225160ac498040fa20d4ccf9e26ec2703,True,fixed_per_environment_quotas_v2,clean,29,83,False,False,,4,5,True,False,25.128908157348633,5.76,0.0,0.0002990099892485887,0.0
/home/donglei/isaac_projects/isaac_drone_racer/.worktrees/stage1-fake-vio/logs/skrl/drone_racer/2026-09-02_20-09-09_ppo_torch_stage1_mixed/checkpoints/agent_50010.pt,8ac5a032a78bb88a568b9cfe2e15e95b0aad6f6d428a9ff04ee77fb9b2073364,150d107225160ac498040fa20d4ccf9e26ec2703,True,fixed_per_environment_quotas_v2,clean,29,84,True,True,6.57,,7,False,False,39.95647048950195,6.57,0.0,0.00033214225550182164,0.0
/home/donglei/isaac_projects/isaac_drone_racer/.worktrees/stage1-fake-vio/logs/skrl/drone_racer/2026-09-02_20-09-09_ppo_torch_stage1_mixed/checkpoints/agent_50010.pt,8ac5a032a78bb88a568b9cfe2e15e95b0aad6f6d428a9ff04ee77fb9b2073364,150d107225160ac498040fa20d4ccf9e26ec2703,True,fixed_per_environment_quotas_v2,clean,29,85,True,True,5.32,,7,False,False,38.882408142089844,5.32,0.0,0.00033338041976094246,0.0
/home/donglei/isaac_projects/isaac_drone_racer/.worktrees/stage1-fake-vio/logs/skrl/drone_racer/2026-09-02_20-09-09_ppo_torch_stage1_mixed/checkpoints/agent_50010.pt,8ac5a032a78bb88a568b9cfe2e15e95b0aad6f6d428a9ff04ee77fb9b2073364,150d107225160ac498040fa20d4ccf9e26ec2703,True,fixed_per_environment_quotas_v2,clean,29,86,False,False,,1,0,True,False,-4.061519145965576,0.71,0.0,0.0003476899291854352,0.0
/home/donglei/isaac_projects/isaac_drone_racer/.worktrees/stage1-fake-vio/logs/skrl/drone_racer/2026-09-02_20-09-09_ppo_torch_stage1_mixed/checkpoints/agent_50010.pt,8ac5a032a78bb88a568b9cfe2e15e95b0aad6f6d428a9ff04ee77fb9b2073364,150d107225160ac498040fa20d4ccf9e26ec2703,True,fixed_per_environment_quotas_v2,clean,29,87,False,False,,4,2,True,False,9.961731910705566,3.09,0.0,0.00030681086354888976,0.0
/home/donglei/isaac_projects/isaac_drone_racer/.worktrees/stage1-fake-vio/logs/skrl/drone_racer/2026-09-02_20-09-09_ppo_torch_stage1_mixed/checkpoints/agent_50010.pt,8ac5a032a78bb88a568b9cfe2e15e95b0aad6f6d428a9ff04ee77fb9b2073364,150d107225160ac498040fa20d4ccf9e26ec2703,True,fixed_per_environment_quotas_v2,clean,29,88,True,True,5.1000000000000005,,7,False,False,37.53172302246094,5.1000000000000005,0.0,0.00031481319456361234,0.0
/home/donglei/isaac_projects/isaac_drone_racer/.worktrees/stage1-fake-vio/logs/skrl/drone_racer/2026-09-02_20-09-09_ppo_torch_stage1_mixed/checkpoints/agent_50010.pt,8ac5a032a78bb88a568b9cfe2e15e95b0aad6f6d428a9ff04ee77fb9b2073364,150d107225160ac498040fa20d4ccf9e26ec2703,True,fixed_per_environment_quotas_v2,clean,29,89,True,True,6.01,,7,False,False,39.59215545654297,6.01,0.0,0.00030467775650322437,0.0
/home/donglei/isaac_projects/isaac_drone_racer/.worktrees/stage1-fake-vio/logs/skrl/drone_racer/2026-09-02_20-09-09_ppo_torch_stage1_mixed/checkpoints/agent_50010.pt,8ac5a032a78bb88a568b9cfe2e15e95b0aad6f6d428a9ff04ee77fb9b2073364,150d107225160ac498040fa20d4ccf9e26ec2703,True,fixed_per_environment_quotas_v2,clean,29,90,True,True,6.03,,7,False,False,39.65945816040039,6.03,0.0,0.00030417204834520817,0.0
/home/donglei/isaac_projects/isaac_drone_racer/.worktrees/stage1-fake-vio/logs/skrl/drone_racer/2026-09-02_20-09-09_ppo_torch_stage1_mixed/checkpoints/agent_50010.pt,8ac5a032a78bb88a568b9cfe2e15e95b0aad6f6d428a9ff04ee77fb9b2073364,150d107225160ac498040fa20d4ccf9e26ec2703,True,fixed_per_environment_quotas_v2,clean,29,91,False,False,,6,0,True,False,-3.34416127204895,2.11,0.0,0.0003153335419483483,0.0
/home/donglei/isaac_projects/isaac_drone_racer/.worktrees/stage1-fake-vio/logs/skrl/drone_racer/2026-09-02_20-09-09_ppo_torch_stage1_mixed/checkpoints/agent_50010.pt,8ac5a032a78bb88a568b9cfe2e15e95b0aad6f6d428a9ff04ee77fb9b2073364,150d107225160ac498040fa20d4ccf9e26ec2703,True,fixed_per_environment_quotas_v2,clean,29,92,True,True,5.53,,7,False,False,38.980960845947266,5.53,0.0,0.0002965668390970677,0.0
/home/donglei/isaac_projects/isaac_drone_racer/.worktrees/stage1-fake-vio/logs/skrl/drone_racer/2026-09-02_20-09-09_ppo_torch_stage1_mixed/checkpoints/agent_50010.pt,8ac5a032a78bb88a568b9cfe2e15e95b0aad6f6d428a9ff04ee77fb9b2073364,150d107225160ac498040fa20d4ccf9e26ec2703,True,fixed_per_environment_quotas_v2,clean,29,93,True,True,5.3,,7,False,False,38.12189865112305,5.3,0.0,0.00030441477429121733,0.0
/home/donglei/isaac_projects/isaac_drone_racer/.worktrees/stage1-fake-vio/logs/skrl/drone_racer/2026-09-02_20-09-09_ppo_torch_stage1_mixed/checkpoints/agent_50010.pt,8ac5a032a78bb88a568b9cfe2e15e95b0aad6f6d428a9ff04ee77fb9b2073364,150d107225160ac498040fa20d4ccf9e26ec2703,True,fixed_per_environment_quotas_v2,clean,29,94,True,True,5.29,,7,False,False,39.22597122192383,5.29,0.0,0.0002941662387456745,0.0
/home/donglei/isaac_projects/isaac_drone_racer/.worktrees/stage1-fake-vio/logs/skrl/drone_racer/2026-09-02_20-09-09_ppo_torch_stage1_mixed/checkpoints/agent_50010.pt,8ac5a032a78bb88a568b9cfe2e15e95b0aad6f6d428a9ff04ee77fb9b2073364,150d107225160ac498040fa20d4ccf9e26ec2703,True,fixed_per_environment_quotas_v2,clean,29,95,True,True,6.74,,7,False,False,39.59357452392578,6.74,0.0,0.0003180702915415168,0.0
/home/donglei/isaac_projects/isaac_drone_racer/.worktrees/stage1-fake-vio/logs/skrl/drone_racer/2026-09-02_20-09-09_ppo_torch_stage1_mixed/checkpoints/agent_50010.pt,8ac5a032a78bb88a568b9cfe2e15e95b0aad6f6d428a9ff04ee77fb9b2073364,150d107225160ac498040fa20d4ccf9e26ec2703,True,fixed_per_environment_quotas_v2,clean,29,96,True,True,5.42,,7,False,False,38.92514419555664,5.42,0.0,0.00029660973814316094,0.0
/home/donglei/isaac_projects/isaac_drone_racer/.worktrees/stage1-fake-vio/logs/skrl/drone_racer/2026-09-02_20-09-09_ppo_torch_stage1_mixed/checkpoints/agent_50010.pt,8ac5a032a78bb88a568b9cfe2e15e95b0aad6f6d428a9ff04ee77fb9b2073364,150d107225160ac498040fa20d4ccf9e26ec2703,True,fixed_per_environment_quotas_v2,clean,29,97,False,False,,3,4,True,False,19.140321731567383,4.68,0.0,0.00031919946195557714,0.0
/home/donglei/isaac_projects/isaac_drone_racer/.worktrees/stage1-fake-vio/logs/skrl/drone_racer/2026-09-02_20-09-09_ppo_torch_stage1_mixed/checkpoints/agent_50010.pt,8ac5a032a78bb88a568b9cfe2e15e95b0aad6f6d428a9ff04ee77fb9b2073364,150d107225160ac498040fa20d4ccf9e26ec2703,True,fixed_per_environment_quotas_v2,clean,29,98,True,True,5.55,,7,False,False,38.93536376953125,5.55,0.0,0.00031975109595805407,0.0
/home/donglei/isaac_projects/isaac_drone_racer/.worktrees/stage1-fake-vio/logs/skrl/drone_racer/2026-09-02_20-09-09_ppo_torch_stage1_mixed/checkpoints/agent_50010.pt,8ac5a032a78bb88a568b9cfe2e15e95b0aad6f6d428a9ff04ee77fb9b2073364,150d107225160ac498040fa20d4ccf9e26ec2703,True,fixed_per_environment_quotas_v2,clean,29,99,False,False,,3,1,False,True,-0.9819531440734863,4.08,0.0,0.0002734922163654119,0.0
/home/donglei/isaac_projects/isaac_drone_racer/.worktrees/stage1-fake-vio/logs/skrl/drone_racer/2026-09-02_20-09-09_ppo_torch_stage1_mixed/checkpoints/agent_50010.pt,8ac5a032a78bb88a568b9cfe2e15e95b0aad6f6d428a9ff04ee77fb9b2073364,150d107225160ac498040fa20d4ccf9e26ec2703,True,fixed_per_environment_quotas_v2,clean,29,100,False,False,,7,0,True,False,-8.373467445373535,1.24,0.0,0.0003161992644891143,0.0
/home/donglei/isaac_projects/isaac_drone_racer/.worktrees/stage1-fake-vio/logs/skrl/drone_racer/2026-09-02_20-09-09_ppo_torch_stage1_mixed/checkpoints/agent_50010.pt,8ac5a032a78bb88a568b9cfe2e15e95b0aad6f6d428a9ff04ee77fb9b2073364,150d107225160ac498040fa20d4ccf9e26ec2703,True,fixed_per_environment_quotas_v2,clean,29,101,True,True,5.08,,7,False,False,38.19186019897461,5.08,0.0,0.0003063748881686479,0.0
/home/donglei/isaac_projects/isaac_drone_racer/.worktrees/stage1-fake-vio/logs/skrl/drone_racer/2026-09-02_20-09-09_ppo_torch_stage1_mixed/checkpoints/agent_50010.pt,8ac5a032a78bb88a568b9cfe2e15e95b0aad6f6d428a9ff04ee77fb9b2073364,150d107225160ac498040fa20d4ccf9e26ec2703,True,fixed_per_environment_quotas_v2,clean,29,102,True,True,6.66,,7,False,False,39.779659271240234,6.66,0.0,0.0003062552714254707,0.0
/home/donglei/isaac_projects/isaac_drone_racer/.worktrees/stage1-fake-vio/logs/skrl/drone_racer/2026-09-02_20-09-09_ppo_torch_stage1_mixed/checkpoints/agent_50010.pt,8ac5a032a78bb88a568b9cfe2e15e95b0aad6f6d428a9ff04ee77fb9b2073364,150d107225160ac498040fa20d4ccf9e26ec2703,True,fixed_per_environment_quotas_v2,clean,29,103,True,True,5.91,,7,False,False,39.6295051574707,5.91,0.0,0.00033125371555797756,0.0
/home/donglei/isaac_projects/isaac_drone_racer/.worktrees/stage1-fake-vio/logs/skrl/drone_racer/2026-09-02_20-09-09_ppo_torch_stage1_mixed/checkpoints/agent_50010.pt,8ac5a032a78bb88a568b9cfe2e15e95b0aad6f6d428a9ff04ee77fb9b2073364,150d107225160ac498040fa20d4ccf9e26ec2703,True,fixed_per_environment_quotas_v2,clean,29,104,False,False,,1,0,False,True,-7.979389667510986,2.58,0.0,0.00029472983442246914,0.0
/home/donglei/isaac_projects/isaac_drone_racer/.worktrees/stage1-fake-vio/logs/skrl/drone_racer/2026-09-02_20-09-09_ppo_torch_stage1_mixed/checkpoints/agent_50010.pt,8ac5a032a78bb88a568b9cfe2e15e95b0aad6f6d428a9ff04ee77fb9b2073364,150d107225160ac498040fa20d4ccf9e26ec2703,True,fixed_per_environment_quotas_v2,clean,29,105,False,False,,2,5,True,False,23.889925003051758,4.89,0.0,0.00028620040393434465,0.0
/home/donglei/isaac_projects/isaac_drone_racer/.worktrees/stage1-fake-vio/logs/skrl/drone_racer/2026-09-02_20-09-09_ppo_torch_stage1_mixed/checkpoints/agent_50010.pt,8ac5a032a78bb88a568b9cfe2e15e95b0aad6f6d428a9ff04ee77fb9b2073364,150d107225160ac498040fa20d4ccf9e26ec2703,True,fixed_per_environment_quotas_v2,clean,29,106,True,True,5.55,,7,False,False,38.884498596191406,5.55,0.0,0.0003088161756750196,0.0
/home/donglei/isaac_projects/isaac_drone_racer/.worktrees/stage1-fake-vio/logs/skrl/drone_racer/2026-09-02_20-09-09_ppo_torch_stage1_mixed/checkpoints/agent_50010.pt,8ac5a032a78bb88a568b9cfe2e15e95b0aad6f6d428a9ff04ee77fb9b2073364,150d107225160ac498040fa20d4ccf9e26ec2703,True,fixed_per_environment_quotas_v2,clean,29,107,True,True,6.03,,7,False,False,39.66255187988281,6.03,0.0,0.0003206254914402962,0.0
/home/donglei/isaac_projects/isaac_drone_racer/.worktrees/stage1-fake-vio/logs/skrl/drone_racer/2026-09-02_20-09-09_ppo_torch_stage1_mixed/checkpoints/agent_50010.pt,8ac5a032a78bb88a568b9cfe2e15e95b0aad6f6d428a9ff04ee77fb9b2073364,150d107225160ac498040fa20d4ccf9e26ec2703,True,fixed_per_environment_quotas_v2,clean,29,108,False,False,,2,0,True,False,-4.991674900054932,0.6900000000000001,0.0,0.00034275592770427465,0.0
/home/donglei/isaac_projects/isaac_drone_racer/.worktrees/stage1-fake-vio/logs/skrl/drone_racer/2026-09-02_20-09-09_ppo_torch_stage1_mixed/checkpoints/agent_50010.pt,8ac5a032a78bb88a568b9cfe2e15e95b0aad6f6d428a9ff04ee77fb9b2073364,150d107225160ac498040fa20d4ccf9e26ec2703,True,fixed_per_environment_quotas_v2,clean,29,109,True,True,6.21,,7,False,False,39.51128005981445,6.21,0.0,0.0003231533628422767,0.0
/home/donglei/isaac_projects/isaac_drone_racer/.worktrees/stage1-fake-vio/logs/skrl/drone_racer/2026-09-02_20-09-09_ppo_torch_stage1_mixed/checkpoints/agent_50010.pt,8ac5a032a78bb88a568b9cfe2e15e95b0aad6f6d428a9ff04ee77fb9b2073364,150d107225160ac498040fa20d4ccf9e26ec2703,True,fixed_per_environment_quotas_v2,clean,29,110,True,True,6.28,,7,False,False,39.48136520385742,6.28,0.0,0.0002980561985168606,0.0
/home/donglei/isaac_projects/isaac_drone_racer/.worktrees/stage1-fake-vio/logs/skrl/drone_racer/2026-09-02_20-09-09_ppo_torch_stage1_mixed/checkpoints/agent_50010.pt,8ac5a032a78bb88a568b9cfe2e15e95b0aad6f6d428a9ff04ee77fb9b2073364,150d107225160ac498040fa20d4ccf9e26ec2703,True,fixed_per_environment_quotas_v2,clean,29,111,True,True,6.47,,7,False,False,39.61878204345703,6.47,0.0,0.0002948994224425405,0.0
/home/donglei/isaac_projects/isaac_drone_racer/.worktrees/stage1-fake-vio/logs/skrl/drone_racer/2026-09-02_20-09-09_ppo_torch_stage1_mixed/checkpoints/agent_50010.pt,8ac5a032a78bb88a568b9cfe2e15e95b0aad6f6d428a9ff04ee77fb9b2073364,150d107225160ac498040fa20d4ccf9e26ec2703,True,fixed_per_environment_quotas_v2,clean,29,112,True,True,6.1000000000000005,,7,False,False,39.465904235839844,6.1000000000000005,0.0,0.00031631888123229146,0.0
/home/donglei/isaac_projects/isaac_drone_racer/.worktrees/stage1-fake-vio/logs/skrl/drone_racer/2026-09-02_20-09-09_ppo_torch_stage1_mixed/checkpoints/agent_50010.pt,8ac5a032a78bb88a568b9cfe2e15e95b0aad6f6d428a9ff04ee77fb9b2073364,150d107225160ac498040fa20d4ccf9e26ec2703,True,fixed_per_environment_quotas_v2,clean,29,113,True,True,5.99,,7,False,False,39.39583969116211,5.99,0.0,0.00031544716330245137,0.0
/home/donglei/isaac_projects/isaac_drone_racer/.worktrees/stage1-fake-vio/logs/skrl/drone_racer/2026-09-02_20-09-09_ppo_torch_stage1_mixed/checkpoints/agent_50010.pt,8ac5a032a78bb88a568b9cfe2e15e95b0aad6f6d428a9ff04ee77fb9b2073364,150d107225160ac498040fa20d4ccf9e26ec2703,True,fixed_per_environment_quotas_v2,clean,29,114,False,False,,5,3,True,False,13.520315170288086,3.62,0.0,0.0003100931644439697,0.0
/home/donglei/isaac_projects/isaac_drone_racer/.worktrees/stage1-fake-vio/logs/skrl/drone_racer/2026-09-02_20-09-09_ppo_torch_stage1_mixed/checkpoints/agent_50010.pt,8ac5a032a78bb88a568b9cfe2e15e95b0aad6f6d428a9ff04ee77fb9b2073364,150d107225160ac498040fa20d4ccf9e26ec2703,True,fixed_per_environment_quotas_v2,clean,29,115,False,False,,5,2,True,False,8.251147270202637,2.77,0.0,0.0003240485384594649,0.0
/home/donglei/isaac_projects/isaac_drone_racer/.worktrees/stage1-fake-vio/logs/skrl/drone_racer/2026-09-02_20-09-09_ppo_torch_stage1_mixed/checkpoints/agent_50010.pt,8ac5a032a78bb88a568b9cfe2e15e95b0aad6f6d428a9ff04ee77fb9b2073364,150d107225160ac498040fa20d4ccf9e26ec2703,True,fixed_per_environment_quotas_v2,clean,29,116,True,True,6.140000000000001,,7,False,False,39.6513786315918,6.140000000000001,0.0,0.00032017528428696096,0.0
/home/donglei/isaac_projects/isaac_drone_racer/.worktrees/stage1-fake-vio/logs/skrl/drone_racer/2026-09-02_20-09-09_ppo_torch_stage1_mixed/checkpoints/agent_50010.pt,8ac5a032a78bb88a568b9cfe2e15e95b0aad6f6d428a9ff04ee77fb9b2073364,150d107225160ac498040fa20d4ccf9e26ec2703,True,fixed_per_environment_quotas_v2,clean,29,117,True,True,6.03,,7,False,False,39.686920166015625,6.03,0.0,0.0002989273052662611,0.0
/home/donglei/isaac_projects/isaac_drone_racer/.worktrees/stage1-fake-vio/logs/skrl/drone_racer/2026-09-02_20-09-09_ppo_torch_stage1_mixed/checkpoints/agent_50010.pt,8ac5a032a78bb88a568b9cfe2e15e95b0aad6f6d428a9ff04ee77fb9b2073364,150d107225160ac498040fa20d4ccf9e26ec2703,True,fixed_per_environment_quotas_v2,clean,29,118,True,True,6.0,,7,False,False,39.551361083984375,6.0,0.0,0.0003101002366747707,0.0
/home/donglei/isaac_projects/isaac_drone_racer/.worktrees/stage1-fake-vio/logs/skrl/drone_racer/2026-09-02_20-09-09_ppo_torch_stage1_mixed/checkpoints/agent_50010.pt,8ac5a032a78bb88a568b9cfe2e15e95b0aad6f6d428a9ff04ee77fb9b2073364,150d107225160ac498040fa20d4ccf9e26ec2703,True,fixed_per_environment_quotas_v2,clean,29,119,True,True,6.13,,7,False,False,39.61332702636719,6.13,0.0,0.00032285478664562106,0.0
/home/donglei/isaac_projects/isaac_drone_racer/.worktrees/stage1-fake-vio/logs/skrl/drone_racer/2026-09-02_20-09-09_ppo_torch_stage1_mixed/checkpoints/agent_50010.pt,8ac5a032a78bb88a568b9cfe2e15e95b0aad6f6d428a9ff04ee77fb9b2073364,150d107225160ac498040fa20d4ccf9e26ec2703,True,fixed_per_environment_quotas_v2,clean,29,120,True,True,5.97,,7,False,False,39.32632064819336,5.97,0.0,0.000295060541247949,0.0
/home/donglei/isaac_projects/isaac_drone_racer/.worktrees/stage1-fake-vio/logs/skrl/drone_racer/2026-09-02_20-09-09_ppo_torch_stage1_mixed/checkpoints/agent_50010.pt,8ac5a032a78bb88a568b9cfe2e15e95b0aad6f6d428a9ff04ee77fb9b2073364,150d107225160ac498040fa20d4ccf9e26ec2703,True,fixed_per_environment_quotas_v2,clean,29,121,True,True,6.0200000000000005,,7,False,False,39.6491813659668,6.0200000000000005,0.0,0.00029112445190548897,0.0
/home/donglei/isaac_projects/isaac_drone_racer/.worktrees/stage1-fake-vio/logs/skrl/drone_racer/2026-09-02_20-09-09_ppo_torch_stage1_mixed/checkpoints/agent_50010.pt,8ac5a032a78bb88a568b9cfe2e15e95b0aad6f6d428a9ff04ee77fb9b2073364,150d107225160ac498040fa20d4ccf9e26ec2703,True,fixed_per_environment_quotas_v2,clean,29,122,True,True,6.1000000000000005,,7,False,False,39.580604553222656,6.1000000000000005,0.0,0.0003260540252085775,0.0
/home/donglei/isaac_projects/isaac_drone_racer/.worktrees/stage1-fake-vio/logs/skrl/drone_racer/2026-09-02_20-09-09_ppo_torch_stage1_mixed/checkpoints/agent_50010.pt,8ac5a032a78bb88a568b9cfe2e15e95b0aad6f6d428a9ff04ee77fb9b2073364,150d107225160ac498040fa20d4ccf9e26ec2703,True,fixed_per_environment_quotas_v2,clean,29,123,True,True,6.16,,7,False,False,39.44453811645508,6.16,0.0,0.0003232671588193625,0.0
/home/donglei/isaac_projects/isaac_drone_racer/.worktrees/stage1-fake-vio/logs/skrl/drone_racer/2026-09-02_20-09-09_ppo_torch_stage1_mixed/checkpoints/agent_50010.pt,8ac5a032a78bb88a568b9cfe2e15e95b0aad6f6d428a9ff04ee77fb9b2073364,150d107225160ac498040fa20d4ccf9e26ec2703,True,fixed_per_environment_quotas_v2,clean,29,124,True,True,6.2,,7,False,False,39.56826400756836,6.2,0.0,0.0003149807744193822,0.0
/home/donglei/isaac_projects/isaac_drone_racer/.worktrees/stage1-fake-vio/logs/skrl/drone_racer/2026-09-02_20-09-09_ppo_torch_stage1_mixed/checkpoints/agent_50010.pt,8ac5a032a78bb88a568b9cfe2e15e95b0aad6f6d428a9ff04ee77fb9b2073364,150d107225160ac498040fa20d4ccf9e26ec2703,True,fixed_per_environment_quotas_v2,clean,29,125,True,True,6.05,,7,False,False,39.60016632080078,6.05,0.0,0.0003088161756750196,0.0
/home/donglei/isaac_projects/isaac_drone_racer/.worktrees/stage1-fake-vio/logs/skrl/drone_racer/2026-09-02_20-09-09_ppo_torch_stage1_mixed/checkpoints/agent_50010.pt,8ac5a032a78bb88a568b9cfe2e15e95b0aad6f6d428a9ff04ee77fb9b2073364,150d107225160ac498040fa20d4ccf9e26ec2703,True,fixed_per_environment_quotas_v2,clean,29,126,True,True,6.07,,7,False,False,39.77787399291992,6.07,0.0,0.0003108445380348712,0.0
/home/donglei/isaac_projects/isaac_drone_racer/.worktrees/stage1-fake-vio/logs/skrl/drone_racer/2026-09-02_20-09-09_ppo_torch_stage1_mixed/checkpoints/agent_50010.pt,8ac5a032a78bb88a568b9cfe2e15e95b0aad6f6d428a9ff04ee77fb9b2073364,150d107225160ac498040fa20d4ccf9e26ec2703,True,fixed_per_environment_quotas_v2,clean,29,127,True,True,5.9,,7,False,False,39.60438919067383,5.9,0.0,0.00032413858571089804,0.0
/home/donglei/isaac_projects/isaac_drone_racer/.worktrees/stage1-fake-vio/logs/skrl/drone_racer/2026-09-02_20-09-09_ppo_torch_stage1_mixed/checkpoints/agent_50010.pt,8ac5a032a78bb88a568b9cfe2e15e95b0aad6f6d428a9ff04ee77fb9b2073364,150d107225160ac498040fa20d4ccf9e26ec2703,True,fixed_per_environment_quotas_v2,clean,47,0,False,False,,6,0,True,False,-5.055446147918701,0.02,0.0,0.0,0.0
/home/donglei/isaac_projects/isaac_drone_racer/.worktrees/stage1-fake-vio/logs/skrl/drone_racer/2026-09-02_20-09-09_ppo_torch_stage1_mixed/checkpoints/agent_50010.pt,8ac5a032a78bb88a568b9cfe2e15e95b0aad6f6d428a9ff04ee77fb9b2073364,150d107225160ac498040fa20d4ccf9e26ec2703,True,fixed_per_environment_quotas_v2,clean,47,1,False,False,,1,0,True,False,-5.086758136749268,0.06,0.0,0.0,0.0
/home/donglei/isaac_projects/isaac_drone_racer/.worktrees/stage1-fake-vio/logs/skrl/drone_racer/2026-09-02_20-09-09_ppo_torch_stage1_mixed/checkpoints/agent_50010.pt,8ac5a032a78bb88a568b9cfe2e15e95b0aad6f6d428a9ff04ee77fb9b2073364,150d107225160ac498040fa20d4ccf9e26ec2703,True,fixed_per_environment_quotas_v2,clean,47,2,False,False,,7,0,True,False,-8.754206657409668,0.25,0.0,0.0003906250058207661,0.0
/home/donglei/isaac_projects/isaac_drone_racer/.worktrees/stage1-fake-vio/logs/skrl/drone_racer/2026-09-02_20-09-09_ppo_torch_stage1_mixed/checkpoints/agent_50010.pt,8ac5a032a78bb88a568b9cfe2e15e95b0aad6f6d428a9ff04ee77fb9b2073364,150d107225160ac498040fa20d4ccf9e26ec2703,True,fixed_per_environment_quotas_v2,clean,47,3,False,False,,6,0,True,False,-9.593576431274414,0.29,0.0,0.00025645786081440747,0.0
/home/donglei/isaac_projects/isaac_drone_racer/.worktrees/stage1-fake-vio/logs/skrl/drone_racer/2026-09-02_20-09-09_ppo_torch_stage1_mixed/checkpoints/agent_50010.pt,8ac5a032a78bb88a568b9cfe2e15e95b0aad6f6d428a9ff04ee77fb9b2073364,150d107225160ac498040fa20d4ccf9e26ec2703,True,fixed_per_environment_quotas_v2,clean,47,4,False,False,,5,0,True,False,-5.410884857177734,0.44,0.0,0.00027542776660993695,0.0
/home/donglei/isaac_projects/isaac_drone_racer/.worktrees/stage1-fake-vio/logs/skrl/drone_racer/2026-09-02_20-09-09_ppo_torch_stage1_mixed/checkpoints/agent_50010.pt,8ac5a032a78bb88a568b9cfe2e15e95b0aad6f6d428a9ff04ee77fb9b2073364,150d107225160ac498040fa20d4ccf9e26ec2703,True,fixed_per_environment_quotas_v2,clean,47,5,False,False,,4,0,True,False,-3.484808921813965,0.56,0.0,0.000244140625,0.0
/home/donglei/isaac_projects/isaac_drone_racer/.worktrees/stage1-fake-vio/logs/skrl/drone_racer/2026-09-02_20-09-09_ppo_torch_stage1_mixed/checkpoints/agent_50010.pt,8ac5a032a78bb88a568b9cfe2e15e95b0aad6f6d428a9ff04ee77fb9b2073364,150d107225160ac498040fa20d4ccf9e26ec2703,True,fixed_per_environment_quotas_v2,clean,47,6,False,False,,4,0,True,False,-3.98586368560791,0.5700000000000001,0.0,0.0003297761722933501,0.0
/home/donglei/isaac_projects/isaac_drone_racer/.worktrees/stage1-fake-vio/logs/skrl/drone_racer/2026-09-02_20-09-09_ppo_torch_stage1_mixed/checkpoints/agent_50010.pt,8ac5a032a78bb88a568b9cfe2e15e95b0aad6f6d428a9ff04ee77fb9b2073364,150d107225160ac498040fa20d4ccf9e26ec2703,True,fixed_per_environment_quotas_v2,clean,47,7,False,False,,6,0,True,False,-6.404996871948242,0.59,0.0,0.00032413858571089804,0.0
/home/donglei/isaac_projects/isaac_drone_racer/.worktrees/stage1-fake-vio/logs/skrl/drone_racer/2026-09-02_20-09-09_ppo_torch_stage1_mixed/checkpoints/agent_50010.pt,8ac5a032a78bb88a568b9cfe2e15e95b0aad6f6d428a9ff04ee77fb9b2073364,150d107225160ac498040fa20d4ccf9e26ec2703,True,fixed_per_environment_quotas_v2,clean,47,8,False,False,,1,1,False,False,4.8834052085876465,0.63,0.0,0.00035870648571290076,0.0
/home/donglei/isaac_projects/isaac_drone_racer/.worktrees/stage1-fake-vio/logs/skrl/drone_racer/2026-09-02_20-09-09_ppo_torch_stage1_mixed/checkpoints/agent_50010.pt,8ac5a032a78bb88a568b9cfe2e15e95b0aad6f6d428a9ff04ee77fb9b2073364,150d107225160ac498040fa20d4ccf9e26ec2703,True,fixed_per_environment_quotas_v2,clean,47,9,False,False,,6,0,False,False,-0.551338791847229,0.8200000000000001,0.0,0.0002853265032172203,0.0
/home/donglei/isaac_projects/isaac_drone_racer/.worktrees/stage1-fake-vio/logs/skrl/drone_racer/2026-09-02_20-09-09_ppo_torch_stage1_mixed/checkpoints/agent_50010.pt,8ac5a032a78bb88a568b9cfe2e15e95b0aad6f6d428a9ff04ee77fb9b2073364,150d107225160ac498040fa20d4ccf9e26ec2703,True,fixed_per_environment_quotas_v2,clean,47,10,False,False,,6,1,True,False,1.530766487121582,1.11,0.0,0.0003143312060274184,0.0
/home/donglei/isaac_projects/isaac_drone_racer/.worktrees/stage1-fake-vio/logs/skrl/drone_racer/2026-09-02_20-09-09_ppo_torch_stage1_mixed/checkpoints/agent_50010.pt,8ac5a032a78bb88a568b9cfe2e15e95b0aad6f6d428a9ff04ee77fb9b2073364,150d107225160ac498040fa20d4ccf9e26ec2703,True,fixed_per_environment_quotas_v2,clean,47,11,False,False,,6,1,True,False,1.3420801162719727,1.2,0.0,0.0002819093060679734,0.0
/home/donglei/isaac_projects/isaac_drone_racer/.worktrees/stage1-fake-vio/logs/skrl/drone_racer/2026-09-02_20-09-09_ppo_torch_stage1_mixed/checkpoints/agent_50010.pt,8ac5a032a78bb88a568b9cfe2e15e95b0aad6f6d428a9ff04ee77fb9b2073364,150d107225160ac498040fa20d4ccf9e26ec2703,True,fixed_per_environment_quotas_v2,clean,47,12,False,False,,4,1,True,False,2.772757053375244,1.21,0.0,0.00027363342815078795,0.0
/home/donglei/isaac_projects/isaac_drone_racer/.worktrees/stage1-fake-vio/logs/skrl/drone_racer/2026-09-02_20-09-09_ppo_torch_stage1_mixed/checkpoints/agent_50010.pt,8ac5a032a78bb88a568b9cfe2e15e95b0aad6f6d428a9ff04ee77fb9b2073364,150d107225160ac498040fa20d4ccf9e26ec2703,True,fixed_per_environment_quotas_v2,clean,47,13,False,False,,7,0,True,False,-3.9952802658081055,1.09,0.0,0.00034998610499314964,0.0
/home/donglei/isaac_projects/isaac_drone_racer/.worktrees/stage1-fake-vio/logs/skrl/drone_racer/2026-09-02_20-09-09_ppo_torch_stage1_mixed/checkpoints/agent_50010.pt,8ac5a032a78bb88a568b9cfe2e15e95b0aad6f6d428a9ff04ee77fb9b2073364,150d107225160ac498040fa20d4ccf9e26ec2703,True,fixed_per_environment_quotas_v2,clean,47,14,False,False,,4,1,True,False,0.9688639640808105,1.23,0.0,0.0002853265032172203,0.0
/home/donglei/isaac_projects/isaac_drone_racer/.worktrees/stage1-fake-vio/logs/skrl/drone_racer/2026-09-02_20-09-09_ppo_torch_stage1_mixed/checkpoints/agent_50010.pt,8ac5a032a78bb88a568b9cfe2e15e95b0aad6f6d428a9ff04ee77fb9b2073364,150d107225160ac498040fa20d4ccf9e26ec2703,True,fixed_per_environment_quotas_v2,clean,47,15,False,False,,2,2,False,False,11.481319427490234,1.74,0.0,0.0003392618673387915,0.0
/home/donglei/isaac_projects/isaac_drone_racer/.worktrees/stage1-fake-vio/logs/skrl/drone_racer/2026-09-02_20-09-09_ppo_torch_stage1_mixed/checkpoints/agent_50010.pt,8ac5a032a78bb88a568b9cfe2e15e95b0aad6f6d428a9ff04ee77fb9b2073364,150d107225160ac498040fa20d4ccf9e26ec2703,True,fixed_per_environment_quotas_v2,clean,47,16,False,False,,1,2,True,False,6.46950626373291,1.93,0.0,0.0003221298975404352,0.0
/home/donglei/isaac_projects/isaac_drone_racer/.worktrees/stage1-fake-vio/logs/skrl/drone_racer/2026-09-02_20-09-09_ppo_torch_stage1_mixed/checkpoints/agent_50010.pt,8ac5a032a78bb88a568b9cfe2e15e95b0aad6f6d428a9ff04ee77fb9b2073364,150d107225160ac498040fa20d4ccf9e26ec2703,True,fixed_per_environment_quotas_v2,clean,47,17,False,False,,4,1,True,False,3.8603219985961914,1.95,0.0,0.0002840695669874549,0.0
/home/donglei/isaac_projects/isaac_drone_racer/.worktrees/stage1-fake-vio/logs/skrl/drone_racer/2026-09-02_20-09-09_ppo_torch_stage1_mixed/checkpoints/agent_50010.pt,8ac5a032a78bb88a568b9cfe2e15e95b0aad6f6d428a9ff04ee77fb9b2073364,150d107225160ac498040fa20d4ccf9e26ec2703,True,fixed_per_environment_quotas_v2,clean,47,18,False,False,,5,3,False,False,16.78175926208496,2.2600000000000002,0.0,0.0002905098081100732,0.0
/home/donglei/isaac_projects/isaac_drone_racer/.worktrees/stage1-fake-vio/logs/skrl/drone_racer/2026-09-02_20-09-09_ppo_torch_stage1_mixed/checkpoints/agent_50010.pt,8ac5a032a78bb88a568b9cfe2e15e95b0aad6f6d428a9ff04ee77fb9b2073364,150d107225160ac498040fa20d4ccf9e26ec2703,True,fixed_per_environment_quotas_v2,clean,47,19,False,False,,4,2,True,False,8.87624740600586,2.44,0.0,0.00030944833997637033,0.0
/home/donglei/isaac_projects/isaac_drone_racer/.worktrees/stage1-fake-vio/logs/skrl/drone_racer/2026-09-02_20-09-09_ppo_torch_stage1_mixed/checkpoints/agent_50010.pt,8ac5a032a78bb88a568b9cfe2e15e95b0aad6f6d428a9ff04ee77fb9b2073364,150d107225160ac498040fa20d4ccf9e26ec2703,True,fixed_per_environment_quotas_v2,clean,47,20,False,False,,7,2,True,False,5.741055488586426,1.93,0.0,0.0002898316888604313,0.0
/home/donglei/isaac_projects/isaac_drone_racer/.worktrees/stage1-fake-vio/logs/skrl/drone_racer/2026-09-02_20-09-09_ppo_torch_stage1_mixed/checkpoints/agent_50010.pt,8ac5a032a78bb88a568b9cfe2e15e95b0aad6f6d428a9ff04ee77fb9b2073364,150d107225160ac498040fa20d4ccf9e26ec2703,True,fixed_per_environment_quotas_v2,clean,47,21,False,False,,6,3,False,False,18.1492919921875,2.7,0.0,0.00024141270841937512,0.0
/home/donglei/isaac_projects/isaac_drone_racer/.worktrees/stage1-fake-vio/logs/skrl/drone_racer/2026-09-02_20-09-09_ppo_torch_stage1_mixed/checkpoints/agent_50010.pt,8ac5a032a78bb88a568b9cfe2e15e95b0aad6f6d428a9ff04ee77fb9b2073364,150d107225160ac498040fa20d4ccf9e26ec2703,True,fixed_per_environment_quotas_v2,clean,47,22,False,False,,6,3,True,False,13.998931884765625,3.04,0.0,0.000314353674184531,0.0
/home/donglei/isaac_projects/isaac_drone_racer/.worktrees/stage1-fake-vio/logs/skrl/drone_racer/2026-09-02_20-09-09_ppo_torch_stage1_mixed/checkpoints/agent_50010.pt,8ac5a032a78bb88a568b9cfe2e15e95b0aad6f6d428a9ff04ee77fb9b2073364,150d107225160ac498040fa20d4ccf9e26ec2703,True,fixed_per_environment_quotas_v2,clean,47,23,False,False,,1,0,True,False,-4.583589553833008,1.06,0.0,0.00029994879150763154,0.0
/home/donglei/isaac_projects/isaac_drone_racer/.worktrees/stage1-fake-vio/logs/skrl/drone_racer/2026-09-02_20-09-09_ppo_torch_stage1_mixed/checkpoints/agent_50010.pt,8ac5a032a78bb88a568b9cfe2e15e95b0aad6f6d428a9ff04ee77fb9b2073364,150d107225160ac498040fa20d4ccf9e26ec2703,True,fixed_per_environment_quotas_v2,clean,47,24,False,False,,6,3,True,False,9.478935241699219,3.6,0.0,0.00032552084303461015,0.0
/home/donglei/isaac_projects/isaac_drone_racer/.worktrees/stage1-fake-vio/logs/skrl/drone_racer/2026-09-02_20-09-09_ppo_torch_stage1_mixed/checkpoints/agent_50010.pt,8ac5a032a78bb88a568b9cfe2e15e95b0aad6f6d428a9ff04ee77fb9b2073364,150d107225160ac498040fa20d4ccf9e26ec2703,True,fixed_per_environment_quotas_v2,clean,47,25,False,False,,5,2,False,True,3.838925838470459,3.69,0.0,0.0003029012295883149,0.0
/home/donglei/isaac_projects/isaac_drone_racer/.worktrees/stage1-fake-vio/logs/skrl/drone_racer/2026-09-02_20-09-09_ppo_torch_stage1_mixed/checkpoints/agent_50010.pt,8ac5a032a78bb88a568b9cfe2e15e95b0aad6f6d428a9ff04ee77fb9b2073364,150d107225160ac498040fa20d4ccf9e26ec2703,True,fixed_per_environment_quotas_v2,clean,47,26,False,False,,5,2,True,False,8.031499862670898,2.68,0.0,0.00035291220410726964,0.0
/home/donglei/isaac_projects/isaac_drone_racer/.worktrees/stage1-fake-vio/logs/skrl/drone_racer/2026-09-02_20-09-09_ppo_torch_stage1_mixed/checkpoints/agent_50010.pt,8ac5a032a78bb88a568b9cfe2e15e95b0aad6f6d428a9ff04ee77fb9b2073364,150d107225160ac498040fa20d4ccf9e26ec2703,True,fixed_per_environment_quotas_v2,clean,47,27,False,False,,1,0,True,False,-4.227116584777832,0.8200000000000001,0.0,0.0002953409857582301,0.0
/home/donglei/isaac_projects/isaac_drone_racer/.worktrees/stage1-fake-vio/logs/skrl/drone_racer/2026-09-02_20-09-09_ppo_torch_stage1_mixed/checkpoints/agent_50010.pt,8ac5a032a78bb88a568b9cfe2e15e95b0aad6f6d428a9ff04ee77fb9b2073364,150d107225160ac498040fa20d4ccf9e26ec2703,True,fixed_per_environment_quotas_v2,clean,47,28,False,False,,4,3,True,False,13.837017059326172,4.11,0.0,0.0003103152848780155,0.0
/home/donglei/isaac_projects/isaac_drone_racer/.worktrees/stage1-fake-vio/logs/skrl/drone_racer/2026-09-02_20-09-09_ppo_torch_stage1_mixed/checkpoints/agent_50010.pt,8ac5a032a78bb88a568b9cfe2e15e95b0aad6f6d428a9ff04ee77fb9b2073364,150d107225160ac498040fa20d4ccf9e26ec2703,True,fixed_per_environment_quotas_v2,clean,47,29,False,False,,6,4,True,False,18.501544952392578,4.36,0.0,0.0003452669770922512,0.0
/home/donglei/isaac_projects/isaac_drone_racer/.worktrees/stage1-fake-vio/logs/skrl/drone_racer/2026-09-02_20-09-09_ppo_torch_stage1_mixed/checkpoints/agent_50010.pt,8ac5a032a78bb88a568b9cfe2e15e95b0aad6f6d428a9ff04ee77fb9b2073364,150d107225160ac498040fa20d4ccf9e26ec2703,True,fixed_per_environment_quotas_v2,clean,47,30,False,False,,6,5,True,False,24.644302368164062,4.57,0.0,0.00032139901304617524,0.0
/home/donglei/isaac_projects/isaac_drone_racer/.worktrees/stage1-fake-vio/logs/skrl/drone_racer/2026-09-02_20-09-09_ppo_torch_stage1_mixed/checkpoints/agent_50010.pt,8ac5a032a78bb88a568b9cfe2e15e95b0aad6f6d428a9ff04ee77fb9b2073364,150d107225160ac498040fa20d4ccf9e26ec2703,True,fixed_per_environment_quotas_v2,clean,47,31,False,False,,2,6,False,False,34.86426544189453,5.15,0.0,0.00030731342849321663,0.0
/home/donglei/isaac_projects/isaac_drone_racer/.worktrees/stage1-fake-vio/logs/skrl/drone_racer/2026-09-02_20-09-09_ppo_torch_stage1_mixed/checkpoints/agent_50010.pt,8ac5a032a78bb88a568b9cfe2e15e95b0aad6f6d428a9ff04ee77fb9b2073364,150d107225160ac498040fa20d4ccf9e26ec2703,True,fixed_per_environment_quotas_v2,clean,47,32,False,False,,6,6,True,False,30.01620101928711,5.43,0.0,0.0002948510809801519,0.0
/home/donglei/isaac_projects/isaac_drone_racer/.worktrees/stage1-fake-vio/logs/skrl/drone_racer/2026-09-02_20-09-09_ppo_torch_stage1_mixed/checkpoints/agent_50010.pt,8ac5a032a78bb88a568b9cfe2e15e95b0aad6f6d428a9ff04ee77fb9b2073364,150d107225160ac498040fa20d4ccf9e26ec2703,True,fixed_per_environment_quotas_v2,clean,47,33,False,False,,3,0,True,False,-3.1910409927368164,1.12,0.0,0.00031965511152520776,0.0
/home/donglei/isaac_projects/isaac_drone_racer/.worktrees/stage1-fake-vio/logs/skrl/drone_racer/2026-09-02_20-09-09_ppo_torch_stage1_mixed/checkpoints/agent_50010.pt,8ac5a032a78bb88a568b9cfe2e15e95b0aad6f6d428a9ff04ee77fb9b2073364,150d107225160ac498040fa20d4ccf9e26ec2703,True,fixed_per_environment_quotas_v2,clean,47,34,False,False,,6,6,True,False,30.20198631286621,5.58,0.0,0.000310747156618163,0.0
/home/donglei/isaac_projects/isaac_drone_racer/.worktrees/stage1-fake-vio/logs/skrl/drone_racer/2026-09-02_20-09-09_ppo_torch_stage1_mixed/checkpoints/agent_50010.pt,8ac5a032a78bb88a568b9cfe2e15e95b0aad6f6d428a9ff04ee77fb9b2073364,150d107225160ac498040fa20d4ccf9e26ec2703,True,fixed_per_environment_quotas_v2,clean,47,35,False,False,,4,4,False,True,9.369364738464355,5.78,0.0,0.0003012433589901775,0.0
/home/donglei/isaac_projects/isaac_drone_racer/.worktrees/stage1-fake-vio/logs/skrl/drone_racer/2026-09-02_20-09-09_ppo_torch_stage1_mixed/checkpoints/agent_50010.pt,8ac5a032a78bb88a568b9cfe2e15e95b0aad6f6d428a9ff04ee77fb9b2073364,150d107225160ac498040fa20d4ccf9e26ec2703,True,fixed_per_environment_quotas_v2,clean,47,36,False,False,,5,3,True,False,13.400708198547363,3.74,0.0,0.00030716031324118376,0.0
/home/donglei/isaac_projects/isaac_drone_racer/.worktrees/stage1-fake-vio/logs/skrl/drone_racer/2026-09-02_20-09-09_ppo_torch_stage1_mixed/checkpoints/agent_50010.pt,8ac5a032a78bb88a568b9cfe2e15e95b0aad6f6d428a9ff04ee77fb9b2073364,150d107225160ac498040fa20d4ccf9e26ec2703,True,fixed_per_environment_quotas_v2,clean,47,37,False,False,,1,0,True,False,-4.23342227935791,0.64,0.0,0.00024414061044808477,0.0
/home/donglei/isaac_projects/isaac_drone_racer/.worktrees/stage1-fake-vio/logs/skrl/drone_racer/2026-09-02_20-09-09_ppo_torch_stage1_mixed/checkpoints/agent_50010.pt,8ac5a032a78bb88a568b9cfe2e15e95b0aad6f6d428a9ff04ee77fb9b2073364,150d107225160ac498040fa20d4ccf9e26ec2703,True,fixed_per_environment_quotas_v2,clean,47,38,True,True,5.74,,7,False,False,39.071163177490234,5.74,0.0,0.00031965511152520776,0.0
/home/donglei/isaac_projects/isaac_drone_racer/.worktrees/stage1-fake-vio/logs/skrl/drone_racer/2026-09-02_20-09-09_ppo_torch_stage1_mixed/checkpoints/agent_50010.pt,8ac5a032a78bb88a568b9cfe2e15e95b0aad6f6d428a9ff04ee77fb9b2073364,150d107225160ac498040fa20d4ccf9e26ec2703,True,fixed_per_environment_quotas_v2,clean,47,39,True,True,5.8,,7,False,False,39.36262512207031,5.8,0.0,0.0003392618673387915,0.0
/home/donglei/isaac_projects/isaac_drone_racer/.worktrees/stage1-fake-vio/logs/skrl/drone_racer/2026-09-02_20-09-09_ppo_torch_stage1_mixed/checkpoints/agent_50010.pt,8ac5a032a78bb88a568b9cfe2e15e95b0aad6f6d428a9ff04ee77fb9b2073364,150d107225160ac498040fa20d4ccf9e26ec2703,True,fixed_per_environment_quotas_v2,clean,47,40,True,True,5.58,,7,False,False,38.25491714477539,5.58,0.0,0.00033330332371406257,0.0
/home/donglei/isaac_projects/isaac_drone_racer/.worktrees/stage1-fake-vio/logs/skrl/drone_racer/2026-09-02_20-09-09_ppo_torch_stage1_mixed/checkpoints/agent_50010.pt,8ac5a032a78bb88a568b9cfe2e15e95b0aad6f6d428a9ff04ee77fb9b2073364,150d107225160ac498040fa20d4ccf9e26ec2703,True,fixed_per_environment_quotas_v2,clean,47,41,False,False,,1,0,True,False,-9.166690826416016,1.96,0.0,0.0003040526353288442,0.0
/home/donglei/isaac_projects/isaac_drone_racer/.worktrees/stage1-fake-vio/logs/skrl/drone_racer/2026-09-02_20-09-09_ppo_torch_stage1_mixed/checkpoints/agent_50010.pt,8ac5a032a78bb88a568b9cfe2e15e95b0aad6f6d428a9ff04ee77fb9b2073364,150d107225160ac498040fa20d4ccf9e26ec2703,True,fixed_per_environment_quotas_v2,clean,47,42,True,True,5.95,,7,False,False,39.682010650634766,5.95,0.0,0.0002816723135765642,0.0
/home/donglei/isaac_projects/isaac_drone_racer/.worktrees/stage1-fake-vio/logs/skrl/drone_racer/2026-09-02_20-09-09_ppo_torch_stage1_mixed/checkpoints/agent_50010.pt,8ac5a032a78bb88a568b9cfe2e15e95b0aad6f6d428a9ff04ee77fb9b2073364,150d107225160ac498040fa20d4ccf9e26ec2703,True,fixed_per_environment_quotas_v2,clean,47,43,False,False,,6,1,True,False,1.6204776763916016,1.62,0.0,0.0002921638952102512,0.0
/home/donglei/isaac_projects/isaac_drone_racer/.worktrees/stage1-fake-vio/logs/skrl/drone_racer/2026-09-02_20-09-09_ppo_torch_stage1_mixed/checkpoints/agent_50010.pt,8ac5a032a78bb88a568b9cfe2e15e95b0aad6f6d428a9ff04ee77fb9b2073364,150d107225160ac498040fa20d4ccf9e26ec2703,True,fixed_per_environment_quotas_v2,clean,47,44,True,True,5.04,,7,False,False,36.77874755859375,5.04,0.0,0.00032260132138617337,0.0
/home/donglei/isaac_projects/isaac_drone_racer/.worktrees/stage1-fake-vio/logs/skrl/drone_racer/2026-09-02_20-09-09_ppo_torch_stage1_mixed/checkpoints/agent_50010.pt,8ac5a032a78bb88a568b9cfe2e15e95b0aad6f6d428a9ff04ee77fb9b2073364,150d107225160ac498040fa20d4ccf9e26ec2703,True,fixed_per_environment_quotas_v2,clean,47,45,False,False,,2,1,True,False,1.2314152717590332,1.6,0.0,0.00028887108783237636,0.0
/home/donglei/isaac_projects/isaac_drone_racer/.worktrees/stage1-fake-vio/logs/skrl/drone_racer/2026-09-02_20-09-09_ppo_torch_stage1_mixed/checkpoints/agent_50010.pt,8ac5a032a78bb88a568b9cfe2e15e95b0aad6f6d428a9ff04ee77fb9b2073364,150d107225160ac498040fa20d4ccf9e26ec2703,True,fixed_per_environment_quotas_v2,clean,47,46,True,True,5.17,,7,False,False,38.49879455566406,5.17,0.0,0.0002848925651051104,0.0
/home/donglei/isaac_projects/isaac_drone_racer/.worktrees/stage1-fake-vio/logs/skrl/drone_racer/2026-09-02_20-09-09_ppo_torch_stage1_mixed/checkpoints/agent_50010.pt,8ac5a032a78bb88a568b9cfe2e15e95b0aad6f6d428a9ff04ee77fb9b2073364,150d107225160ac498040fa20d4ccf9e26ec2703,True,fixed_per_environment_quotas_v2,clean,47,47,False,False,,3,2,True,False,5.996505260467529,2.04,0.0,0.000277732644462958,0.0
/home/donglei/isaac_projects/isaac_drone_racer/.worktrees/stage1-fake-vio/logs/skrl/drone_racer/2026-09-02_20-09-09_ppo_torch_stage1_mixed/checkpoints/agent_50010.pt,8ac5a032a78bb88a568b9cfe2e15e95b0aad6f6d428a9ff04ee77fb9b2073364,150d107225160ac498040fa20d4ccf9e26ec2703,True,fixed_per_environment_quotas_v2,clean,47,48,False,False,,1,0,True,False,-4.152749538421631,0.6,0.0,0.0003214260796085,0.0
/home/donglei/isaac_projects/isaac_drone_racer/.worktrees/stage1-fake-vio/logs/skrl/drone_racer/2026-09-02_20-09-09_ppo_torch_stage1_mixed/checkpoints/agent_50010.pt,8ac5a032a78bb88a568b9cfe2e15e95b0aad6f6d428a9ff04ee77fb9b2073364,150d107225160ac498040fa20d4ccf9e26ec2703,True,fixed_per_environment_quotas_v2,clean,47,49,True,True,5.54,,7,False,False,38.92702865600586,5.54,0.0,0.0003520557365845889,0.0
/home/donglei/isaac_projects/isaac_drone_racer/.worktrees/stage1-fake-vio/logs/skrl/drone_racer/2026-09-02_20-09-09_ppo_torch_stage1_mixed/checkpoints/agent_50010.pt,8ac5a032a78bb88a568b9cfe2e15e95b0aad6f6d428a9ff04ee77fb9b2073364,150d107225160ac498040fa20d4ccf9e26ec2703,True,fixed_per_environment_quotas_v2,clean,47,50,False,False,,6,1,True,False,1.560380458831787,1.52,0.0,0.00030677777249366045,0.0
/home/donglei/isaac_projects/isaac_drone_racer/.worktrees/stage1-fake-vio/logs/skrl/drone_racer/2026-09-02_20-09-09_ppo_torch_stage1_mixed/checkpoints/agent_50010.pt,8ac5a032a78bb88a568b9cfe2e15e95b0aad6f6d428a9ff04ee77fb9b2073364,150d107225160ac498040fa20d4ccf9e26ec2703,True,fixed_per_environment_quotas_v2,clean,47,51,True,True,5.75,,7,False,False,39.421119689941406,5.75,0.0,0.00031807611230760813,0.0
/home/donglei/isaac_projects/isaac_drone_racer/.worktrees/stage1-fake-vio/logs/skrl/drone_racer/2026-09-02_20-09-09_ppo_torch_stage1_mixed/checkpoints/agent_50010.pt,8ac5a032a78bb88a568b9cfe2e15e95b0aad6f6d428a9ff04ee77fb9b2073364,150d107225160ac498040fa20d4ccf9e26ec2703,True,fixed_per_environment_quotas_v2,clean,47,52,True,True,5.62,,7,False,False,39.609920501708984,5.62,0.0,0.0003055014240089804,0.0
/home/donglei/isaac_projects/isaac_drone_racer/.worktrees/stage1-fake-vio/logs/skrl/drone_racer/2026-09-02_20-09-09_ppo_torch_stage1_mixed/checkpoints/agent_50010.pt,8ac5a032a78bb88a568b9cfe2e15e95b0aad6f6d428a9ff04ee77fb9b2073364,150d107225160ac498040fa20d4ccf9e26ec2703,True,fixed_per_environment_quotas_v2,clean,47,53,False,False,,7,0,True,False,-3.8663759231567383,0.9,0.0,0.00024141270841937512,0.0
/home/donglei/isaac_projects/isaac_drone_racer/.worktrees/stage1-fake-vio/logs/skrl/drone_racer/2026-09-02_20-09-09_ppo_torch_stage1_mixed/checkpoints/agent_50010.pt,8ac5a032a78bb88a568b9cfe2e15e95b0aad6f6d428a9ff04ee77fb9b2073364,150d107225160ac498040fa20d4ccf9e26ec2703,True,fixed_per_environment_quotas_v2,clean,47,54,False,False,,6,1,True,False,1.4542293548583984,2.09,0.0,0.00032395956804975867,0.0
/home/donglei/isaac_projects/isaac_drone_racer/.worktrees/stage1-fake-vio/logs/skrl/drone_racer/2026-09-02_20-09-09_ppo_torch_stage1_mixed/checkpoints/agent_50010.pt,8ac5a032a78bb88a568b9cfe2e15e95b0aad6f6d428a9ff04ee77fb9b2073364,150d107225160ac498040fa20d4ccf9e26ec2703,True,fixed_per_environment_quotas_v2,clean,47,55,True,True,5.89,,7,False,False,39.47623062133789,5.89,0.0,0.00034614515607245266,0.0
/home/donglei/isaac_projects/isaac_drone_racer/.worktrees/stage1-fake-vio/logs/skrl/drone_racer/2026-09-02_20-09-09_ppo_torch_stage1_mixed/checkpoints/agent_50010.pt,8ac5a032a78bb88a568b9cfe2e15e95b0aad6f6d428a9ff04ee77fb9b2073364,150d107225160ac498040fa20d4ccf9e26ec2703,True,fixed_per_environment_quotas_v2,clean,47,56,True,True,5.11,,7,False,False,38.415992736816406,5.11,0.0,0.00028979830676689744,0.0
/home/donglei/isaac_projects/isaac_drone_racer/.worktrees/stage1-fake-vio/logs/skrl/drone_racer/2026-09-02_20-09-09_ppo_torch_stage1_mixed/checkpoints/agent_50010.pt,8ac5a032a78bb88a568b9cfe2e15e95b0aad6f6d428a9ff04ee77fb9b2073364,150d107225160ac498040fa20d4ccf9e26ec2703,True,fixed_per_environment_quotas_v2,clean,47,57,True,True,6.23,,7,False,False,39.78106689453125,6.23,0.0,0.0003521263715811074,0.0
/home/donglei/isaac_projects/isaac_drone_racer/.worktrees/stage1-fake-vio/logs/skrl/drone_racer/2026-09-02_20-09-09_ppo_torch_stage1_mixed/checkpoints/agent_50010.pt,8ac5a032a78bb88a568b9cfe2e15e95b0aad6f6d428a9ff04ee77fb9b2073364,150d107225160ac498040fa20d4ccf9e26ec2703,True,fixed_per_environment_quotas_v2,clean,47,58,False,False,,1,3,True,False,11.634166717529297,3.17,0.0,0.00034905827487818897,0.0
/home/donglei/isaac_projects/isaac_drone_racer/.worktrees/stage1-fake-vio/logs/skrl/drone_racer/2026-09-02_20-09-09_ppo_torch_stage1_mixed/checkpoints/agent_50010.pt,8ac5a032a78bb88a568b9cfe2e15e95b0aad6f6d428a9ff04ee77fb9b2073364,150d107225160ac498040fa20d4ccf9e26ec2703,True,fixed_per_environment_quotas_v2,clean,47,59,True,True,5.57,,7,False,False,38.568119049072266,5.57,0.0,0.000316482997732237,0.0
/home/donglei/isaac_projects/isaac_drone_racer/.worktrees/stage1-fake-vio/logs/skrl/drone_racer/2026-09-02_20-09-09_ppo_torch_stage1_mixed/checkpoints/agent_50010.pt,8ac5a032a78bb88a568b9cfe2e15e95b0aad6f6d428a9ff04ee77fb9b2073364,150d107225160ac498040fa20d4ccf9e26ec2703,True,fixed_per_environment_quotas_v2,clean,47,60,True,True,5.46,,7,False,False,38.89623260498047,5.46,0.0,0.00031691123149357736,0.0
/home/donglei/isaac_projects/isaac_drone_racer/.worktrees/stage1-fake-vio/logs/skrl/drone_racer/2026-09-02_20-09-09_ppo_torch_stage1_mixed/checkpoints/agent_50010.pt,8ac5a032a78bb88a568b9cfe2e15e95b0aad6f6d428a9ff04ee77fb9b2073364,150d107225160ac498040fa20d4ccf9e26ec2703,True,fixed_per_environment_quotas_v2,clean,47,61,True,True,5.25,,7,False,False,37.74988555908203,5.25,0.0,0.00027123634936288,0.0
/home/donglei/isaac_projects/isaac_drone_racer/.worktrees/stage1-fake-vio/logs/skrl/drone_racer/2026-09-02_20-09-09_ppo_torch_stage1_mixed/checkpoints/agent_50010.pt,8ac5a032a78bb88a568b9cfe2e15e95b0aad6f6d428a9ff04ee77fb9b2073364,150d107225160ac498040fa20d4ccf9e26ec2703,True,fixed_per_environment_quotas_v2,clean,47,62,False,False,,2,1,True,False,2.049860954284668,1.6600000000000001,0.0,0.00037897974834777415,0.0
/home/donglei/isaac_projects/isaac_drone_racer/.worktrees/stage1-fake-vio/logs/skrl/drone_racer/2026-09-02_20-09-09_ppo_torch_stage1_mixed/checkpoints/agent_50010.pt,8ac5a032a78bb88a568b9cfe2e15e95b0aad6f6d428a9ff04ee77fb9b2073364,150d107225160ac498040fa20d4ccf9e26ec2703,True,fixed_per_environment_quotas_v2,clean,47,63,True,True,5.86,,7,False,False,39.555908203125,5.86,0.0,0.00032649151398800313,0.0
/home/donglei/isaac_projects/isaac_drone_racer/.worktrees/stage1-fake-vio/logs/skrl/drone_racer/2026-09-02_20-09-09_ppo_torch_stage1_mixed/checkpoints/agent_50010.pt,8ac5a032a78bb88a568b9cfe2e15e95b0aad6f6d428a9ff04ee77fb9b2073364,150d107225160ac498040fa20d4ccf9e26ec2703,True,fixed_per_environment_quotas_v2,clean,47,64,True,True,5.86,,7,False,False,39.62354278564453,5.86,0.0,0.00031507661333307624,0.0
/home/donglei/isaac_projects/isaac_drone_racer/.worktrees/stage1-fake-vio/logs/skrl/drone_racer/2026-09-02_20-09-09_ppo_torch_stage1_mixed/checkpoints/agent_50010.pt,8ac5a032a78bb88a568b9cfe2e15e95b0aad6f6d428a9ff04ee77fb9b2073364,150d107225160ac498040fa20d4ccf9e26ec2703,True,fixed_per_environment_quotas_v2,clean,47,65,True,True,5.22,,7,False,False,38.95283508300781,5.22,0.0,0.0003212839365005493,0.0
/home/donglei/isaac_projects/isaac_drone_racer/.worktrees/stage1-fake-vio/logs/skrl/drone_racer/2026-09-02_20-09-09_ppo_torch_stage1_mixed/checkpoints/agent_50010.pt,8ac5a032a78bb88a568b9cfe2e15e95b0aad6f6d428a9ff04ee77fb9b2073364,150d107225160ac498040fa20d4ccf9e26ec2703,True,fixed_per_environment_quotas_v2,clean,47,66,False,False,,1,0,True,False,-4.290626049041748,0.8200000000000001,0.0,0.0002749475243035704,0.0
/home/donglei/isaac_projects/isaac_drone_racer/.worktrees/stage1-fake-vio/logs/skrl/drone_racer/2026-09-02_20-09-09_ppo_torch_stage1_mixed/checkpoints/agent_50010.pt,8ac5a032a78bb88a568b9cfe2e15e95b0aad6f6d428a9ff04ee77fb9b2073364,150d107225160ac498040fa20d4ccf9e26ec2703,True,fixed_per_environment_quotas_v2,clean,47,67,True,True,5.43,,7,False,False,39.16012191772461,5.43,0.0,0.0003286530845798552,0.0
/home/donglei/isaac_projects/isaac_drone_racer/.worktrees/stage1-fake-vio/logs/skrl/drone_racer/2026-09-02_20-09-09_ppo_torch_stage1_mixed/checkpoints/agent_50010.pt,8ac5a032a78bb88a568b9cfe2e15e95b0aad6f6d428a9ff04ee77fb9b2073364,150d107225160ac498040fa20d4ccf9e26ec2703,True,fixed_per_environment_quotas_v2,clean,47,68,True,True,5.28,,7,False,False,37.81843566894531,5.28,0.0,0.00030499076819978654,0.0
/home/donglei/isaac_projects/isaac_drone_racer/.worktrees/stage1-fake-vio/logs/skrl/drone_racer/2026-09-02_20-09-09_ppo_torch_stage1_mixed/checkpoints/agent_50010.pt,8ac5a032a78bb88a568b9cfe2e15e95b0aad6f6d428a9ff04ee77fb9b2073364,150d107225160ac498040fa20d4ccf9e26ec2703,True,fixed_per_environment_quotas_v2,clean,47,69,False,False,,3,0,True,False,-3.141289710998535,1.08,0.0,0.0002896342775784433,0.0
/home/donglei/isaac_projects/isaac_drone_racer/.worktrees/stage1-fake-vio/logs/skrl/drone_racer/2026-09-02_20-09-09_ppo_torch_stage1_mixed/checkpoints/agent_50010.pt,8ac5a032a78bb88a568b9cfe2e15e95b0aad6f6d428a9ff04ee77fb9b2073364,150d107225160ac498040fa20d4ccf9e26ec2703,True,fixed_per_environment_quotas_v2,clean,47,70,True,True,6.0,,7,False,False,39.783714294433594,6.0,0.0,0.0003238891367800534,0.0
/home/donglei/isaac_projects/isaac_drone_racer/.worktrees/stage1-fake-vio/logs/skrl/drone_racer/2026-09-02_20-09-09_ppo_torch_stage1_mixed/checkpoints/agent_50010.pt,8ac5a032a78bb88a568b9cfe2e15e95b0aad6f6d428a9ff04ee77fb9b2073364,150d107225160ac498040fa20d4ccf9e26ec2703,True,fixed_per_environment_quotas_v2,clean,47,71,True,True,5.62,,7,False,False,39.055389404296875,5.62,0.0,0.00029273697873577476,0.0
/home/donglei/isaac_projects/isaac_drone_racer/.worktrees/stage1-fake-vio/logs/skrl/drone_racer/2026-09-02_20-09-09_ppo_torch_stage1_mixed/checkpoints/agent_50010.pt,8ac5a032a78bb88a568b9cfe2e15e95b0aad6f6d428a9ff04ee77fb9b2073364,150d107225160ac498040fa20d4ccf9e26ec2703,True,fixed_per_environment_quotas_v2,clean,47,72,True,True,5.67,,7,False,False,38.95167541503906,5.67,0.0,0.0003136797167826444,0.0
/home/donglei/isaac_projects/isaac_drone_racer/.worktrees/stage1-fake-vio/logs/skrl/drone_racer/2026-09-02_20-09-09_ppo_torch_stage1_mixed/checkpoints/agent_50010.pt,8ac5a032a78bb88a568b9cfe2e15e95b0aad6f6d428a9ff04ee77fb9b2073364,150d107225160ac498040fa20d4ccf9e26ec2703,True,fixed_per_environment_quotas_v2,clean,47,73,True,True,5.25,,7,False,False,39.31284713745117,5.25,0.0,0.00031028324156068265,0.0
/home/donglei/isaac_projects/isaac_drone_racer/.worktrees/stage1-fake-vio/logs/skrl/drone_racer/2026-09-02_20-09-09_ppo_torch_stage1_mixed/checkpoints/agent_50010.pt,8ac5a032a78bb88a568b9cfe2e15e95b0aad6f6d428a9ff04ee77fb9b2073364,150d107225160ac498040fa20d4ccf9e26ec2703,True,fixed_per_environment_quotas_v2,clean,47,74,True,True,5.0600000000000005,,7,False,False,38.31474304199219,5.0600000000000005,0.0,0.00033204941428266466,0.0
/home/donglei/isaac_projects/isaac_drone_racer/.worktrees/stage1-fake-vio/logs/skrl/drone_racer/2026-09-02_20-09-09_ppo_torch_stage1_mixed/checkpoints/agent_50010.pt,8ac5a032a78bb88a568b9cfe2e15e95b0aad6f6d428a9ff04ee77fb9b2073364,150d107225160ac498040fa20d4ccf9e26ec2703,True,fixed_per_environment_quotas_v2,clean,47,75,True,True,5.88,,7,False,False,39.518192291259766,5.88,0.0,0.0003013737150467932,0.0
/home/donglei/isaac_projects/isaac_drone_racer/.worktrees/stage1-fake-vio/logs/skrl/drone_racer/2026-09-02_20-09-09_ppo_torch_stage1_mixed/checkpoints/agent_50010.pt,8ac5a032a78bb88a568b9cfe2e15e95b0aad6f6d428a9ff04ee77fb9b2073364,150d107225160ac498040fa20d4ccf9e26ec2703,True,fixed_per_environment_quotas_v2,clean,47,76,False,False,,5,3,True,False,13.337118148803711,3.62,0.0,0.00029928519506938756,0.0
/home/donglei/isaac_projects/isaac_drone_racer/.worktrees/stage1-fake-vio/logs/skrl/drone_racer/2026-09-02_20-09-09_ppo_torch_stage1_mixed/checkpoints/agent_50010.pt,8ac5a032a78bb88a568b9cfe2e15e95b0aad6f6d428a9ff04ee77fb9b2073364,150d107225160ac498040fa20d4ccf9e26ec2703,True,fixed_per_environment_quotas_v2,clean,47,77,False,False,,7,3,True,False,13.524520874023438,3.92,0.0,0.0003060464805457741,0.0
/home/donglei/isaac_projects/isaac_drone_racer/.worktrees/stage1-fake-vio/logs/skrl/drone_racer/2026-09-02_20-09-09_ppo_torch_stage1_mixed/checkpoints/agent_50010.pt,8ac5a032a78bb88a568b9cfe2e15e95b0aad6f6d428a9ff04ee77fb9b2073364,150d107225160ac498040fa20d4ccf9e26ec2703,True,fixed_per_environment_quotas_v2,clean,47,78,False,False,,6,0,True,False,-3.0490589141845703,1.51,0.0,0.0003371691273059696,0.0
/home/donglei/isaac_projects/isaac_drone_racer/.worktrees/stage1-fake-vio/logs/skrl/drone_racer/2026-09-02_20-09-09_ppo_torch_stage1_mixed/checkpoints/agent_50010.pt,8ac5a032a78bb88a568b9cfe2e15e95b0aad6f6d428a9ff04ee77fb9b2073364,150d107225160ac498040fa20d4ccf9e26ec2703,True,fixed_per_environment_quotas_v2,clean,47,79,True,True,6.08,,7,False,False,39.46231460571289,6.08,0.0,0.0002855945494957268,0.0
/home/donglei/isaac_projects/isaac_drone_racer/.worktrees/stage1-fake-vio/logs/skrl/drone_racer/2026-09-02_20-09-09_ppo_torch_stage1_mixed/checkpoints/agent_50010.pt,8ac5a032a78bb88a568b9cfe2e15e95b0aad6f6d428a9ff04ee77fb9b2073364,150d107225160ac498040fa20d4ccf9e26ec2703,True,fixed_per_environment_quotas_v2,clean,47,80,True,True,6.0600000000000005,,7,False,False,39.398460388183594,6.0600000000000005,0.0,0.00031983089866116643,0.0
/home/donglei/isaac_projects/isaac_drone_racer/.worktrees/stage1-fake-vio/logs/skrl/drone_racer/2026-09-02_20-09-09_ppo_torch_stage1_mixed/checkpoints/agent_50010.pt,8ac5a032a78bb88a568b9cfe2e15e95b0aad6f6d428a9ff04ee77fb9b2073364,150d107225160ac498040fa20d4ccf9e26ec2703,True,fixed_per_environment_quotas_v2,clean,47,81,True,True,5.22,,7,False,False,38.95275115966797,5.22,0.0,0.0003184280067216605,0.0
/home/donglei/isaac_projects/isaac_drone_racer/.worktrees/stage1-fake-vio/logs/skrl/drone_racer/2026-09-02_20-09-09_ppo_torch_stage1_mixed/checkpoints/agent_50010.pt,8ac5a032a78bb88a568b9cfe2e15e95b0aad6f6d428a9ff04ee77fb9b2073364,150d107225160ac498040fa20d4ccf9e26ec2703,True,fixed_per_environment_quotas_v2,clean,47,82,True,True,6.29,,7,False,False,39.583194732666016,6.29,0.0,0.00030659890035167336,0.0
/home/donglei/isaac_projects/isaac_drone_racer/.worktrees/stage1-fake-vio/logs/skrl/drone_racer/2026-09-02_20-09-09_ppo_torch_stage1_mixed/checkpoints/agent_50010.pt,8ac5a032a78bb88a568b9cfe2e15e95b0aad6f6d428a9ff04ee77fb9b2073364,150d107225160ac498040fa20d4ccf9e26ec2703,True,fixed_per_environment_quotas_v2,clean,47,83,True,True,5.8100000000000005,,7,False,False,39.544158935546875,5.8100000000000005,0.0,0.0003098773886449635,0.0
/home/donglei/isaac_projects/isaac_drone_racer/.worktrees/stage1-fake-vio/logs/skrl/drone_racer/2026-09-02_20-09-09_ppo_torch_stage1_mixed/checkpoints/agent_50010.pt,8ac5a032a78bb88a568b9cfe2e15e95b0aad6f6d428a9ff04ee77fb9b2073364,150d107225160ac498040fa20d4ccf9e26ec2703,True,fixed_per_environment_quotas_v2,clean,47,84,False,False,,7,1,False,True,-5.620683193206787,4.01,0.0,0.00027370525640435517,0.0
/home/donglei/isaac_projects/isaac_drone_racer/.worktrees/stage1-fake-vio/logs/skrl/drone_racer/2026-09-02_20-09-09_ppo_torch_stage1_mixed/checkpoints/agent_50010.pt,8ac5a032a78bb88a568b9cfe2e15e95b0aad6f6d428a9ff04ee77fb9b2073364,150d107225160ac498040fa20d4ccf9e26ec2703,True,fixed_per_environment_quotas_v2,clean,47,85,False,False,,4,1,True,False,2.9575605392456055,3.0500000000000003,0.0,0.0002622777537908405,0.0
/home/donglei/isaac_projects/isaac_drone_racer/.worktrees/stage1-fake-vio/logs/skrl/drone_racer/2026-09-02_20-09-09_ppo_torch_stage1_mixed/checkpoints/agent_50010.pt,8ac5a032a78bb88a568b9cfe2e15e95b0aad6f6d428a9ff04ee77fb9b2073364,150d107225160ac498040fa20d4ccf9e26ec2703,True,fixed_per_environment_quotas_v2,clean,47,86,True,True,5.76,,7,False,False,39.060020446777344,5.76,0.0,0.00032168353209272027,0.0
/home/donglei/isaac_projects/isaac_drone_racer/.worktrees/stage1-fake-vio/logs/skrl/drone_racer/2026-09-02_20-09-09_ppo_torch_stage1_mixed/checkpoints/agent_50010.pt,8ac5a032a78bb88a568b9cfe2e15e95b0aad6f6d428a9ff04ee77fb9b2073364,150d107225160ac498040fa20d4ccf9e26ec2703,True,fixed_per_environment_quotas_v2,clean,47,87,False,False,,3,1,True,False,2.862429141998291,2.19,0.0,0.0003491861280053854,0.0
/home/donglei/isaac_projects/isaac_drone_racer/.worktrees/stage1-fake-vio/logs/skrl/drone_racer/2026-09-02_20-09-09_ppo_torch_stage1_mixed/checkpoints/agent_50010.pt,8ac5a032a78bb88a568b9cfe2e15e95b0aad6f6d428a9ff04ee77fb9b2073364,150d107225160ac498040fa20d4ccf9e26ec2703,True,fixed_per_environment_quotas_v2,clean,47,88,True,True,5.66,,7,False,False,39.38066482543945,5.66,0.0,0.0003458764695096761,0.0
/home/donglei/isaac_projects/isaac_drone_racer/.worktrees/stage1-fake-vio/logs/skrl/drone_racer/2026-09-02_20-09-09_ppo_torch_stage1_mixed/checkpoints/agent_50010.pt,8ac5a032a78bb88a568b9cfe2e15e95b0aad6f6d428a9ff04ee77fb9b2073364,150d107225160ac498040fa20d4ccf9e26ec2703,True,fixed_per_environment_quotas_v2,clean,47,89,False,False,,5,2,True,False,8.046643257141113,2.73,0.0,0.00032372731948271394,0.0
/home/donglei/isaac_projects/isaac_drone_racer/.worktrees/stage1-fake-vio/logs/skrl/drone_racer/2026-09-02_20-09-09_ppo_torch_stage1_mixed/checkpoints/agent_50010.pt,8ac5a032a78bb88a568b9cfe2e15e95b0aad6f6d428a9ff04ee77fb9b2073364,150d107225160ac498040fa20d4ccf9e26ec2703,True,fixed_per_environment_quotas_v2,clean,47,90,True,True,6.23,,7,False,False,39.712608337402344,6.23,0.0,0.0003455439873505384,0.0
/home/donglei/isaac_projects/isaac_drone_racer/.worktrees/stage1-fake-vio/logs/skrl/drone_racer/2026-09-02_20-09-09_ppo_torch_stage1_mixed/checkpoints/agent_50010.pt,8ac5a032a78bb88a568b9cfe2e15e95b0aad6f6d428a9ff04ee77fb9b2073364,150d107225160ac498040fa20d4ccf9e26ec2703,True,fixed_per_environment_quotas_v2,clean,47,91,False,False,,1,0,True,False,-4.035950183868408,0.86,0.0,0.0002786120167002082,0.0
/home/donglei/isaac_projects/isaac_drone_racer/.worktrees/stage1-fake-vio/logs/skrl/drone_racer/2026-09-02_20-09-09_ppo_torch_stage1_mixed/checkpoints/agent_50010.pt,8ac5a032a78bb88a568b9cfe2e15e95b0aad6f6d428a9ff04ee77fb9b2073364,150d107225160ac498040fa20d4ccf9e26ec2703,True,fixed_per_environment_quotas_v2,clean,47,92,True,True,6.07,,7,False,False,39.54288864135742,6.07,0.0,0.0003328129823785275,0.0
/home/donglei/isaac_projects/isaac_drone_racer/.worktrees/stage1-fake-vio/logs/skrl/drone_racer/2026-09-02_20-09-09_ppo_torch_stage1_mixed/checkpoints/agent_50010.pt,8ac5a032a78bb88a568b9cfe2e15e95b0aad6f6d428a9ff04ee77fb9b2073364,150d107225160ac498040fa20d4ccf9e26ec2703,True,fixed_per_environment_quotas_v2,clean,47,93,True,True,5.9,,7,False,False,39.195796966552734,5.9,0.0,0.0003048652724828571,0.0
/home/donglei/isaac_projects/isaac_drone_racer/.worktrees/stage1-fake-vio/logs/skrl/drone_racer/2026-09-02_20-09-09_ppo_torch_stage1_mixed/checkpoints/agent_50010.pt,8ac5a032a78bb88a568b9cfe2e15e95b0aad6f6d428a9ff04ee77fb9b2073364,150d107225160ac498040fa20d4ccf9e26ec2703,True,fixed_per_environment_quotas_v2,clean,47,94,True,True,6.2,,7,False,False,39.783023834228516,6.2,0.0,0.0003362388233654201,0.0
/home/donglei/isaac_projects/isaac_drone_racer/.worktrees/stage1-fake-vio/logs/skrl/drone_racer/2026-09-02_20-09-09_ppo_torch_stage1_mixed/checkpoints/agent_50010.pt,8ac5a032a78bb88a568b9cfe2e15e95b0aad6f6d428a9ff04ee77fb9b2073364,150d107225160ac498040fa20d4ccf9e26ec2703,True,fixed_per_environment_quotas_v2,clean,47,95,False,False,,3,4,True,False,19.125194549560547,4.79,0.0,0.00027865354786626995,0.0
/home/donglei/isaac_projects/isaac_drone_racer/.worktrees/stage1-fake-vio/logs/skrl/drone_racer/2026-09-02_20-09-09_ppo_torch_stage1_mixed/checkpoints/agent_50010.pt,8ac5a032a78bb88a568b9cfe2e15e95b0aad6f6d428a9ff04ee77fb9b2073364,150d107225160ac498040fa20d4ccf9e26ec2703,True,fixed_per_environment_quotas_v2,clean,47,96,True,True,5.71,,7,False,False,39.5553092956543,5.71,0.0,0.00031523939105682075,0.0
/home/donglei/isaac_projects/isaac_drone_racer/.worktrees/stage1-fake-vio/logs/skrl/drone_racer/2026-09-02_20-09-09_ppo_torch_stage1_mixed/checkpoints/agent_50010.pt,8ac5a032a78bb88a568b9cfe2e15e95b0aad6f6d428a9ff04ee77fb9b2073364,150d107225160ac498040fa20d4ccf9e26ec2703,True,fixed_per_environment_quotas_v2,clean,47,97,True,True,5.78,,7,False,False,39.40110397338867,5.78,0.0,0.00035177645622752607,0.0
/home/donglei/isaac_projects/isaac_drone_racer/.worktrees/stage1-fake-vio/logs/skrl/drone_racer/2026-09-02_20-09-09_ppo_torch_stage1_mixed/checkpoints/agent_50010.pt,8ac5a032a78bb88a568b9cfe2e15e95b0aad6f6d428a9ff04ee77fb9b2073364,150d107225160ac498040fa20d4ccf9e26ec2703,True,fixed_per_environment_quotas_v2,clean,47,98,True,True,5.39,,7,False,False,38.340599060058594,5.39,0.0,0.0003378201217856258,0.0
/home/donglei/isaac_projects/isaac_drone_racer/.worktrees/stage1-fake-vio/logs/skrl/drone_racer/2026-09-02_20-09-09_ppo_torch_stage1_mixed/checkpoints/agent_50010.pt,8ac5a032a78bb88a568b9cfe2e15e95b0aad6f6d428a9ff04ee77fb9b2073364,150d107225160ac498040fa20d4ccf9e26ec2703,True,fixed_per_environment_quotas_v2,clean,47,99,False,False,,5,3,True,False,12.508002281188965,3.74,0.0,0.00032725694472901523,0.0
/home/donglei/isaac_projects/isaac_drone_racer/.worktrees/stage1-fake-vio/logs/skrl/drone_racer/2026-09-02_20-09-09_ppo_torch_stage1_mixed/checkpoints/agent_50010.pt,8ac5a032a78bb88a568b9cfe2e15e95b0aad6f6d428a9ff04ee77fb9b2073364,150d107225160ac498040fa20d4ccf9e26ec2703,True,fixed_per_environment_quotas_v2,clean,47,100,True,True,5.7700000000000005,,7,False,False,39.41716003417969,5.7700000000000005,0.0,0.0003364785807207227,0.0
/home/donglei/isaac_projects/isaac_drone_racer/.worktrees/stage1-fake-vio/logs/skrl/drone_racer/2026-09-02_20-09-09_ppo_torch_stage1_mixed/checkpoints/agent_50010.pt,8ac5a032a78bb88a568b9cfe2e15e95b0aad6f6d428a9ff04ee77fb9b2073364,150d107225160ac498040fa20d4ccf9e26ec2703,True,fixed_per_environment_quotas_v2,clean,47,101,True,True,4.86,,7,False,False,36.87442398071289,4.86,0.0,0.00030044213053770363,0.0
/home/donglei/isaac_projects/isaac_drone_racer/.worktrees/stage1-fake-vio/logs/skrl/drone_racer/2026-09-02_20-09-09_ppo_torch_stage1_mixed/checkpoints/agent_50010.pt,8ac5a032a78bb88a568b9cfe2e15e95b0aad6f6d428a9ff04ee77fb9b2073364,150d107225160ac498040fa20d4ccf9e26ec2703,True,fixed_per_environment_quotas_v2,clean,47,102,True,True,6.01,,7,False,False,39.78409194946289,6.01,0.0,0.0003059770097024739,0.0
/home/donglei/isaac_projects/isaac_drone_racer/.worktrees/stage1-fake-vio/logs/skrl/drone_racer/2026-09-02_20-09-09_ppo_torch_stage1_mixed/checkpoints/agent_50010.pt,8ac5a032a78bb88a568b9cfe2e15e95b0aad6f6d428a9ff04ee77fb9b2073364,150d107225160ac498040fa20d4ccf9e26ec2703,True,fixed_per_environment_quotas_v2,clean,47,103,True,True,5.42,,7,False,False,38.77300262451172,5.42,0.0,0.000270224321866408,0.0
/home/donglei/isaac_projects/isaac_drone_racer/.worktrees/stage1-fake-vio/logs/skrl/drone_racer/2026-09-02_20-09-09_ppo_torch_stage1_mixed/checkpoints/agent_50010.pt,8ac5a032a78bb88a568b9cfe2e15e95b0aad6f6d428a9ff04ee77fb9b2073364,150d107225160ac498040fa20d4ccf9e26ec2703,True,fixed_per_environment_quotas_v2,clean,47,104,True,True,5.57,,7,False,False,39.405147552490234,5.57,0.0,0.00033615875872783363,0.0
/home/donglei/isaac_projects/isaac_drone_racer/.worktrees/stage1-fake-vio/logs/skrl/drone_racer/2026-09-02_20-09-09_ppo_torch_stage1_mixed/checkpoints/agent_50010.pt,8ac5a032a78bb88a568b9cfe2e15e95b0aad6f6d428a9ff04ee77fb9b2073364,150d107225160ac498040fa20d4ccf9e26ec2703,True,fixed_per_environment_quotas_v2,clean,47,105,True,True,6.11,,7,False,False,39.54273986816406,6.11,0.0,0.0002929953916464001,0.0
/home/donglei/isaac_projects/isaac_drone_racer/.worktrees/stage1-fake-vio/logs/skrl/drone_racer/2026-09-02_20-09-09_ppo_torch_stage1_mixed/checkpoints/agent_50010.pt,8ac5a032a78bb88a568b9cfe2e15e95b0aad6f6d428a9ff04ee77fb9b2073364,150d107225160ac498040fa20d4ccf9e26ec2703,True,fixed_per_environment_quotas_v2,clean,47,106,False,False,,6,0,True,False,-3.260918617248535,1.6,0.0,0.00025605683913454413,0.0
/home/donglei/isaac_projects/isaac_drone_racer/.worktrees/stage1-fake-vio/logs/skrl/drone_racer/2026-09-02_20-09-09_ppo_torch_stage1_mixed/checkpoints/agent_50010.pt,8ac5a032a78bb88a568b9cfe2e15e95b0aad6f6d428a9ff04ee77fb9b2073364,150d107225160ac498040fa20d4ccf9e26ec2703,True,fixed_per_environment_quotas_v2,clean,47,107,True,True,6.21,,7,False,False,39.597145080566406,6.21,0.0,0.00029062674730084836,0.0
/home/donglei/isaac_projects/isaac_drone_racer/.worktrees/stage1-fake-vio/logs/skrl/drone_racer/2026-09-02_20-09-09_ppo_torch_stage1_mixed/checkpoints/agent_50010.pt,8ac5a032a78bb88a568b9cfe2e15e95b0aad6f6d428a9ff04ee77fb9b2073364,150d107225160ac498040fa20d4ccf9e26ec2703,True,fixed_per_environment_quotas_v2,clean,47,108,True,True,5.88,,7,False,False,39.38459396362305,5.88,0.0,0.0003132485435344279,0.0
/home/donglei/isaac_projects/isaac_drone_racer/.worktrees/stage1-fake-vio/logs/skrl/drone_racer/2026-09-02_20-09-09_ppo_torch_stage1_mixed/checkpoints/agent_50010.pt,8ac5a032a78bb88a568b9cfe2e15e95b0aad6f6d428a9ff04ee77fb9b2073364,150d107225160ac498040fa20d4ccf9e26ec2703,True,fixed_per_environment_quotas_v2,clean,47,109,False,False,,3,0,True,False,-3.067613124847412,1.0,0.0,0.0003452669770922512,0.0
/home/donglei/isaac_projects/isaac_drone_racer/.worktrees/stage1-fake-vio/logs/skrl/drone_racer/2026-09-02_20-09-09_ppo_torch_stage1_mixed/checkpoints/agent_50010.pt,8ac5a032a78bb88a568b9cfe2e15e95b0aad6f6d428a9ff04ee77fb9b2073364,150d107225160ac498040fa20d4ccf9e26ec2703,True,fixed_per_environment_quotas_v2,clean,47,110,True,True,6.12,,7,False,False,39.47162628173828,6.12,0.0,0.00029142218409106135,0.0
/home/donglei/isaac_projects/isaac_drone_racer/.worktrees/stage1-fake-vio/logs/skrl/drone_racer/2026-09-02_20-09-09_ppo_torch_stage1_mixed/checkpoints/agent_50010.pt,8ac5a032a78bb88a568b9cfe2e15e95b0aad6f6d428a9ff04ee77fb9b2073364,150d107225160ac498040fa20d4ccf9e26ec2703,True,fixed_per_environment_quotas_v2,clean,47,111,True,True,6.09,,7,False,False,39.30998611450195,6.09,0.0,0.0003392618673387915,0.0
/home/donglei/isaac_projects/isaac_drone_racer/.worktrees/stage1-fake-vio/logs/skrl/drone_racer/2026-09-02_20-09-09_ppo_torch_stage1_mixed/checkpoints/agent_50010.pt,8ac5a032a78bb88a568b9cfe2e15e95b0aad6f6d428a9ff04ee77fb9b2073364,150d107225160ac498040fa20d4ccf9e26ec2703,True,fixed_per_environment_quotas_v2,clean,47,112,True,True,6.0,,7,False,False,39.63430404663086,6.0,0.0,0.0002983447629958391,0.0
/home/donglei/isaac_projects/isaac_drone_racer/.worktrees/stage1-fake-vio/logs/skrl/drone_racer/2026-09-02_20-09-09_ppo_torch_stage1_mixed/checkpoints/agent_50010.pt,8ac5a032a78bb88a568b9cfe2e15e95b0aad6f6d428a9ff04ee77fb9b2073364,150d107225160ac498040fa20d4ccf9e26ec2703,True,fixed_per_environment_quotas_v2,clean,47,113,True,True,6.24,,7,False,False,39.353511810302734,6.24,0.0,0.00033743170206435025,0.0
/home/donglei/isaac_projects/isaac_drone_racer/.worktrees/stage1-fake-vio/logs/skrl/drone_racer/2026-09-02_20-09-09_ppo_torch_stage1_mixed/checkpoints/agent_50010.pt,8ac5a032a78bb88a568b9cfe2e15e95b0aad6f6d428a9ff04ee77fb9b2073364,150d107225160ac498040fa20d4ccf9e26ec2703,True,fixed_per_environment_quotas_v2,clean,47,114,True,True,5.98,,7,False,False,39.40495681762695,5.98,0.0,0.00030149967642500997,0.0
/home/donglei/isaac_projects/isaac_drone_racer/.worktrees/stage1-fake-vio/logs/skrl/drone_racer/2026-09-02_20-09-09_ppo_torch_stage1_mixed/checkpoints/agent_50010.pt,8ac5a032a78bb88a568b9cfe2e15e95b0aad6f6d428a9ff04ee77fb9b2073364,150d107225160ac498040fa20d4ccf9e26ec2703,True,fixed_per_environment_quotas_v2,clean,47,115,True,True,6.07,,7,False,False,39.35649871826172,6.07,0.0,0.00028306798776611686,0.0
/home/donglei/isaac_projects/isaac_drone_racer/.worktrees/stage1-fake-vio/logs/skrl/drone_racer/2026-09-02_20-09-09_ppo_torch_stage1_mixed/checkpoints/agent_50010.pt,8ac5a032a78bb88a568b9cfe2e15e95b0aad6f6d428a9ff04ee77fb9b2073364,150d107225160ac498040fa20d4ccf9e26ec2703,True,fixed_per_environment_quotas_v2,clean,47,116,False,False,,2,5,True,False,23.68023681640625,4.9,0.0,0.000338865997036919,0.0
/home/donglei/isaac_projects/isaac_drone_racer/.worktrees/stage1-fake-vio/logs/skrl/drone_racer/2026-09-02_20-09-09_ppo_torch_stage1_mixed/checkpoints/agent_50010.pt,8ac5a032a78bb88a568b9cfe2e15e95b0aad6f6d428a9ff04ee77fb9b2073364,150d107225160ac498040fa20d4ccf9e26ec2703,True,fixed_per_environment_quotas_v2,clean,47,117,True,True,6.13,,7,False,False,39.65989685058594,6.13,0.0,0.00028579161153174937,0.0
/home/donglei/isaac_projects/isaac_drone_racer/.worktrees/stage1-fake-vio/logs/skrl/drone_racer/2026-09-02_20-09-09_ppo_torch_stage1_mixed/checkpoints/agent_50010.pt,8ac5a032a78bb88a568b9cfe2e15e95b0aad6f6d428a9ff04ee77fb9b2073364,150d107225160ac498040fa20d4ccf9e26ec2703,True,fixed_per_environment_quotas_v2,clean,47,118,True,True,6.15,,7,False,False,39.77493667602539,6.15,0.0,0.0003410304198041558,0.0
/home/donglei/isaac_projects/isaac_drone_racer/.worktrees/stage1-fake-vio/logs/skrl/drone_racer/2026-09-02_20-09-09_ppo_torch_stage1_mixed/checkpoints/agent_50010.pt,8ac5a032a78bb88a568b9cfe2e15e95b0aad6f6d428a9ff04ee77fb9b2073364,150d107225160ac498040fa20d4ccf9e26ec2703,True,fixed_per_environment_quotas_v2,clean,47,119,True,True,6.03,,7,False,False,39.43327331542969,6.03,0.0,0.0003279410593677312,0.0
/home/donglei/isaac_projects/isaac_drone_racer/.worktrees/stage1-fake-vio/logs/skrl/drone_racer/2026-09-02_20-09-09_ppo_torch_stage1_mixed/checkpoints/agent_50010.pt,8ac5a032a78bb88a568b9cfe2e15e95b0aad6f6d428a9ff04ee77fb9b2073364,150d107225160ac498040fa20d4ccf9e26ec2703,True,fixed_per_environment_quotas_v2,clean,47,120,True,True,6.12,,7,False,False,39.64026641845703,6.12,0.0,0.0003032147651538253,0.0
/home/donglei/isaac_projects/isaac_drone_racer/.worktrees/stage1-fake-vio/logs/skrl/drone_racer/2026-09-02_20-09-09_ppo_torch_stage1_mixed/checkpoints/agent_50010.pt,8ac5a032a78bb88a568b9cfe2e15e95b0aad6f6d428a9ff04ee77fb9b2073364,150d107225160ac498040fa20d4ccf9e26ec2703,True,fixed_per_environment_quotas_v2,clean,47,121,True,True,6.28,,7,False,False,39.42019271850586,6.28,0.0,0.0003129680990241468,0.0
/home/donglei/isaac_projects/isaac_drone_racer/.worktrees/stage1-fake-vio/logs/skrl/drone_racer/2026-09-02_20-09-09_ppo_torch_stage1_mixed/checkpoints/agent_50010.pt,8ac5a032a78bb88a568b9cfe2e15e95b0aad6f6d428a9ff04ee77fb9b2073364,150d107225160ac498040fa20d4ccf9e26ec2703,True,fixed_per_environment_quotas_v2,clean,47,122,True,True,5.87,,7,False,False,39.429779052734375,5.87,0.0,0.00030163032351993024,0.0
/home/donglei/isaac_projects/isaac_drone_racer/.worktrees/stage1-fake-vio/logs/skrl/drone_racer/2026-09-02_20-09-09_ppo_torch_stage1_mixed/checkpoints/agent_50010.pt,8ac5a032a78bb88a568b9cfe2e15e95b0aad6f6d428a9ff04ee77fb9b2073364,150d107225160ac498040fa20d4ccf9e26ec2703,True,fixed_per_environment_quotas_v2,clean,47,123,True,True,6.05,,7,False,False,39.6614875793457,6.05,0.0,0.0003036688722204417,0.0
/home/donglei/isaac_projects/isaac_drone_racer/.worktrees/stage1-fake-vio/logs/skrl/drone_racer/2026-09-02_20-09-09_ppo_torch_stage1_mixed/checkpoints/agent_50010.pt,8ac5a032a78bb88a568b9cfe2e15e95b0aad6f6d428a9ff04ee77fb9b2073364,150d107225160ac498040fa20d4ccf9e26ec2703,True,fixed_per_environment_quotas_v2,clean,47,124,True,True,6.01,,7,False,False,39.4752082824707,6.01,0.0,0.0003111198602709919,0.0
/home/donglei/isaac_projects/isaac_drone_racer/.worktrees/stage1-fake-vio/logs/skrl/drone_racer/2026-09-02_20-09-09_ppo_torch_stage1_mixed/checkpoints/agent_50010.pt,8ac5a032a78bb88a568b9cfe2e15e95b0aad6f6d428a9ff04ee77fb9b2073364,150d107225160ac498040fa20d4ccf9e26ec2703,True,fixed_per_environment_quotas_v2,clean,47,125,True,True,5.96,,7,False,False,39.63918685913086,5.96,0.0,0.0003111390979029238,0.0
/home/donglei/isaac_projects/isaac_drone_racer/.worktrees/stage1-fake-vio/logs/skrl/drone_racer/2026-09-02_20-09-09_ppo_torch_stage1_mixed/checkpoints/agent_50010.pt,8ac5a032a78bb88a568b9cfe2e15e95b0aad6f6d428a9ff04ee77fb9b2073364,150d107225160ac498040fa20d4ccf9e26ec2703,True,fixed_per_environment_quotas_v2,clean,47,126,True,True,5.97,,7,False,False,39.44968032836914,5.97,0.0,0.0003197443438693881,0.0
/home/donglei/isaac_projects/isaac_drone_racer/.worktrees/stage1-fake-vio/logs/skrl/drone_racer/2026-09-02_20-09-09_ppo_torch_stage1_mixed/checkpoints/agent_50010.pt,8ac5a032a78bb88a568b9cfe2e15e95b0aad6f6d428a9ff04ee77fb9b2073364,150d107225160ac498040fa20d4ccf9e26ec2703,True,fixed_per_environment_quotas_v2,clean,47,127,True,True,6.13,,7,False,False,39.486141204833984,6.13,0.0,0.000324057211400941,0.0
/home/donglei/isaac_projects/isaac_drone_racer/.worktrees/stage1-fake-vio/logs/skrl/drone_racer/2026-09-02_20-09-09_ppo_torch_stage1_mixed/checkpoints/agent_50010.pt,8ac5a032a78bb88a568b9cfe2e15e95b0aad6f6d428a9ff04ee77fb9b2073364,150d107225160ac498040fa20d4ccf9e26ec2703,True,fixed_per_environment_quotas_v2,mild,11,0,False,False,,1,0,True,False,-4.2194437980651855,0.92,0.06946143507957458,0.0782378688454628,0.5938659906387329
/home/donglei/isaac_projects/isaac_drone_racer/.worktrees/stage1-fake-vio/logs/skrl/drone_racer/2026-09-02_20-09-09_ppo_torch_stage1_mixed/checkpoints/agent_50010.pt,8ac5a032a78bb88a568b9cfe2e15e95b0aad6f6d428a9ff04ee77fb9b2073364,150d107225160ac498040fa20d4ccf9e26ec2703,True,fixed_per_environment_quotas_v2,mild,11,1,False,False,,3,0,True,False,-3.1299071311950684,1.1,0.11145616322755814,0.05435202643275261,0.3046025037765503
/home/donglei/isaac_projects/isaac_drone_racer/.worktrees/stage1-fake-vio/logs/skrl/drone_racer/2026-09-02_20-09-09_ppo_torch_stage1_mixed/checkpoints/agent_50010.pt,8ac5a032a78bb88a568b9cfe2e15e95b0aad6f6d428a9ff04ee77fb9b2073364,150d107225160ac498040fa20d4ccf9e26ec2703,True,fixed_per_environment_quotas_v2,mild,11,2,False,False,,1,0,True,False,-4.086282253265381,1.11,0.0789174884557724,0.05322837084531784,0.8073659539222717
/home/donglei/isaac_projects/isaac_drone_racer/.worktrees/stage1-fake-vio/logs/skrl/drone_racer/2026-09-02_20-09-09_ppo_torch_stage1_mixed/checkpoints/agent_50010.pt,8ac5a032a78bb88a568b9cfe2e15e95b0aad6f6d428a9ff04ee77fb9b2073364,150d107225160ac498040fa20d4ccf9e26ec2703,True,fixed_per_environment_quotas_v2,mild,11,3,False,False,,1,0,True,False,-4.580617427825928,1.17,0.07131554186344147,0.16973379254341125,1.1750165224075317
/home/donglei/isaac_projects/isaac_drone_racer/.worktrees/stage1-fake-vio/logs/skrl/drone_racer/2026-09-02_20-09-09_ppo_torch_stage1_mixed/checkpoints/agent_50010.pt,8ac5a032a78bb88a568b9cfe2e15e95b0aad6f6d428a9ff04ee77fb9b2073364,150d107225160ac498040fa20d4ccf9e26ec2703,True,fixed_per_environment_quotas_v2,mild,11,4,False,False,,7,0,True,False,-3.92085599899292,1.21,0.07483652234077454,0.23442023992538452,0.7207292318344116
/home/donglei/isaac_projects/isaac_drone_racer/.worktrees/stage1-fake-vio/logs/skrl/drone_racer/2026-09-02_20-09-09_ppo_torch_stage1_mixed/checkpoints/agent_50010.pt,8ac5a032a78bb88a568b9cfe2e15e95b0aad6f6d428a9ff04ee77fb9b2073364,150d107225160ac498040fa20d4ccf9e26ec2703,True,fixed_per_environment_quotas_v2,mild,11,5,False,False,,6,0,True,False,-3.1392788887023926,1.23,0.09910328686237335,0.05521915480494499,0.7436349987983704
/home/donglei/isaac_projects/isaac_drone_racer/.worktrees/stage1-fake-vio/logs/skrl/drone_racer/2026-09-02_20-09-09_ppo_torch_stage1_mixed/checkpoints/agent_50010.pt,8ac5a032a78bb88a568b9cfe2e15e95b0aad6f6d428a9ff04ee77fb9b2073364,150d107225160ac498040fa20d4ccf9e26ec2703,True,fixed_per_environment_quotas_v2,mild,11,6,False,False,,3,0,True,False,-4.852644443511963,0.42,0.03908867388963699,0.14427928626537323,0.9245538115501404
/home/donglei/isaac_projects/isaac_drone_racer/.worktrees/stage1-fake-vio/logs/skrl/drone_racer/2026-09-02_20-09-09_ppo_torch_stage1_mixed/checkpoints/agent_50010.pt,8ac5a032a78bb88a568b9cfe2e15e95b0aad6f6d428a9ff04ee77fb9b2073364,150d107225160ac498040fa20d4ccf9e26ec2703,True,fixed_per_environment_quotas_v2,mild,11,7,False,False,,1,0,True,False,-4.034764289855957,1.35,0.08371558040380478,0.05053919553756714,1.2067309617996216
/home/donglei/isaac_projects/isaac_drone_racer/.worktrees/stage1-fake-vio/logs/skrl/drone_racer/2026-09-02_20-09-09_ppo_torch_stage1_mixed/checkpoints/agent_50010.pt,8ac5a032a78bb88a568b9cfe2e15e95b0aad6f6d428a9ff04ee77fb9b2073364,150d107225160ac498040fa20d4ccf9e26ec2703,True,fixed_per_environment_quotas_v2,mild,11,8,False,False,,4,1,True,False,1.3900294303894043,1.36,0.11818525940179825,0.18594834208488464,0.561119019985199
/home/donglei/isaac_projects/isaac_drone_racer/.worktrees/stage1-fake-vio/logs/skrl/drone_racer/2026-09-02_20-09-09_ppo_torch_stage1_mixed/checkpoints/agent_50010.pt,8ac5a032a78bb88a568b9cfe2e15e95b0aad6f6d428a9ff04ee77fb9b2073364,150d107225160ac498040fa20d4ccf9e26ec2703,True,fixed_per_environment_quotas_v2,mild,11,9,False,False,,2,1,True,False,0.46049976348876953,1.43,0.08627604693174362,0.06010500714182854,0.5194724202156067
/home/donglei/isaac_projects/isaac_drone_racer/.worktrees/stage1-fake-vio/logs/skrl/drone_racer/2026-09-02_20-09-09_ppo_torch_stage1_mixed/checkpoints/agent_50010.pt,8ac5a032a78bb88a568b9cfe2e15e95b0aad6f6d428a9ff04ee77fb9b2073364,150d107225160ac498040fa20d4ccf9e26ec2703,True,fixed_per_environment_quotas_v2,mild,11,10,False,False,,6,1,True,False,1.5504355430603027,1.53,0.11325734853744507,0.03359343111515045,0.7077406644821167
/home/donglei/isaac_projects/isaac_drone_racer/.worktrees/stage1-fake-vio/logs/skrl/drone_racer/2026-09-02_20-09-09_ppo_torch_stage1_mixed/checkpoints/agent_50010.pt,8ac5a032a78bb88a568b9cfe2e15e95b0aad6f6d428a9ff04ee77fb9b2073364,150d107225160ac498040fa20d4ccf9e26ec2703,True,fixed_per_environment_quotas_v2,mild,11,11,False,False,,7,0,True,False,-4.629805088043213,1.6,0.07037591189146042,0.063644640147686,0.944179117679596
/home/donglei/isaac_projects/isaac_drone_racer/.worktrees/stage1-fake-vio/logs/skrl/drone_racer/2026-09-02_20-09-09_ppo_torch_stage1_mixed/checkpoints/agent_50010.pt,8ac5a032a78bb88a568b9cfe2e15e95b0aad6f6d428a9ff04ee77fb9b2073364,150d107225160ac498040fa20d4ccf9e26ec2703,True,fixed_per_environment_quotas_v2,mild,11,12,False,False,,6,1,True,False,1.6711997985839844,1.61,0.11180968582630157,0.036280836910009384,1.0269397497177124
/home/donglei/isaac_projects/isaac_drone_racer/.worktrees/stage1-fake-vio/logs/skrl/drone_racer/2026-09-02_20-09-09_ppo_torch_stage1_mixed/checkpoints/agent_50010.pt,8ac5a032a78bb88a568b9cfe2e15e95b0aad6f6d428a9ff04ee77fb9b2073364,150d107225160ac498040fa20d4ccf9e26ec2703,True,fixed_per_environment_quotas_v2,mild,11,13,False,False,,6,1,True,False,1.5697684288024902,1.73,0.0943278819322586,0.03462953865528107,0.7971401810646057
/home/donglei/isaac_projects/isaac_drone_racer/.worktrees/stage1-fake-vio/logs/skrl/drone_racer/2026-09-02_20-09-09_ppo_torch_stage1_mixed/checkpoints/agent_50010.pt,8ac5a032a78bb88a568b9cfe2e15e95b0aad6f6d428a9ff04ee77fb9b2073364,150d107225160ac498040fa20d4ccf9e26ec2703,True,fixed_per_environment_quotas_v2,mild,11,14,False,False,,7,2,True,False,6.330050468444824,2.08,0.12087123095989227,0.0718197450041771,0.6989598870277405
/home/donglei/isaac_projects/isaac_drone_racer/.worktrees/stage1-fake-vio/logs/skrl/drone_racer/2026-09-02_20-09-09_ppo_torch_stage1_mixed/checkpoints/agent_50010.pt,8ac5a032a78bb88a568b9cfe2e15e95b0aad6f6d428a9ff04ee77fb9b2073364,150d107225160ac498040fa20d4ccf9e26ec2703,True,fixed_per_environment_quotas_v2,mild,11,15,False,False,,7,0,True,False,-3.910147190093994,0.84,0.07974492758512497,0.052096329629421234,1.2436827421188354
/home/donglei/isaac_projects/isaac_drone_racer/.worktrees/stage1-fake-vio/logs/skrl/drone_racer/2026-09-02_20-09-09_ppo_torch_stage1_mixed/checkpoints/agent_50010.pt,8ac5a032a78bb88a568b9cfe2e15e95b0aad6f6d428a9ff04ee77fb9b2073364,150d107225160ac498040fa20d4ccf9e26ec2703,True,fixed_per_environment_quotas_v2,mild,11,16,False,False,,7,2,True,False,6.312402248382568,2.29,0.09880290180444717,0.04796626418828964,0.3666039705276489
/home/donglei/isaac_projects/isaac_drone_racer/.worktrees/stage1-fake-vio/logs/skrl/drone_racer/2026-09-02_20-09-09_ppo_torch_stage1_mixed/checkpoints/agent_50010.pt,8ac5a032a78bb88a568b9cfe2e15e95b0aad6f6d428a9ff04ee77fb9b2073364,150d107225160ac498040fa20d4ccf9e26ec2703,True,fixed_per_environment_quotas_v2,mild,11,17,False,False,,1,0,False,True,-7.98018741607666,2.31,0.1350262463092804,0.1527654230594635,0.9003967642784119
/home/donglei/isaac_projects/isaac_drone_racer/.worktrees/stage1-fake-vio/logs/skrl/drone_racer/2026-09-02_20-09-09_ppo_torch_stage1_mixed/checkpoints/agent_50010.pt,8ac5a032a78bb88a568b9cfe2e15e95b0aad6f6d428a9ff04ee77fb9b2073364,150d107225160ac498040fa20d4ccf9e26ec2703,True,fixed_per_environment_quotas_v2,mild,11,18,False,False,,2,2,True,False,7.092666149139404,2.59,0.11095146089792252,0.04573451727628708,0.29839518666267395
/home/donglei/isaac_projects/isaac_drone_racer/.worktrees/stage1-fake-vio/logs/skrl/drone_racer/2026-09-02_20-09-09_ppo_torch_stage1_mixed/checkpoints/agent_50010.pt,8ac5a032a78bb88a568b9cfe2e15e95b0aad6f6d428a9ff04ee77fb9b2073364,150d107225160ac498040fa20d4ccf9e26ec2703,True,fixed_per_environment_quotas_v2,mild,11,19,False,False,,7,2,True,False,1.7787694931030273,2.68,0.1202973872423172,0.15857994556427002,0.34597110748291016
/home/donglei/isaac_projects/isaac_drone_racer/.worktrees/stage1-fake-vio/logs/skrl/drone_racer/2026-09-02_20-09-09_ppo_torch_stage1_mixed/checkpoints/agent_50010.pt,8ac5a032a78bb88a568b9cfe2e15e95b0aad6f6d428a9ff04ee77fb9b2073364,150d107225160ac498040fa20d4ccf9e26ec2703,True,fixed_per_environment_quotas_v2,mild,11,20,False,False,,5,2,True,False,7.957738399505615,2.68,0.12128118425607681,0.0501682348549366,0.36252066493034363
/home/donglei/isaac_projects/isaac_drone_racer/.worktrees/stage1-fake-vio/logs/skrl/drone_racer/2026-09-02_20-09-09_ppo_torch_stage1_mixed/checkpoints/agent_50010.pt,8ac5a032a78bb88a568b9cfe2e15e95b0aad6f6d428a9ff04ee77fb9b2073364,150d107225160ac498040fa20d4ccf9e26ec2703,True,fixed_per_environment_quotas_v2,mild,11,21,False,False,,5,2,True,False,8.07702922821045,2.72,0.12270735204219818,0.049543723464012146,0.33112016320228577
/home/donglei/isaac_projects/isaac_drone_racer/.worktrees/stage1-fake-vio/logs/skrl/drone_racer/2026-09-02_20-09-09_ppo_torch_stage1_mixed/checkpoints/agent_50010.pt,8ac5a032a78bb88a568b9cfe2e15e95b0aad6f6d428a9ff04ee77fb9b2073364,150d107225160ac498040fa20d4ccf9e26ec2703,True,fixed_per_environment_quotas_v2,mild,11,22,False,False,,1,2,True,False,7.203067302703857,2.73,0.10144506394863129,0.04368523508310318,0.33508414030075073
/home/donglei/isaac_projects/isaac_drone_racer/.worktrees/stage1-fake-vio/logs/skrl/drone_racer/2026-09-02_20-09-09_ppo_torch_stage1_mixed/checkpoints/agent_50010.pt,8ac5a032a78bb88a568b9cfe2e15e95b0aad6f6d428a9ff04ee77fb9b2073364,150d107225160ac498040fa20d4ccf9e26ec2703,True,fixed_per_environment_quotas_v2,mild,11,23,False,False,,2,1,False,True,-2.0752789974212646,3.36,0.13197194039821625,0.22009751200675964,0.7487128973007202
/home/donglei/isaac_projects/isaac_drone_racer/.worktrees/stage1-fake-vio/logs/skrl/drone_racer/2026-09-02_20-09-09_ppo_torch_stage1_mixed/checkpoints/agent_50010.pt,8ac5a032a78bb88a568b9cfe2e15e95b0aad6f6d428a9ff04ee77fb9b2073364,150d107225160ac498040fa20d4ccf9e26ec2703,True,fixed_per_environment_quotas_v2,mild,11,24,False,False,,1,0,True,False,-4.059047222137451,0.81,0.08271600306034088,0.05827741697430611,0.2966310977935791
/home/donglei/isaac_projects/isaac_drone_racer/.worktrees/stage1-fake-vio/logs/skrl/drone_racer/2026-09-02_20-09-09_ppo_torch_stage1_mixed/checkpoints/agent_50010.pt,8ac5a032a78bb88a568b9cfe2e15e95b0aad6f6d428a9ff04ee77fb9b2073364,150d107225160ac498040fa20d4ccf9e26ec2703,True,fixed_per_environment_quotas_v2,mild,11,25,False,False,,5,2,True,False,8.03901195526123,2.63,0.12395890057086945,0.04640037566423416,0.3323059380054474
/home/donglei/isaac_projects/isaac_drone_racer/.worktrees/stage1-fake-vio/logs/skrl/drone_racer/2026-09-02_20-09-09_ppo_torch_stage1_mixed/checkpoints/agent_50010.pt,8ac5a032a78bb88a568b9cfe2e15e95b0aad6f6d428a9ff04ee77fb9b2073364,150d107225160ac498040fa20d4ccf9e26ec2703,True,fixed_per_environment_quotas_v2,mild,11,26,False,False,,5,5,True,False,22.840225219726562,5.03,0.1395433098077774,0.1270739585161209,0.34438446164131165
/home/donglei/isaac_projects/isaac_drone_racer/.worktrees/stage1-fake-vio/logs/skrl/drone_racer/2026-09-02_20-09-09_ppo_torch_stage1_mixed/checkpoints/agent_50010.pt,8ac5a032a78bb88a568b9cfe2e15e95b0aad6f6d428a9ff04ee77fb9b2073364,150d107225160ac498040fa20d4ccf9e26ec2703,True,fixed_per_environment_quotas_v2,mild,11,27,False,False,,4,6,True,False,29.18073272705078,5.68,0.11765427142381668,0.054931845515966415,0.40672606229782104
/home/donglei/isaac_projects/isaac_drone_racer/.worktrees/stage1-fake-vio/logs/skrl/drone_racer/2026-09-02_20-09-09_ppo_torch_stage1_mixed/checkpoints/agent_50010.pt,8ac5a032a78bb88a568b9cfe2e15e95b0aad6f6d428a9ff04ee77fb9b2073364,150d107225160ac498040fa20d4ccf9e26ec2703,True,fixed_per_environment_quotas_v2,mild,11,28,False,False,,3,1,False,True,-1.1581153869628906,4.19,0.12392232567071915,0.27481985092163086,0.835268497467041
/home/donglei/isaac_projects/isaac_drone_racer/.worktrees/stage1-fake-vio/logs/skrl/drone_racer/2026-09-02_20-09-09_ppo_torch_stage1_mixed/checkpoints/agent_50010.pt,8ac5a032a78bb88a568b9cfe2e15e95b0aad6f6d428a9ff04ee77fb9b2073364,150d107225160ac498040fa20d4ccf9e26ec2703,True,fixed_per_environment_quotas_v2,mild,11,29,False,False,,5,5,True,False,22.260759353637695,5.45,0.13090048730373383,0.13613854348659515,0.35009071230888367
/home/donglei/isaac_projects/isaac_drone_racer/.worktrees/stage1-fake-vio/logs/skrl/drone_racer/2026-09-02_20-09-09_ppo_torch_stage1_mixed/checkpoints/agent_50010.pt,8ac5a032a78bb88a568b9cfe2e15e95b0aad6f6d428a9ff04ee77fb9b2073364,150d107225160ac498040fa20d4ccf9e26ec2703,True,fixed_per_environment_quotas_v2,mild,11,30,True,True,6.01,,7,False,False,39.51123809814453,6.01,0.1246669664978981,0.04419891908764839,0.3140483498573303
/home/donglei/isaac_projects/isaac_drone_racer/.worktrees/stage1-fake-vio/logs/skrl/drone_racer/2026-09-02_20-09-09_ppo_torch_stage1_mixed/checkpoints/agent_50010.pt,8ac5a032a78bb88a568b9cfe2e15e95b0aad6f6d428a9ff04ee77fb9b2073364,150d107225160ac498040fa20d4ccf9e26ec2703,True,fixed_per_environment_quotas_v2,mild,11,31,True,True,6.17,,7,False,False,39.583961486816406,6.17,0.12287047505378723,0.0425625741481781,0.3212602734565735
/home/donglei/isaac_projects/isaac_drone_racer/.worktrees/stage1-fake-vio/logs/skrl/drone_racer/2026-09-02_20-09-09_ppo_torch_stage1_mixed/checkpoints/agent_50010.pt,8ac5a032a78bb88a568b9cfe2e15e95b0aad6f6d428a9ff04ee77fb9b2073364,150d107225160ac498040fa20d4ccf9e26ec2703,True,fixed_per_environment_quotas_v2,mild,11,32,True,True,5.96,,7,False,False,39.44319534301758,5.96,0.12758521735668182,0.041425760835409164,0.3137405812740326
/home/donglei/isaac_projects/isaac_drone_racer/.worktrees/stage1-fake-vio/logs/skrl/drone_racer/2026-09-02_20-09-09_ppo_torch_stage1_mixed/checkpoints/agent_50010.pt,8ac5a032a78bb88a568b9cfe2e15e95b0aad6f6d428a9ff04ee77fb9b2073364,150d107225160ac498040fa20d4ccf9e26ec2703,True,fixed_per_environment_quotas_v2,mild,11,33,True,True,6.0600000000000005,,7,False,False,39.54682922363281,6.0600000000000005,0.12554988265037537,0.043031733483076096,0.3245244324207306
/home/donglei/isaac_projects/isaac_drone_racer/.worktrees/stage1-fake-vio/logs/skrl/drone_racer/2026-09-02_20-09-09_ppo_torch_stage1_mixed/checkpoints/agent_50010.pt,8ac5a032a78bb88a568b9cfe2e15e95b0aad6f6d428a9ff04ee77fb9b2073364,150d107225160ac498040fa20d4ccf9e26ec2703,True,fixed_per_environment_quotas_v2,mild,11,34,True,True,6.15,,7,False,False,39.59388732910156,6.15,0.1276175081729889,0.043299850076436996,0.3186745047569275
/home/donglei/isaac_projects/isaac_drone_racer/.worktrees/stage1-fake-vio/logs/skrl/drone_racer/2026-09-02_20-09-09_ppo_torch_stage1_mixed/checkpoints/agent_50010.pt,8ac5a032a78bb88a568b9cfe2e15e95b0aad6f6d428a9ff04ee77fb9b2073364,150d107225160ac498040fa20d4ccf9e26ec2703,True,fixed_per_environment_quotas_v2,mild,11,35,False,False,,4,5,True,False,21.1944580078125,9.84,0.10537827014923096,0.08752398192882538,0.4165607690811157
/home/donglei/isaac_projects/isaac_drone_racer/.worktrees/stage1-fake-vio/logs/skrl/drone_racer/2026-09-02_20-09-09_ppo_torch_stage1_mixed/checkpoints/agent_50010.pt,8ac5a032a78bb88a568b9cfe2e15e95b0aad6f6d428a9ff04ee77fb9b2073364,150d107225160ac498040fa20d4ccf9e26ec2703,True,fixed_per_environment_quotas_v2,mild,11,36,True,True,6.1000000000000005,,7,False,False,39.31655502319336,6.1000000000000005,0.12897175550460815,0.04263623058795929,0.31398260593414307
/home/donglei/isaac_projects/isaac_drone_racer/.worktrees/stage1-fake-vio/logs/skrl/drone_racer/2026-09-02_20-09-09_ppo_torch_stage1_mixed/checkpoints/agent_50010.pt,8ac5a032a78bb88a568b9cfe2e15e95b0aad6f6d428a9ff04ee77fb9b2073364,150d107225160ac498040fa20d4ccf9e26ec2703,True,fixed_per_environment_quotas_v2,mild,11,37,True,True,6.12,,7,False,False,39.593780517578125,6.12,0.12096098065376282,0.040168534964323044,0.32192251086235046
/home/donglei/isaac_projects/isaac_drone_racer/.worktrees/stage1-fake-vio/logs/skrl/drone_racer/2026-09-02_20-09-09_ppo_torch_stage1_mixed/checkpoints/agent_50010.pt,8ac5a032a78bb88a568b9cfe2e15e95b0aad6f6d428a9ff04ee77fb9b2073364,150d107225160ac498040fa20d4ccf9e26ec2703,True,fixed_per_environment_quotas_v2,mild,11,38,True,True,5.94,,7,False,False,39.635807037353516,5.94,0.12311700731515884,0.03839521482586861,0.3229527771472931
/home/donglei/isaac_projects/isaac_drone_racer/.worktrees/stage1-fake-vio/logs/skrl/drone_racer/2026-09-02_20-09-09_ppo_torch_stage1_mixed/checkpoints/agent_50010.pt,8ac5a032a78bb88a568b9cfe2e15e95b0aad6f6d428a9ff04ee77fb9b2073364,150d107225160ac498040fa20d4ccf9e26ec2703,True,fixed_per_environment_quotas_v2,mild,11,39,True,True,5.98,,7,False,False,39.93251419067383,5.98,0.1287560909986496,0.04001988098025322,0.32596781849861145
/home/donglei/isaac_projects/isaac_drone_racer/.worktrees/stage1-fake-vio/logs/skrl/drone_racer/2026-09-02_20-09-09_ppo_torch_stage1_mixed/checkpoints/agent_50010.pt,8ac5a032a78bb88a568b9cfe2e15e95b0aad6f6d428a9ff04ee77fb9b2073364,150d107225160ac498040fa20d4ccf9e26ec2703,True,fixed_per_environment_quotas_v2,mild,11,40,True,True,6.16,,7,False,False,39.66279602050781,6.16,0.1207430362701416,0.040709272027015686,0.3206380307674408
/home/donglei/isaac_projects/isaac_drone_racer/.worktrees/stage1-fake-vio/logs/skrl/drone_racer/2026-09-02_20-09-09_ppo_torch_stage1_mixed/checkpoints/agent_50010.pt,8ac5a032a78bb88a568b9cfe2e15e95b0aad6f6d428a9ff04ee77fb9b2073364,150d107225160ac498040fa20d4ccf9e26ec2703,True,fixed_per_environment_quotas_v2,mild,11,41,True,True,6.2700000000000005,,7,False,False,39.807926177978516,6.2700000000000005,0.12364785373210907,0.04147055372595787,0.3174925148487091
/home/donglei/isaac_projects/isaac_drone_racer/.worktrees/stage1-fake-vio/logs/skrl/drone_racer/2026-09-02_20-09-09_ppo_torch_stage1_mixed/checkpoints/agent_50010.pt,8ac5a032a78bb88a568b9cfe2e15e95b0aad6f6d428a9ff04ee77fb9b2073364,150d107225160ac498040fa20d4ccf9e26ec2703,True,fixed_per_environment_quotas_v2,mild,11,42,True,True,5.8,,7,False,False,39.64077377319336,5.8,0.12706513702869415,0.04239751398563385,0.3240763545036316
/home/donglei/isaac_projects/isaac_drone_racer/.worktrees/stage1-fake-vio/logs/skrl/drone_racer/2026-09-02_20-09-09_ppo_torch_stage1_mixed/checkpoints/agent_50010.pt,8ac5a032a78bb88a568b9cfe2e15e95b0aad6f6d428a9ff04ee77fb9b2073364,150d107225160ac498040fa20d4ccf9e26ec2703,True,fixed_per_environment_quotas_v2,mild,11,43,True,True,6.3,,7,False,False,39.67949676513672,6.3,0.12103857845067978,0.04140728339552879,0.325716108083725
/home/donglei/isaac_projects/isaac_drone_racer/.worktrees/stage1-fake-vio/logs/skrl/drone_racer/2026-09-02_20-09-09_ppo_torch_stage1_mixed/checkpoints/agent_50010.pt,8ac5a032a78bb88a568b9cfe2e15e95b0aad6f6d428a9ff04ee77fb9b2073364,150d107225160ac498040fa20d4ccf9e26ec2703,True,fixed_per_environment_quotas_v2,mild,11,44,True,True,6.25,,7,False,False,39.7860221862793,6.25,0.11247442662715912,0.039367955178022385,0.28299611806869507
/home/donglei/isaac_projects/isaac_drone_racer/.worktrees/stage1-fake-vio/logs/skrl/drone_racer/2026-09-02_20-09-09_ppo_torch_stage1_mixed/checkpoints/agent_50010.pt,8ac5a032a78bb88a568b9cfe2e15e95b0aad6f6d428a9ff04ee77fb9b2073364,150d107225160ac498040fa20d4ccf9e26ec2703,True,fixed_per_environment_quotas_v2,mild,11,45,True,True,6.0,,7,False,False,39.75046157836914,6.0,0.12536154687404633,0.039532117545604706,0.3144204020500183
/home/donglei/isaac_projects/isaac_drone_racer/.worktrees/stage1-fake-vio/logs/skrl/drone_racer/2026-09-02_20-09-09_ppo_torch_stage1_mixed/checkpoints/agent_50010.pt,8ac5a032a78bb88a568b9cfe2e15e95b0aad6f6d428a9ff04ee77fb9b2073364,150d107225160ac498040fa20d4ccf9e26ec2703,True,fixed_per_environment_quotas_v2,mild,11,46,True,True,6.18,,7,False,False,39.59627151489258,6.18,0.12846441566944122,0.03989313170313835,0.31677109003067017
/home/donglei/isaac_projects/isaac_drone_racer/.worktrees/stage1-fake-vio/logs/skrl/drone_racer/2026-09-02_20-09-09_ppo_torch_stage1_mixed/checkpoints/agent_50010.pt,8ac5a032a78bb88a568b9cfe2e15e95b0aad6f6d428a9ff04ee77fb9b2073364,150d107225160ac498040fa20d4ccf9e26ec2703,True,fixed_per_environment_quotas_v2,mild,11,47,True,True,5.98,,7,False,False,39.50556564331055,5.98,0.12133747339248657,0.038811102509498596,0.32000523805618286
/home/donglei/isaac_projects/isaac_drone_racer/.worktrees/stage1-fake-vio/logs/skrl/drone_racer/2026-09-02_20-09-09_ppo_torch_stage1_mixed/checkpoints/agent_50010.pt,8ac5a032a78bb88a568b9cfe2e15e95b0aad6f6d428a9ff04ee77fb9b2073364,150d107225160ac498040fa20d4ccf9e26ec2703,True,fixed_per_environment_quotas_v2,mild,11,48,True,True,5.97,,7,False,False,39.48299789428711,5.97,0.12433039397001266,0.040075261145830154,0.32838302850723267
/home/donglei/isaac_projects/isaac_drone_racer/.worktrees/stage1-fake-vio/logs/skrl/drone_racer/2026-09-02_20-09-09_ppo_torch_stage1_mixed/checkpoints/agent_50010.pt,8ac5a032a78bb88a568b9cfe2e15e95b0aad6f6d428a9ff04ee77fb9b2073364,150d107225160ac498040fa20d4ccf9e26ec2703,True,fixed_per_environment_quotas_v2,mild,11,49,True,True,6.13,,7,False,False,39.80265426635742,6.13,0.12397490441799164,0.03867122530937195,0.3256407082080841
/home/donglei/isaac_projects/isaac_drone_racer/.worktrees/stage1-fake-vio/logs/skrl/drone_racer/2026-09-02_20-09-09_ppo_torch_stage1_mixed/checkpoints/agent_50010.pt,8ac5a032a78bb88a568b9cfe2e15e95b0aad6f6d428a9ff04ee77fb9b2073364,150d107225160ac498040fa20d4ccf9e26ec2703,True,fixed_per_environment_quotas_v2,mild,11,50,True,True,6.390000000000001,,7,False,False,39.705467224121094,6.390000000000001,0.11769863963127136,0.04300544410943985,0.3132796585559845
/home/donglei/isaac_projects/isaac_drone_racer/.worktrees/stage1-fake-vio/logs/skrl/drone_racer/2026-09-02_20-09-09_ppo_torch_stage1_mixed/checkpoints/agent_50010.pt,8ac5a032a78bb88a568b9cfe2e15e95b0aad6f6d428a9ff04ee77fb9b2073364,150d107225160ac498040fa20d4ccf9e26ec2703,True,fixed_per_environment_quotas_v2,mild,11,51,True,True,6.19,,7,False,False,39.471981048583984,6.19,0.11624165624380112,0.04380262270569801,0.3139980137348175
/home/donglei/isaac_projects/isaac_drone_racer/.worktrees/stage1-fake-vio/logs/skrl/drone_racer/2026-09-02_20-09-09_ppo_torch_stage1_mixed/checkpoints/agent_50010.pt,8ac5a032a78bb88a568b9cfe2e15e95b0aad6f6d428a9ff04ee77fb9b2073364,150d107225160ac498040fa20d4ccf9e26ec2703,True,fixed_per_environment_quotas_v2,mild,11,52,True,True,6.01,,7,False,False,39.42619705200195,6.01,0.12884177267551422,0.03834505006670952,0.311915785074234
/home/donglei/isaac_projects/isaac_drone_racer/.worktrees/stage1-fake-vio/logs/skrl/drone_racer/2026-09-02_20-09-09_ppo_torch_stage1_mixed/checkpoints/agent_50010.pt,8ac5a032a78bb88a568b9cfe2e15e95b0aad6f6d428a9ff04ee77fb9b2073364,150d107225160ac498040fa20d4ccf9e26ec2703,True,fixed_per_environment_quotas_v2,mild,11,53,True,True,5.92,,7,False,False,39.7706298828125,5.92,0.12846890091896057,0.03976726904511452,0.3246418237686157
/home/donglei/isaac_projects/isaac_drone_racer/.worktrees/stage1-fake-vio/logs/skrl/drone_racer/2026-09-02_20-09-09_ppo_torch_stage1_mixed/checkpoints/agent_50010.pt,8ac5a032a78bb88a568b9cfe2e15e95b0aad6f6d428a9ff04ee77fb9b2073364,150d107225160ac498040fa20d4ccf9e26ec2703,True,fixed_per_environment_quotas_v2,mild,11,54,True,True,5.99,,7,False,False,39.487369537353516,5.99,0.1270214170217514,0.03994959220290184,0.30866116285324097
/home/donglei/isaac_projects/isaac_drone_racer/.worktrees/stage1-fake-vio/logs/skrl/drone_racer/2026-09-02_20-09-09_ppo_torch_stage1_mixed/checkpoints/agent_50010.pt,8ac5a032a78bb88a568b9cfe2e15e95b0aad6f6d428a9ff04ee77fb9b2073364,150d107225160ac498040fa20d4ccf9e26ec2703,True,fixed_per_environment_quotas_v2,mild,11,55,True,True,6.12,,7,False,False,39.44007110595703,6.12,0.12649710476398468,0.04206528514623642,0.31568318605422974
/home/donglei/isaac_projects/isaac_drone_racer/.worktrees/stage1-fake-vio/logs/skrl/drone_racer/2026-09-02_20-09-09_ppo_torch_stage1_mixed/checkpoints/agent_50010.pt,8ac5a032a78bb88a568b9cfe2e15e95b0aad6f6d428a9ff04ee77fb9b2073364,150d107225160ac498040fa20d4ccf9e26ec2703,True,fixed_per_environment_quotas_v2,mild,11,56,True,True,5.94,,7,False,False,39.75529861450195,5.94,0.13024574518203735,0.04193219169974327,0.33476898074150085
/home/donglei/isaac_projects/isaac_drone_racer/.worktrees/stage1-fake-vio/logs/skrl/drone_racer/2026-09-02_20-09-09_ppo_torch_stage1_mixed/checkpoints/agent_50010.pt,8ac5a032a78bb88a568b9cfe2e15e95b0aad6f6d428a9ff04ee77fb9b2073364,150d107225160ac498040fa20d4ccf9e26ec2703,True,fixed_per_environment_quotas_v2,mild,11,57,True,True,5.87,,7,False,False,39.32365417480469,5.87,0.12997345626354218,0.04064261168241501,0.3207699954509735
/home/donglei/isaac_projects/isaac_drone_racer/.worktrees/stage1-fake-vio/logs/skrl/drone_racer/2026-09-02_20-09-09_ppo_torch_stage1_mixed/checkpoints/agent_50010.pt,8ac5a032a78bb88a568b9cfe2e15e95b0aad6f6d428a9ff04ee77fb9b2073364,150d107225160ac498040fa20d4ccf9e26ec2703,True,fixed_per_environment_quotas_v2,mild,11,58,True,True,6.01,,7,False,False,39.558284759521484,6.01,0.1219734475016594,0.04110616445541382,0.3300235867500305
/home/donglei/isaac_projects/isaac_drone_racer/.worktrees/stage1-fake-vio/logs/skrl/drone_racer/2026-09-02_20-09-09_ppo_torch_stage1_mixed/checkpoints/agent_50010.pt,8ac5a032a78bb88a568b9cfe2e15e95b0aad6f6d428a9ff04ee77fb9b2073364,150d107225160ac498040fa20d4ccf9e26ec2703,True,fixed_per_environment_quotas_v2,mild,11,59,True,True,5.96,,7,False,False,39.60065460205078,5.96,0.12840315699577332,0.040261123329401016,0.3121539056301117
/home/donglei/isaac_projects/isaac_drone_racer/.worktrees/stage1-fake-vio/logs/skrl/drone_racer/2026-09-02_20-09-09_ppo_torch_stage1_mixed/checkpoints/agent_50010.pt,8ac5a032a78bb88a568b9cfe2e15e95b0aad6f6d428a9ff04ee77fb9b2073364,150d107225160ac498040fa20d4ccf9e26ec2703,True,fixed_per_environment_quotas_v2,mild,11,60,True,True,6.08,,7,False,False,39.67556381225586,6.08,0.11944245547056198,0.040915343910455704,0.31209084391593933
/home/donglei/isaac_projects/isaac_drone_racer/.worktrees/stage1-fake-vio/logs/skrl/drone_racer/2026-09-02_20-09-09_ppo_torch_stage1_mixed/checkpoints/agent_50010.pt,8ac5a032a78bb88a568b9cfe2e15e95b0aad6f6d428a9ff04ee77fb9b2073364,150d107225160ac498040fa20d4ccf9e26ec2703,True,fixed_per_environment_quotas_v2,mild,11,61,True,True,6.41,,7,False,False,39.93502426147461,6.41,0.12382383644580841,0.04161924868822098,0.3113845884799957
/home/donglei/isaac_projects/isaac_drone_racer/.worktrees/stage1-fake-vio/logs/skrl/drone_racer/2026-09-02_20-09-09_ppo_torch_stage1_mixed/checkpoints/agent_50010.pt,8ac5a032a78bb88a568b9cfe2e15e95b0aad6f6d428a9ff04ee77fb9b2073364,150d107225160ac498040fa20d4ccf9e26ec2703,True,fixed_per_environment_quotas_v2,mild,11,62,True,True,6.07,,7,False,False,39.80355453491211,6.07,0.11789709329605103,0.043515775352716446,0.30414193868637085
/home/donglei/isaac_projects/isaac_drone_racer/.worktrees/stage1-fake-vio/logs/skrl/drone_racer/2026-09-02_20-09-09_ppo_torch_stage1_mixed/checkpoints/agent_50010.pt,8ac5a032a78bb88a568b9cfe2e15e95b0aad6f6d428a9ff04ee77fb9b2073364,150d107225160ac498040fa20d4ccf9e26ec2703,True,fixed_per_environment_quotas_v2,mild,11,63,True,True,6.22,,7,False,False,39.54289627075195,6.22,0.11759564280509949,0.04622375965118408,0.31769126653671265
/home/donglei/isaac_projects/isaac_drone_racer/.worktrees/stage1-fake-vio/logs/skrl/drone_racer/2026-09-02_20-09-09_ppo_torch_stage1_mixed/checkpoints/agent_50010.pt,8ac5a032a78bb88a568b9cfe2e15e95b0aad6f6d428a9ff04ee77fb9b2073364,150d107225160ac498040fa20d4ccf9e26ec2703,True,fixed_per_environment_quotas_v2,mild,11,64,True,True,5.83,,7,False,False,39.660400390625,5.83,0.1273498833179474,0.03944520652294159,0.312406063079834
/home/donglei/isaac_projects/isaac_drone_racer/.worktrees/stage1-fake-vio/logs/skrl/drone_racer/2026-09-02_20-09-09_ppo_torch_stage1_mixed/checkpoints/agent_50010.pt,8ac5a032a78bb88a568b9cfe2e15e95b0aad6f6d428a9ff04ee77fb9b2073364,150d107225160ac498040fa20d4ccf9e26ec2703,True,fixed_per_environment_quotas_v2,mild,11,65,True,True,6.11,,7,False,False,39.7651481628418,6.11,0.1204017922282219,0.0446709468960762,0.31433597207069397
/home/donglei/isaac_projects/isaac_drone_racer/.worktrees/stage1-fake-vio/logs/skrl/drone_racer/2026-09-02_20-09-09_ppo_torch_stage1_mixed/checkpoints/agent_50010.pt,8ac5a032a78bb88a568b9cfe2e15e95b0aad6f6d428a9ff04ee77fb9b2073364,150d107225160ac498040fa20d4ccf9e26ec2703,True,fixed_per_environment_quotas_v2,mild,11,66,True,True,6.11,,7,False,False,39.39275360107422,6.11,0.12471271306276321,0.042027946561574936,0.33064907789230347
/home/donglei/isaac_projects/isaac_drone_racer/.worktrees/stage1-fake-vio/logs/skrl/drone_racer/2026-09-02_20-09-09_ppo_torch_stage1_mixed/checkpoints/agent_50010.pt,8ac5a032a78bb88a568b9cfe2e15e95b0aad6f6d428a9ff04ee77fb9b2073364,150d107225160ac498040fa20d4ccf9e26ec2703,True,fixed_per_environment_quotas_v2,mild,11,67,True,True,6.05,,7,False,False,39.4600944519043,6.05,0.12740592658519745,0.04249770939350128,0.3394968509674072
/home/donglei/isaac_projects/isaac_drone_racer/.worktrees/stage1-fake-vio/logs/skrl/drone_racer/2026-09-02_20-09-09_ppo_torch_stage1_mixed/checkpoints/agent_50010.pt,8ac5a032a78bb88a568b9cfe2e15e95b0aad6f6d428a9ff04ee77fb9b2073364,150d107225160ac498040fa20d4ccf9e26ec2703,True,fixed_per_environment_quotas_v2,mild,11,68,True,True,6.19,,7,False,False,39.71955871582031,6.19,0.11441554874181747,0.04266650974750519,0.2879863381385803
/home/donglei/isaac_projects/isaac_drone_racer/.worktrees/stage1-fake-vio/logs/skrl/drone_racer/2026-09-02_20-09-09_ppo_torch_stage1_mixed/checkpoints/agent_50010.pt,8ac5a032a78bb88a568b9cfe2e15e95b0aad6f6d428a9ff04ee77fb9b2073364,150d107225160ac498040fa20d4ccf9e26ec2703,True,fixed_per_environment_quotas_v2,mild,11,69,True,True,5.93,,7,False,False,39.60166931152344,5.93,0.12442777305841446,0.0399208590388298,0.3140982389450073
/home/donglei/isaac_projects/isaac_drone_racer/.worktrees/stage1-fake-vio/logs/skrl/drone_racer/2026-09-02_20-09-09_ppo_torch_stage1_mixed/checkpoints/agent_50010.pt,8ac5a032a78bb88a568b9cfe2e15e95b0aad6f6d428a9ff04ee77fb9b2073364,150d107225160ac498040fa20d4ccf9e26ec2703,True,fixed_per_environment_quotas_v2,mild,11,70,True,True,6.0,,7,False,False,39.57318878173828,6.0,0.11918532848358154,0.0407024547457695,0.31899672746658325
/home/donglei/isaac_projects/isaac_drone_racer/.worktrees/stage1-fake-vio/logs/skrl/drone_racer/2026-09-02_20-09-09_ppo_torch_stage1_mixed/checkpoints/agent_50010.pt,8ac5a032a78bb88a568b9cfe2e15e95b0aad6f6d428a9ff04ee77fb9b2073364,150d107225160ac498040fa20d4ccf9e26ec2703,True,fixed_per_environment_quotas_v2,mild,11,71,True,True,6.37,,7,False,False,39.59559631347656,6.37,0.12109893560409546,0.040087394416332245,0.31263020634651184
/home/donglei/isaac_projects/isaac_drone_racer/.worktrees/stage1-fake-vio/logs/skrl/drone_racer/2026-09-02_20-09-09_ppo_torch_stage1_mixed/checkpoints/agent_50010.pt,8ac5a032a78bb88a568b9cfe2e15e95b0aad6f6d428a9ff04ee77fb9b2073364,150d107225160ac498040fa20d4ccf9e26ec2703,True,fixed_per_environment_quotas_v2,mild,11,72,True,True,6.1000000000000005,,7,False,False,39.57794189453125,6.1000000000000005,0.12498313933610916,0.04426993057131767,0.30962395668029785
/home/donglei/isaac_projects/isaac_drone_racer/.worktrees/stage1-fake-vio/logs/skrl/drone_racer/2026-09-02_20-09-09_ppo_torch_stage1_mixed/checkpoints/agent_50010.pt,8ac5a032a78bb88a568b9cfe2e15e95b0aad6f6d428a9ff04ee77fb9b2073364,150d107225160ac498040fa20d4ccf9e26ec2703,True,fixed_per_environment_quotas_v2,mild,11,73,False,False,,7,0,True,False,-3.905977964401245,0.89,0.083103708922863,0.14872293174266815,1.28907310962677
/home/donglei/isaac_projects/isaac_drone_racer/.worktrees/stage1-fake-vio/logs/skrl/drone_racer/2026-09-02_20-09-09_ppo_torch_stage1_mixed/checkpoints/agent_50010.pt,8ac5a032a78bb88a568b9cfe2e15e95b0aad6f6d428a9ff04ee77fb9b2073364,150d107225160ac498040fa20d4ccf9e26ec2703,True,fixed_per_environment_quotas_v2,mild,11,74,True,True,6.0600000000000005,,7,False,False,39.660064697265625,6.0600000000000005,0.12147723883390427,0.03916817903518677,0.3146246075630188
/home/donglei/isaac_projects/isaac_drone_racer/.worktrees/stage1-fake-vio/logs/skrl/drone_racer/2026-09-02_20-09-09_ppo_torch_stage1_mixed/checkpoints/agent_50010.pt,8ac5a032a78bb88a568b9cfe2e15e95b0aad6f6d428a9ff04ee77fb9b2073364,150d107225160ac498040fa20d4ccf9e26ec2703,True,fixed_per_environment_quotas_v2,mild,11,75,True,True,6.13,,7,False,False,39.525970458984375,6.13,0.12418369203805923,0.04138758406043053,0.3240298926830292
/home/donglei/isaac_projects/isaac_drone_racer/.worktrees/stage1-fake-vio/logs/skrl/drone_racer/2026-09-02_20-09-09_ppo_torch_stage1_mixed/checkpoints/agent_50010.pt,8ac5a032a78bb88a568b9cfe2e15e95b0aad6f6d428a9ff04ee77fb9b2073364,150d107225160ac498040fa20d4ccf9e26ec2703,True,fixed_per_environment_quotas_v2,mild,11,76,True,True,5.98,,7,False,False,39.895118713378906,5.98,0.1197555735707283,0.043617911636829376,0.30714327096939087
/home/donglei/isaac_projects/isaac_drone_racer/.worktrees/stage1-fake-vio/logs/skrl/drone_racer/2026-09-02_20-09-09_ppo_torch_stage1_mixed/checkpoints/agent_50010.pt,8ac5a032a78bb88a568b9cfe2e15e95b0aad6f6d428a9ff04ee77fb9b2073364,150d107225160ac498040fa20d4ccf9e26ec2703,True,fixed_per_environment_quotas_v2,mild,11,77,False,False,,1,0,True,False,-4.52236270904541,1.19,0.07111421227455139,0.1325695663690567,0.945758044719696
/home/donglei/isaac_projects/isaac_drone_racer/.worktrees/stage1-fake-vio/logs/skrl/drone_racer/2026-09-02_20-09-09_ppo_torch_stage1_mixed/checkpoints/agent_50010.pt,8ac5a032a78bb88a568b9cfe2e15e95b0aad6f6d428a9ff04ee77fb9b2073364,150d107225160ac498040fa20d4ccf9e26ec2703,True,fixed_per_environment_quotas_v2,mild,11,78,True,True,6.0200000000000005,,7,False,False,39.50469970703125,6.0200000000000005,0.12585598230361938,0.0418858639895916,0.3218536376953125
/home/donglei/isaac_projects/isaac_drone_racer/.worktrees/stage1-fake-vio/logs/skrl/drone_racer/2026-09-02_20-09-09_ppo_torch_stage1_mixed/checkpoints/agent_50010.pt,8ac5a032a78bb88a568b9cfe2e15e95b0aad6f6d428a9ff04ee77fb9b2073364,150d107225160ac498040fa20d4ccf9e26ec2703,True,fixed_per_environment_quotas_v2,mild,11,79,False,False,,3,0,True,False,-3.228654384613037,1.27,0.08520500361919403,0.049407146871089935,1.1054832935333252
/home/donglei/isaac_projects/isaac_drone_racer/.worktrees/stage1-fake-vio/logs/skrl/drone_racer/2026-09-02_20-09-09_ppo_torch_stage1_mixed/checkpoints/agent_50010.pt,8ac5a032a78bb88a568b9cfe2e15e95b0aad6f6d428a9ff04ee77fb9b2073364,150d107225160ac498040fa20d4ccf9e26ec2703,True,fixed_per_environment_quotas_v2,mild,11,80,True,True,5.88,,7,False,False,39.49568176269531,5.88,0.12403030693531036,0.039593636989593506,0.32793131470680237
/home/donglei/isaac_projects/isaac_drone_racer/.worktrees/stage1-fake-vio/logs/skrl/drone_racer/2026-09-02_20-09-09_ppo_torch_stage1_mixed/checkpoints/agent_50010.pt,8ac5a032a78bb88a568b9cfe2e15e95b0aad6f6d428a9ff04ee77fb9b2073364,150d107225160ac498040fa20d4ccf9e26ec2703,True,fixed_per_environment_quotas_v2,mild,11,81,True,True,6.07,,7,False,False,39.52478790283203,6.07,0.123103566467762,0.042117465287446976,0.3218228816986084
/home/donglei/isaac_projects/isaac_drone_racer/.worktrees/stage1-fake-vio/logs/skrl/drone_racer/2026-09-02_20-09-09_ppo_torch_stage1_mixed/checkpoints/agent_50010.pt,8ac5a032a78bb88a568b9cfe2e15e95b0aad6f6d428a9ff04ee77fb9b2073364,150d107225160ac498040fa20d4ccf9e26ec2703,True,fixed_per_environment_quotas_v2,mild,11,82,False,False,,2,1,True,False,0.5738582611083984,1.52,0.08809618651866913,0.21274802088737488,0.9643979072570801
/home/donglei/isaac_projects/isaac_drone_racer/.worktrees/stage1-fake-vio/logs/skrl/drone_racer/2026-09-02_20-09-09_ppo_torch_stage1_mixed/checkpoints/agent_50010.pt,8ac5a032a78bb88a568b9cfe2e15e95b0aad6f6d428a9ff04ee77fb9b2073364,150d107225160ac498040fa20d4ccf9e26ec2703,True,fixed_per_environment_quotas_v2,mild,11,83,True,True,6.13,,7,False,False,39.457603454589844,6.13,0.12802450358867645,0.04471343010663986,0.3190576136112213
/home/donglei/isaac_projects/isaac_drone_racer/.worktrees/stage1-fake-vio/logs/skrl/drone_racer/2026-09-02_20-09-09_ppo_torch_stage1_mixed/checkpoints/agent_50010.pt,8ac5a032a78bb88a568b9cfe2e15e95b0aad6f6d428a9ff04ee77fb9b2073364,150d107225160ac498040fa20d4ccf9e26ec2703,True,fixed_per_environment_quotas_v2,mild,11,84,True,True,6.0,,7,False,False,39.50981140136719,6.0,0.1254713237285614,0.043573133647441864,0.3168693780899048
/home/donglei/isaac_projects/isaac_drone_racer/.worktrees/stage1-fake-vio/logs/skrl/drone_racer/2026-09-02_20-09-09_ppo_torch_stage1_mixed/checkpoints/agent_50010.pt,8ac5a032a78bb88a568b9cfe2e15e95b0aad6f6d428a9ff04ee77fb9b2073364,150d107225160ac498040fa20d4ccf9e26ec2703,True,fixed_per_environment_quotas_v2,mild,11,85,True,True,6.26,,7,False,False,39.54692459106445,6.26,0.12071117758750916,0.0434686653316021,0.3197634816169739
/home/donglei/isaac_projects/isaac_drone_racer/.worktrees/stage1-fake-vio/logs/skrl/drone_racer/2026-09-02_20-09-09_ppo_torch_stage1_mixed/checkpoints/agent_50010.pt,8ac5a032a78bb88a568b9cfe2e15e95b0aad6f6d428a9ff04ee77fb9b2073364,150d107225160ac498040fa20d4ccf9e26ec2703,True,fixed_per_environment_quotas_v2,mild,11,86,True,True,6.33,,7,False,False,39.89579391479492,6.33,0.1241413876414299,0.04069449380040169,0.3150131404399872
/home/donglei/isaac_projects/isaac_drone_racer/.worktrees/stage1-fake-vio/logs/skrl/drone_racer/2026-09-02_20-09-09_ppo_torch_stage1_mixed/checkpoints/agent_50010.pt,8ac5a032a78bb88a568b9cfe2e15e95b0aad6f6d428a9ff04ee77fb9b2073364,150d107225160ac498040fa20d4ccf9e26ec2703,True,fixed_per_environment_quotas_v2,mild,11,87,False,False,,7,2,True,False,6.050269603729248,2.11,0.0992221012711525,0.13911394774913788,0.4480641186237335
/home/donglei/isaac_projects/isaac_drone_racer/.worktrees/stage1-fake-vio/logs/skrl/drone_racer/2026-09-02_20-09-09_ppo_torch_stage1_mixed/checkpoints/agent_50010.pt,8ac5a032a78bb88a568b9cfe2e15e95b0aad6f6d428a9ff04ee77fb9b2073364,150d107225160ac498040fa20d4ccf9e26ec2703,True,fixed_per_environment_quotas_v2,mild,11,88,False,False,,5,2,True,False,8.140926361083984,2.65,0.12317036837339401,0.04569501057267189,0.38074424862861633
/home/donglei/isaac_projects/isaac_drone_racer/.worktrees/stage1-fake-vio/logs/skrl/drone_racer/2026-09-02_20-09-09_ppo_torch_stage1_mixed/checkpoints/agent_50010.pt,8ac5a032a78bb88a568b9cfe2e15e95b0aad6f6d428a9ff04ee77fb9b2073364,150d107225160ac498040fa20d4ccf9e26ec2703,True,fixed_per_environment_quotas_v2,mild,11,89,True,True,5.94,,7,False,False,39.580169677734375,5.94,0.12312555313110352,0.040332164615392685,0.3260030746459961
/home/donglei/isaac_projects/isaac_drone_racer/.worktrees/stage1-fake-vio/logs/skrl/drone_racer/2026-09-02_20-09-09_ppo_torch_stage1_mixed/checkpoints/agent_50010.pt,8ac5a032a78bb88a568b9cfe2e15e95b0aad6f6d428a9ff04ee77fb9b2073364,150d107225160ac498040fa20d4ccf9e26ec2703,True,fixed_per_environment_quotas_v2,mild,11,90,True,True,6.390000000000001,,7,False,False,39.8271369934082,6.390000000000001,0.12139905989170074,0.04157744348049164,0.3081458508968353
/home/donglei/isaac_projects/isaac_drone_racer/.worktrees/stage1-fake-vio/logs/skrl/drone_racer/2026-09-02_20-09-09_ppo_torch_stage1_mixed/checkpoints/agent_50010.pt,8ac5a032a78bb88a568b9cfe2e15e95b0aad6f6d428a9ff04ee77fb9b2073364,150d107225160ac498040fa20d4ccf9e26ec2703,True,fixed_per_environment_quotas_v2,mild,11,91,True,True,6.2700000000000005,,7,False,False,39.79827880859375,6.2700000000000005,0.12341757118701935,0.03977642580866814,0.3220536410808563
/home/donglei/isaac_projects/isaac_drone_racer/.worktrees/stage1-fake-vio/logs/skrl/drone_racer/2026-09-02_20-09-09_ppo_torch_stage1_mixed/checkpoints/agent_50010.pt,8ac5a032a78bb88a568b9cfe2e15e95b0aad6f6d428a9ff04ee77fb9b2073364,150d107225160ac498040fa20d4ccf9e26ec2703,True,fixed_per_environment_quotas_v2,mild,11,92,False,False,,7,0,False,True,-7.7882843017578125,2.98,0.11878208070993423,0.2587587833404541,0.6039032936096191
/home/donglei/isaac_projects/isaac_drone_racer/.worktrees/stage1-fake-vio/logs/skrl/drone_racer/2026-09-02_20-09-09_ppo_torch_stage1_mixed/checkpoints/agent_50010.pt,8ac5a032a78bb88a568b9cfe2e15e95b0aad6f6d428a9ff04ee77fb9b2073364,150d107225160ac498040fa20d4ccf9e26ec2703,True,fixed_per_environment_quotas_v2,mild,11,93,True,True,6.0,,7,False,False,39.651790618896484,6.0,0.12628093361854553,0.041609689593315125,0.3246956467628479
/home/donglei/isaac_projects/isaac_drone_racer/.worktrees/stage1-fake-vio/logs/skrl/drone_racer/2026-09-02_20-09-09_ppo_torch_stage1_mixed/checkpoints/agent_50010.pt,8ac5a032a78bb88a568b9cfe2e15e95b0aad6f6d428a9ff04ee77fb9b2073364,150d107225160ac498040fa20d4ccf9e26ec2703,True,fixed_per_environment_quotas_v2,mild,11,94,False,False,,3,4,True,False,19.065380096435547,4.42,0.11888973414897919,0.05389433726668358,0.533815324306488
/home/donglei/isaac_projects/isaac_drone_racer/.worktrees/stage1-fake-vio/logs/skrl/drone_racer/2026-09-02_20-09-09_ppo_torch_stage1_mixed/checkpoints/agent_50010.pt,8ac5a032a78bb88a568b9cfe2e15e95b0aad6f6d428a9ff04ee77fb9b2073364,150d107225160ac498040fa20d4ccf9e26ec2703,True,fixed_per_environment_quotas_v2,mild,11,95,True,True,5.95,,7,False,False,39.589012145996094,5.95,0.12910917401313782,0.03966456279158592,0.3167180120944977
/home/donglei/isaac_projects/isaac_drone_racer/.worktrees/stage1-fake-vio/logs/skrl/drone_racer/2026-09-02_20-09-09_ppo_torch_stage1_mixed/checkpoints/agent_50010.pt,8ac5a032a78bb88a568b9cfe2e15e95b0aad6f6d428a9ff04ee77fb9b2073364,150d107225160ac498040fa20d4ccf9e26ec2703,True,fixed_per_environment_quotas_v2,mild,11,96,True,True,6.09,,7,False,False,39.439735412597656,6.09,0.1310909390449524,0.041445355862379074,0.3288578987121582
/home/donglei/isaac_projects/isaac_drone_racer/.worktrees/stage1-fake-vio/logs/skrl/drone_racer/2026-09-02_20-09-09_ppo_torch_stage1_mixed/checkpoints/agent_50010.pt,8ac5a032a78bb88a568b9cfe2e15e95b0aad6f6d428a9ff04ee77fb9b2073364,150d107225160ac498040fa20d4ccf9e26ec2703,True,fixed_per_environment_quotas_v2,mild,11,97,True,True,6.46,,7,False,False,39.673274993896484,6.46,0.11484682559967041,0.046349335461854935,0.2936837077140808
/home/donglei/isaac_projects/isaac_drone_racer/.worktrees/stage1-fake-vio/logs/skrl/drone_racer/2026-09-02_20-09-09_ppo_torch_stage1_mixed/checkpoints/agent_50010.pt,8ac5a032a78bb88a568b9cfe2e15e95b0aad6f6d428a9ff04ee77fb9b2073364,150d107225160ac498040fa20d4ccf9e26ec2703,True,fixed_per_environment_quotas_v2,mild,11,98,True,True,6.32,,7,False,False,39.759666442871094,6.32,0.12132612615823746,0.04094899445772171,0.31594333052635193
/home/donglei/isaac_projects/isaac_drone_racer/.worktrees/stage1-fake-vio/logs/skrl/drone_racer/2026-09-02_20-09-09_ppo_torch_stage1_mixed/checkpoints/agent_50010.pt,8ac5a032a78bb88a568b9cfe2e15e95b0aad6f6d428a9ff04ee77fb9b2073364,150d107225160ac498040fa20d4ccf9e26ec2703,True,fixed_per_environment_quotas_v2,mild,11,99,True,True,5.98,,7,False,False,39.54631805419922,5.98,0.127031609416008,0.04415091872215271,0.31939154863357544
/home/donglei/isaac_projects/isaac_drone_racer/.worktrees/stage1-fake-vio/logs/skrl/drone_racer/2026-09-02_20-09-09_ppo_torch_stage1_mixed/checkpoints/agent_50010.pt,8ac5a032a78bb88a568b9cfe2e15e95b0aad6f6d428a9ff04ee77fb9b2073364,150d107225160ac498040fa20d4ccf9e26ec2703,True,fixed_per_environment_quotas_v2,mild,11,100,True,True,5.98,,7,False,False,39.492977142333984,5.98,0.13057371973991394,0.0420885868370533,0.3189419209957123
/home/donglei/isaac_projects/isaac_drone_racer/.worktrees/stage1-fake-vio/logs/skrl/drone_racer/2026-09-02_20-09-09_ppo_torch_stage1_mixed/checkpoints/agent_50010.pt,8ac5a032a78bb88a568b9cfe2e15e95b0aad6f6d428a9ff04ee77fb9b2073364,150d107225160ac498040fa20d4ccf9e26ec2703,True,fixed_per_environment_quotas_v2,mild,11,101,True,True,6.11,,7,False,False,39.53459167480469,6.11,0.12204208225011826,0.04194576293230057,0.3101418614387512
/home/donglei/isaac_projects/isaac_drone_racer/.worktrees/stage1-fake-vio/logs/skrl/drone_racer/2026-09-02_20-09-09_ppo_torch_stage1_mixed/checkpoints/agent_50010.pt,8ac5a032a78bb88a568b9cfe2e15e95b0aad6f6d428a9ff04ee77fb9b2073364,150d107225160ac498040fa20d4ccf9e26ec2703,True,fixed_per_environment_quotas_v2,mild,11,102,True,True,6.11,,7,False,False,39.50861358642578,6.11,0.12124242633581161,0.04166156053543091,0.32560238242149353
/home/donglei/isaac_projects/isaac_drone_racer/.worktrees/stage1-fake-vio/logs/skrl/drone_racer/2026-09-02_20-09-09_ppo_torch_stage1_mixed/checkpoints/agent_50010.pt,8ac5a032a78bb88a568b9cfe2e15e95b0aad6f6d428a9ff04ee77fb9b2073364,150d107225160ac498040fa20d4ccf9e26ec2703,True,fixed_per_environment_quotas_v2,mild,11,103,True,True,6.16,,7,False,False,39.552310943603516,6.16,0.12616606056690216,0.042159851640462875,0.3237081468105316
/home/donglei/isaac_projects/isaac_drone_racer/.worktrees/stage1-fake-vio/logs/skrl/drone_racer/2026-09-02_20-09-09_ppo_torch_stage1_mixed/checkpoints/agent_50010.pt,8ac5a032a78bb88a568b9cfe2e15e95b0aad6f6d428a9ff04ee77fb9b2073364,150d107225160ac498040fa20d4ccf9e26ec2703,True,fixed_per_environment_quotas_v2,mild,11,104,True,True,6.09,,7,False,False,39.652854919433594,6.09,0.12037859857082367,0.03894488885998726,0.3162579834461212
/home/donglei/isaac_projects/isaac_drone_racer/.worktrees/stage1-fake-vio/logs/skrl/drone_racer/2026-09-02_20-09-09_ppo_torch_stage1_mixed/checkpoints/agent_50010.pt,8ac5a032a78bb88a568b9cfe2e15e95b0aad6f6d428a9ff04ee77fb9b2073364,150d107225160ac498040fa20d4ccf9e26ec2703,True,fixed_per_environment_quotas_v2,mild,11,105,True,True,6.0600000000000005,,7,False,False,39.64567565917969,6.0600000000000005,0.12298689782619476,0.03971884772181511,0.3212786316871643
/home/donglei/isaac_projects/isaac_drone_racer/.worktrees/stage1-fake-vio/logs/skrl/drone_racer/2026-09-02_20-09-09_ppo_torch_stage1_mixed/checkpoints/agent_50010.pt,8ac5a032a78bb88a568b9cfe2e15e95b0aad6f6d428a9ff04ee77fb9b2073364,150d107225160ac498040fa20d4ccf9e26ec2703,True,fixed_per_environment_quotas_v2,mild,11,106,True,True,6.26,,7,False,False,39.71581268310547,6.26,0.12052258849143982,0.0412265844643116,0.31860893964767456
/home/donglei/isaac_projects/isaac_drone_racer/.worktrees/stage1-fake-vio/logs/skrl/drone_racer/2026-09-02_20-09-09_ppo_torch_stage1_mixed/checkpoints/agent_50010.pt,8ac5a032a78bb88a568b9cfe2e15e95b0aad6f6d428a9ff04ee77fb9b2073364,150d107225160ac498040fa20d4ccf9e26ec2703,True,fixed_per_environment_quotas_v2,mild,11,107,True,True,6.42,,7,False,False,39.697288513183594,6.42,0.11212404817342758,0.04168756678700447,0.27548640966415405
/home/donglei/isaac_projects/isaac_drone_racer/.worktrees/stage1-fake-vio/logs/skrl/drone_racer/2026-09-02_20-09-09_ppo_torch_stage1_mixed/checkpoints/agent_50010.pt,8ac5a032a78bb88a568b9cfe2e15e95b0aad6f6d428a9ff04ee77fb9b2073364,150d107225160ac498040fa20d4ccf9e26ec2703,True,fixed_per_environment_quotas_v2,mild,11,108,True,True,5.93,,7,False,False,39.77239990234375,5.93,0.13110694289207458,0.03912704810500145,0.3262196481227875
/home/donglei/isaac_projects/isaac_drone_racer/.worktrees/stage1-fake-vio/logs/skrl/drone_racer/2026-09-02_20-09-09_ppo_torch_stage1_mixed/checkpoints/agent_50010.pt,8ac5a032a78bb88a568b9cfe2e15e95b0aad6f6d428a9ff04ee77fb9b2073364,150d107225160ac498040fa20d4ccf9e26ec2703,True,fixed_per_environment_quotas_v2,mild,11,109,True,True,6.21,,7,False,False,39.86648178100586,6.21,0.12545885145664215,0.039809826761484146,0.322125643491745
/home/donglei/isaac_projects/isaac_drone_racer/.worktrees/stage1-fake-vio/logs/skrl/drone_racer/2026-09-02_20-09-09_ppo_torch_stage1_mixed/checkpoints/agent_50010.pt,8ac5a032a78bb88a568b9cfe2e15e95b0aad6f6d428a9ff04ee77fb9b2073364,150d107225160ac498040fa20d4ccf9e26ec2703,True,fixed_per_environment_quotas_v2,mild,11,110,True,True,6.21,,7,False,False,39.83283233642578,6.21,0.12356365472078323,0.03918560966849327,0.31706908345222473
/home/donglei/isaac_projects/isaac_drone_racer/.worktrees/stage1-fake-vio/logs/skrl/drone_racer/2026-09-02_20-09-09_ppo_torch_stage1_mixed/checkpoints/agent_50010.pt,8ac5a032a78bb88a568b9cfe2e15e95b0aad6f6d428a9ff04ee77fb9b2073364,150d107225160ac498040fa20d4ccf9e26ec2703,True,fixed_per_environment_quotas_v2,mild,11,111,True,True,6.0,,7,False,False,39.661346435546875,6.0,0.12620732188224792,0.04022597521543503,0.3100898265838623
/home/donglei/isaac_projects/isaac_drone_racer/.worktrees/stage1-fake-vio/logs/skrl/drone_racer/2026-09-02_20-09-09_ppo_torch_stage1_mixed/checkpoints/agent_50010.pt,8ac5a032a78bb88a568b9cfe2e15e95b0aad6f6d428a9ff04ee77fb9b2073364,150d107225160ac498040fa20d4ccf9e26ec2703,True,fixed_per_environment_quotas_v2,mild,11,112,True,True,6.3500000000000005,,7,False,False,39.933570861816406,6.3500000000000005,0.1218879371881485,0.04229355975985527,0.30944278836250305
/home/donglei/isaac_projects/isaac_drone_racer/.worktrees/stage1-fake-vio/logs/skrl/drone_racer/2026-09-02_20-09-09_ppo_torch_stage1_mixed/checkpoints/agent_50010.pt,8ac5a032a78bb88a568b9cfe2e15e95b0aad6f6d428a9ff04ee77fb9b2073364,150d107225160ac498040fa20d4ccf9e26ec2703,True,fixed_per_environment_quotas_v2,mild,11,113,True,True,6.23,,7,False,False,39.66687774658203,6.23,0.11646898090839386,0.04442080482840538,0.30115583539009094
/home/donglei/isaac_projects/isaac_drone_racer/.worktrees/stage1-fake-vio/logs/skrl/drone_racer/2026-09-02_20-09-09_ppo_torch_stage1_mixed/checkpoints/agent_50010.pt,8ac5a032a78bb88a568b9cfe2e15e95b0aad6f6d428a9ff04ee77fb9b2073364,150d107225160ac498040fa20d4ccf9e26ec2703,True,fixed_per_environment_quotas_v2,mild,11,114,True,True,5.98,,7,False,False,39.78730010986328,5.98,0.12838327884674072,0.04031049832701683,0.32522743940353394
/home/donglei/isaac_projects/isaac_drone_racer/.worktrees/stage1-fake-vio/logs/skrl/drone_racer/2026-09-02_20-09-09_ppo_torch_stage1_mixed/checkpoints/agent_50010.pt,8ac5a032a78bb88a568b9cfe2e15e95b0aad6f6d428a9ff04ee77fb9b2073364,150d107225160ac498040fa20d4ccf9e26ec2703,True,fixed_per_environment_quotas_v2,mild,11,115,True,True,6.140000000000001,,7,False,False,39.397857666015625,6.140000000000001,0.12928880751132965,0.04108089953660965,0.3206818103790283
/home/donglei/isaac_projects/isaac_drone_racer/.worktrees/stage1-fake-vio/logs/skrl/drone_racer/2026-09-02_20-09-09_ppo_torch_stage1_mixed/checkpoints/agent_50010.pt,8ac5a032a78bb88a568b9cfe2e15e95b0aad6f6d428a9ff04ee77fb9b2073364,150d107225160ac498040fa20d4ccf9e26ec2703,True,fixed_per_environment_quotas_v2,mild,11,116,True,True,6.17,,7,False,False,39.5750846862793,6.17,0.12349748611450195,0.04030092805624008,0.32288727164268494
/home/donglei/isaac_projects/isaac_drone_racer/.worktrees/stage1-fake-vio/logs/skrl/drone_racer/2026-09-02_20-09-09_ppo_torch_stage1_mixed/checkpoints/agent_50010.pt,8ac5a032a78bb88a568b9cfe2e15e95b0aad6f6d428a9ff04ee77fb9b2073364,150d107225160ac498040fa20d4ccf9e26ec2703,True,fixed_per_environment_quotas_v2,mild,11,117,True,True,5.83,,7,False,False,39.43690872192383,5.83,0.12941977381706238,0.038086406886577606,0.3266140818595886
/home/donglei/isaac_projects/isaac_drone_racer/.worktrees/stage1-fake-vio/logs/skrl/drone_racer/2026-09-02_20-09-09_ppo_torch_stage1_mixed/checkpoints/agent_50010.pt,8ac5a032a78bb88a568b9cfe2e15e95b0aad6f6d428a9ff04ee77fb9b2073364,150d107225160ac498040fa20d4ccf9e26ec2703,True,fixed_per_environment_quotas_v2,mild,11,118,True,True,6.11,,7,False,False,39.51670837402344,6.11,0.12229835242033005,0.04154843091964722,0.3305920958518982
/home/donglei/isaac_projects/isaac_drone_racer/.worktrees/stage1-fake-vio/logs/skrl/drone_racer/2026-09-02_20-09-09_ppo_torch_stage1_mixed/checkpoints/agent_50010.pt,8ac5a032a78bb88a568b9cfe2e15e95b0aad6f6d428a9ff04ee77fb9b2073364,150d107225160ac498040fa20d4ccf9e26ec2703,True,fixed_per_environment_quotas_v2,mild,11,119,True,True,6.0,,7,False,False,39.571434020996094,6.0,0.12256454676389694,0.03919481486082077,0.3232470452785492
/home/donglei/isaac_projects/isaac_drone_racer/.worktrees/stage1-fake-vio/logs/skrl/drone_racer/2026-09-02_20-09-09_ppo_torch_stage1_mixed/checkpoints/agent_50010.pt,8ac5a032a78bb88a568b9cfe2e15e95b0aad6f6d428a9ff04ee77fb9b2073364,150d107225160ac498040fa20d4ccf9e26ec2703,True,fixed_per_environment_quotas_v2,mild,11,120,True,True,6.23,,7,False,False,39.86882400512695,6.23,0.12307379394769669,0.040100838989019394,0.315678209066391
/home/donglei/isaac_projects/isaac_drone_racer/.worktrees/stage1-fake-vio/logs/skrl/drone_racer/2026-09-02_20-09-09_ppo_torch_stage1_mixed/checkpoints/agent_50010.pt,8ac5a032a78bb88a568b9cfe2e15e95b0aad6f6d428a9ff04ee77fb9b2073364,150d107225160ac498040fa20d4ccf9e26ec2703,True,fixed_per_environment_quotas_v2,mild,11,121,True,True,6.05,,7,False,False,39.53662109375,6.05,0.1269569993019104,0.0437031015753746,0.3338260054588318
/home/donglei/isaac_projects/isaac_drone_racer/.worktrees/stage1-fake-vio/logs/skrl/drone_racer/2026-09-02_20-09-09_ppo_torch_stage1_mixed/checkpoints/agent_50010.pt,8ac5a032a78bb88a568b9cfe2e15e95b0aad6f6d428a9ff04ee77fb9b2073364,150d107225160ac498040fa20d4ccf9e26ec2703,True,fixed_per_environment_quotas_v2,mild,11,122,True,True,5.96,,7,False,False,39.41276550292969,5.96,0.12744374573230743,0.04191403463482857,0.31076309084892273
/home/donglei/isaac_projects/isaac_drone_racer/.worktrees/stage1-fake-vio/logs/skrl/drone_racer/2026-09-02_20-09-09_ppo_torch_stage1_mixed/checkpoints/agent_50010.pt,8ac5a032a78bb88a568b9cfe2e15e95b0aad6f6d428a9ff04ee77fb9b2073364,150d107225160ac498040fa20d4ccf9e26ec2703,True,fixed_per_environment_quotas_v2,mild,11,123,True,True,5.9,,7,False,False,39.59791946411133,5.9,0.12479995936155319,0.040640659630298615,0.3266946077346802
/home/donglei/isaac_projects/isaac_drone_racer/.worktrees/stage1-fake-vio/logs/skrl/drone_racer/2026-09-02_20-09-09_ppo_torch_stage1_mixed/checkpoints/agent_50010.pt,8ac5a032a78bb88a568b9cfe2e15e95b0aad6f6d428a9ff04ee77fb9b2073364,150d107225160ac498040fa20d4ccf9e26ec2703,True,fixed_per_environment_quotas_v2,mild,11,124,True,True,6.0,,7,False,False,39.70467758178711,6.0,0.12905937433242798,0.040093690156936646,0.3286808729171753
/home/donglei/isaac_projects/isaac_drone_racer/.worktrees/stage1-fake-vio/logs/skrl/drone_racer/2026-09-02_20-09-09_ppo_torch_stage1_mixed/checkpoints/agent_50010.pt,8ac5a032a78bb88a568b9cfe2e15e95b0aad6f6d428a9ff04ee77fb9b2073364,150d107225160ac498040fa20d4ccf9e26ec2703,True,fixed_per_environment_quotas_v2,mild,11,125,True,True,5.95,,7,False,False,39.4936637878418,5.95,0.12327927350997925,0.0395701639354229,0.3262774646282196
/home/donglei/isaac_projects/isaac_drone_racer/.worktrees/stage1-fake-vio/logs/skrl/drone_racer/2026-09-02_20-09-09_ppo_torch_stage1_mixed/checkpoints/agent_50010.pt,8ac5a032a78bb88a568b9cfe2e15e95b0aad6f6d428a9ff04ee77fb9b2073364,150d107225160ac498040fa20d4ccf9e26ec2703,True,fixed_per_environment_quotas_v2,mild,11,126,True,True,6.11,,7,False,False,39.69478988647461,6.11,0.12554673850536346,0.04095826670527458,0.30445292592048645
/home/donglei/isaac_projects/isaac_drone_racer/.worktrees/stage1-fake-vio/logs/skrl/drone_racer/2026-09-02_20-09-09_ppo_torch_stage1_mixed/checkpoints/agent_50010.pt,8ac5a032a78bb88a568b9cfe2e15e95b0aad6f6d428a9ff04ee77fb9b2073364,150d107225160ac498040fa20d4ccf9e26ec2703,True,fixed_per_environment_quotas_v2,mild,11,127,True,True,6.0,,7,False,False,39.4926872253418,6.0,0.12309108674526215,0.042399607598781586,0.33124467730522156
/home/donglei/isaac_projects/isaac_drone_racer/.worktrees/stage1-fake-vio/logs/skrl/drone_racer/2026-09-02_20-09-09_ppo_torch_stage1_mixed/checkpoints/agent_50010.pt,8ac5a032a78bb88a568b9cfe2e15e95b0aad6f6d428a9ff04ee77fb9b2073364,150d107225160ac498040fa20d4ccf9e26ec2703,True,fixed_per_environment_quotas_v2,mild,29,0,False,False,,6,0,True,False,-4.932699680328369,0.03,0.12841564416885376,0.045971762388944626,6.07863187789917
/home/donglei/isaac_projects/isaac_drone_racer/.worktrees/stage1-fake-vio/logs/skrl/drone_racer/2026-09-02_20-09-09_ppo_torch_stage1_mixed/checkpoints/agent_50010.pt,8ac5a032a78bb88a568b9cfe2e15e95b0aad6f6d428a9ff04ee77fb9b2073364,150d107225160ac498040fa20d4ccf9e26ec2703,True,fixed_per_environment_quotas_v2,mild,29,1,False,False,,3,0,True,False,-4.787631511688232,0.41000000000000003,0.04440860077738762,0.08710714429616928,0.3521353006362915
/home/donglei/isaac_projects/isaac_drone_racer/.worktrees/stage1-fake-vio/logs/skrl/drone_racer/2026-09-02_20-09-09_ppo_torch_stage1_mixed/checkpoints/agent_50010.pt,8ac5a032a78bb88a568b9cfe2e15e95b0aad6f6d428a9ff04ee77fb9b2073364,150d107225160ac498040fa20d4ccf9e26ec2703,True,fixed_per_environment_quotas_v2,mild,29,2,False,False,,5,1,False,False,5.138144493103027,0.89,0.10412723571062088,0.04378337785601616,0.349602073431015
/home/donglei/isaac_projects/isaac_drone_racer/.worktrees/stage1-fake-vio/logs/skrl/drone_racer/2026-09-02_20-09-09_ppo_torch_stage1_mixed/checkpoints/agent_50010.pt,8ac5a032a78bb88a568b9cfe2e15e95b0aad6f6d428a9ff04ee77fb9b2073364,150d107225160ac498040fa20d4ccf9e26ec2703,True,fixed_per_environment_quotas_v2,mild,29,3,False,False,,7,2,False,False,10.494197845458984,1.1,0.13280177116394043,0.038265492767095566,0.27271148562431335
/home/donglei/isaac_projects/isaac_drone_racer/.worktrees/stage1-fake-vio/logs/skrl/drone_racer/2026-09-02_20-09-09_ppo_torch_stage1_mixed/checkpoints/agent_50010.pt,8ac5a032a78bb88a568b9cfe2e15e95b0aad6f6d428a9ff04ee77fb9b2073364,150d107225160ac498040fa20d4ccf9e26ec2703,True,fixed_per_environment_quotas_v2,mild,29,4,False,False,,2,2,False,False,9.66815185546875,1.11,0.09426270425319672,0.03748567774891853,0.29404157400131226
/home/donglei/isaac_projects/isaac_drone_racer/.worktrees/stage1-fake-vio/logs/skrl/drone_racer/2026-09-02_20-09-09_ppo_torch_stage1_mixed/checkpoints/agent_50010.pt,8ac5a032a78bb88a568b9cfe2e15e95b0aad6f6d428a9ff04ee77fb9b2073364,150d107225160ac498040fa20d4ccf9e26ec2703,True,fixed_per_environment_quotas_v2,mild,29,5,False,False,,3,1,False,False,6.15423583984375,1.17,0.13065077364444733,0.0365992970764637,0.32258906960487366
/home/donglei/isaac_projects/isaac_drone_racer/.worktrees/stage1-fake-vio/logs/skrl/drone_racer/2026-09-02_20-09-09_ppo_torch_stage1_mixed/checkpoints/agent_50010.pt,8ac5a032a78bb88a568b9cfe2e15e95b0aad6f6d428a9ff04ee77fb9b2073364,150d107225160ac498040fa20d4ccf9e26ec2703,True,fixed_per_environment_quotas_v2,mild,29,6,False,False,,2,1,False,False,6.54388427734375,1.19,0.12565936148166656,0.04404233396053314,0.3307703733444214
/home/donglei/isaac_projects/isaac_drone_racer/.worktrees/stage1-fake-vio/logs/skrl/drone_racer/2026-09-02_20-09-09_ppo_torch_stage1_mixed/checkpoints/agent_50010.pt,8ac5a032a78bb88a568b9cfe2e15e95b0aad6f6d428a9ff04ee77fb9b2073364,150d107225160ac498040fa20d4ccf9e26ec2703,True,fixed_per_environment_quotas_v2,mild,29,7,False,False,,2,2,False,False,9.917764663696289,1.21,0.09807366132736206,0.035124294459819794,0.34772545099258423
/home/donglei/isaac_projects/isaac_drone_racer/.worktrees/stage1-fake-vio/logs/skrl/drone_racer/2026-09-02_20-09-09_ppo_torch_stage1_mixed/checkpoints/agent_50010.pt,8ac5a032a78bb88a568b9cfe2e15e95b0aad6f6d428a9ff04ee77fb9b2073364,150d107225160ac498040fa20d4ccf9e26ec2703,True,fixed_per_environment_quotas_v2,mild,29,8,False,False,,4,0,False,True,-12.050260543823242,1.33,0.1837538778781891,0.13682617247104645,0.22925440967082977
/home/donglei/isaac_projects/isaac_drone_racer/.worktrees/stage1-fake-vio/logs/skrl/drone_racer/2026-09-02_20-09-09_ppo_torch_stage1_mixed/checkpoints/agent_50010.pt,8ac5a032a78bb88a568b9cfe2e15e95b0aad6f6d428a9ff04ee77fb9b2073364,150d107225160ac498040fa20d4ccf9e26ec2703,True,fixed_per_environment_quotas_v2,mild,29,9,False,False,,6,2,False,False,10.235389709472656,1.34,0.11903810501098633,0.0399663969874382,0.3182772696018219
/home/donglei/isaac_projects/isaac_drone_racer/.worktrees/stage1-fake-vio/logs/skrl/drone_racer/2026-09-02_20-09-09_ppo_torch_stage1_mixed/checkpoints/agent_50010.pt,8ac5a032a78bb88a568b9cfe2e15e95b0aad6f6d428a9ff04ee77fb9b2073364,150d107225160ac498040fa20d4ccf9e26ec2703,True,fixed_per_environment_quotas_v2,mild,29,10,False,False,,1,0,True,False,-4.577528953552246,1.34,0.07910352945327759,0.17172303795814514,1.092895746231079
/home/donglei/isaac_projects/isaac_drone_racer/.worktrees/stage1-fake-vio/logs/skrl/drone_racer/2026-09-02_20-09-09_ppo_torch_stage1_mixed/checkpoints/agent_50010.pt,8ac5a032a78bb88a568b9cfe2e15e95b0aad6f6d428a9ff04ee77fb9b2073364,150d107225160ac498040fa20d4ccf9e26ec2703,True,fixed_per_environment_quotas_v2,mild,29,11,False,False,,4,1,False,False,6.927454948425293,1.35,0.1319625973701477,0.030980221927165985,0.33534592390060425
/home/donglei/isaac_projects/isaac_drone_racer/.worktrees/stage1-fake-vio/logs/skrl/drone_racer/2026-09-02_20-09-09_ppo_torch_stage1_mixed/checkpoints/agent_50010.pt,8ac5a032a78bb88a568b9cfe2e15e95b0aad6f6d428a9ff04ee77fb9b2073364,150d107225160ac498040fa20d4ccf9e26ec2703,True,fixed_per_environment_quotas_v2,mild,29,12,False,False,,5,2,False,False,11.159052848815918,1.36,0.16897565126419067,0.043474920094013214,0.3569045960903168
/home/donglei/isaac_projects/isaac_drone_racer/.worktrees/stage1-fake-vio/logs/skrl/drone_racer/2026-09-02_20-09-09_ppo_torch_stage1_mixed/checkpoints/agent_50010.pt,8ac5a032a78bb88a568b9cfe2e15e95b0aad6f6d428a9ff04ee77fb9b2073364,150d107225160ac498040fa20d4ccf9e26ec2703,True,fixed_per_environment_quotas_v2,mild,29,13,False,False,,1,2,False,False,11.007147789001465,1.52,0.12856799364089966,0.04014921188354492,0.3359889090061188
/home/donglei/isaac_projects/isaac_drone_racer/.worktrees/stage1-fake-vio/logs/skrl/drone_racer/2026-09-02_20-09-09_ppo_torch_stage1_mixed/checkpoints/agent_50010.pt,8ac5a032a78bb88a568b9cfe2e15e95b0aad6f6d428a9ff04ee77fb9b2073364,150d107225160ac498040fa20d4ccf9e26ec2703,True,fixed_per_environment_quotas_v2,mild,29,14,False,False,,3,2,False,False,10.99264907836914,1.6,0.1252373605966568,0.04165508970618248,0.34011802077293396
/home/donglei/isaac_projects/isaac_drone_racer/.worktrees/stage1-fake-vio/logs/skrl/drone_racer/2026-09-02_20-09-09_ppo_torch_stage1_mixed/checkpoints/agent_50010.pt,8ac5a032a78bb88a568b9cfe2e15e95b0aad6f6d428a9ff04ee77fb9b2073364,150d107225160ac498040fa20d4ccf9e26ec2703,True,fixed_per_environment_quotas_v2,mild,29,15,False,False,,4,2,False,False,11.977622032165527,1.73,0.15485556423664093,0.0290535856038332,0.3290209472179413
/home/donglei/isaac_projects/isaac_drone_racer/.worktrees/stage1-fake-vio/logs/skrl/drone_racer/2026-09-02_20-09-09_ppo_torch_stage1_mixed/checkpoints/agent_50010.pt,8ac5a032a78bb88a568b9cfe2e15e95b0aad6f6d428a9ff04ee77fb9b2073364,150d107225160ac498040fa20d4ccf9e26ec2703,True,fixed_per_environment_quotas_v2,mild,29,16,False,False,,1,0,True,False,-4.199570655822754,0.62,0.07585549354553223,0.056368645280599594,0.9305404424667358
/home/donglei/isaac_projects/isaac_drone_racer/.worktrees/stage1-fake-vio/logs/skrl/drone_racer/2026-09-02_20-09-09_ppo_torch_stage1_mixed/checkpoints/agent_50010.pt,8ac5a032a78bb88a568b9cfe2e15e95b0aad6f6d428a9ff04ee77fb9b2073364,150d107225160ac498040fa20d4ccf9e26ec2703,True,fixed_per_environment_quotas_v2,mild,29,17,False,False,,3,3,False,False,16.09619140625,2.09,0.12231001257896423,0.042092740535736084,0.34232985973358154
/home/donglei/isaac_projects/isaac_drone_racer/.worktrees/stage1-fake-vio/logs/skrl/drone_racer/2026-09-02_20-09-09_ppo_torch_stage1_mixed/checkpoints/agent_50010.pt,8ac5a032a78bb88a568b9cfe2e15e95b0aad6f6d428a9ff04ee77fb9b2073364,150d107225160ac498040fa20d4ccf9e26ec2703,True,fixed_per_environment_quotas_v2,mild,29,18,False,False,,1,2,False,False,12.014922142028809,2.11,0.12811356782913208,0.03699450194835663,0.3376566767692566
/home/donglei/isaac_projects/isaac_drone_racer/.worktrees/stage1-fake-vio/logs/skrl/drone_racer/2026-09-02_20-09-09_ppo_torch_stage1_mixed/checkpoints/agent_50010.pt,8ac5a032a78bb88a568b9cfe2e15e95b0aad6f6d428a9ff04ee77fb9b2073364,150d107225160ac498040fa20d4ccf9e26ec2703,True,fixed_per_environment_quotas_v2,mild,29,19,False,False,,2,3,False,False,16.208086013793945,2.27,0.1149083822965622,0.03823541849851608,0.3215726613998413
/home/donglei/isaac_projects/isaac_drone_racer/.worktrees/stage1-fake-vio/logs/skrl/drone_racer/2026-09-02_20-09-09_ppo_torch_stage1_mixed/checkpoints/agent_50010.pt,8ac5a032a78bb88a568b9cfe2e15e95b0aad6f6d428a9ff04ee77fb9b2073364,150d107225160ac498040fa20d4ccf9e26ec2703,True,fixed_per_environment_quotas_v2,mild,29,20,False,False,,3,0,True,False,-3.0629701614379883,0.93,0.13019166886806488,0.059571485966444016,1.4899202585220337
/home/donglei/isaac_projects/isaac_drone_racer/.worktrees/stage1-fake-vio/logs/skrl/drone_racer/2026-09-02_20-09-09_ppo_torch_stage1_mixed/checkpoints/agent_50010.pt,8ac5a032a78bb88a568b9cfe2e15e95b0aad6f6d428a9ff04ee77fb9b2073364,150d107225160ac498040fa20d4ccf9e26ec2703,True,fixed_per_environment_quotas_v2,mild,29,21,False,False,,1,4,False,False,20.50206184387207,2.65,0.11550798267126083,0.038076937198638916,0.3299148678779602
/home/donglei/isaac_projects/isaac_drone_racer/.worktrees/stage1-fake-vio/logs/skrl/drone_racer/2026-09-02_20-09-09_ppo_torch_stage1_mixed/checkpoints/agent_50010.pt,8ac5a032a78bb88a568b9cfe2e15e95b0aad6f6d428a9ff04ee77fb9b2073364,150d107225160ac498040fa20d4ccf9e26ec2703,True,fixed_per_environment_quotas_v2,mild,29,22,False,False,,4,3,False,False,18.29378318786621,2.68,0.14727678894996643,0.03813363239169121,0.34077832102775574
/home/donglei/isaac_projects/isaac_drone_racer/.worktrees/stage1-fake-vio/logs/skrl/drone_racer/2026-09-02_20-09-09_ppo_torch_stage1_mixed/checkpoints/agent_50010.pt,8ac5a032a78bb88a568b9cfe2e15e95b0aad6f6d428a9ff04ee77fb9b2073364,150d107225160ac498040fa20d4ccf9e26ec2703,True,fixed_per_environment_quotas_v2,mild,29,23,False,False,,3,3,True,False,10.866082191467285,2.91,0.11415159702301025,0.09276159852743149,0.4439094066619873
/home/donglei/isaac_projects/isaac_drone_racer/.worktrees/stage1-fake-vio/logs/skrl/drone_racer/2026-09-02_20-09-09_ppo_torch_stage1_mixed/checkpoints/agent_50010.pt,8ac5a032a78bb88a568b9cfe2e15e95b0aad6f6d428a9ff04ee77fb9b2073364,150d107225160ac498040fa20d4ccf9e26ec2703,True,fixed_per_environment_quotas_v2,mild,29,24,False,False,,6,3,False,False,18.089622497558594,2.98,0.13380630314350128,0.043741241097450256,0.335407018661499
/home/donglei/isaac_projects/isaac_drone_racer/.worktrees/stage1-fake-vio/logs/skrl/drone_racer/2026-09-02_20-09-09_ppo_torch_stage1_mixed/checkpoints/agent_50010.pt,8ac5a032a78bb88a568b9cfe2e15e95b0aad6f6d428a9ff04ee77fb9b2073364,150d107225160ac498040fa20d4ccf9e26ec2703,True,fixed_per_environment_quotas_v2,mild,29,25,False,False,,4,4,False,False,22.679248809814453,3.18,0.13779060542583466,0.03777417168021202,0.3471314609050751
/home/donglei/isaac_projects/isaac_drone_racer/.worktrees/stage1-fake-vio/logs/skrl/drone_racer/2026-09-02_20-09-09_ppo_torch_stage1_mixed/checkpoints/agent_50010.pt,8ac5a032a78bb88a568b9cfe2e15e95b0aad6f6d428a9ff04ee77fb9b2073364,150d107225160ac498040fa20d4ccf9e26ec2703,True,fixed_per_environment_quotas_v2,mild,29,26,False,False,,2,2,True,False,7.013980865478516,2.5,0.11303471773862839,0.04279067739844322,0.3065336048603058
/home/donglei/isaac_projects/isaac_drone_racer/.worktrees/stage1-fake-vio/logs/skrl/drone_racer/2026-09-02_20-09-09_ppo_torch_stage1_mixed/checkpoints/agent_50010.pt,8ac5a032a78bb88a568b9cfe2e15e95b0aad6f6d428a9ff04ee77fb9b2073364,150d107225160ac498040fa20d4ccf9e26ec2703,True,fixed_per_environment_quotas_v2,mild,29,27,False,False,,6,4,False,False,23.16514778137207,3.4,0.14113569259643555,0.043523382395505905,0.3348304033279419
/home/donglei/isaac_projects/isaac_drone_racer/.worktrees/stage1-fake-vio/logs/skrl/drone_racer/2026-09-02_20-09-09_ppo_torch_stage1_mixed/checkpoints/agent_50010.pt,8ac5a032a78bb88a568b9cfe2e15e95b0aad6f6d428a9ff04ee77fb9b2073364,150d107225160ac498040fa20d4ccf9e26ec2703,True,fixed_per_environment_quotas_v2,mild,29,28,False,False,,6,5,False,False,27.842693328857422,3.86,0.13451902568340302,0.04016279801726341,0.338567852973938
/home/donglei/isaac_projects/isaac_drone_racer/.worktrees/stage1-fake-vio/logs/skrl/drone_racer/2026-09-02_20-09-09_ppo_torch_stage1_mixed/checkpoints/agent_50010.pt,8ac5a032a78bb88a568b9cfe2e15e95b0aad6f6d428a9ff04ee77fb9b2073364,150d107225160ac498040fa20d4ccf9e26ec2703,True,fixed_per_environment_quotas_v2,mild,29,29,False,False,,6,0,True,False,-3.2192869186401367,1.49,0.09139968454837799,0.051207609474658966,0.6258932948112488
/home/donglei/isaac_projects/isaac_drone_racer/.worktrees/stage1-fake-vio/logs/skrl/drone_racer/2026-09-02_20-09-09_ppo_torch_stage1_mixed/checkpoints/agent_50010.pt,8ac5a032a78bb88a568b9cfe2e15e95b0aad6f6d428a9ff04ee77fb9b2073364,150d107225160ac498040fa20d4ccf9e26ec2703,True,fixed_per_environment_quotas_v2,mild,29,30,False,False,,4,4,True,False,18.959489822387695,4.42,0.1258099526166916,0.13061994314193726,0.47632139921188354
/home/donglei/isaac_projects/isaac_drone_racer/.worktrees/stage1-fake-vio/logs/skrl/drone_racer/2026-09-02_20-09-09_ppo_torch_stage1_mixed/checkpoints/agent_50010.pt,8ac5a032a78bb88a568b9cfe2e15e95b0aad6f6d428a9ff04ee77fb9b2073364,150d107225160ac498040fa20d4ccf9e26ec2703,True,fixed_per_environment_quotas_v2,mild,29,31,True,True,5.18,,7,False,False,38.138214111328125,5.18,0.131400004029274,0.040949732065200806,0.3356015086174011
/home/donglei/isaac_projects/isaac_drone_racer/.worktrees/stage1-fake-vio/logs/skrl/drone_racer/2026-09-02_20-09-09_ppo_torch_stage1_mixed/checkpoints/agent_50010.pt,8ac5a032a78bb88a568b9cfe2e15e95b0aad6f6d428a9ff04ee77fb9b2073364,150d107225160ac498040fa20d4ccf9e26ec2703,True,fixed_per_environment_quotas_v2,mild,29,32,False,False,,1,3,True,False,11.496175765991211,3.22,0.10001984238624573,0.06799357384443283,0.4751051962375641
/home/donglei/isaac_projects/isaac_drone_racer/.worktrees/stage1-fake-vio/logs/skrl/drone_racer/2026-09-02_20-09-09_ppo_torch_stage1_mixed/checkpoints/agent_50010.pt,8ac5a032a78bb88a568b9cfe2e15e95b0aad6f6d428a9ff04ee77fb9b2073364,150d107225160ac498040fa20d4ccf9e26ec2703,True,fixed_per_environment_quotas_v2,mild,29,33,True,True,5.51,,7,False,False,39.349979400634766,5.51,0.12881018221378326,0.041230425238609314,0.31444820761680603
/home/donglei/isaac_projects/isaac_drone_racer/.worktrees/stage1-fake-vio/logs/skrl/drone_racer/2026-09-02_20-09-09_ppo_torch_stage1_mixed/checkpoints/agent_50010.pt,8ac5a032a78bb88a568b9cfe2e15e95b0aad6f6d428a9ff04ee77fb9b2073364,150d107225160ac498040fa20d4ccf9e26ec2703,True,fixed_per_environment_quotas_v2,mild,29,34,False,False,,4,3,True,False,14.762778282165527,3.69,0.13714392483234406,0.04531610757112503,0.33919277787208557
/home/donglei/isaac_projects/isaac_drone_racer/.worktrees/stage1-fake-vio/logs/skrl/drone_racer/2026-09-02_20-09-09_ppo_torch_stage1_mixed/checkpoints/agent_50010.pt,8ac5a032a78bb88a568b9cfe2e15e95b0aad6f6d428a9ff04ee77fb9b2073364,150d107225160ac498040fa20d4ccf9e26ec2703,True,fixed_per_environment_quotas_v2,mild,29,35,False,False,,4,6,False,True,20.212581634521484,7.76,0.1271590143442154,0.5694388151168823,0.5731367468833923
/home/donglei/isaac_projects/isaac_drone_racer/.worktrees/stage1-fake-vio/logs/skrl/drone_racer/2026-09-02_20-09-09_ppo_torch_stage1_mixed/checkpoints/agent_50010.pt,8ac5a032a78bb88a568b9cfe2e15e95b0aad6f6d428a9ff04ee77fb9b2073364,150d107225160ac498040fa20d4ccf9e26ec2703,True,fixed_per_environment_quotas_v2,mild,29,36,True,True,5.5200000000000005,,7,False,False,39.68471145629883,5.5200000000000005,0.1318271905183792,0.04052316024899483,0.32304972410202026
/home/donglei/isaac_projects/isaac_drone_racer/.worktrees/stage1-fake-vio/logs/skrl/drone_racer/2026-09-02_20-09-09_ppo_torch_stage1_mixed/checkpoints/agent_50010.pt,8ac5a032a78bb88a568b9cfe2e15e95b0aad6f6d428a9ff04ee77fb9b2073364,150d107225160ac498040fa20d4ccf9e26ec2703,True,fixed_per_environment_quotas_v2,mild,29,37,True,True,5.4,,7,False,False,39.04177474975586,5.4,0.134062260389328,0.04151077941060066,0.32950204610824585
/home/donglei/isaac_projects/isaac_drone_racer/.worktrees/stage1-fake-vio/logs/skrl/drone_racer/2026-09-02_20-09-09_ppo_torch_stage1_mixed/checkpoints/agent_50010.pt,8ac5a032a78bb88a568b9cfe2e15e95b0aad6f6d428a9ff04ee77fb9b2073364,150d107225160ac498040fa20d4ccf9e26ec2703,True,fixed_per_environment_quotas_v2,mild,29,38,True,True,5.43,,7,False,False,38.63425064086914,5.43,0.120712049305439,0.04098457470536232,0.31649279594421387
/home/donglei/isaac_projects/isaac_drone_racer/.worktrees/stage1-fake-vio/logs/skrl/drone_racer/2026-09-02_20-09-09_ppo_torch_stage1_mixed/checkpoints/agent_50010.pt,8ac5a032a78bb88a568b9cfe2e15e95b0aad6f6d428a9ff04ee77fb9b2073364,150d107225160ac498040fa20d4ccf9e26ec2703,True,fixed_per_environment_quotas_v2,mild,29,39,True,True,6.04,,7,False,False,39.70189666748047,6.04,0.12037347257137299,0.04073753580451012,0.31636500358581543
/home/donglei/isaac_projects/isaac_drone_racer/.worktrees/stage1-fake-vio/logs/skrl/drone_racer/2026-09-02_20-09-09_ppo_torch_stage1_mixed/checkpoints/agent_50010.pt,8ac5a032a78bb88a568b9cfe2e15e95b0aad6f6d428a9ff04ee77fb9b2073364,150d107225160ac498040fa20d4ccf9e26ec2703,True,fixed_per_environment_quotas_v2,mild,29,40,True,True,4.97,,7,False,False,37.536590576171875,4.97,0.12199082970619202,0.04127867519855499,0.3224400579929352
/home/donglei/isaac_projects/isaac_drone_racer/.worktrees/stage1-fake-vio/logs/skrl/drone_racer/2026-09-02_20-09-09_ppo_torch_stage1_mixed/checkpoints/agent_50010.pt,8ac5a032a78bb88a568b9cfe2e15e95b0aad6f6d428a9ff04ee77fb9b2073364,150d107225160ac498040fa20d4ccf9e26ec2703,True,fixed_per_environment_quotas_v2,mild,29,41,True,True,5.08,,7,False,False,37.71937561035156,5.08,0.13141359388828278,0.04137181118130684,0.34856003522872925
/home/donglei/isaac_projects/isaac_drone_racer/.worktrees/stage1-fake-vio/logs/skrl/drone_racer/2026-09-02_20-09-09_ppo_torch_stage1_mixed/checkpoints/agent_50010.pt,8ac5a032a78bb88a568b9cfe2e15e95b0aad6f6d428a9ff04ee77fb9b2073364,150d107225160ac498040fa20d4ccf9e26ec2703,True,fixed_per_environment_quotas_v2,mild,29,42,True,True,5.66,,7,False,False,39.562110900878906,5.66,0.1237361952662468,0.0408051498234272,0.3192498981952667
/home/donglei/isaac_projects/isaac_drone_racer/.worktrees/stage1-fake-vio/logs/skrl/drone_racer/2026-09-02_20-09-09_ppo_torch_stage1_mixed/checkpoints/agent_50010.pt,8ac5a032a78bb88a568b9cfe2e15e95b0aad6f6d428a9ff04ee77fb9b2073364,150d107225160ac498040fa20d4ccf9e26ec2703,True,fixed_per_environment_quotas_v2,mild,29,43,True,True,5.63,,7,False,False,39.196983337402344,5.63,0.13401199877262115,0.04020165652036667,0.3418193459510803
/home/donglei/isaac_projects/isaac_drone_racer/.worktrees/stage1-fake-vio/logs/skrl/drone_racer/2026-09-02_20-09-09_ppo_torch_stage1_mixed/checkpoints/agent_50010.pt,8ac5a032a78bb88a568b9cfe2e15e95b0aad6f6d428a9ff04ee77fb9b2073364,150d107225160ac498040fa20d4ccf9e26ec2703,True,fixed_per_environment_quotas_v2,mild,29,44,True,True,5.24,,7,False,False,39.39402389526367,5.24,0.13646085560321808,0.04134596511721611,0.3311883807182312
/home/donglei/isaac_projects/isaac_drone_racer/.worktrees/stage1-fake-vio/logs/skrl/drone_racer/2026-09-02_20-09-09_ppo_torch_stage1_mixed/checkpoints/agent_50010.pt,8ac5a032a78bb88a568b9cfe2e15e95b0aad6f6d428a9ff04ee77fb9b2073364,150d107225160ac498040fa20d4ccf9e26ec2703,True,fixed_per_environment_quotas_v2,mild,29,45,True,True,5.93,,7,False,False,39.754417419433594,5.93,0.12089402973651886,0.04386183246970177,0.32372257113456726
/home/donglei/isaac_projects/isaac_drone_racer/.worktrees/stage1-fake-vio/logs/skrl/drone_racer/2026-09-02_20-09-09_ppo_torch_stage1_mixed/checkpoints/agent_50010.pt,8ac5a032a78bb88a568b9cfe2e15e95b0aad6f6d428a9ff04ee77fb9b2073364,150d107225160ac498040fa20d4ccf9e26ec2703,True,fixed_per_environment_quotas_v2,mild,29,46,True,True,6.1000000000000005,,7,False,False,39.41557312011719,6.1000000000000005,0.12631160020828247,0.04181526601314545,0.33489328622817993
/home/donglei/isaac_projects/isaac_drone_racer/.worktrees/stage1-fake-vio/logs/skrl/drone_racer/2026-09-02_20-09-09_ppo_torch_stage1_mixed/checkpoints/agent_50010.pt,8ac5a032a78bb88a568b9cfe2e15e95b0aad6f6d428a9ff04ee77fb9b2073364,150d107225160ac498040fa20d4ccf9e26ec2703,True,fixed_per_environment_quotas_v2,mild,29,47,False,False,,1,0,True,False,-4.048065662384033,1.26,0.07462246716022491,0.05515718832612038,1.1034661531448364
/home/donglei/isaac_projects/isaac_drone_racer/.worktrees/stage1-fake-vio/logs/skrl/drone_racer/2026-09-02_20-09-09_ppo_torch_stage1_mixed/checkpoints/agent_50010.pt,8ac5a032a78bb88a568b9cfe2e15e95b0aad6f6d428a9ff04ee77fb9b2073364,150d107225160ac498040fa20d4ccf9e26ec2703,True,fixed_per_environment_quotas_v2,mild,29,48,True,True,5.17,,7,False,False,38.6604118347168,5.17,0.13314037024974823,0.04080367460846901,0.3322005271911621
/home/donglei/isaac_projects/isaac_drone_racer/.worktrees/stage1-fake-vio/logs/skrl/drone_racer/2026-09-02_20-09-09_ppo_torch_stage1_mixed/checkpoints/agent_50010.pt,8ac5a032a78bb88a568b9cfe2e15e95b0aad6f6d428a9ff04ee77fb9b2073364,150d107225160ac498040fa20d4ccf9e26ec2703,True,fixed_per_environment_quotas_v2,mild,29,49,True,True,5.96,,7,False,False,39.49889373779297,5.96,0.12081541121006012,0.041538551449775696,0.3186561167240143
/home/donglei/isaac_projects/isaac_drone_racer/.worktrees/stage1-fake-vio/logs/skrl/drone_racer/2026-09-02_20-09-09_ppo_torch_stage1_mixed/checkpoints/agent_50010.pt,8ac5a032a78bb88a568b9cfe2e15e95b0aad6f6d428a9ff04ee77fb9b2073364,150d107225160ac498040fa20d4ccf9e26ec2703,True,fixed_per_environment_quotas_v2,mild,29,50,True,True,5.34,,7,False,False,38.0867805480957,5.34,0.12577635049819946,0.040522992610931396,0.3238201439380646
/home/donglei/isaac_projects/isaac_drone_racer/.worktrees/stage1-fake-vio/logs/skrl/drone_racer/2026-09-02_20-09-09_ppo_torch_stage1_mixed/checkpoints/agent_50010.pt,8ac5a032a78bb88a568b9cfe2e15e95b0aad6f6d428a9ff04ee77fb9b2073364,150d107225160ac498040fa20d4ccf9e26ec2703,True,fixed_per_environment_quotas_v2,mild,29,51,False,False,,6,0,True,False,-3.195291519165039,1.35,0.08679109066724777,0.05743320658802986,0.5134040117263794
/home/donglei/isaac_projects/isaac_drone_racer/.worktrees/stage1-fake-vio/logs/skrl/drone_racer/2026-09-02_20-09-09_ppo_torch_stage1_mixed/checkpoints/agent_50010.pt,8ac5a032a78bb88a568b9cfe2e15e95b0aad6f6d428a9ff04ee77fb9b2073364,150d107225160ac498040fa20d4ccf9e26ec2703,True,fixed_per_environment_quotas_v2,mild,29,52,True,True,6.21,,7,False,False,39.567848205566406,6.21,0.12411928176879883,0.04341796040534973,0.310759574174881
/home/donglei/isaac_projects/isaac_drone_racer/.worktrees/stage1-fake-vio/logs/skrl/drone_racer/2026-09-02_20-09-09_ppo_torch_stage1_mixed/checkpoints/agent_50010.pt,8ac5a032a78bb88a568b9cfe2e15e95b0aad6f6d428a9ff04ee77fb9b2073364,150d107225160ac498040fa20d4ccf9e26ec2703,True,fixed_per_environment_quotas_v2,mild,29,53,True,True,5.3500000000000005,,7,False,False,39.65885543823242,5.3500000000000005,0.13832618296146393,0.04012082517147064,0.3405519723892212
/home/donglei/isaac_projects/isaac_drone_racer/.worktrees/stage1-fake-vio/logs/skrl/drone_racer/2026-09-02_20-09-09_ppo_torch_stage1_mixed/checkpoints/agent_50010.pt,8ac5a032a78bb88a568b9cfe2e15e95b0aad6f6d428a9ff04ee77fb9b2073364,150d107225160ac498040fa20d4ccf9e26ec2703,True,fixed_per_environment_quotas_v2,mild,29,54,True,True,5.5,,7,False,False,38.758602142333984,5.5,0.13143058121204376,0.039666563272476196,0.34361976385116577
/home/donglei/isaac_projects/isaac_drone_racer/.worktrees/stage1-fake-vio/logs/skrl/drone_racer/2026-09-02_20-09-09_ppo_torch_stage1_mixed/checkpoints/agent_50010.pt,8ac5a032a78bb88a568b9cfe2e15e95b0aad6f6d428a9ff04ee77fb9b2073364,150d107225160ac498040fa20d4ccf9e26ec2703,True,fixed_per_environment_quotas_v2,mild,29,55,True,True,6.0,,7,False,False,39.630367279052734,6.0,0.12541233003139496,0.045076098293066025,0.32061609625816345
/home/donglei/isaac_projects/isaac_drone_racer/.worktrees/stage1-fake-vio/logs/skrl/drone_racer/2026-09-02_20-09-09_ppo_torch_stage1_mixed/checkpoints/agent_50010.pt,8ac5a032a78bb88a568b9cfe2e15e95b0aad6f6d428a9ff04ee77fb9b2073364,150d107225160ac498040fa20d4ccf9e26ec2703,True,fixed_per_environment_quotas_v2,mild,29,56,True,True,5.34,,7,False,False,38.17298126220703,5.34,0.1264084428548813,0.04076618328690529,0.32575705647468567
/home/donglei/isaac_projects/isaac_drone_racer/.worktrees/stage1-fake-vio/logs/skrl/drone_racer/2026-09-02_20-09-09_ppo_torch_stage1_mixed/checkpoints/agent_50010.pt,8ac5a032a78bb88a568b9cfe2e15e95b0aad6f6d428a9ff04ee77fb9b2073364,150d107225160ac498040fa20d4ccf9e26ec2703,True,fixed_per_environment_quotas_v2,mild,29,57,True,True,4.9,,7,False,False,38.15457534790039,4.9,0.13008271157741547,0.042773619294166565,0.32735633850097656
/home/donglei/isaac_projects/isaac_drone_racer/.worktrees/stage1-fake-vio/logs/skrl/drone_racer/2026-09-02_20-09-09_ppo_torch_stage1_mixed/checkpoints/agent_50010.pt,8ac5a032a78bb88a568b9cfe2e15e95b0aad6f6d428a9ff04ee77fb9b2073364,150d107225160ac498040fa20d4ccf9e26ec2703,True,fixed_per_environment_quotas_v2,mild,29,58,False,False,,2,1,True,False,1.8700928688049316,1.62,0.11250291019678116,0.05536932125687599,0.9661808013916016
/home/donglei/isaac_projects/isaac_drone_racer/.worktrees/stage1-fake-vio/logs/skrl/drone_racer/2026-09-02_20-09-09_ppo_torch_stage1_mixed/checkpoints/agent_50010.pt,8ac5a032a78bb88a568b9cfe2e15e95b0aad6f6d428a9ff04ee77fb9b2073364,150d107225160ac498040fa20d4ccf9e26ec2703,True,fixed_per_environment_quotas_v2,mild,29,59,True,True,5.3,,7,False,False,38.905006408691406,5.3,0.13647869229316711,0.040706902742385864,0.3419541120529175
/home/donglei/isaac_projects/isaac_drone_racer/.worktrees/stage1-fake-vio/logs/skrl/drone_racer/2026-09-02_20-09-09_ppo_torch_stage1_mixed/checkpoints/agent_50010.pt,8ac5a032a78bb88a568b9cfe2e15e95b0aad6f6d428a9ff04ee77fb9b2073364,150d107225160ac498040fa20d4ccf9e26ec2703,True,fixed_per_environment_quotas_v2,mild,29,60,True,True,5.46,,7,False,False,39.59061050415039,5.46,0.1305435746908188,0.04141315072774887,0.3298626244068146
/home/donglei/isaac_projects/isaac_drone_racer/.worktrees/stage1-fake-vio/logs/skrl/drone_racer/2026-09-02_20-09-09_ppo_torch_stage1_mixed/checkpoints/agent_50010.pt,8ac5a032a78bb88a568b9cfe2e15e95b0aad6f6d428a9ff04ee77fb9b2073364,150d107225160ac498040fa20d4ccf9e26ec2703,True,fixed_per_environment_quotas_v2,mild,29,61,False,False,,1,2,True,False,7.216632843017578,2.7800000000000002,0.09819238632917404,0.04514503851532936,0.31331199407577515
/home/donglei/isaac_projects/isaac_drone_racer/.worktrees/stage1-fake-vio/logs/skrl/drone_racer/2026-09-02_20-09-09_ppo_torch_stage1_mixed/checkpoints/agent_50010.pt,8ac5a032a78bb88a568b9cfe2e15e95b0aad6f6d428a9ff04ee77fb9b2073364,150d107225160ac498040fa20d4ccf9e26ec2703,True,fixed_per_environment_quotas_v2,mild,29,62,True,True,5.89,,7,False,False,39.392913818359375,5.89,0.12949128448963165,0.042647119611501694,0.32377395033836365
/home/donglei/isaac_projects/isaac_drone_racer/.worktrees/stage1-fake-vio/logs/skrl/drone_racer/2026-09-02_20-09-09_ppo_torch_stage1_mixed/checkpoints/agent_50010.pt,8ac5a032a78bb88a568b9cfe2e15e95b0aad6f6d428a9ff04ee77fb9b2073364,150d107225160ac498040fa20d4ccf9e26ec2703,True,fixed_per_environment_quotas_v2,mild,29,63,True,True,5.65,,7,False,False,39.4332275390625,5.65,0.13018684089183807,0.04045039042830467,0.33376505970954895
/home/donglei/isaac_projects/isaac_drone_racer/.worktrees/stage1-fake-vio/logs/skrl/drone_racer/2026-09-02_20-09-09_ppo_torch_stage1_mixed/checkpoints/agent_50010.pt,8ac5a032a78bb88a568b9cfe2e15e95b0aad6f6d428a9ff04ee77fb9b2073364,150d107225160ac498040fa20d4ccf9e26ec2703,True,fixed_per_environment_quotas_v2,mild,29,64,True,True,6.12,,7,False,False,39.540863037109375,6.12,0.12069738656282425,0.04042996093630791,0.32216501235961914
/home/donglei/isaac_projects/isaac_drone_racer/.worktrees/stage1-fake-vio/logs/skrl/drone_racer/2026-09-02_20-09-09_ppo_torch_stage1_mixed/checkpoints/agent_50010.pt,8ac5a032a78bb88a568b9cfe2e15e95b0aad6f6d428a9ff04ee77fb9b2073364,150d107225160ac498040fa20d4ccf9e26ec2703,True,fixed_per_environment_quotas_v2,mild,29,65,True,True,6.07,,7,False,False,39.75080871582031,6.07,0.1294579803943634,0.04441374912858009,0.3267457187175751
/home/donglei/isaac_projects/isaac_drone_racer/.worktrees/stage1-fake-vio/logs/skrl/drone_racer/2026-09-02_20-09-09_ppo_torch_stage1_mixed/checkpoints/agent_50010.pt,8ac5a032a78bb88a568b9cfe2e15e95b0aad6f6d428a9ff04ee77fb9b2073364,150d107225160ac498040fa20d4ccf9e26ec2703,True,fixed_per_environment_quotas_v2,mild,29,66,True,True,6.45,,7,False,False,39.662322998046875,6.45,0.11894464492797852,0.04195638373494148,0.31241294741630554
/home/donglei/isaac_projects/isaac_drone_racer/.worktrees/stage1-fake-vio/logs/skrl/drone_racer/2026-09-02_20-09-09_ppo_torch_stage1_mixed/checkpoints/agent_50010.pt,8ac5a032a78bb88a568b9cfe2e15e95b0aad6f6d428a9ff04ee77fb9b2073364,150d107225160ac498040fa20d4ccf9e26ec2703,True,fixed_per_environment_quotas_v2,mild,29,67,True,True,6.57,,7,False,False,39.71566390991211,6.57,0.11845096945762634,0.04211897403001785,0.3069075345993042
/home/donglei/isaac_projects/isaac_drone_racer/.worktrees/stage1-fake-vio/logs/skrl/drone_racer/2026-09-02_20-09-09_ppo_torch_stage1_mixed/checkpoints/agent_50010.pt,8ac5a032a78bb88a568b9cfe2e15e95b0aad6f6d428a9ff04ee77fb9b2073364,150d107225160ac498040fa20d4ccf9e26ec2703,True,fixed_per_environment_quotas_v2,mild,29,68,True,True,5.92,,7,False,False,39.716732025146484,5.92,0.12440015375614166,0.04078271612524986,0.3106755018234253
/home/donglei/isaac_projects/isaac_drone_racer/.worktrees/stage1-fake-vio/logs/skrl/drone_racer/2026-09-02_20-09-09_ppo_torch_stage1_mixed/checkpoints/agent_50010.pt,8ac5a032a78bb88a568b9cfe2e15e95b0aad6f6d428a9ff04ee77fb9b2073364,150d107225160ac498040fa20d4ccf9e26ec2703,True,fixed_per_environment_quotas_v2,mild,29,69,True,True,6.03,,7,False,False,39.57588577270508,6.03,0.12133441120386124,0.04111659154295921,0.3168071508407593
/home/donglei/isaac_projects/isaac_drone_racer/.worktrees/stage1-fake-vio/logs/skrl/drone_racer/2026-09-02_20-09-09_ppo_torch_stage1_mixed/checkpoints/agent_50010.pt,8ac5a032a78bb88a568b9cfe2e15e95b0aad6f6d428a9ff04ee77fb9b2073364,150d107225160ac498040fa20d4ccf9e26ec2703,True,fixed_per_environment_quotas_v2,mild,29,70,True,True,6.0600000000000005,,7,False,False,39.54964828491211,6.0600000000000005,0.12571583688259125,0.04570680484175682,0.3187949061393738
/home/donglei/isaac_projects/isaac_drone_racer/.worktrees/stage1-fake-vio/logs/skrl/drone_racer/2026-09-02_20-09-09_ppo_torch_stage1_mixed/checkpoints/agent_50010.pt,8ac5a032a78bb88a568b9cfe2e15e95b0aad6f6d428a9ff04ee77fb9b2073364,150d107225160ac498040fa20d4ccf9e26ec2703,True,fixed_per_environment_quotas_v2,mild,29,71,True,True,6.01,,7,False,False,39.41593551635742,6.01,0.1304025650024414,0.0409904345870018,0.3194762170314789
/home/donglei/isaac_projects/isaac_drone_racer/.worktrees/stage1-fake-vio/logs/skrl/drone_racer/2026-09-02_20-09-09_ppo_torch_stage1_mixed/checkpoints/agent_50010.pt,8ac5a032a78bb88a568b9cfe2e15e95b0aad6f6d428a9ff04ee77fb9b2073364,150d107225160ac498040fa20d4ccf9e26ec2703,True,fixed_per_environment_quotas_v2,mild,29,72,True,True,6.15,,7,False,False,39.665916442871094,6.15,0.1221688762307167,0.041257135570049286,0.32903438806533813
/home/donglei/isaac_projects/isaac_drone_racer/.worktrees/stage1-fake-vio/logs/skrl/drone_racer/2026-09-02_20-09-09_ppo_torch_stage1_mixed/checkpoints/agent_50010.pt,8ac5a032a78bb88a568b9cfe2e15e95b0aad6f6d428a9ff04ee77fb9b2073364,150d107225160ac498040fa20d4ccf9e26ec2703,True,fixed_per_environment_quotas_v2,mild,29,73,True,True,6.29,,7,False,False,39.67775344848633,6.29,0.11694028973579407,0.04623404145240784,0.3031412959098816
/home/donglei/isaac_projects/isaac_drone_racer/.worktrees/stage1-fake-vio/logs/skrl/drone_racer/2026-09-02_20-09-09_ppo_torch_stage1_mixed/checkpoints/agent_50010.pt,8ac5a032a78bb88a568b9cfe2e15e95b0aad6f6d428a9ff04ee77fb9b2073364,150d107225160ac498040fa20d4ccf9e26ec2703,True,fixed_per_environment_quotas_v2,mild,29,74,True,True,6.3100000000000005,,7,False,False,39.59988021850586,6.3100000000000005,0.12063310295343399,0.04435290768742561,0.31651630997657776
/home/donglei/isaac_projects/isaac_drone_racer/.worktrees/stage1-fake-vio/logs/skrl/drone_racer/2026-09-02_20-09-09_ppo_torch_stage1_mixed/checkpoints/agent_50010.pt,8ac5a032a78bb88a568b9cfe2e15e95b0aad6f6d428a9ff04ee77fb9b2073364,150d107225160ac498040fa20d4ccf9e26ec2703,True,fixed_per_environment_quotas_v2,mild,29,75,True,True,6.26,,7,False,False,39.563697814941406,6.26,0.12141749262809753,0.043580375611782074,0.3210480809211731
/home/donglei/isaac_projects/isaac_drone_racer/.worktrees/stage1-fake-vio/logs/skrl/drone_racer/2026-09-02_20-09-09_ppo_torch_stage1_mixed/checkpoints/agent_50010.pt,8ac5a032a78bb88a568b9cfe2e15e95b0aad6f6d428a9ff04ee77fb9b2073364,150d107225160ac498040fa20d4ccf9e26ec2703,True,fixed_per_environment_quotas_v2,mild,29,76,True,True,6.140000000000001,,7,False,False,39.71282196044922,6.140000000000001,0.11457142233848572,0.04365004226565361,0.2954334020614624
/home/donglei/isaac_projects/isaac_drone_racer/.worktrees/stage1-fake-vio/logs/skrl/drone_racer/2026-09-02_20-09-09_ppo_torch_stage1_mixed/checkpoints/agent_50010.pt,8ac5a032a78bb88a568b9cfe2e15e95b0aad6f6d428a9ff04ee77fb9b2073364,150d107225160ac498040fa20d4ccf9e26ec2703,True,fixed_per_environment_quotas_v2,mild,29,77,True,True,6.03,,7,False,False,39.76370620727539,6.03,0.12661749124526978,0.04265725985169411,0.32669857144355774
/home/donglei/isaac_projects/isaac_drone_racer/.worktrees/stage1-fake-vio/logs/skrl/drone_racer/2026-09-02_20-09-09_ppo_torch_stage1_mixed/checkpoints/agent_50010.pt,8ac5a032a78bb88a568b9cfe2e15e95b0aad6f6d428a9ff04ee77fb9b2073364,150d107225160ac498040fa20d4ccf9e26ec2703,True,fixed_per_environment_quotas_v2,mild,29,78,True,True,6.3,,7,False,False,39.84178161621094,6.3,0.11491397023200989,0.04165787994861603,0.28895995020866394
/home/donglei/isaac_projects/isaac_drone_racer/.worktrees/stage1-fake-vio/logs/skrl/drone_racer/2026-09-02_20-09-09_ppo_torch_stage1_mixed/checkpoints/agent_50010.pt,8ac5a032a78bb88a568b9cfe2e15e95b0aad6f6d428a9ff04ee77fb9b2073364,150d107225160ac498040fa20d4ccf9e26ec2703,True,fixed_per_environment_quotas_v2,mild,29,79,True,True,6.0600000000000005,,7,False,False,39.608055114746094,6.0600000000000005,0.11889202892780304,0.039600614458322525,0.3112746775150299
/home/donglei/isaac_projects/isaac_drone_racer/.worktrees/stage1-fake-vio/logs/skrl/drone_racer/2026-09-02_20-09-09_ppo_torch_stage1_mixed/checkpoints/agent_50010.pt,8ac5a032a78bb88a568b9cfe2e15e95b0aad6f6d428a9ff04ee77fb9b2073364,150d107225160ac498040fa20d4ccf9e26ec2703,True,fixed_per_environment_quotas_v2,mild,29,80,True,True,6.2,,7,False,False,39.55723571777344,6.2,0.12828409671783447,0.042528580874204636,0.32327213883399963
/home/donglei/isaac_projects/isaac_drone_racer/.worktrees/stage1-fake-vio/logs/skrl/drone_racer/2026-09-02_20-09-09_ppo_torch_stage1_mixed/checkpoints/agent_50010.pt,8ac5a032a78bb88a568b9cfe2e15e95b0aad6f6d428a9ff04ee77fb9b2073364,150d107225160ac498040fa20d4ccf9e26ec2703,True,fixed_per_environment_quotas_v2,mild,29,81,False,False,,4,2,True,False,8.380672454833984,3.19,0.11687441915273666,0.23198488354682922,0.7533683776855469
/home/donglei/isaac_projects/isaac_drone_racer/.worktrees/stage1-fake-vio/logs/skrl/drone_racer/2026-09-02_20-09-09_ppo_torch_stage1_mixed/checkpoints/agent_50010.pt,8ac5a032a78bb88a568b9cfe2e15e95b0aad6f6d428a9ff04ee77fb9b2073364,150d107225160ac498040fa20d4ccf9e26ec2703,True,fixed_per_environment_quotas_v2,mild,29,82,False,False,,1,0,True,False,-4.203878402709961,0.56,0.0823548436164856,0.07121150195598602,0.6366506814956665
/home/donglei/isaac_projects/isaac_drone_racer/.worktrees/stage1-fake-vio/logs/skrl/drone_racer/2026-09-02_20-09-09_ppo_torch_stage1_mixed/checkpoints/agent_50010.pt,8ac5a032a78bb88a568b9cfe2e15e95b0aad6f6d428a9ff04ee77fb9b2073364,150d107225160ac498040fa20d4ccf9e26ec2703,True,fixed_per_environment_quotas_v2,mild,29,83,False,False,,1,0,True,False,-4.081387519836426,0.8300000000000001,0.07780038565397263,0.06390628218650818,0.8555242419242859
/home/donglei/isaac_projects/isaac_drone_racer/.worktrees/stage1-fake-vio/logs/skrl/drone_racer/2026-09-02_20-09-09_ppo_torch_stage1_mixed/checkpoints/agent_50010.pt,8ac5a032a78bb88a568b9cfe2e15e95b0aad6f6d428a9ff04ee77fb9b2073364,150d107225160ac498040fa20d4ccf9e26ec2703,True,fixed_per_environment_quotas_v2,mild,29,84,True,True,5.98,,7,False,False,39.39926528930664,5.98,0.13210977613925934,0.04080279916524887,0.31693825125694275
/home/donglei/isaac_projects/isaac_drone_racer/.worktrees/stage1-fake-vio/logs/skrl/drone_racer/2026-09-02_20-09-09_ppo_torch_stage1_mixed/checkpoints/agent_50010.pt,8ac5a032a78bb88a568b9cfe2e15e95b0aad6f6d428a9ff04ee77fb9b2073364,150d107225160ac498040fa20d4ccf9e26ec2703,True,fixed_per_environment_quotas_v2,mild,29,85,True,True,5.9,,7,False,False,39.56045150756836,5.9,0.12338404357433319,0.038682639598846436,0.3277134299278259
/home/donglei/isaac_projects/isaac_drone_racer/.worktrees/stage1-fake-vio/logs/skrl/drone_racer/2026-09-02_20-09-09_ppo_torch_stage1_mixed/checkpoints/agent_50010.pt,8ac5a032a78bb88a568b9cfe2e15e95b0aad6f6d428a9ff04ee77fb9b2073364,150d107225160ac498040fa20d4ccf9e26ec2703,True,fixed_per_environment_quotas_v2,mild,29,86,True,True,6.0,,7,False,False,39.70735168457031,6.0,0.1267920434474945,0.04282248020172119,0.3250555694103241
/home/donglei/isaac_projects/isaac_drone_racer/.worktrees/stage1-fake-vio/logs/skrl/drone_racer/2026-09-02_20-09-09_ppo_torch_stage1_mixed/checkpoints/agent_50010.pt,8ac5a032a78bb88a568b9cfe2e15e95b0aad6f6d428a9ff04ee77fb9b2073364,150d107225160ac498040fa20d4ccf9e26ec2703,True,fixed_per_environment_quotas_v2,mild,29,87,True,True,6.01,,7,False,False,39.66653060913086,6.01,0.12433815002441406,0.04225606471300125,0.3093016743659973
/home/donglei/isaac_projects/isaac_drone_racer/.worktrees/stage1-fake-vio/logs/skrl/drone_racer/2026-09-02_20-09-09_ppo_torch_stage1_mixed/checkpoints/agent_50010.pt,8ac5a032a78bb88a568b9cfe2e15e95b0aad6f6d428a9ff04ee77fb9b2073364,150d107225160ac498040fa20d4ccf9e26ec2703,True,fixed_per_environment_quotas_v2,mild,29,88,True,True,5.8500000000000005,,7,False,False,39.57734298706055,5.8500000000000005,0.12812256813049316,0.039160504937171936,0.321620911359787
/home/donglei/isaac_projects/isaac_drone_racer/.worktrees/stage1-fake-vio/logs/skrl/drone_racer/2026-09-02_20-09-09_ppo_torch_stage1_mixed/checkpoints/agent_50010.pt,8ac5a032a78bb88a568b9cfe2e15e95b0aad6f6d428a9ff04ee77fb9b2073364,150d107225160ac498040fa20d4ccf9e26ec2703,True,fixed_per_environment_quotas_v2,mild,29,89,False,False,,6,1,True,False,1.5067620277404785,1.49,0.11725860089063644,0.033238738775253296,0.26828789710998535
/home/donglei/isaac_projects/isaac_drone_racer/.worktrees/stage1-fake-vio/logs/skrl/drone_racer/2026-09-02_20-09-09_ppo_torch_stage1_mixed/checkpoints/agent_50010.pt,8ac5a032a78bb88a568b9cfe2e15e95b0aad6f6d428a9ff04ee77fb9b2073364,150d107225160ac498040fa20d4ccf9e26ec2703,True,fixed_per_environment_quotas_v2,mild,29,90,True,True,6.01,,7,False,False,39.551109313964844,6.01,0.12888875603675842,0.04305122047662735,0.32246914505958557
/home/donglei/isaac_projects/isaac_drone_racer/.worktrees/stage1-fake-vio/logs/skrl/drone_racer/2026-09-02_20-09-09_ppo_torch_stage1_mixed/checkpoints/agent_50010.pt,8ac5a032a78bb88a568b9cfe2e15e95b0aad6f6d428a9ff04ee77fb9b2073364,150d107225160ac498040fa20d4ccf9e26ec2703,True,fixed_per_environment_quotas_v2,mild,29,91,False,False,,2,1,True,False,1.249471664428711,1.55,0.1013205274939537,0.07125016301870346,0.33722832798957825
/home/donglei/isaac_projects/isaac_drone_racer/.worktrees/stage1-fake-vio/logs/skrl/drone_racer/2026-09-02_20-09-09_ppo_torch_stage1_mixed/checkpoints/agent_50010.pt,8ac5a032a78bb88a568b9cfe2e15e95b0aad6f6d428a9ff04ee77fb9b2073364,150d107225160ac498040fa20d4ccf9e26ec2703,True,fixed_per_environment_quotas_v2,mild,29,92,True,True,6.03,,7,False,False,39.516632080078125,6.03,0.12332379817962646,0.04132135584950447,0.3235470652580261
/home/donglei/isaac_projects/isaac_drone_racer/.worktrees/stage1-fake-vio/logs/skrl/drone_racer/2026-09-02_20-09-09_ppo_torch_stage1_mixed/checkpoints/agent_50010.pt,8ac5a032a78bb88a568b9cfe2e15e95b0aad6f6d428a9ff04ee77fb9b2073364,150d107225160ac498040fa20d4ccf9e26ec2703,True,fixed_per_environment_quotas_v2,mild,29,93,True,True,5.97,,7,False,False,39.45475769042969,5.97,0.11928615719079971,0.043243441730737686,0.3196750581264496
/home/donglei/isaac_projects/isaac_drone_racer/.worktrees/stage1-fake-vio/logs/skrl/drone_racer/2026-09-02_20-09-09_ppo_torch_stage1_mixed/checkpoints/agent_50010.pt,8ac5a032a78bb88a568b9cfe2e15e95b0aad6f6d428a9ff04ee77fb9b2073364,150d107225160ac498040fa20d4ccf9e26ec2703,True,fixed_per_environment_quotas_v2,mild,29,94,False,False,,6,0,True,False,-3.3388638496398926,1.85,0.09744065254926682,0.08154458552598953,1.0699816942214966
/home/donglei/isaac_projects/isaac_drone_racer/.worktrees/stage1-fake-vio/logs/skrl/drone_racer/2026-09-02_20-09-09_ppo_torch_stage1_mixed/checkpoints/agent_50010.pt,8ac5a032a78bb88a568b9cfe2e15e95b0aad6f6d428a9ff04ee77fb9b2073364,150d107225160ac498040fa20d4ccf9e26ec2703,True,fixed_per_environment_quotas_v2,mild,29,95,True,True,6.03,,7,False,False,39.508323669433594,6.03,0.12515901029109955,0.04426601156592369,0.32172349095344543
/home/donglei/isaac_projects/isaac_drone_racer/.worktrees/stage1-fake-vio/logs/skrl/drone_racer/2026-09-02_20-09-09_ppo_torch_stage1_mixed/checkpoints/agent_50010.pt,8ac5a032a78bb88a568b9cfe2e15e95b0aad6f6d428a9ff04ee77fb9b2073364,150d107225160ac498040fa20d4ccf9e26ec2703,True,fixed_per_environment_quotas_v2,mild,29,96,True,True,5.99,,7,False,False,39.44720458984375,5.99,0.1226285919547081,0.04198310151696205,0.32605621218681335
/home/donglei/isaac_projects/isaac_drone_racer/.worktrees/stage1-fake-vio/logs/skrl/drone_racer/2026-09-02_20-09-09_ppo_torch_stage1_mixed/checkpoints/agent_50010.pt,8ac5a032a78bb88a568b9cfe2e15e95b0aad6f6d428a9ff04ee77fb9b2073364,150d107225160ac498040fa20d4ccf9e26ec2703,True,fixed_per_environment_quotas_v2,mild,29,97,True,True,5.92,,7,False,False,39.387672424316406,5.92,0.1322253942489624,0.04025329649448395,0.32682639360427856
/home/donglei/isaac_projects/isaac_drone_racer/.worktrees/stage1-fake-vio/logs/skrl/drone_racer/2026-09-02_20-09-09_ppo_torch_stage1_mixed/checkpoints/agent_50010.pt,8ac5a032a78bb88a568b9cfe2e15e95b0aad6f6d428a9ff04ee77fb9b2073364,150d107225160ac498040fa20d4ccf9e26ec2703,True,fixed_per_environment_quotas_v2,mild,29,98,True,True,6.0,,7,False,False,39.80390548706055,6.0,0.12967441976070404,0.041283827275037766,0.3173121213912964
/home/donglei/isaac_projects/isaac_drone_racer/.worktrees/stage1-fake-vio/logs/skrl/drone_racer/2026-09-02_20-09-09_ppo_torch_stage1_mixed/checkpoints/agent_50010.pt,8ac5a032a78bb88a568b9cfe2e15e95b0aad6f6d428a9ff04ee77fb9b2073364,150d107225160ac498040fa20d4ccf9e26ec2703,True,fixed_per_environment_quotas_v2,mild,29,99,True,True,6.140000000000001,,7,False,False,39.709312438964844,6.140000000000001,0.1303139179944992,0.04328722506761551,0.3211631774902344
/home/donglei/isaac_projects/isaac_drone_racer/.worktrees/stage1-fake-vio/logs/skrl/drone_racer/2026-09-02_20-09-09_ppo_torch_stage1_mixed/checkpoints/agent_50010.pt,8ac5a032a78bb88a568b9cfe2e15e95b0aad6f6d428a9ff04ee77fb9b2073364,150d107225160ac498040fa20d4ccf9e26ec2703,True,fixed_per_environment_quotas_v2,mild,29,100,True,True,5.83,,7,False,False,39.6563720703125,5.83,0.12641535699367523,0.0408768393099308,0.3101084530353546
/home/donglei/isaac_projects/isaac_drone_racer/.worktrees/stage1-fake-vio/logs/skrl/drone_racer/2026-09-02_20-09-09_ppo_torch_stage1_mixed/checkpoints/agent_50010.pt,8ac5a032a78bb88a568b9cfe2e15e95b0aad6f6d428a9ff04ee77fb9b2073364,150d107225160ac498040fa20d4ccf9e26ec2703,True,fixed_per_environment_quotas_v2,mild,29,101,True,True,6.5,,7,False,False,39.61159896850586,6.5,0.11729291826486588,0.04224841296672821,0.30664312839508057
/home/donglei/isaac_projects/isaac_drone_racer/.worktrees/stage1-fake-vio/logs/skrl/drone_racer/2026-09-02_20-09-09_ppo_torch_stage1_mixed/checkpoints/agent_50010.pt,8ac5a032a78bb88a568b9cfe2e15e95b0aad6f6d428a9ff04ee77fb9b2073364,150d107225160ac498040fa20d4ccf9e26ec2703,True,fixed_per_environment_quotas_v2,mild,29,102,True,True,5.89,,7,False,False,39.640960693359375,5.89,0.12399423122406006,0.04245796054601669,0.32851269841194153
/home/donglei/isaac_projects/isaac_drone_racer/.worktrees/stage1-fake-vio/logs/skrl/drone_racer/2026-09-02_20-09-09_ppo_torch_stage1_mixed/checkpoints/agent_50010.pt,8ac5a032a78bb88a568b9cfe2e15e95b0aad6f6d428a9ff04ee77fb9b2073364,150d107225160ac498040fa20d4ccf9e26ec2703,True,fixed_per_environment_quotas_v2,mild,29,103,False,False,,4,4,False,True,11.151263236999512,5.87,0.15082404017448425,0.4109744727611542,0.6974462866783142
/home/donglei/isaac_projects/isaac_drone_racer/.worktrees/stage1-fake-vio/logs/skrl/drone_racer/2026-09-02_20-09-09_ppo_torch_stage1_mixed/checkpoints/agent_50010.pt,8ac5a032a78bb88a568b9cfe2e15e95b0aad6f6d428a9ff04ee77fb9b2073364,150d107225160ac498040fa20d4ccf9e26ec2703,True,fixed_per_environment_quotas_v2,mild,29,104,True,True,5.93,,7,False,False,39.54741668701172,5.93,0.12678520381450653,0.040199536830186844,0.31009119749069214
/home/donglei/isaac_projects/isaac_drone_racer/.worktrees/stage1-fake-vio/logs/skrl/drone_racer/2026-09-02_20-09-09_ppo_torch_stage1_mixed/checkpoints/agent_50010.pt,8ac5a032a78bb88a568b9cfe2e15e95b0aad6f6d428a9ff04ee77fb9b2073364,150d107225160ac498040fa20d4ccf9e26ec2703,True,fixed_per_environment_quotas_v2,mild,29,105,True,True,6.0600000000000005,,7,False,False,39.70607376098633,6.0600000000000005,0.12298177927732468,0.040229372680187225,0.3082086741924286
/home/donglei/isaac_projects/isaac_drone_racer/.worktrees/stage1-fake-vio/logs/skrl/drone_racer/2026-09-02_20-09-09_ppo_torch_stage1_mixed/checkpoints/agent_50010.pt,8ac5a032a78bb88a568b9cfe2e15e95b0aad6f6d428a9ff04ee77fb9b2073364,150d107225160ac498040fa20d4ccf9e26ec2703,True,fixed_per_environment_quotas_v2,mild,29,106,True,True,5.71,,7,False,False,39.39933395385742,5.71,0.12738779187202454,0.041031114757061005,0.3215387165546417
/home/donglei/isaac_projects/isaac_drone_racer/.worktrees/stage1-fake-vio/logs/skrl/drone_racer/2026-09-02_20-09-09_ppo_torch_stage1_mixed/checkpoints/agent_50010.pt,8ac5a032a78bb88a568b9cfe2e15e95b0aad6f6d428a9ff04ee77fb9b2073364,150d107225160ac498040fa20d4ccf9e26ec2703,True,fixed_per_environment_quotas_v2,mild,29,107,True,True,6.29,,7,False,False,39.772926330566406,6.29,0.12095430493354797,0.04453832656145096,0.31371527910232544
/home/donglei/isaac_projects/isaac_drone_racer/.worktrees/stage1-fake-vio/logs/skrl/drone_racer/2026-09-02_20-09-09_ppo_torch_stage1_mixed/checkpoints/agent_50010.pt,8ac5a032a78bb88a568b9cfe2e15e95b0aad6f6d428a9ff04ee77fb9b2073364,150d107225160ac498040fa20d4ccf9e26ec2703,True,fixed_per_environment_quotas_v2,mild,29,108,True,True,6.07,,7,False,False,39.496299743652344,6.07,0.12900634109973907,0.04173196479678154,0.32171592116355896
/home/donglei/isaac_projects/isaac_drone_racer/.worktrees/stage1-fake-vio/logs/skrl/drone_racer/2026-09-02_20-09-09_ppo_torch_stage1_mixed/checkpoints/agent_50010.pt,8ac5a032a78bb88a568b9cfe2e15e95b0aad6f6d428a9ff04ee77fb9b2073364,150d107225160ac498040fa20d4ccf9e26ec2703,True,fixed_per_environment_quotas_v2,mild,29,109,True,True,6.140000000000001,,7,False,False,39.606754302978516,6.140000000000001,0.1222643181681633,0.040859851986169815,0.3229856789112091
/home/donglei/isaac_projects/isaac_drone_racer/.worktrees/stage1-fake-vio/logs/skrl/drone_racer/2026-09-02_20-09-09_ppo_torch_stage1_mixed/checkpoints/agent_50010.pt,8ac5a032a78bb88a568b9cfe2e15e95b0aad6f6d428a9ff04ee77fb9b2073364,150d107225160ac498040fa20d4ccf9e26ec2703,True,fixed_per_environment_quotas_v2,mild,29,110,True,True,6.13,,7,False,False,39.7084846496582,6.13,0.11381828784942627,0.04343034327030182,0.29674607515335083
/home/donglei/isaac_projects/isaac_drone_racer/.worktrees/stage1-fake-vio/logs/skrl/drone_racer/2026-09-02_20-09-09_ppo_torch_stage1_mixed/checkpoints/agent_50010.pt,8ac5a032a78bb88a568b9cfe2e15e95b0aad6f6d428a9ff04ee77fb9b2073364,150d107225160ac498040fa20d4ccf9e26ec2703,True,fixed_per_environment_quotas_v2,mild,29,111,True,True,5.92,,7,False,False,39.760032653808594,5.92,0.12418209761381149,0.03971229866147041,0.30950531363487244
/home/donglei/isaac_projects/isaac_drone_racer/.worktrees/stage1-fake-vio/logs/skrl/drone_racer/2026-09-02_20-09-09_ppo_torch_stage1_mixed/checkpoints/agent_50010.pt,8ac5a032a78bb88a568b9cfe2e15e95b0aad6f6d428a9ff04ee77fb9b2073364,150d107225160ac498040fa20d4ccf9e26ec2703,True,fixed_per_environment_quotas_v2,mild,29,112,True,True,6.0,,7,False,False,39.64339065551758,6.0,0.12597361207008362,0.03993707150220871,0.30792105197906494
/home/donglei/isaac_projects/isaac_drone_racer/.worktrees/stage1-fake-vio/logs/skrl/drone_racer/2026-09-02_20-09-09_ppo_torch_stage1_mixed/checkpoints/agent_50010.pt,8ac5a032a78bb88a568b9cfe2e15e95b0aad6f6d428a9ff04ee77fb9b2073364,150d107225160ac498040fa20d4ccf9e26ec2703,True,fixed_per_environment_quotas_v2,mild,29,113,True,True,6.03,,7,False,False,39.40349197387695,6.03,0.13028918206691742,0.044471997767686844,0.31664568185806274
/home/donglei/isaac_projects/isaac_drone_racer/.worktrees/stage1-fake-vio/logs/skrl/drone_racer/2026-09-02_20-09-09_ppo_torch_stage1_mixed/checkpoints/agent_50010.pt,8ac5a032a78bb88a568b9cfe2e15e95b0aad6f6d428a9ff04ee77fb9b2073364,150d107225160ac498040fa20d4ccf9e26ec2703,True,fixed_per_environment_quotas_v2,mild,29,114,True,True,6.07,,7,False,False,39.540855407714844,6.07,0.12276523560285568,0.0393521785736084,0.32164764404296875
/home/donglei/isaac_projects/isaac_drone_racer/.worktrees/stage1-fake-vio/logs/skrl/drone_racer/2026-09-02_20-09-09_ppo_torch_stage1_mixed/checkpoints/agent_50010.pt,8ac5a032a78bb88a568b9cfe2e15e95b0aad6f6d428a9ff04ee77fb9b2073364,150d107225160ac498040fa20d4ccf9e26ec2703,True,fixed_per_environment_quotas_v2,mild,29,115,True,True,6.15,,7,False,False,39.42943572998047,6.15,0.12393578141927719,0.04265885055065155,0.32738587260246277
/home/donglei/isaac_projects/isaac_drone_racer/.worktrees/stage1-fake-vio/logs/skrl/drone_racer/2026-09-02_20-09-09_ppo_torch_stage1_mixed/checkpoints/agent_50010.pt,8ac5a032a78bb88a568b9cfe2e15e95b0aad6f6d428a9ff04ee77fb9b2073364,150d107225160ac498040fa20d4ccf9e26ec2703,True,fixed_per_environment_quotas_v2,mild,29,116,True,True,6.09,,7,False,False,39.45390319824219,6.09,0.12370896339416504,0.04241194576025009,0.3305402398109436
/home/donglei/isaac_projects/isaac_drone_racer/.worktrees/stage1-fake-vio/logs/skrl/drone_racer/2026-09-02_20-09-09_ppo_torch_stage1_mixed/checkpoints/agent_50010.pt,8ac5a032a78bb88a568b9cfe2e15e95b0aad6f6d428a9ff04ee77fb9b2073364,150d107225160ac498040fa20d4ccf9e26ec2703,True,fixed_per_environment_quotas_v2,mild,29,117,True,True,5.88,,7,False,False,39.55368423461914,5.88,0.12026150524616241,0.04265309125185013,0.3170100450515747
/home/donglei/isaac_projects/isaac_drone_racer/.worktrees/stage1-fake-vio/logs/skrl/drone_racer/2026-09-02_20-09-09_ppo_torch_stage1_mixed/checkpoints/agent_50010.pt,8ac5a032a78bb88a568b9cfe2e15e95b0aad6f6d428a9ff04ee77fb9b2073364,150d107225160ac498040fa20d4ccf9e26ec2703,True,fixed_per_environment_quotas_v2,mild,29,118,True,True,6.3500000000000005,,7,False,False,39.60029220581055,6.3500000000000005,0.118802510201931,0.043777916580438614,0.30973005294799805
/home/donglei/isaac_projects/isaac_drone_racer/.worktrees/stage1-fake-vio/logs/skrl/drone_racer/2026-09-02_20-09-09_ppo_torch_stage1_mixed/checkpoints/agent_50010.pt,8ac5a032a78bb88a568b9cfe2e15e95b0aad6f6d428a9ff04ee77fb9b2073364,150d107225160ac498040fa20d4ccf9e26ec2703,True,fixed_per_environment_quotas_v2,mild,29,119,True,True,5.89,,7,False,False,39.34487533569336,5.89,0.12958796322345734,0.040662337094545364,0.31829679012298584
/home/donglei/isaac_projects/isaac_drone_racer/.worktrees/stage1-fake-vio/logs/skrl/drone_racer/2026-09-02_20-09-09_ppo_torch_stage1_mixed/checkpoints/agent_50010.pt,8ac5a032a78bb88a568b9cfe2e15e95b0aad6f6d428a9ff04ee77fb9b2073364,150d107225160ac498040fa20d4ccf9e26ec2703,True,fixed_per_environment_quotas_v2,mild,29,120,True,True,6.26,,7,False,False,39.46950149536133,6.26,0.1266254335641861,0.0417962409555912,0.33326706290245056
/home/donglei/isaac_projects/isaac_drone_racer/.worktrees/stage1-fake-vio/logs/skrl/drone_racer/2026-09-02_20-09-09_ppo_torch_stage1_mixed/checkpoints/agent_50010.pt,8ac5a032a78bb88a568b9cfe2e15e95b0aad6f6d428a9ff04ee77fb9b2073364,150d107225160ac498040fa20d4ccf9e26ec2703,True,fixed_per_environment_quotas_v2,mild,29,121,True,True,6.01,,7,False,False,39.69135665893555,6.01,0.1265019029378891,0.044272664934396744,0.31070470809936523
/home/donglei/isaac_projects/isaac_drone_racer/.worktrees/stage1-fake-vio/logs/skrl/drone_racer/2026-09-02_20-09-09_ppo_torch_stage1_mixed/checkpoints/agent_50010.pt,8ac5a032a78bb88a568b9cfe2e15e95b0aad6f6d428a9ff04ee77fb9b2073364,150d107225160ac498040fa20d4ccf9e26ec2703,True,fixed_per_environment_quotas_v2,mild,29,122,True,True,5.97,,7,False,False,39.59389114379883,5.97,0.12146808952093124,0.03879424184560776,0.31191185116767883
/home/donglei/isaac_projects/isaac_drone_racer/.worktrees/stage1-fake-vio/logs/skrl/drone_racer/2026-09-02_20-09-09_ppo_torch_stage1_mixed/checkpoints/agent_50010.pt,8ac5a032a78bb88a568b9cfe2e15e95b0aad6f6d428a9ff04ee77fb9b2073364,150d107225160ac498040fa20d4ccf9e26ec2703,True,fixed_per_environment_quotas_v2,mild,29,123,True,True,6.05,,7,False,False,39.43511962890625,6.05,0.12533412873744965,0.043257880955934525,0.312934011220932
/home/donglei/isaac_projects/isaac_drone_racer/.worktrees/stage1-fake-vio/logs/skrl/drone_racer/2026-09-02_20-09-09_ppo_torch_stage1_mixed/checkpoints/agent_50010.pt,8ac5a032a78bb88a568b9cfe2e15e95b0aad6f6d428a9ff04ee77fb9b2073364,150d107225160ac498040fa20d4ccf9e26ec2703,True,fixed_per_environment_quotas_v2,mild,29,124,True,True,5.98,,7,False,False,39.7103385925293,5.98,0.12003104388713837,0.0430113784968853,0.31360065937042236
/home/donglei/isaac_projects/isaac_drone_racer/.worktrees/stage1-fake-vio/logs/skrl/drone_racer/2026-09-02_20-09-09_ppo_torch_stage1_mixed/checkpoints/agent_50010.pt,8ac5a032a78bb88a568b9cfe2e15e95b0aad6f6d428a9ff04ee77fb9b2073364,150d107225160ac498040fa20d4ccf9e26ec2703,True,fixed_per_environment_quotas_v2,mild,29,125,True,True,6.2700000000000005,,7,False,False,39.6693229675293,6.2700000000000005,0.12164262682199478,0.04010951891541481,0.32033005356788635
/home/donglei/isaac_projects/isaac_drone_racer/.worktrees/stage1-fake-vio/logs/skrl/drone_racer/2026-09-02_20-09-09_ppo_torch_stage1_mixed/checkpoints/agent_50010.pt,8ac5a032a78bb88a568b9cfe2e15e95b0aad6f6d428a9ff04ee77fb9b2073364,150d107225160ac498040fa20d4ccf9e26ec2703,True,fixed_per_environment_quotas_v2,mild,29,126,True,True,6.13,,7,False,False,39.52241897583008,6.13,0.12450489401817322,0.04304421693086624,0.33145901560783386
/home/donglei/isaac_projects/isaac_drone_racer/.worktrees/stage1-fake-vio/logs/skrl/drone_racer/2026-09-02_20-09-09_ppo_torch_stage1_mixed/checkpoints/agent_50010.pt,8ac5a032a78bb88a568b9cfe2e15e95b0aad6f6d428a9ff04ee77fb9b2073364,150d107225160ac498040fa20d4ccf9e26ec2703,True,fixed_per_environment_quotas_v2,mild,29,127,True,True,6.13,,7,False,False,39.399620056152344,6.13,0.12771211564540863,0.04342738911509514,0.31854620575904846
/home/donglei/isaac_projects/isaac_drone_racer/.worktrees/stage1-fake-vio/logs/skrl/drone_racer/2026-09-02_20-09-09_ppo_torch_stage1_mixed/checkpoints/agent_50010.pt,8ac5a032a78bb88a568b9cfe2e15e95b0aad6f6d428a9ff04ee77fb9b2073364,150d107225160ac498040fa20d4ccf9e26ec2703,True,fixed_per_environment_quotas_v2,mild,47,0,False,False,,3,0,False,False,0.09657156467437744,0.03,0.15502838790416718,0.04181466996669769,0.16842511296272278
/home/donglei/isaac_projects/isaac_drone_racer/.worktrees/stage1-fake-vio/logs/skrl/drone_racer/2026-09-02_20-09-09_ppo_torch_stage1_mixed/checkpoints/agent_50010.pt,8ac5a032a78bb88a568b9cfe2e15e95b0aad6f6d428a9ff04ee77fb9b2073364,150d107225160ac498040fa20d4ccf9e26ec2703,True,fixed_per_environment_quotas_v2,mild,47,1,False,False,,4,0,True,False,-4.876847267150879,0.15,0.07612051069736481,0.7303685545921326,0.5872151255607605
/home/donglei/isaac_projects/isaac_drone_racer/.worktrees/stage1-fake-vio/logs/skrl/drone_racer/2026-09-02_20-09-09_ppo_torch_stage1_mixed/checkpoints/agent_50010.pt,8ac5a032a78bb88a568b9cfe2e15e95b0aad6f6d428a9ff04ee77fb9b2073364,150d107225160ac498040fa20d4ccf9e26ec2703,True,fixed_per_environment_quotas_v2,mild,47,2,False,False,,5,1,False,False,4.494261741638184,0.56,0.07398638874292374,0.033081889152526855,0.37715625762939453
/home/donglei/isaac_projects/isaac_drone_racer/.worktrees/stage1-fake-vio/logs/skrl/drone_racer/2026-09-02_20-09-09_ppo_torch_stage1_mixed/checkpoints/agent_50010.pt,8ac5a032a78bb88a568b9cfe2e15e95b0aad6f6d428a9ff04ee77fb9b2073364,150d107225160ac498040fa20d4ccf9e26ec2703,True,fixed_per_environment_quotas_v2,mild,47,3,False,False,,1,1,False,False,5.262217998504639,0.8300000000000001,0.10766799747943878,0.029839998111128807,0.3447955250740051
/home/donglei/isaac_projects/isaac_drone_racer/.worktrees/stage1-fake-vio/logs/skrl/drone_racer/2026-09-02_20-09-09_ppo_torch_stage1_mixed/checkpoints/agent_50010.pt,8ac5a032a78bb88a568b9cfe2e15e95b0aad6f6d428a9ff04ee77fb9b2073364,150d107225160ac498040fa20d4ccf9e26ec2703,True,fixed_per_environment_quotas_v2,mild,47,4,False,False,,7,0,True,False,-3.791138172149658,0.93,0.07670801877975464,0.046288058161735535,1.2659744024276733
/home/donglei/isaac_projects/isaac_drone_racer/.worktrees/stage1-fake-vio/logs/skrl/drone_racer/2026-09-02_20-09-09_ppo_torch_stage1_mixed/checkpoints/agent_50010.pt,8ac5a032a78bb88a568b9cfe2e15e95b0aad6f6d428a9ff04ee77fb9b2073364,150d107225160ac498040fa20d4ccf9e26ec2703,True,fixed_per_environment_quotas_v2,mild,47,5,False,False,,1,2,False,False,9.627894401550293,1.1,0.11124400794506073,0.026017166674137115,0.33992719650268555
/home/donglei/isaac_projects/isaac_drone_racer/.worktrees/stage1-fake-vio/logs/skrl/drone_racer/2026-09-02_20-09-09_ppo_torch_stage1_mixed/checkpoints/agent_50010.pt,8ac5a032a78bb88a568b9cfe2e15e95b0aad6f6d428a9ff04ee77fb9b2073364,150d107225160ac498040fa20d4ccf9e26ec2703,True,fixed_per_environment_quotas_v2,mild,47,6,False,False,,3,1,False,False,6.190297603607178,1.19,0.1402399241924286,0.028928184881806374,0.32308945059776306
/home/donglei/isaac_projects/isaac_drone_racer/.worktrees/stage1-fake-vio/logs/skrl/drone_racer/2026-09-02_20-09-09_ppo_torch_stage1_mixed/checkpoints/agent_50010.pt,8ac5a032a78bb88a568b9cfe2e15e95b0aad6f6d428a9ff04ee77fb9b2073364,150d107225160ac498040fa20d4ccf9e26ec2703,True,fixed_per_environment_quotas_v2,mild,47,7,False,False,,3,0,True,False,-3.214571952819824,1.33,0.07945641875267029,0.051729992032051086,0.19677351415157318
/home/donglei/isaac_projects/isaac_drone_racer/.worktrees/stage1-fake-vio/logs/skrl/drone_racer/2026-09-02_20-09-09_ppo_torch_stage1_mixed/checkpoints/agent_50010.pt,8ac5a032a78bb88a568b9cfe2e15e95b0aad6f6d428a9ff04ee77fb9b2073364,150d107225160ac498040fa20d4ccf9e26ec2703,True,fixed_per_environment_quotas_v2,mild,47,8,False,False,,1,2,False,False,10.275871276855469,1.33,0.11907334625720978,0.03103039599955082,0.30930349230766296
/home/donglei/isaac_projects/isaac_drone_racer/.worktrees/stage1-fake-vio/logs/skrl/drone_racer/2026-09-02_20-09-09_ppo_torch_stage1_mixed/checkpoints/agent_50010.pt,8ac5a032a78bb88a568b9cfe2e15e95b0aad6f6d428a9ff04ee77fb9b2073364,150d107225160ac498040fa20d4ccf9e26ec2703,True,fixed_per_environment_quotas_v2,mild,47,9,False,False,,7,3,False,False,14.547406196594238,1.49,0.12018296122550964,0.03835878521203995,0.3116069734096527
/home/donglei/isaac_projects/isaac_drone_racer/.worktrees/stage1-fake-vio/logs/skrl/drone_racer/2026-09-02_20-09-09_ppo_torch_stage1_mixed/checkpoints/agent_50010.pt,8ac5a032a78bb88a568b9cfe2e15e95b0aad6f6d428a9ff04ee77fb9b2073364,150d107225160ac498040fa20d4ccf9e26ec2703,True,fixed_per_environment_quotas_v2,mild,47,10,False,False,,2,3,False,False,14.248302459716797,1.52,0.10412055999040604,0.03397654369473457,0.35273194313049316
/home/donglei/isaac_projects/isaac_drone_racer/.worktrees/stage1-fake-vio/logs/skrl/drone_racer/2026-09-02_20-09-09_ppo_torch_stage1_mixed/checkpoints/agent_50010.pt,8ac5a032a78bb88a568b9cfe2e15e95b0aad6f6d428a9ff04ee77fb9b2073364,150d107225160ac498040fa20d4ccf9e26ec2703,True,fixed_per_environment_quotas_v2,mild,47,11,False,False,,1,2,False,False,10.987069129943848,1.55,0.12917795777320862,0.04114376753568649,0.29998543858528137
/home/donglei/isaac_projects/isaac_drone_racer/.worktrees/stage1-fake-vio/logs/skrl/drone_racer/2026-09-02_20-09-09_ppo_torch_stage1_mixed/checkpoints/agent_50010.pt,8ac5a032a78bb88a568b9cfe2e15e95b0aad6f6d428a9ff04ee77fb9b2073364,150d107225160ac498040fa20d4ccf9e26ec2703,True,fixed_per_environment_quotas_v2,mild,47,12,False,False,,4,2,False,False,12.197212219238281,1.79,0.14162038266658783,0.03422193601727486,0.33541759848594666
/home/donglei/isaac_projects/isaac_drone_racer/.worktrees/stage1-fake-vio/logs/skrl/drone_racer/2026-09-02_20-09-09_ppo_torch_stage1_mixed/checkpoints/agent_50010.pt,8ac5a032a78bb88a568b9cfe2e15e95b0aad6f6d428a9ff04ee77fb9b2073364,150d107225160ac498040fa20d4ccf9e26ec2703,True,fixed_per_environment_quotas_v2,mild,47,13,False,False,,6,2,False,False,12.437350273132324,2.11,0.14559286832809448,0.050817739218473434,0.3208141326904297
/home/donglei/isaac_projects/isaac_drone_racer/.worktrees/stage1-fake-vio/logs/skrl/drone_racer/2026-09-02_20-09-09_ppo_torch_stage1_mixed/checkpoints/agent_50010.pt,8ac5a032a78bb88a568b9cfe2e15e95b0aad6f6d428a9ff04ee77fb9b2073364,150d107225160ac498040fa20d4ccf9e26ec2703,True,fixed_per_environment_quotas_v2,mild,47,14,False,False,,1,0,True,False,-4.117678165435791,0.97,0.07419268786907196,0.05877355486154556,0.31538504362106323
/home/donglei/isaac_projects/isaac_drone_racer/.worktrees/stage1-fake-vio/logs/skrl/drone_racer/2026-09-02_20-09-09_ppo_torch_stage1_mixed/checkpoints/agent_50010.pt,8ac5a032a78bb88a568b9cfe2e15e95b0aad6f6d428a9ff04ee77fb9b2073364,150d107225160ac498040fa20d4ccf9e26ec2703,True,fixed_per_environment_quotas_v2,mild,47,15,False,False,,1,0,True,False,-4.151704788208008,1.28,0.06976862996816635,0.1963164061307907,0.8968120813369751
/home/donglei/isaac_projects/isaac_drone_racer/.worktrees/stage1-fake-vio/logs/skrl/drone_racer/2026-09-02_20-09-09_ppo_torch_stage1_mixed/checkpoints/agent_50010.pt,8ac5a032a78bb88a568b9cfe2e15e95b0aad6f6d428a9ff04ee77fb9b2073364,150d107225160ac498040fa20d4ccf9e26ec2703,True,fixed_per_environment_quotas_v2,mild,47,16,False,False,,4,1,True,False,0.943972110748291,1.34,0.10050394386053085,0.1882176697254181,0.9731886982917786
/home/donglei/isaac_projects/isaac_drone_racer/.worktrees/stage1-fake-vio/logs/skrl/drone_racer/2026-09-02_20-09-09_ppo_torch_stage1_mixed/checkpoints/agent_50010.pt,8ac5a032a78bb88a568b9cfe2e15e95b0aad6f6d428a9ff04ee77fb9b2073364,150d107225160ac498040fa20d4ccf9e26ec2703,True,fixed_per_environment_quotas_v2,mild,47,17,False,False,,6,3,False,False,18.96375274658203,2.91,0.1455375999212265,0.045872654765844345,0.31827524304389954
/home/donglei/isaac_projects/isaac_drone_racer/.worktrees/stage1-fake-vio/logs/skrl/drone_racer/2026-09-02_20-09-09_ppo_torch_stage1_mixed/checkpoints/agent_50010.pt,8ac5a032a78bb88a568b9cfe2e15e95b0aad6f6d428a9ff04ee77fb9b2073364,150d107225160ac498040fa20d4ccf9e26ec2703,True,fixed_per_environment_quotas_v2,mild,47,18,False,False,,1,4,False,False,20.885360717773438,3.02,0.12335791438817978,0.0382261648774147,0.3415830135345459
/home/donglei/isaac_projects/isaac_drone_racer/.worktrees/stage1-fake-vio/logs/skrl/drone_racer/2026-09-02_20-09-09_ppo_torch_stage1_mixed/checkpoints/agent_50010.pt,8ac5a032a78bb88a568b9cfe2e15e95b0aad6f6d428a9ff04ee77fb9b2073364,150d107225160ac498040fa20d4ccf9e26ec2703,True,fixed_per_environment_quotas_v2,mild,47,19,False,False,,5,3,False,False,18.62416648864746,3.08,0.14597414433956146,0.04571303352713585,0.34672781825065613
/home/donglei/isaac_projects/isaac_drone_racer/.worktrees/stage1-fake-vio/logs/skrl/drone_racer/2026-09-02_20-09-09_ppo_torch_stage1_mixed/checkpoints/agent_50010.pt,8ac5a032a78bb88a568b9cfe2e15e95b0aad6f6d428a9ff04ee77fb9b2073364,150d107225160ac498040fa20d4ccf9e26ec2703,True,fixed_per_environment_quotas_v2,mild,47,20,False,False,,3,4,False,False,22.00176239013672,3.39,0.11307507753372192,0.03653286397457123,0.31947818398475647
/home/donglei/isaac_projects/isaac_drone_racer/.worktrees/stage1-fake-vio/logs/skrl/drone_racer/2026-09-02_20-09-09_ppo_torch_stage1_mixed/checkpoints/agent_50010.pt,8ac5a032a78bb88a568b9cfe2e15e95b0aad6f6d428a9ff04ee77fb9b2073364,150d107225160ac498040fa20d4ccf9e26ec2703,True,fixed_per_environment_quotas_v2,mild,47,21,False,False,,4,4,False,False,23.1949405670166,3.4,0.13587586581707,0.03887506201863289,0.3272802531719208
/home/donglei/isaac_projects/isaac_drone_racer/.worktrees/stage1-fake-vio/logs/skrl/drone_racer/2026-09-02_20-09-09_ppo_torch_stage1_mixed/checkpoints/agent_50010.pt,8ac5a032a78bb88a568b9cfe2e15e95b0aad6f6d428a9ff04ee77fb9b2073364,150d107225160ac498040fa20d4ccf9e26ec2703,True,fixed_per_environment_quotas_v2,mild,47,22,False,False,,6,4,True,False,18.23693084716797,3.5700000000000003,0.13893894851207733,0.0461299754679203,0.568027138710022
/home/donglei/isaac_projects/isaac_drone_racer/.worktrees/stage1-fake-vio/logs/skrl/drone_racer/2026-09-02_20-09-09_ppo_torch_stage1_mixed/checkpoints/agent_50010.pt,8ac5a032a78bb88a568b9cfe2e15e95b0aad6f6d428a9ff04ee77fb9b2073364,150d107225160ac498040fa20d4ccf9e26ec2703,True,fixed_per_environment_quotas_v2,mild,47,23,False,False,,5,4,False,False,23.57833480834961,3.61,0.14035171270370483,0.043122634291648865,0.3436795175075531
/home/donglei/isaac_projects/isaac_drone_racer/.worktrees/stage1-fake-vio/logs/skrl/drone_racer/2026-09-02_20-09-09_ppo_torch_stage1_mixed/checkpoints/agent_50010.pt,8ac5a032a78bb88a568b9cfe2e15e95b0aad6f6d428a9ff04ee77fb9b2073364,150d107225160ac498040fa20d4ccf9e26ec2703,True,fixed_per_environment_quotas_v2,mild,47,24,False,False,,6,4,False,False,24.107378005981445,3.62,0.13812419772148132,0.04353082552552223,0.31212058663368225
/home/donglei/isaac_projects/isaac_drone_racer/.worktrees/stage1-fake-vio/logs/skrl/drone_racer/2026-09-02_20-09-09_ppo_torch_stage1_mixed/checkpoints/agent_50010.pt,8ac5a032a78bb88a568b9cfe2e15e95b0aad6f6d428a9ff04ee77fb9b2073364,150d107225160ac498040fa20d4ccf9e26ec2703,True,fixed_per_environment_quotas_v2,mild,47,25,False,False,,5,5,False,False,28.417530059814453,4.19,0.13454511761665344,0.042767398059368134,0.34327462315559387
/home/donglei/isaac_projects/isaac_drone_racer/.worktrees/stage1-fake-vio/logs/skrl/drone_racer/2026-09-02_20-09-09_ppo_torch_stage1_mixed/checkpoints/agent_50010.pt,8ac5a032a78bb88a568b9cfe2e15e95b0aad6f6d428a9ff04ee77fb9b2073364,150d107225160ac498040fa20d4ccf9e26ec2703,True,fixed_per_environment_quotas_v2,mild,47,26,False,False,,5,5,False,False,28.80720329284668,4.42,0.12980875372886658,0.041692521423101425,0.3455858826637268
/home/donglei/isaac_projects/isaac_drone_racer/.worktrees/stage1-fake-vio/logs/skrl/drone_racer/2026-09-02_20-09-09_ppo_torch_stage1_mixed/checkpoints/agent_50010.pt,8ac5a032a78bb88a568b9cfe2e15e95b0aad6f6d428a9ff04ee77fb9b2073364,150d107225160ac498040fa20d4ccf9e26ec2703,True,fixed_per_environment_quotas_v2,mild,47,27,False,False,,5,5,False,False,28.98769760131836,4.49,0.1328323483467102,0.04197275638580322,0.34085309505462646
/home/donglei/isaac_projects/isaac_drone_racer/.worktrees/stage1-fake-vio/logs/skrl/drone_racer/2026-09-02_20-09-09_ppo_torch_stage1_mixed/checkpoints/agent_50010.pt,8ac5a032a78bb88a568b9cfe2e15e95b0aad6f6d428a9ff04ee77fb9b2073364,150d107225160ac498040fa20d4ccf9e26ec2703,True,fixed_per_environment_quotas_v2,mild,47,28,False,False,,2,6,False,False,33.301246643066406,4.55,0.1253480315208435,0.04238184913992882,0.3194880485534668
/home/donglei/isaac_projects/isaac_drone_racer/.worktrees/stage1-fake-vio/logs/skrl/drone_racer/2026-09-02_20-09-09_ppo_torch_stage1_mixed/checkpoints/agent_50010.pt,8ac5a032a78bb88a568b9cfe2e15e95b0aad6f6d428a9ff04ee77fb9b2073364,150d107225160ac498040fa20d4ccf9e26ec2703,True,fixed_per_environment_quotas_v2,mild,47,29,False,False,,7,0,True,False,-4.009728908538818,1.17,0.0801621600985527,0.23382511734962463,0.9869304299354553
/home/donglei/isaac_projects/isaac_drone_racer/.worktrees/stage1-fake-vio/logs/skrl/drone_racer/2026-09-02_20-09-09_ppo_torch_stage1_mixed/checkpoints/agent_50010.pt,8ac5a032a78bb88a568b9cfe2e15e95b0aad6f6d428a9ff04ee77fb9b2073364,150d107225160ac498040fa20d4ccf9e26ec2703,True,fixed_per_environment_quotas_v2,mild,47,30,True,True,5.75,,7,False,False,39.51024627685547,5.75,0.12810687720775604,0.042016997933387756,0.31831204891204834
/home/donglei/isaac_projects/isaac_drone_racer/.worktrees/stage1-fake-vio/logs/skrl/drone_racer/2026-09-02_20-09-09_ppo_torch_stage1_mixed/checkpoints/agent_50010.pt,8ac5a032a78bb88a568b9cfe2e15e95b0aad6f6d428a9ff04ee77fb9b2073364,150d107225160ac498040fa20d4ccf9e26ec2703,True,fixed_per_environment_quotas_v2,mild,47,31,False,False,,4,2,False,True,-0.6367282867431641,4.87,0.1333102136850357,0.7091184854507446,0.6777822971343994
/home/donglei/isaac_projects/isaac_drone_racer/.worktrees/stage1-fake-vio/logs/skrl/drone_racer/2026-09-02_20-09-09_ppo_torch_stage1_mixed/checkpoints/agent_50010.pt,8ac5a032a78bb88a568b9cfe2e15e95b0aad6f6d428a9ff04ee77fb9b2073364,150d107225160ac498040fa20d4ccf9e26ec2703,True,fixed_per_environment_quotas_v2,mild,47,32,True,True,5.12,,7,False,False,38.821937561035156,5.12,0.1318928599357605,0.042898230254650116,0.3200925290584564
/home/donglei/isaac_projects/isaac_drone_racer/.worktrees/stage1-fake-vio/logs/skrl/drone_racer/2026-09-02_20-09-09_ppo_torch_stage1_mixed/checkpoints/agent_50010.pt,8ac5a032a78bb88a568b9cfe2e15e95b0aad6f6d428a9ff04ee77fb9b2073364,150d107225160ac498040fa20d4ccf9e26ec2703,True,fixed_per_environment_quotas_v2,mild,47,33,True,True,5.51,,7,False,False,39.648773193359375,5.51,0.13500045239925385,0.04323234036564827,0.3322325646877289
/home/donglei/isaac_projects/isaac_drone_racer/.worktrees/stage1-fake-vio/logs/skrl/drone_racer/2026-09-02_20-09-09_ppo_torch_stage1_mixed/checkpoints/agent_50010.pt,8ac5a032a78bb88a568b9cfe2e15e95b0aad6f6d428a9ff04ee77fb9b2073364,150d107225160ac498040fa20d4ccf9e26ec2703,True,fixed_per_environment_quotas_v2,mild,47,34,False,False,,1,0,True,False,-4.121230125427246,1.05,0.08468090742826462,0.058209747076034546,1.1306557655334473
/home/donglei/isaac_projects/isaac_drone_racer/.worktrees/stage1-fake-vio/logs/skrl/drone_racer/2026-09-02_20-09-09_ppo_torch_stage1_mixed/checkpoints/agent_50010.pt,8ac5a032a78bb88a568b9cfe2e15e95b0aad6f6d428a9ff04ee77fb9b2073364,150d107225160ac498040fa20d4ccf9e26ec2703,True,fixed_per_environment_quotas_v2,mild,47,35,True,True,5.43,,7,False,False,39.18989944458008,5.43,0.1286555826663971,0.042655568569898605,0.3186814785003662
/home/donglei/isaac_projects/isaac_drone_racer/.worktrees/stage1-fake-vio/logs/skrl/drone_racer/2026-09-02_20-09-09_ppo_torch_stage1_mixed/checkpoints/agent_50010.pt,8ac5a032a78bb88a568b9cfe2e15e95b0aad6f6d428a9ff04ee77fb9b2073364,150d107225160ac498040fa20d4ccf9e26ec2703,True,fixed_per_environment_quotas_v2,mild,47,36,True,True,5.3500000000000005,,7,False,False,38.23401641845703,5.3500000000000005,0.12676645815372467,0.03960997238755226,0.33338966965675354
/home/donglei/isaac_projects/isaac_drone_racer/.worktrees/stage1-fake-vio/logs/skrl/drone_racer/2026-09-02_20-09-09_ppo_torch_stage1_mixed/checkpoints/agent_50010.pt,8ac5a032a78bb88a568b9cfe2e15e95b0aad6f6d428a9ff04ee77fb9b2073364,150d107225160ac498040fa20d4ccf9e26ec2703,True,fixed_per_environment_quotas_v2,mild,47,37,True,True,5.22,,7,False,False,38.36675262451172,5.22,0.1299310326576233,0.03863761946558952,0.34575605392456055
/home/donglei/isaac_projects/isaac_drone_racer/.worktrees/stage1-fake-vio/logs/skrl/drone_racer/2026-09-02_20-09-09_ppo_torch_stage1_mixed/checkpoints/agent_50010.pt,8ac5a032a78bb88a568b9cfe2e15e95b0aad6f6d428a9ff04ee77fb9b2073364,150d107225160ac498040fa20d4ccf9e26ec2703,True,fixed_per_environment_quotas_v2,mild,47,38,True,True,5.63,,7,False,False,39.440696716308594,5.63,0.13405545055866241,0.04093194752931595,0.3305858075618744
/home/donglei/isaac_projects/isaac_drone_racer/.worktrees/stage1-fake-vio/logs/skrl/drone_racer/2026-09-02_20-09-09_ppo_torch_stage1_mixed/checkpoints/agent_50010.pt,8ac5a032a78bb88a568b9cfe2e15e95b0aad6f6d428a9ff04ee77fb9b2073364,150d107225160ac498040fa20d4ccf9e26ec2703,True,fixed_per_environment_quotas_v2,mild,47,39,True,True,5.0200000000000005,,7,False,False,38.648738861083984,5.0200000000000005,0.132070392370224,0.04267378896474838,0.32368946075439453
/home/donglei/isaac_projects/isaac_drone_racer/.worktrees/stage1-fake-vio/logs/skrl/drone_racer/2026-09-02_20-09-09_ppo_torch_stage1_mixed/checkpoints/agent_50010.pt,8ac5a032a78bb88a568b9cfe2e15e95b0aad6f6d428a9ff04ee77fb9b2073364,150d107225160ac498040fa20d4ccf9e26ec2703,True,fixed_per_environment_quotas_v2,mild,47,40,True,True,5.75,,7,False,False,39.621307373046875,5.75,0.13107797503471375,0.04068890959024429,0.33278071880340576
/home/donglei/isaac_projects/isaac_drone_racer/.worktrees/stage1-fake-vio/logs/skrl/drone_racer/2026-09-02_20-09-09_ppo_torch_stage1_mixed/checkpoints/agent_50010.pt,8ac5a032a78bb88a568b9cfe2e15e95b0aad6f6d428a9ff04ee77fb9b2073364,150d107225160ac498040fa20d4ccf9e26ec2703,True,fixed_per_environment_quotas_v2,mild,47,41,False,False,,4,6,True,False,29.449352264404297,5.87,0.1178755834698677,0.07053838670253754,0.38072139024734497
/home/donglei/isaac_projects/isaac_drone_racer/.worktrees/stage1-fake-vio/logs/skrl/drone_racer/2026-09-02_20-09-09_ppo_torch_stage1_mixed/checkpoints/agent_50010.pt,8ac5a032a78bb88a568b9cfe2e15e95b0aad6f6d428a9ff04ee77fb9b2073364,150d107225160ac498040fa20d4ccf9e26ec2703,True,fixed_per_environment_quotas_v2,mild,47,42,False,False,,7,2,False,True,-2.1025264263153076,3.31,0.15557095408439636,0.5556084513664246,0.616521954536438
/home/donglei/isaac_projects/isaac_drone_racer/.worktrees/stage1-fake-vio/logs/skrl/drone_racer/2026-09-02_20-09-09_ppo_torch_stage1_mixed/checkpoints/agent_50010.pt,8ac5a032a78bb88a568b9cfe2e15e95b0aad6f6d428a9ff04ee77fb9b2073364,150d107225160ac498040fa20d4ccf9e26ec2703,True,fixed_per_environment_quotas_v2,mild,47,43,True,True,5.75,,7,False,False,39.441043853759766,5.75,0.13232629001140594,0.03996845334768295,0.3363868296146393
/home/donglei/isaac_projects/isaac_drone_racer/.worktrees/stage1-fake-vio/logs/skrl/drone_racer/2026-09-02_20-09-09_ppo_torch_stage1_mixed/checkpoints/agent_50010.pt,8ac5a032a78bb88a568b9cfe2e15e95b0aad6f6d428a9ff04ee77fb9b2073364,150d107225160ac498040fa20d4ccf9e26ec2703,True,fixed_per_environment_quotas_v2,mild,47,44,False,False,,5,2,True,False,8.030623435974121,2.58,0.12540282309055328,0.04575923830270767,0.3760932385921478
/home/donglei/isaac_projects/isaac_drone_racer/.worktrees/stage1-fake-vio/logs/skrl/drone_racer/2026-09-02_20-09-09_ppo_torch_stage1_mixed/checkpoints/agent_50010.pt,8ac5a032a78bb88a568b9cfe2e15e95b0aad6f6d428a9ff04ee77fb9b2073364,150d107225160ac498040fa20d4ccf9e26ec2703,True,fixed_per_environment_quotas_v2,mild,47,45,False,False,,1,1,False,True,-3.671731948852539,2.58,0.1296248733997345,0.6085812449455261,0.5393614172935486
/home/donglei/isaac_projects/isaac_drone_racer/.worktrees/stage1-fake-vio/logs/skrl/drone_racer/2026-09-02_20-09-09_ppo_torch_stage1_mixed/checkpoints/agent_50010.pt,8ac5a032a78bb88a568b9cfe2e15e95b0aad6f6d428a9ff04ee77fb9b2073364,150d107225160ac498040fa20d4ccf9e26ec2703,True,fixed_per_environment_quotas_v2,mild,47,46,False,False,,1,3,True,False,11.399419784545898,2.91,0.10123191028833389,0.03524266183376312,0.28809985518455505
/home/donglei/isaac_projects/isaac_drone_racer/.worktrees/stage1-fake-vio/logs/skrl/drone_racer/2026-09-02_20-09-09_ppo_torch_stage1_mixed/checkpoints/agent_50010.pt,8ac5a032a78bb88a568b9cfe2e15e95b0aad6f6d428a9ff04ee77fb9b2073364,150d107225160ac498040fa20d4ccf9e26ec2703,True,fixed_per_environment_quotas_v2,mild,47,47,True,True,5.65,,7,False,False,39.5595817565918,5.65,0.13107125461101532,0.04135478287935257,0.32635337114334106
/home/donglei/isaac_projects/isaac_drone_racer/.worktrees/stage1-fake-vio/logs/skrl/drone_racer/2026-09-02_20-09-09_ppo_torch_stage1_mixed/checkpoints/agent_50010.pt,8ac5a032a78bb88a568b9cfe2e15e95b0aad6f6d428a9ff04ee77fb9b2073364,150d107225160ac498040fa20d4ccf9e26ec2703,True,fixed_per_environment_quotas_v2,mild,47,48,True,True,5.5600000000000005,,7,False,False,39.224185943603516,5.5600000000000005,0.1313827782869339,0.0428563691675663,0.32393380999565125
/home/donglei/isaac_projects/isaac_drone_racer/.worktrees/stage1-fake-vio/logs/skrl/drone_racer/2026-09-02_20-09-09_ppo_torch_stage1_mixed/checkpoints/agent_50010.pt,8ac5a032a78bb88a568b9cfe2e15e95b0aad6f6d428a9ff04ee77fb9b2073364,150d107225160ac498040fa20d4ccf9e26ec2703,True,fixed_per_environment_quotas_v2,mild,47,49,True,True,5.82,,7,False,False,39.55864715576172,5.82,0.1286248415708542,0.04130585491657257,0.3211043179035187
/home/donglei/isaac_projects/isaac_drone_racer/.worktrees/stage1-fake-vio/logs/skrl/drone_racer/2026-09-02_20-09-09_ppo_torch_stage1_mixed/checkpoints/agent_50010.pt,8ac5a032a78bb88a568b9cfe2e15e95b0aad6f6d428a9ff04ee77fb9b2073364,150d107225160ac498040fa20d4ccf9e26ec2703,True,fixed_per_environment_quotas_v2,mild,47,50,True,True,5.09,,7,False,False,38.6523323059082,5.09,0.13185539841651917,0.04310154914855957,0.3267054259777069
/home/donglei/isaac_projects/isaac_drone_racer/.worktrees/stage1-fake-vio/logs/skrl/drone_racer/2026-09-02_20-09-09_ppo_torch_stage1_mixed/checkpoints/agent_50010.pt,8ac5a032a78bb88a568b9cfe2e15e95b0aad6f6d428a9ff04ee77fb9b2073364,150d107225160ac498040fa20d4ccf9e26ec2703,True,fixed_per_environment_quotas_v2,mild,47,51,True,True,4.86,,7,False,False,38.15195846557617,4.86,0.13312289118766785,0.04159574210643768,0.32839149236679077
/home/donglei/isaac_projects/isaac_drone_racer/.worktrees/stage1-fake-vio/logs/skrl/drone_racer/2026-09-02_20-09-09_ppo_torch_stage1_mixed/checkpoints/agent_50010.pt,8ac5a032a78bb88a568b9cfe2e15e95b0aad6f6d428a9ff04ee77fb9b2073364,150d107225160ac498040fa20d4ccf9e26ec2703,True,fixed_per_environment_quotas_v2,mild,47,52,False,False,,3,0,True,False,-3.091097831726074,1.07,0.11897680908441544,0.05647885426878929,0.5818225145339966
/home/donglei/isaac_projects/isaac_drone_racer/.worktrees/stage1-fake-vio/logs/skrl/drone_racer/2026-09-02_20-09-09_ppo_torch_stage1_mixed/checkpoints/agent_50010.pt,8ac5a032a78bb88a568b9cfe2e15e95b0aad6f6d428a9ff04ee77fb9b2073364,150d107225160ac498040fa20d4ccf9e26ec2703,True,fixed_per_environment_quotas_v2,mild,47,53,True,True,5.14,,7,False,False,38.77847671508789,5.14,0.13290655612945557,0.041068363934755325,0.3278317451477051
/home/donglei/isaac_projects/isaac_drone_racer/.worktrees/stage1-fake-vio/logs/skrl/drone_racer/2026-09-02_20-09-09_ppo_torch_stage1_mixed/checkpoints/agent_50010.pt,8ac5a032a78bb88a568b9cfe2e15e95b0aad6f6d428a9ff04ee77fb9b2073364,150d107225160ac498040fa20d4ccf9e26ec2703,True,fixed_per_environment_quotas_v2,mild,47,54,True,True,5.04,,7,False,False,38.673622131347656,5.04,0.13209737837314606,0.04447757825255394,0.3220592141151428
/home/donglei/isaac_projects/isaac_drone_racer/.worktrees/stage1-fake-vio/logs/skrl/drone_racer/2026-09-02_20-09-09_ppo_torch_stage1_mixed/checkpoints/agent_50010.pt,8ac5a032a78bb88a568b9cfe2e15e95b0aad6f6d428a9ff04ee77fb9b2073364,150d107225160ac498040fa20d4ccf9e26ec2703,True,fixed_per_environment_quotas_v2,mild,47,55,False,False,,5,2,True,False,8.058441162109375,2.5500000000000003,0.13104994595050812,0.04580420255661011,0.3337285816669464
/home/donglei/isaac_projects/isaac_drone_racer/.worktrees/stage1-fake-vio/logs/skrl/drone_racer/2026-09-02_20-09-09_ppo_torch_stage1_mixed/checkpoints/agent_50010.pt,8ac5a032a78bb88a568b9cfe2e15e95b0aad6f6d428a9ff04ee77fb9b2073364,150d107225160ac498040fa20d4ccf9e26ec2703,True,fixed_per_environment_quotas_v2,mild,47,56,True,True,5.3500000000000005,,7,False,False,39.25350570678711,5.3500000000000005,0.13078035414218903,0.042943429201841354,0.3240985572338104
/home/donglei/isaac_projects/isaac_drone_racer/.worktrees/stage1-fake-vio/logs/skrl/drone_racer/2026-09-02_20-09-09_ppo_torch_stage1_mixed/checkpoints/agent_50010.pt,8ac5a032a78bb88a568b9cfe2e15e95b0aad6f6d428a9ff04ee77fb9b2073364,150d107225160ac498040fa20d4ccf9e26ec2703,True,fixed_per_environment_quotas_v2,mild,47,57,True,True,5.3100000000000005,,7,False,False,38.28252410888672,5.3100000000000005,0.12111719697713852,0.042938996106386185,0.3168167769908905
/home/donglei/isaac_projects/isaac_drone_racer/.worktrees/stage1-fake-vio/logs/skrl/drone_racer/2026-09-02_20-09-09_ppo_torch_stage1_mixed/checkpoints/agent_50010.pt,8ac5a032a78bb88a568b9cfe2e15e95b0aad6f6d428a9ff04ee77fb9b2073364,150d107225160ac498040fa20d4ccf9e26ec2703,True,fixed_per_environment_quotas_v2,mild,47,58,True,True,5.45,,7,False,False,38.92839431762695,5.45,0.13318289816379547,0.039862409234046936,0.3375653326511383
/home/donglei/isaac_projects/isaac_drone_racer/.worktrees/stage1-fake-vio/logs/skrl/drone_racer/2026-09-02_20-09-09_ppo_torch_stage1_mixed/checkpoints/agent_50010.pt,8ac5a032a78bb88a568b9cfe2e15e95b0aad6f6d428a9ff04ee77fb9b2073364,150d107225160ac498040fa20d4ccf9e26ec2703,True,fixed_per_environment_quotas_v2,mild,47,59,True,True,5.5,,7,False,False,39.319576263427734,5.5,0.13444067537784576,0.04188193008303642,0.3315355181694031
/home/donglei/isaac_projects/isaac_drone_racer/.worktrees/stage1-fake-vio/logs/skrl/drone_racer/2026-09-02_20-09-09_ppo_torch_stage1_mixed/checkpoints/agent_50010.pt,8ac5a032a78bb88a568b9cfe2e15e95b0aad6f6d428a9ff04ee77fb9b2073364,150d107225160ac498040fa20d4ccf9e26ec2703,True,fixed_per_environment_quotas_v2,mild,47,60,False,False,,7,0,True,False,-4.062461853027344,0.92,0.07392916828393936,0.05922669544816017,0.2989642024040222
/home/donglei/isaac_projects/isaac_drone_racer/.worktrees/stage1-fake-vio/logs/skrl/drone_racer/2026-09-02_20-09-09_ppo_torch_stage1_mixed/checkpoints/agent_50010.pt,8ac5a032a78bb88a568b9cfe2e15e95b0aad6f6d428a9ff04ee77fb9b2073364,150d107225160ac498040fa20d4ccf9e26ec2703,True,fixed_per_environment_quotas_v2,mild,47,61,False,False,,1,0,True,False,-4.073416709899902,0.71,0.08370731770992279,0.05538419261574745,1.2240402698516846
/home/donglei/isaac_projects/isaac_drone_racer/.worktrees/stage1-fake-vio/logs/skrl/drone_racer/2026-09-02_20-09-09_ppo_torch_stage1_mixed/checkpoints/agent_50010.pt,8ac5a032a78bb88a568b9cfe2e15e95b0aad6f6d428a9ff04ee77fb9b2073364,150d107225160ac498040fa20d4ccf9e26ec2703,True,fixed_per_environment_quotas_v2,mild,47,62,True,True,5.2700000000000005,,7,False,False,39.16492462158203,5.2700000000000005,0.13138198852539062,0.042152196168899536,0.3183182179927826
/home/donglei/isaac_projects/isaac_drone_racer/.worktrees/stage1-fake-vio/logs/skrl/drone_racer/2026-09-02_20-09-09_ppo_torch_stage1_mixed/checkpoints/agent_50010.pt,8ac5a032a78bb88a568b9cfe2e15e95b0aad6f6d428a9ff04ee77fb9b2073364,150d107225160ac498040fa20d4ccf9e26ec2703,True,fixed_per_environment_quotas_v2,mild,47,63,False,False,,4,1,True,False,0.990297794342041,1.25,0.11476767063140869,0.28345242142677307,1.7860968112945557
/home/donglei/isaac_projects/isaac_drone_racer/.worktrees/stage1-fake-vio/logs/skrl/drone_racer/2026-09-02_20-09-09_ppo_torch_stage1_mixed/checkpoints/agent_50010.pt,8ac5a032a78bb88a568b9cfe2e15e95b0aad6f6d428a9ff04ee77fb9b2073364,150d107225160ac498040fa20d4ccf9e26ec2703,True,fixed_per_environment_quotas_v2,mild,47,64,False,False,,5,2,True,False,8.038926124572754,2.68,0.12975384294986725,0.04756646230816841,0.3277544379234314
/home/donglei/isaac_projects/isaac_drone_racer/.worktrees/stage1-fake-vio/logs/skrl/drone_racer/2026-09-02_20-09-09_ppo_torch_stage1_mixed/checkpoints/agent_50010.pt,8ac5a032a78bb88a568b9cfe2e15e95b0aad6f6d428a9ff04ee77fb9b2073364,150d107225160ac498040fa20d4ccf9e26ec2703,True,fixed_per_environment_quotas_v2,mild,47,65,True,True,5.3100000000000005,,7,False,False,38.685333251953125,5.3100000000000005,0.13415439426898956,0.03637991473078728,0.34524646401405334
/home/donglei/isaac_projects/isaac_drone_racer/.worktrees/stage1-fake-vio/logs/skrl/drone_racer/2026-09-02_20-09-09_ppo_torch_stage1_mixed/checkpoints/agent_50010.pt,8ac5a032a78bb88a568b9cfe2e15e95b0aad6f6d428a9ff04ee77fb9b2073364,150d107225160ac498040fa20d4ccf9e26ec2703,True,fixed_per_environment_quotas_v2,mild,47,66,True,True,6.0200000000000005,,7,False,False,39.67502212524414,6.0200000000000005,0.11761808395385742,0.04427191615104675,0.2981713116168976
/home/donglei/isaac_projects/isaac_drone_racer/.worktrees/stage1-fake-vio/logs/skrl/drone_racer/2026-09-02_20-09-09_ppo_torch_stage1_mixed/checkpoints/agent_50010.pt,8ac5a032a78bb88a568b9cfe2e15e95b0aad6f6d428a9ff04ee77fb9b2073364,150d107225160ac498040fa20d4ccf9e26ec2703,True,fixed_per_environment_quotas_v2,mild,47,67,True,True,5.23,,7,False,False,37.64471435546875,5.23,0.12760195136070251,0.040676772594451904,0.3355256915092468
/home/donglei/isaac_projects/isaac_drone_racer/.worktrees/stage1-fake-vio/logs/skrl/drone_racer/2026-09-02_20-09-09_ppo_torch_stage1_mixed/checkpoints/agent_50010.pt,8ac5a032a78bb88a568b9cfe2e15e95b0aad6f6d428a9ff04ee77fb9b2073364,150d107225160ac498040fa20d4ccf9e26ec2703,True,fixed_per_environment_quotas_v2,mild,47,68,True,True,4.83,,7,False,False,38.333763122558594,4.83,0.13305748999118805,0.045157529413700104,0.3323723077774048
/home/donglei/isaac_projects/isaac_drone_racer/.worktrees/stage1-fake-vio/logs/skrl/drone_racer/2026-09-02_20-09-09_ppo_torch_stage1_mixed/checkpoints/agent_50010.pt,8ac5a032a78bb88a568b9cfe2e15e95b0aad6f6d428a9ff04ee77fb9b2073364,150d107225160ac498040fa20d4ccf9e26ec2703,True,fixed_per_environment_quotas_v2,mild,47,69,True,True,5.69,,7,False,False,39.10396957397461,5.69,0.12195435911417007,0.03951041400432587,0.32533952593803406
/home/donglei/isaac_projects/isaac_drone_racer/.worktrees/stage1-fake-vio/logs/skrl/drone_racer/2026-09-02_20-09-09_ppo_torch_stage1_mixed/checkpoints/agent_50010.pt,8ac5a032a78bb88a568b9cfe2e15e95b0aad6f6d428a9ff04ee77fb9b2073364,150d107225160ac498040fa20d4ccf9e26ec2703,True,fixed_per_environment_quotas_v2,mild,47,70,True,True,5.0,,7,False,False,38.44573211669922,5.0,0.13252760469913483,0.044265974313020706,0.3334200382232666
/home/donglei/isaac_projects/isaac_drone_racer/.worktrees/stage1-fake-vio/logs/skrl/drone_racer/2026-09-02_20-09-09_ppo_torch_stage1_mixed/checkpoints/agent_50010.pt,8ac5a032a78bb88a568b9cfe2e15e95b0aad6f6d428a9ff04ee77fb9b2073364,150d107225160ac498040fa20d4ccf9e26ec2703,True,fixed_per_environment_quotas_v2,mild,47,71,False,False,,1,0,True,False,-4.094260215759277,0.73,0.07995087653398514,0.06325371563434601,1.3305758237838745
/home/donglei/isaac_projects/isaac_drone_racer/.worktrees/stage1-fake-vio/logs/skrl/drone_racer/2026-09-02_20-09-09_ppo_torch_stage1_mixed/checkpoints/agent_50010.pt,8ac5a032a78bb88a568b9cfe2e15e95b0aad6f6d428a9ff04ee77fb9b2073364,150d107225160ac498040fa20d4ccf9e26ec2703,True,fixed_per_environment_quotas_v2,mild,47,72,True,True,5.47,,7,False,False,39.307518005371094,5.47,0.13550592958927155,0.04030267149209976,0.3354495167732239
/home/donglei/isaac_projects/isaac_drone_racer/.worktrees/stage1-fake-vio/logs/skrl/drone_racer/2026-09-02_20-09-09_ppo_torch_stage1_mixed/checkpoints/agent_50010.pt,8ac5a032a78bb88a568b9cfe2e15e95b0aad6f6d428a9ff04ee77fb9b2073364,150d107225160ac498040fa20d4ccf9e26ec2703,True,fixed_per_environment_quotas_v2,mild,47,73,False,False,,5,2,True,False,8.017154693603516,2.72,0.12340299040079117,0.045676227658987045,0.32354065775871277
/home/donglei/isaac_projects/isaac_drone_racer/.worktrees/stage1-fake-vio/logs/skrl/drone_racer/2026-09-02_20-09-09_ppo_torch_stage1_mixed/checkpoints/agent_50010.pt,8ac5a032a78bb88a568b9cfe2e15e95b0aad6f6d428a9ff04ee77fb9b2073364,150d107225160ac498040fa20d4ccf9e26ec2703,True,fixed_per_environment_quotas_v2,mild,47,74,True,True,5.7700000000000005,,7,False,False,39.6158447265625,5.7700000000000005,0.13105519115924835,0.0415826253592968,0.3238208591938019
/home/donglei/isaac_projects/isaac_drone_racer/.worktrees/stage1-fake-vio/logs/skrl/drone_racer/2026-09-02_20-09-09_ppo_torch_stage1_mixed/checkpoints/agent_50010.pt,8ac5a032a78bb88a568b9cfe2e15e95b0aad6f6d428a9ff04ee77fb9b2073364,150d107225160ac498040fa20d4ccf9e26ec2703,True,fixed_per_environment_quotas_v2,mild,47,75,True,True,6.0200000000000005,,7,False,False,39.517086029052734,6.0200000000000005,0.1248931959271431,0.042104240506887436,0.3385675549507141
/home/donglei/isaac_projects/isaac_drone_racer/.worktrees/stage1-fake-vio/logs/skrl/drone_racer/2026-09-02_20-09-09_ppo_torch_stage1_mixed/checkpoints/agent_50010.pt,8ac5a032a78bb88a568b9cfe2e15e95b0aad6f6d428a9ff04ee77fb9b2073364,150d107225160ac498040fa20d4ccf9e26ec2703,True,fixed_per_environment_quotas_v2,mild,47,76,False,False,,5,2,True,False,8.053601264953613,2.69,0.11801423877477646,0.051306918263435364,0.33035892248153687
/home/donglei/isaac_projects/isaac_drone_racer/.worktrees/stage1-fake-vio/logs/skrl/drone_racer/2026-09-02_20-09-09_ppo_torch_stage1_mixed/checkpoints/agent_50010.pt,8ac5a032a78bb88a568b9cfe2e15e95b0aad6f6d428a9ff04ee77fb9b2073364,150d107225160ac498040fa20d4ccf9e26ec2703,True,fixed_per_environment_quotas_v2,mild,47,77,True,True,5.57,,7,False,False,38.78633499145508,5.57,0.1274823695421219,0.04102156683802605,0.3312642276287079
/home/donglei/isaac_projects/isaac_drone_racer/.worktrees/stage1-fake-vio/logs/skrl/drone_racer/2026-09-02_20-09-09_ppo_torch_stage1_mixed/checkpoints/agent_50010.pt,8ac5a032a78bb88a568b9cfe2e15e95b0aad6f6d428a9ff04ee77fb9b2073364,150d107225160ac498040fa20d4ccf9e26ec2703,True,fixed_per_environment_quotas_v2,mild,47,78,True,True,5.64,,7,False,False,39.265968322753906,5.64,0.12242013216018677,0.04359615966677666,0.31398773193359375
/home/donglei/isaac_projects/isaac_drone_racer/.worktrees/stage1-fake-vio/logs/skrl/drone_racer/2026-09-02_20-09-09_ppo_torch_stage1_mixed/checkpoints/agent_50010.pt,8ac5a032a78bb88a568b9cfe2e15e95b0aad6f6d428a9ff04ee77fb9b2073364,150d107225160ac498040fa20d4ccf9e26ec2703,True,fixed_per_environment_quotas_v2,mild,47,79,True,True,5.5200000000000005,,7,False,False,39.37120056152344,5.5200000000000005,0.12745991349220276,0.03960014879703522,0.3262329697608948
/home/donglei/isaac_projects/isaac_drone_racer/.worktrees/stage1-fake-vio/logs/skrl/drone_racer/2026-09-02_20-09-09_ppo_torch_stage1_mixed/checkpoints/agent_50010.pt,8ac5a032a78bb88a568b9cfe2e15e95b0aad6f6d428a9ff04ee77fb9b2073364,150d107225160ac498040fa20d4ccf9e26ec2703,True,fixed_per_environment_quotas_v2,mild,47,80,True,True,6.2700000000000005,,7,False,False,39.8416748046875,6.2700000000000005,0.11514006555080414,0.0443028025329113,0.2959848940372467
/home/donglei/isaac_projects/isaac_drone_racer/.worktrees/stage1-fake-vio/logs/skrl/drone_racer/2026-09-02_20-09-09_ppo_torch_stage1_mixed/checkpoints/agent_50010.pt,8ac5a032a78bb88a568b9cfe2e15e95b0aad6f6d428a9ff04ee77fb9b2073364,150d107225160ac498040fa20d4ccf9e26ec2703,True,fixed_per_environment_quotas_v2,mild,47,81,True,True,5.96,,7,False,False,39.8239631652832,5.96,0.11848410964012146,0.040920767933130264,0.30745941400527954
/home/donglei/isaac_projects/isaac_drone_racer/.worktrees/stage1-fake-vio/logs/skrl/drone_racer/2026-09-02_20-09-09_ppo_torch_stage1_mixed/checkpoints/agent_50010.pt,8ac5a032a78bb88a568b9cfe2e15e95b0aad6f6d428a9ff04ee77fb9b2073364,150d107225160ac498040fa20d4ccf9e26ec2703,True,fixed_per_environment_quotas_v2,mild,47,82,True,True,6.07,,7,False,False,39.693424224853516,6.07,0.11544399708509445,0.039818793535232544,0.299432635307312
/home/donglei/isaac_projects/isaac_drone_racer/.worktrees/stage1-fake-vio/logs/skrl/drone_racer/2026-09-02_20-09-09_ppo_torch_stage1_mixed/checkpoints/agent_50010.pt,8ac5a032a78bb88a568b9cfe2e15e95b0aad6f6d428a9ff04ee77fb9b2073364,150d107225160ac498040fa20d4ccf9e26ec2703,True,fixed_per_environment_quotas_v2,mild,47,83,True,True,6.0600000000000005,,7,False,False,39.62157440185547,6.0600000000000005,0.12286606431007385,0.04081987589597702,0.3195717930793762
/home/donglei/isaac_projects/isaac_drone_racer/.worktrees/stage1-fake-vio/logs/skrl/drone_racer/2026-09-02_20-09-09_ppo_torch_stage1_mixed/checkpoints/agent_50010.pt,8ac5a032a78bb88a568b9cfe2e15e95b0aad6f6d428a9ff04ee77fb9b2073364,150d107225160ac498040fa20d4ccf9e26ec2703,True,fixed_per_environment_quotas_v2,mild,47,84,True,True,5.93,,7,False,False,39.363162994384766,5.93,0.12811648845672607,0.04176793247461319,0.31160876154899597
/home/donglei/isaac_projects/isaac_drone_racer/.worktrees/stage1-fake-vio/logs/skrl/drone_racer/2026-09-02_20-09-09_ppo_torch_stage1_mixed/checkpoints/agent_50010.pt,8ac5a032a78bb88a568b9cfe2e15e95b0aad6f6d428a9ff04ee77fb9b2073364,150d107225160ac498040fa20d4ccf9e26ec2703,True,fixed_per_environment_quotas_v2,mild,47,85,True,True,5.95,,7,False,False,39.969566345214844,5.95,0.11926363408565521,0.043792642652988434,0.31032055616378784
/home/donglei/isaac_projects/isaac_drone_racer/.worktrees/stage1-fake-vio/logs/skrl/drone_racer/2026-09-02_20-09-09_ppo_torch_stage1_mixed/checkpoints/agent_50010.pt,8ac5a032a78bb88a568b9cfe2e15e95b0aad6f6d428a9ff04ee77fb9b2073364,150d107225160ac498040fa20d4ccf9e26ec2703,True,fixed_per_environment_quotas_v2,mild,47,86,True,True,6.09,,7,False,False,39.565643310546875,6.09,0.12798640131950378,0.042409785091876984,0.32128462195396423
/home/donglei/isaac_projects/isaac_drone_racer/.worktrees/stage1-fake-vio/logs/skrl/drone_racer/2026-09-02_20-09-09_ppo_torch_stage1_mixed/checkpoints/agent_50010.pt,8ac5a032a78bb88a568b9cfe2e15e95b0aad6f6d428a9ff04ee77fb9b2073364,150d107225160ac498040fa20d4ccf9e26ec2703,True,fixed_per_environment_quotas_v2,mild,47,87,True,True,6.09,,7,False,False,39.808650970458984,6.09,0.123507559299469,0.041055984795093536,0.30998721718788147
/home/donglei/isaac_projects/isaac_drone_racer/.worktrees/stage1-fake-vio/logs/skrl/drone_racer/2026-09-02_20-09-09_ppo_torch_stage1_mixed/checkpoints/agent_50010.pt,8ac5a032a78bb88a568b9cfe2e15e95b0aad6f6d428a9ff04ee77fb9b2073364,150d107225160ac498040fa20d4ccf9e26ec2703,True,fixed_per_environment_quotas_v2,mild,47,88,False,False,,2,1,True,False,-0.012938976287841797,1.6300000000000001,0.08324217051267624,0.0880659967660904,0.956331193447113
/home/donglei/isaac_projects/isaac_drone_racer/.worktrees/stage1-fake-vio/logs/skrl/drone_racer/2026-09-02_20-09-09_ppo_torch_stage1_mixed/checkpoints/agent_50010.pt,8ac5a032a78bb88a568b9cfe2e15e95b0aad6f6d428a9ff04ee77fb9b2073364,150d107225160ac498040fa20d4ccf9e26ec2703,True,fixed_per_environment_quotas_v2,mild,47,89,True,True,6.07,,7,False,False,39.65359878540039,6.07,0.1250322312116623,0.04519188031554222,0.31415730714797974
/home/donglei/isaac_projects/isaac_drone_racer/.worktrees/stage1-fake-vio/logs/skrl/drone_racer/2026-09-02_20-09-09_ppo_torch_stage1_mixed/checkpoints/agent_50010.pt,8ac5a032a78bb88a568b9cfe2e15e95b0aad6f6d428a9ff04ee77fb9b2073364,150d107225160ac498040fa20d4ccf9e26ec2703,True,fixed_per_environment_quotas_v2,mild,47,90,False,False,,2,2,True,False,7.235558032989502,2.92,0.10480177402496338,0.044178035110235214,0.29573917388916016
/home/donglei/isaac_projects/isaac_drone_racer/.worktrees/stage1-fake-vio/logs/skrl/drone_racer/2026-09-02_20-09-09_ppo_torch_stage1_mixed/checkpoints/agent_50010.pt,8ac5a032a78bb88a568b9cfe2e15e95b0aad6f6d428a9ff04ee77fb9b2073364,150d107225160ac498040fa20d4ccf9e26ec2703,True,fixed_per_environment_quotas_v2,mild,47,91,True,True,6.03,,7,False,False,39.41682052612305,6.03,0.1251186579465866,0.04412766173481941,0.3395674228668213
/home/donglei/isaac_projects/isaac_drone_racer/.worktrees/stage1-fake-vio/logs/skrl/drone_racer/2026-09-02_20-09-09_ppo_torch_stage1_mixed/checkpoints/agent_50010.pt,8ac5a032a78bb88a568b9cfe2e15e95b0aad6f6d428a9ff04ee77fb9b2073364,150d107225160ac498040fa20d4ccf9e26ec2703,True,fixed_per_environment_quotas_v2,mild,47,92,False,False,,1,0,True,False,-4.065171241760254,0.9,0.08481799811124802,0.06223976984620094,1.2978971004486084
/home/donglei/isaac_projects/isaac_drone_racer/.worktrees/stage1-fake-vio/logs/skrl/drone_racer/2026-09-02_20-09-09_ppo_torch_stage1_mixed/checkpoints/agent_50010.pt,8ac5a032a78bb88a568b9cfe2e15e95b0aad6f6d428a9ff04ee77fb9b2073364,150d107225160ac498040fa20d4ccf9e26ec2703,True,fixed_per_environment_quotas_v2,mild,47,93,True,True,6.0600000000000005,,7,False,False,39.262020111083984,6.0600000000000005,0.12865343689918518,0.042292747646570206,0.3181813657283783
/home/donglei/isaac_projects/isaac_drone_racer/.worktrees/stage1-fake-vio/logs/skrl/drone_racer/2026-09-02_20-09-09_ppo_torch_stage1_mixed/checkpoints/agent_50010.pt,8ac5a032a78bb88a568b9cfe2e15e95b0aad6f6d428a9ff04ee77fb9b2073364,150d107225160ac498040fa20d4ccf9e26ec2703,True,fixed_per_environment_quotas_v2,mild,47,94,True,True,5.99,,7,False,False,39.53382873535156,5.99,0.12543848156929016,0.04391910880804062,0.3145793676376343
/home/donglei/isaac_projects/isaac_drone_racer/.worktrees/stage1-fake-vio/logs/skrl/drone_racer/2026-09-02_20-09-09_ppo_torch_stage1_mixed/checkpoints/agent_50010.pt,8ac5a032a78bb88a568b9cfe2e15e95b0aad6f6d428a9ff04ee77fb9b2073364,150d107225160ac498040fa20d4ccf9e26ec2703,True,fixed_per_environment_quotas_v2,mild,47,95,True,True,6.12,,7,False,False,39.63261413574219,6.12,0.12154669314622879,0.03974298760294914,0.3237684369087219
/home/donglei/isaac_projects/isaac_drone_racer/.worktrees/stage1-fake-vio/logs/skrl/drone_racer/2026-09-02_20-09-09_ppo_torch_stage1_mixed/checkpoints/agent_50010.pt,8ac5a032a78bb88a568b9cfe2e15e95b0aad6f6d428a9ff04ee77fb9b2073364,150d107225160ac498040fa20d4ccf9e26ec2703,True,fixed_per_environment_quotas_v2,mild,47,96,True,True,6.0200000000000005,,7,False,False,39.46147918701172,6.0200000000000005,0.1187661662697792,0.04059199243783951,0.31875529885292053
/home/donglei/isaac_projects/isaac_drone_racer/.worktrees/stage1-fake-vio/logs/skrl/drone_racer/2026-09-02_20-09-09_ppo_torch_stage1_mixed/checkpoints/agent_50010.pt,8ac5a032a78bb88a568b9cfe2e15e95b0aad6f6d428a9ff04ee77fb9b2073364,150d107225160ac498040fa20d4ccf9e26ec2703,True,fixed_per_environment_quotas_v2,mild,47,97,True,True,6.19,,7,False,False,39.57862091064453,6.19,0.12889640033245087,0.043050315231084824,0.3280956447124481
/home/donglei/isaac_projects/isaac_drone_racer/.worktrees/stage1-fake-vio/logs/skrl/drone_racer/2026-09-02_20-09-09_ppo_torch_stage1_mixed/checkpoints/agent_50010.pt,8ac5a032a78bb88a568b9cfe2e15e95b0aad6f6d428a9ff04ee77fb9b2073364,150d107225160ac498040fa20d4ccf9e26ec2703,True,fixed_per_environment_quotas_v2,mild,47,98,True,True,6.11,,7,False,False,39.76940155029297,6.11,0.12019769847393036,0.04097798466682434,0.2990308105945587
/home/donglei/isaac_projects/isaac_drone_racer/.worktrees/stage1-fake-vio/logs/skrl/drone_racer/2026-09-02_20-09-09_ppo_torch_stage1_mixed/checkpoints/agent_50010.pt,8ac5a032a78bb88a568b9cfe2e15e95b0aad6f6d428a9ff04ee77fb9b2073364,150d107225160ac498040fa20d4ccf9e26ec2703,True,fixed_per_environment_quotas_v2,mild,47,99,False,False,,3,1,True,False,2.839254856109619,2.14,0.12219205498695374,0.05216877534985542,0.713234007358551
/home/donglei/isaac_projects/isaac_drone_racer/.worktrees/stage1-fake-vio/logs/skrl/drone_racer/2026-09-02_20-09-09_ppo_torch_stage1_mixed/checkpoints/agent_50010.pt,8ac5a032a78bb88a568b9cfe2e15e95b0aad6f6d428a9ff04ee77fb9b2073364,150d107225160ac498040fa20d4ccf9e26ec2703,True,fixed_per_environment_quotas_v2,mild,47,100,True,True,5.91,,7,False,False,39.64162063598633,5.91,0.12440714240074158,0.04024124890565872,0.32658180594444275
/home/donglei/isaac_projects/isaac_drone_racer/.worktrees/stage1-fake-vio/logs/skrl/drone_racer/2026-09-02_20-09-09_ppo_torch_stage1_mixed/checkpoints/agent_50010.pt,8ac5a032a78bb88a568b9cfe2e15e95b0aad6f6d428a9ff04ee77fb9b2073364,150d107225160ac498040fa20d4ccf9e26ec2703,True,fixed_per_environment_quotas_v2,mild,47,101,True,True,6.0600000000000005,,7,False,False,39.6968994140625,6.0600000000000005,0.12856723368167877,0.04108049347996712,0.32978466153144836
/home/donglei/isaac_projects/isaac_drone_racer/.worktrees/stage1-fake-vio/logs/skrl/drone_racer/2026-09-02_20-09-09_ppo_torch_stage1_mixed/checkpoints/agent_50010.pt,8ac5a032a78bb88a568b9cfe2e15e95b0aad6f6d428a9ff04ee77fb9b2073364,150d107225160ac498040fa20d4ccf9e26ec2703,True,fixed_per_environment_quotas_v2,mild,47,102,True,True,5.96,,7,False,False,39.58256530761719,5.96,0.12091606855392456,0.04502320662140846,0.30691248178482056
/home/donglei/isaac_projects/isaac_drone_racer/.worktrees/stage1-fake-vio/logs/skrl/drone_racer/2026-09-02_20-09-09_ppo_torch_stage1_mixed/checkpoints/agent_50010.pt,8ac5a032a78bb88a568b9cfe2e15e95b0aad6f6d428a9ff04ee77fb9b2073364,150d107225160ac498040fa20d4ccf9e26ec2703,True,fixed_per_environment_quotas_v2,mild,47,103,True,True,6.08,,7,False,False,39.58872985839844,6.08,0.12205998599529266,0.03949333354830742,0.3206128776073456
/home/donglei/isaac_projects/isaac_drone_racer/.worktrees/stage1-fake-vio/logs/skrl/drone_racer/2026-09-02_20-09-09_ppo_torch_stage1_mixed/checkpoints/agent_50010.pt,8ac5a032a78bb88a568b9cfe2e15e95b0aad6f6d428a9ff04ee77fb9b2073364,150d107225160ac498040fa20d4ccf9e26ec2703,True,fixed_per_environment_quotas_v2,mild,47,104,True,True,5.8100000000000005,,7,False,False,39.50188064575195,5.8100000000000005,0.12058161199092865,0.04084809869527817,0.3210798501968384
/home/donglei/isaac_projects/isaac_drone_racer/.worktrees/stage1-fake-vio/logs/skrl/drone_racer/2026-09-02_20-09-09_ppo_torch_stage1_mixed/checkpoints/agent_50010.pt,8ac5a032a78bb88a568b9cfe2e15e95b0aad6f6d428a9ff04ee77fb9b2073364,150d107225160ac498040fa20d4ccf9e26ec2703,True,fixed_per_environment_quotas_v2,mild,47,105,False,False,,7,3,False,True,5.607812881469727,4.14,0.1502770632505417,0.1271866261959076,0.38454827666282654
/home/donglei/isaac_projects/isaac_drone_racer/.worktrees/stage1-fake-vio/logs/skrl/drone_racer/2026-09-02_20-09-09_ppo_torch_stage1_mixed/checkpoints/agent_50010.pt,8ac5a032a78bb88a568b9cfe2e15e95b0aad6f6d428a9ff04ee77fb9b2073364,150d107225160ac498040fa20d4ccf9e26ec2703,True,fixed_per_environment_quotas_v2,mild,47,106,True,True,6.25,,7,False,False,39.7080078125,6.25,0.12247364968061447,0.038807354867458344,0.3191061019897461
/home/donglei/isaac_projects/isaac_drone_racer/.worktrees/stage1-fake-vio/logs/skrl/drone_racer/2026-09-02_20-09-09_ppo_torch_stage1_mixed/checkpoints/agent_50010.pt,8ac5a032a78bb88a568b9cfe2e15e95b0aad6f6d428a9ff04ee77fb9b2073364,150d107225160ac498040fa20d4ccf9e26ec2703,True,fixed_per_environment_quotas_v2,mild,47,107,True,True,6.25,,7,False,False,39.62763977050781,6.25,0.12116619944572449,0.043849457055330276,0.3167882561683655
/home/donglei/isaac_projects/isaac_drone_racer/.worktrees/stage1-fake-vio/logs/skrl/drone_racer/2026-09-02_20-09-09_ppo_torch_stage1_mixed/checkpoints/agent_50010.pt,8ac5a032a78bb88a568b9cfe2e15e95b0aad6f6d428a9ff04ee77fb9b2073364,150d107225160ac498040fa20d4ccf9e26ec2703,True,fixed_per_environment_quotas_v2,mild,47,108,True,True,5.76,,7,False,False,39.49917984008789,5.76,0.12973493337631226,0.040419258177280426,0.3212624490261078
/home/donglei/isaac_projects/isaac_drone_racer/.worktrees/stage1-fake-vio/logs/skrl/drone_racer/2026-09-02_20-09-09_ppo_torch_stage1_mixed/checkpoints/agent_50010.pt,8ac5a032a78bb88a568b9cfe2e15e95b0aad6f6d428a9ff04ee77fb9b2073364,150d107225160ac498040fa20d4ccf9e26ec2703,True,fixed_per_environment_quotas_v2,mild,47,109,True,True,5.99,,7,False,False,39.70682144165039,5.99,0.12558892369270325,0.040753960609436035,0.31054794788360596
/home/donglei/isaac_projects/isaac_drone_racer/.worktrees/stage1-fake-vio/logs/skrl/drone_racer/2026-09-02_20-09-09_ppo_torch_stage1_mixed/checkpoints/agent_50010.pt,8ac5a032a78bb88a568b9cfe2e15e95b0aad6f6d428a9ff04ee77fb9b2073364,150d107225160ac498040fa20d4ccf9e26ec2703,True,fixed_per_environment_quotas_v2,mild,47,110,False,False,,3,5,True,False,23.633447647094727,4.98,0.11377107352018356,0.038349952548742294,0.31424418091773987
/home/donglei/isaac_projects/isaac_drone_racer/.worktrees/stage1-fake-vio/logs/skrl/drone_racer/2026-09-02_20-09-09_ppo_torch_stage1_mixed/checkpoints/agent_50010.pt,8ac5a032a78bb88a568b9cfe2e15e95b0aad6f6d428a9ff04ee77fb9b2073364,150d107225160ac498040fa20d4ccf9e26ec2703,True,fixed_per_environment_quotas_v2,mild,47,111,True,True,6.2700000000000005,,7,False,False,39.45991897583008,6.2700000000000005,0.12498537451028824,0.04306045174598694,0.31792929768562317
/home/donglei/isaac_projects/isaac_drone_racer/.worktrees/stage1-fake-vio/logs/skrl/drone_racer/2026-09-02_20-09-09_ppo_torch_stage1_mixed/checkpoints/agent_50010.pt,8ac5a032a78bb88a568b9cfe2e15e95b0aad6f6d428a9ff04ee77fb9b2073364,150d107225160ac498040fa20d4ccf9e26ec2703,True,fixed_per_environment_quotas_v2,mild,47,112,True,True,6.09,,7,False,False,39.59758758544922,6.09,0.12008190900087357,0.03937927633523941,0.31881290674209595
/home/donglei/isaac_projects/isaac_drone_racer/.worktrees/stage1-fake-vio/logs/skrl/drone_racer/2026-09-02_20-09-09_ppo_torch_stage1_mixed/checkpoints/agent_50010.pt,8ac5a032a78bb88a568b9cfe2e15e95b0aad6f6d428a9ff04ee77fb9b2073364,150d107225160ac498040fa20d4ccf9e26ec2703,True,fixed_per_environment_quotas_v2,mild,47,113,True,True,6.68,,7,False,False,39.72691345214844,6.68,0.11683011054992676,0.04400527477264404,0.31181564927101135
/home/donglei/isaac_projects/isaac_drone_racer/.worktrees/stage1-fake-vio/logs/skrl/drone_racer/2026-09-02_20-09-09_ppo_torch_stage1_mixed/checkpoints/agent_50010.pt,8ac5a032a78bb88a568b9cfe2e15e95b0aad6f6d428a9ff04ee77fb9b2073364,150d107225160ac498040fa20d4ccf9e26ec2703,True,fixed_per_environment_quotas_v2,mild,47,114,True,True,6.16,,7,False,False,39.86628341674805,6.16,0.1249319314956665,0.04019244760274887,0.32349392771720886
/home/donglei/isaac_projects/isaac_drone_racer/.worktrees/stage1-fake-vio/logs/skrl/drone_racer/2026-09-02_20-09-09_ppo_torch_stage1_mixed/checkpoints/agent_50010.pt,8ac5a032a78bb88a568b9cfe2e15e95b0aad6f6d428a9ff04ee77fb9b2073364,150d107225160ac498040fa20d4ccf9e26ec2703,True,fixed_per_environment_quotas_v2,mild,47,115,True,True,6.45,,7,False,False,39.888916015625,6.45,0.1227194219827652,0.040231116116046906,0.315814346075058
/home/donglei/isaac_projects/isaac_drone_racer/.worktrees/stage1-fake-vio/logs/skrl/drone_racer/2026-09-02_20-09-09_ppo_torch_stage1_mixed/checkpoints/agent_50010.pt,8ac5a032a78bb88a568b9cfe2e15e95b0aad6f6d428a9ff04ee77fb9b2073364,150d107225160ac498040fa20d4ccf9e26ec2703,True,fixed_per_environment_quotas_v2,mild,47,116,True,True,5.94,,7,False,False,39.682342529296875,5.94,0.1225852370262146,0.0445195697247982,0.3203911781311035
/home/donglei/isaac_projects/isaac_drone_racer/.worktrees/stage1-fake-vio/logs/skrl/drone_racer/2026-09-02_20-09-09_ppo_torch_stage1_mixed/checkpoints/agent_50010.pt,8ac5a032a78bb88a568b9cfe2e15e95b0aad6f6d428a9ff04ee77fb9b2073364,150d107225160ac498040fa20d4ccf9e26ec2703,True,fixed_per_environment_quotas_v2,mild,47,117,True,True,5.98,,7,False,False,39.54557418823242,5.98,0.12410013377666473,0.041828542947769165,0.3101870119571686
/home/donglei/isaac_projects/isaac_drone_racer/.worktrees/stage1-fake-vio/logs/skrl/drone_racer/2026-09-02_20-09-09_ppo_torch_stage1_mixed/checkpoints/agent_50010.pt,8ac5a032a78bb88a568b9cfe2e15e95b0aad6f6d428a9ff04ee77fb9b2073364,150d107225160ac498040fa20d4ccf9e26ec2703,True,fixed_per_environment_quotas_v2,mild,47,118,True,True,5.91,,7,False,False,39.693790435791016,5.91,0.11722177267074585,0.04204954206943512,0.311392217874527
/home/donglei/isaac_projects/isaac_drone_racer/.worktrees/stage1-fake-vio/logs/skrl/drone_racer/2026-09-02_20-09-09_ppo_torch_stage1_mixed/checkpoints/agent_50010.pt,8ac5a032a78bb88a568b9cfe2e15e95b0aad6f6d428a9ff04ee77fb9b2073364,150d107225160ac498040fa20d4ccf9e26ec2703,True,fixed_per_environment_quotas_v2,mild,47,119,True,True,7.5200000000000005,,7,False,False,35.58976364135742,7.5200000000000005,0.11282502114772797,0.05475782975554466,0.45335111021995544
/home/donglei/isaac_projects/isaac_drone_racer/.worktrees/stage1-fake-vio/logs/skrl/drone_racer/2026-09-02_20-09-09_ppo_torch_stage1_mixed/checkpoints/agent_50010.pt,8ac5a032a78bb88a568b9cfe2e15e95b0aad6f6d428a9ff04ee77fb9b2073364,150d107225160ac498040fa20d4ccf9e26ec2703,True,fixed_per_environment_quotas_v2,mild,47,120,True,True,6.04,,7,False,False,39.718833923339844,6.04,0.12380359321832657,0.04084387049078941,0.3241567313671112
/home/donglei/isaac_projects/isaac_drone_racer/.worktrees/stage1-fake-vio/logs/skrl/drone_racer/2026-09-02_20-09-09_ppo_torch_stage1_mixed/checkpoints/agent_50010.pt,8ac5a032a78bb88a568b9cfe2e15e95b0aad6f6d428a9ff04ee77fb9b2073364,150d107225160ac498040fa20d4ccf9e26ec2703,True,fixed_per_environment_quotas_v2,mild,47,121,True,True,6.16,,7,False,False,39.673011779785156,6.16,0.12228605151176453,0.041849285364151,0.30761340260505676
/home/donglei/isaac_projects/isaac_drone_racer/.worktrees/stage1-fake-vio/logs/skrl/drone_racer/2026-09-02_20-09-09_ppo_torch_stage1_mixed/checkpoints/agent_50010.pt,8ac5a032a78bb88a568b9cfe2e15e95b0aad6f6d428a9ff04ee77fb9b2073364,150d107225160ac498040fa20d4ccf9e26ec2703,True,fixed_per_environment_quotas_v2,mild,47,122,True,True,6.390000000000001,,7,False,False,39.945377349853516,6.390000000000001,0.12191876024007797,0.04049452394247055,0.3125748634338379
/home/donglei/isaac_projects/isaac_drone_racer/.worktrees/stage1-fake-vio/logs/skrl/drone_racer/2026-09-02_20-09-09_ppo_torch_stage1_mixed/checkpoints/agent_50010.pt,8ac5a032a78bb88a568b9cfe2e15e95b0aad6f6d428a9ff04ee77fb9b2073364,150d107225160ac498040fa20d4ccf9e26ec2703,True,fixed_per_environment_quotas_v2,mild,47,123,True,True,6.42,,7,False,False,39.59747314453125,6.42,0.11698565632104874,0.0401422418653965,0.3081764578819275
/home/donglei/isaac_projects/isaac_drone_racer/.worktrees/stage1-fake-vio/logs/skrl/drone_racer/2026-09-02_20-09-09_ppo_torch_stage1_mixed/checkpoints/agent_50010.pt,8ac5a032a78bb88a568b9cfe2e15e95b0aad6f6d428a9ff04ee77fb9b2073364,150d107225160ac498040fa20d4ccf9e26ec2703,True,fixed_per_environment_quotas_v2,mild,47,124,True,True,5.99,,7,False,False,39.406822204589844,5.99,0.12875017523765564,0.041086580604314804,0.32281115651130676
/home/donglei/isaac_projects/isaac_drone_racer/.worktrees/stage1-fake-vio/logs/skrl/drone_racer/2026-09-02_20-09-09_ppo_torch_stage1_mixed/checkpoints/agent_50010.pt,8ac5a032a78bb88a568b9cfe2e15e95b0aad6f6d428a9ff04ee77fb9b2073364,150d107225160ac498040fa20d4ccf9e26ec2703,True,fixed_per_environment_quotas_v2,mild,47,125,True,True,6.05,,7,False,False,39.51012420654297,6.05,0.1289927214384079,0.04130685701966286,0.3188686966896057
/home/donglei/isaac_projects/isaac_drone_racer/.worktrees/stage1-fake-vio/logs/skrl/drone_racer/2026-09-02_20-09-09_ppo_torch_stage1_mixed/checkpoints/agent_50010.pt,8ac5a032a78bb88a568b9cfe2e15e95b0aad6f6d428a9ff04ee77fb9b2073364,150d107225160ac498040fa20d4ccf9e26ec2703,True,fixed_per_environment_quotas_v2,mild,47,126,True,True,6.04,,7,False,False,39.72291564941406,6.04,0.1254279911518097,0.04149385169148445,0.3096603751182556
/home/donglei/isaac_projects/isaac_drone_racer/.worktrees/stage1-fake-vio/logs/skrl/drone_racer/2026-09-02_20-09-09_ppo_torch_stage1_mixed/checkpoints/agent_50010.pt,8ac5a032a78bb88a568b9cfe2e15e95b0aad6f6d428a9ff04ee77fb9b2073364,150d107225160ac498040fa20d4ccf9e26ec2703,True,fixed_per_environment_quotas_v2,mild,47,127,True,True,6.24,,7,False,False,39.953311920166016,6.24,0.12391351163387299,0.04038867726922035,0.3167591094970703
/home/donglei/isaac_projects/isaac_drone_racer/.worktrees/stage1-fake-vio/logs/skrl/drone_racer/2026-09-02_20-09-09_ppo_torch_stage1_mixed/checkpoints/agent_50010.pt,8ac5a032a78bb88a568b9cfe2e15e95b0aad6f6d428a9ff04ee77fb9b2073364,150d107225160ac498040fa20d4ccf9e26ec2703,True,fixed_per_environment_quotas_v2,nominal,11,0,False,False,,7,0,True,False,-4.106971263885498,0.84,0.2604917883872986,0.21540412306785583,1.1022908687591553
/home/donglei/isaac_projects/isaac_drone_racer/.worktrees/stage1-fake-vio/logs/skrl/drone_racer/2026-09-02_20-09-09_ppo_torch_stage1_mixed/checkpoints/agent_50010.pt,8ac5a032a78bb88a568b9cfe2e15e95b0aad6f6d428a9ff04ee77fb9b2073364,150d107225160ac498040fa20d4ccf9e26ec2703,True,fixed_per_environment_quotas_v2,nominal,11,1,False,False,,7,0,True,False,-3.851046562194824,0.98,0.22140172123908997,0.14421972632408142,1.0242371559143066
/home/donglei/isaac_projects/isaac_drone_racer/.worktrees/stage1-fake-vio/logs/skrl/drone_racer/2026-09-02_20-09-09_ppo_torch_stage1_mixed/checkpoints/agent_50010.pt,8ac5a032a78bb88a568b9cfe2e15e95b0aad6f6d428a9ff04ee77fb9b2073364,150d107225160ac498040fa20d4ccf9e26ec2703,True,fixed_per_environment_quotas_v2,nominal,11,2,False,False,,1,0,True,False,-4.068110466003418,1.1500000000000001,0.29004770517349243,0.1908254623413086,1.5198086500167847
/home/donglei/isaac_projects/isaac_drone_racer/.worktrees/stage1-fake-vio/logs/skrl/drone_racer/2026-09-02_20-09-09_ppo_torch_stage1_mixed/checkpoints/agent_50010.pt,8ac5a032a78bb88a568b9cfe2e15e95b0aad6f6d428a9ff04ee77fb9b2073364,150d107225160ac498040fa20d4ccf9e26ec2703,True,fixed_per_environment_quotas_v2,nominal,11,3,False,False,,6,1,True,False,1.5548171997070312,1.54,0.19326329231262207,0.09438381344079971,1.0721818208694458
/home/donglei/isaac_projects/isaac_drone_racer/.worktrees/stage1-fake-vio/logs/skrl/drone_racer/2026-09-02_20-09-09_ppo_torch_stage1_mixed/checkpoints/agent_50010.pt,8ac5a032a78bb88a568b9cfe2e15e95b0aad6f6d428a9ff04ee77fb9b2073364,150d107225160ac498040fa20d4ccf9e26ec2703,True,fixed_per_environment_quotas_v2,nominal,11,4,False,False,,2,1,True,False,2.024923324584961,1.81,0.27303582429885864,0.1348661333322525,0.8711949586868286
/home/donglei/isaac_projects/isaac_drone_racer/.worktrees/stage1-fake-vio/logs/skrl/drone_racer/2026-09-02_20-09-09_ppo_torch_stage1_mixed/checkpoints/agent_50010.pt,8ac5a032a78bb88a568b9cfe2e15e95b0aad6f6d428a9ff04ee77fb9b2073364,150d107225160ac498040fa20d4ccf9e26ec2703,True,fixed_per_environment_quotas_v2,nominal,11,5,False,False,,2,1,True,False,0.4494142532348633,2.02,0.20612294971942902,0.346946120262146,1.1911087036132812
/home/donglei/isaac_projects/isaac_drone_racer/.worktrees/stage1-fake-vio/logs/skrl/drone_racer/2026-09-02_20-09-09_ppo_torch_stage1_mixed/checkpoints/agent_50010.pt,8ac5a032a78bb88a568b9cfe2e15e95b0aad6f6d428a9ff04ee77fb9b2073364,150d107225160ac498040fa20d4ccf9e26ec2703,True,fixed_per_environment_quotas_v2,nominal,11,6,False,False,,1,3,True,False,11.64621353149414,3.09,0.2598928213119507,0.09134457260370255,0.7304762005805969
/home/donglei/isaac_projects/isaac_drone_racer/.worktrees/stage1-fake-vio/logs/skrl/drone_racer/2026-09-02_20-09-09_ppo_torch_stage1_mixed/checkpoints/agent_50010.pt,8ac5a032a78bb88a568b9cfe2e15e95b0aad6f6d428a9ff04ee77fb9b2073364,150d107225160ac498040fa20d4ccf9e26ec2703,True,fixed_per_environment_quotas_v2,nominal,11,7,False,False,,3,3,True,False,13.14891529083252,3.64,0.458675742149353,0.19097387790679932,1.555766224861145
/home/donglei/isaac_projects/isaac_drone_racer/.worktrees/stage1-fake-vio/logs/skrl/drone_racer/2026-09-02_20-09-09_ppo_torch_stage1_mixed/checkpoints/agent_50010.pt,8ac5a032a78bb88a568b9cfe2e15e95b0aad6f6d428a9ff04ee77fb9b2073364,150d107225160ac498040fa20d4ccf9e26ec2703,True,fixed_per_environment_quotas_v2,nominal,11,8,False,False,,3,6,True,False,30.67583465576172,5.84,0.45448729395866394,0.14403994381427765,1.1417145729064941
/home/donglei/isaac_projects/isaac_drone_racer/.worktrees/stage1-fake-vio/logs/skrl/drone_racer/2026-09-02_20-09-09_ppo_torch_stage1_mixed/checkpoints/agent_50010.pt,8ac5a032a78bb88a568b9cfe2e15e95b0aad6f6d428a9ff04ee77fb9b2073364,150d107225160ac498040fa20d4ccf9e26ec2703,True,fixed_per_environment_quotas_v2,nominal,11,9,False,False,,3,6,True,False,30.72511100769043,5.96,0.4339454472064972,0.14627483487129211,1.3219062089920044
/home/donglei/isaac_projects/isaac_drone_racer/.worktrees/stage1-fake-vio/logs/skrl/drone_racer/2026-09-02_20-09-09_ppo_torch_stage1_mixed/checkpoints/agent_50010.pt,8ac5a032a78bb88a568b9cfe2e15e95b0aad6f6d428a9ff04ee77fb9b2073364,150d107225160ac498040fa20d4ccf9e26ec2703,True,fixed_per_environment_quotas_v2,nominal,11,10,False,False,,2,1,True,False,1.951974868774414,2.19,0.24665148556232452,0.1243707463145256,0.9390679001808167
/home/donglei/isaac_projects/isaac_drone_racer/.worktrees/stage1-fake-vio/logs/skrl/drone_racer/2026-09-02_20-09-09_ppo_torch_stage1_mixed/checkpoints/agent_50010.pt,8ac5a032a78bb88a568b9cfe2e15e95b0aad6f6d428a9ff04ee77fb9b2073364,150d107225160ac498040fa20d4ccf9e26ec2703,True,fixed_per_environment_quotas_v2,nominal,11,11,True,True,6.04,,7,False,False,39.884300231933594,6.04,0.4370218515396118,0.15206949412822723,1.1599719524383545
/home/donglei/isaac_projects/isaac_drone_racer/.worktrees/stage1-fake-vio/logs/skrl/drone_racer/2026-09-02_20-09-09_ppo_torch_stage1_mixed/checkpoints/agent_50010.pt,8ac5a032a78bb88a568b9cfe2e15e95b0aad6f6d428a9ff04ee77fb9b2073364,150d107225160ac498040fa20d4ccf9e26ec2703,True,fixed_per_environment_quotas_v2,nominal,11,12,True,True,6.09,,7,False,False,39.6203498840332,6.09,0.5692744255065918,0.20164597034454346,1.4565318822860718
/home/donglei/isaac_projects/isaac_drone_racer/.worktrees/stage1-fake-vio/logs/skrl/drone_racer/2026-09-02_20-09-09_ppo_torch_stage1_mixed/checkpoints/agent_50010.pt,8ac5a032a78bb88a568b9cfe2e15e95b0aad6f6d428a9ff04ee77fb9b2073364,150d107225160ac498040fa20d4ccf9e26ec2703,True,fixed_per_environment_quotas_v2,nominal,11,13,True,True,6.03,,7,False,False,39.60352325439453,6.03,0.3314072787761688,0.10556633770465851,0.9056317210197449
/home/donglei/isaac_projects/isaac_drone_racer/.worktrees/stage1-fake-vio/logs/skrl/drone_racer/2026-09-02_20-09-09_ppo_torch_stage1_mixed/checkpoints/agent_50010.pt,8ac5a032a78bb88a568b9cfe2e15e95b0aad6f6d428a9ff04ee77fb9b2073364,150d107225160ac498040fa20d4ccf9e26ec2703,True,fixed_per_environment_quotas_v2,nominal,11,14,True,True,6.21,,7,False,False,39.48280715942383,6.21,0.5178537964820862,0.20613418519496918,1.4195244312286377
/home/donglei/isaac_projects/isaac_drone_racer/.worktrees/stage1-fake-vio/logs/skrl/drone_racer/2026-09-02_20-09-09_ppo_torch_stage1_mixed/checkpoints/agent_50010.pt,8ac5a032a78bb88a568b9cfe2e15e95b0aad6f6d428a9ff04ee77fb9b2073364,150d107225160ac498040fa20d4ccf9e26ec2703,True,fixed_per_environment_quotas_v2,nominal,11,15,False,False,,1,0,True,False,-4.1925177574157715,0.81,0.12140965461730957,0.11569958180189133,0.7534502744674683
/home/donglei/isaac_projects/isaac_drone_racer/.worktrees/stage1-fake-vio/logs/skrl/drone_racer/2026-09-02_20-09-09_ppo_torch_stage1_mixed/checkpoints/agent_50010.pt,8ac5a032a78bb88a568b9cfe2e15e95b0aad6f6d428a9ff04ee77fb9b2073364,150d107225160ac498040fa20d4ccf9e26ec2703,True,fixed_per_environment_quotas_v2,nominal,11,16,False,False,,3,2,True,False,8.001912117004395,2.84,0.48344749212265015,0.2007073312997818,1.343920111656189
/home/donglei/isaac_projects/isaac_drone_racer/.worktrees/stage1-fake-vio/logs/skrl/drone_racer/2026-09-02_20-09-09_ppo_torch_stage1_mixed/checkpoints/agent_50010.pt,8ac5a032a78bb88a568b9cfe2e15e95b0aad6f6d428a9ff04ee77fb9b2073364,150d107225160ac498040fa20d4ccf9e26ec2703,True,fixed_per_environment_quotas_v2,nominal,11,17,True,True,6.0600000000000005,,7,False,False,39.64605712890625,6.0600000000000005,0.5487871766090393,0.1892622411251068,1.4201209545135498
/home/donglei/isaac_projects/isaac_drone_racer/.worktrees/stage1-fake-vio/logs/skrl/drone_racer/2026-09-02_20-09-09_ppo_torch_stage1_mixed/checkpoints/agent_50010.pt,8ac5a032a78bb88a568b9cfe2e15e95b0aad6f6d428a9ff04ee77fb9b2073364,150d107225160ac498040fa20d4ccf9e26ec2703,True,fixed_per_environment_quotas_v2,nominal,11,18,True,True,5.99,,7,False,False,39.79148864746094,5.99,0.5391625761985779,0.2040097564458847,1.425166368484497
/home/donglei/isaac_projects/isaac_drone_racer/.worktrees/stage1-fake-vio/logs/skrl/drone_racer/2026-09-02_20-09-09_ppo_torch_stage1_mixed/checkpoints/agent_50010.pt,8ac5a032a78bb88a568b9cfe2e15e95b0aad6f6d428a9ff04ee77fb9b2073364,150d107225160ac498040fa20d4ccf9e26ec2703,True,fixed_per_environment_quotas_v2,nominal,11,19,True,True,6.0,,7,False,False,39.76432418823242,6.0,0.4429091513156891,0.15375469624996185,1.1468071937561035
/home/donglei/isaac_projects/isaac_drone_racer/.worktrees/stage1-fake-vio/logs/skrl/drone_racer/2026-09-02_20-09-09_ppo_torch_stage1_mixed/checkpoints/agent_50010.pt,8ac5a032a78bb88a568b9cfe2e15e95b0aad6f6d428a9ff04ee77fb9b2073364,150d107225160ac498040fa20d4ccf9e26ec2703,True,fixed_per_environment_quotas_v2,nominal,11,20,True,True,6.08,,7,False,False,39.88717269897461,6.08,0.32016393542289734,0.10386434942483902,0.8000908493995667
/home/donglei/isaac_projects/isaac_drone_racer/.worktrees/stage1-fake-vio/logs/skrl/drone_racer/2026-09-02_20-09-09_ppo_torch_stage1_mixed/checkpoints/agent_50010.pt,8ac5a032a78bb88a568b9cfe2e15e95b0aad6f6d428a9ff04ee77fb9b2073364,150d107225160ac498040fa20d4ccf9e26ec2703,True,fixed_per_environment_quotas_v2,nominal,11,21,True,True,5.95,,7,False,False,39.650840759277344,5.95,0.44289860129356384,0.1499510407447815,1.1189942359924316
/home/donglei/isaac_projects/isaac_drone_racer/.worktrees/stage1-fake-vio/logs/skrl/drone_racer/2026-09-02_20-09-09_ppo_torch_stage1_mixed/checkpoints/agent_50010.pt,8ac5a032a78bb88a568b9cfe2e15e95b0aad6f6d428a9ff04ee77fb9b2073364,150d107225160ac498040fa20d4ccf9e26ec2703,True,fixed_per_environment_quotas_v2,nominal,11,22,True,True,5.89,,7,False,False,39.44636535644531,5.89,0.20721785724163055,0.06872383505105972,0.5143181681632996
/home/donglei/isaac_projects/isaac_drone_racer/.worktrees/stage1-fake-vio/logs/skrl/drone_racer/2026-09-02_20-09-09_ppo_torch_stage1_mixed/checkpoints/agent_50010.pt,8ac5a032a78bb88a568b9cfe2e15e95b0aad6f6d428a9ff04ee77fb9b2073364,150d107225160ac498040fa20d4ccf9e26ec2703,True,fixed_per_environment_quotas_v2,nominal,11,23,True,True,5.94,,7,False,False,39.631141662597656,5.94,0.4560769498348236,0.14950433373451233,1.153933048248291
/home/donglei/isaac_projects/isaac_drone_racer/.worktrees/stage1-fake-vio/logs/skrl/drone_racer/2026-09-02_20-09-09_ppo_torch_stage1_mixed/checkpoints/agent_50010.pt,8ac5a032a78bb88a568b9cfe2e15e95b0aad6f6d428a9ff04ee77fb9b2073364,150d107225160ac498040fa20d4ccf9e26ec2703,True,fixed_per_environment_quotas_v2,nominal,11,24,True,True,6.07,,7,False,False,39.7218017578125,6.07,0.33830633759498596,0.10760071128606796,0.8131327629089355
/home/donglei/isaac_projects/isaac_drone_racer/.worktrees/stage1-fake-vio/logs/skrl/drone_racer/2026-09-02_20-09-09_ppo_torch_stage1_mixed/checkpoints/agent_50010.pt,8ac5a032a78bb88a568b9cfe2e15e95b0aad6f6d428a9ff04ee77fb9b2073364,150d107225160ac498040fa20d4ccf9e26ec2703,True,fixed_per_environment_quotas_v2,nominal,11,25,True,True,6.09,,7,False,False,39.65997314453125,6.09,0.5334509015083313,0.1921089142560959,1.4326940774917603
/home/donglei/isaac_projects/isaac_drone_racer/.worktrees/stage1-fake-vio/logs/skrl/drone_racer/2026-09-02_20-09-09_ppo_torch_stage1_mixed/checkpoints/agent_50010.pt,8ac5a032a78bb88a568b9cfe2e15e95b0aad6f6d428a9ff04ee77fb9b2073364,150d107225160ac498040fa20d4ccf9e26ec2703,True,fixed_per_environment_quotas_v2,nominal,11,26,True,True,6.1000000000000005,,7,False,False,39.780433654785156,6.1000000000000005,0.4500705897808075,0.1510012149810791,1.1483442783355713
/home/donglei/isaac_projects/isaac_drone_racer/.worktrees/stage1-fake-vio/logs/skrl/drone_racer/2026-09-02_20-09-09_ppo_torch_stage1_mixed/checkpoints/agent_50010.pt,8ac5a032a78bb88a568b9cfe2e15e95b0aad6f6d428a9ff04ee77fb9b2073364,150d107225160ac498040fa20d4ccf9e26ec2703,True,fixed_per_environment_quotas_v2,nominal,11,27,True,True,5.9,,7,False,False,39.73834991455078,5.9,0.44334906339645386,0.14855840802192688,1.1737545728683472
/home/donglei/isaac_projects/isaac_drone_racer/.worktrees/stage1-fake-vio/logs/skrl/drone_racer/2026-09-02_20-09-09_ppo_torch_stage1_mixed/checkpoints/agent_50010.pt,8ac5a032a78bb88a568b9cfe2e15e95b0aad6f6d428a9ff04ee77fb9b2073364,150d107225160ac498040fa20d4ccf9e26ec2703,True,fixed_per_environment_quotas_v2,nominal,11,28,True,True,6.26,,7,False,False,39.69334411621094,6.26,0.20108434557914734,0.06671056151390076,0.5048680901527405
/home/donglei/isaac_projects/isaac_drone_racer/.worktrees/stage1-fake-vio/logs/skrl/drone_racer/2026-09-02_20-09-09_ppo_torch_stage1_mixed/checkpoints/agent_50010.pt,8ac5a032a78bb88a568b9cfe2e15e95b0aad6f6d428a9ff04ee77fb9b2073364,150d107225160ac498040fa20d4ccf9e26ec2703,True,fixed_per_environment_quotas_v2,nominal,11,29,True,True,6.05,,7,False,False,39.66276931762695,6.05,0.5191364884376526,0.18689049780368805,1.313922643661499
/home/donglei/isaac_projects/isaac_drone_racer/.worktrees/stage1-fake-vio/logs/skrl/drone_racer/2026-09-02_20-09-09_ppo_torch_stage1_mixed/checkpoints/agent_50010.pt,8ac5a032a78bb88a568b9cfe2e15e95b0aad6f6d428a9ff04ee77fb9b2073364,150d107225160ac498040fa20d4ccf9e26ec2703,True,fixed_per_environment_quotas_v2,nominal,11,30,True,True,6.0,,7,False,False,39.82683563232422,6.0,0.3156987130641937,0.10596135258674622,0.7957543134689331
/home/donglei/isaac_projects/isaac_drone_racer/.worktrees/stage1-fake-vio/logs/skrl/drone_racer/2026-09-02_20-09-09_ppo_torch_stage1_mixed/checkpoints/agent_50010.pt,8ac5a032a78bb88a568b9cfe2e15e95b0aad6f6d428a9ff04ee77fb9b2073364,150d107225160ac498040fa20d4ccf9e26ec2703,True,fixed_per_environment_quotas_v2,nominal,11,31,True,True,6.1000000000000005,,7,False,False,40.01197814941406,6.1000000000000005,0.5619251728057861,0.20148614048957825,1.483438491821289
/home/donglei/isaac_projects/isaac_drone_racer/.worktrees/stage1-fake-vio/logs/skrl/drone_racer/2026-09-02_20-09-09_ppo_torch_stage1_mixed/checkpoints/agent_50010.pt,8ac5a032a78bb88a568b9cfe2e15e95b0aad6f6d428a9ff04ee77fb9b2073364,150d107225160ac498040fa20d4ccf9e26ec2703,True,fixed_per_environment_quotas_v2,nominal,11,32,True,True,6.16,,7,False,False,39.63911819458008,6.16,0.32424861192703247,0.11019910871982574,0.820545494556427
/home/donglei/isaac_projects/isaac_drone_racer/.worktrees/stage1-fake-vio/logs/skrl/drone_racer/2026-09-02_20-09-09_ppo_torch_stage1_mixed/checkpoints/agent_50010.pt,8ac5a032a78bb88a568b9cfe2e15e95b0aad6f6d428a9ff04ee77fb9b2073364,150d107225160ac498040fa20d4ccf9e26ec2703,True,fixed_per_environment_quotas_v2,nominal,11,33,True,True,5.88,,7,False,False,39.440452575683594,5.88,0.41852787137031555,0.1384778618812561,1.1324615478515625
/home/donglei/isaac_projects/isaac_drone_racer/.worktrees/stage1-fake-vio/logs/skrl/drone_racer/2026-09-02_20-09-09_ppo_torch_stage1_mixed/checkpoints/agent_50010.pt,8ac5a032a78bb88a568b9cfe2e15e95b0aad6f6d428a9ff04ee77fb9b2073364,150d107225160ac498040fa20d4ccf9e26ec2703,True,fixed_per_environment_quotas_v2,nominal,11,34,True,True,5.94,,7,False,False,39.58439254760742,5.94,0.5471749305725098,0.1945338249206543,1.4519879817962646
/home/donglei/isaac_projects/isaac_drone_racer/.worktrees/stage1-fake-vio/logs/skrl/drone_racer/2026-09-02_20-09-09_ppo_torch_stage1_mixed/checkpoints/agent_50010.pt,8ac5a032a78bb88a568b9cfe2e15e95b0aad6f6d428a9ff04ee77fb9b2073364,150d107225160ac498040fa20d4ccf9e26ec2703,True,fixed_per_environment_quotas_v2,nominal,11,35,True,True,5.98,,7,False,False,39.542945861816406,5.98,0.43366020917892456,0.15262173116207123,1.1465330123901367
/home/donglei/isaac_projects/isaac_drone_racer/.worktrees/stage1-fake-vio/logs/skrl/drone_racer/2026-09-02_20-09-09_ppo_torch_stage1_mixed/checkpoints/agent_50010.pt,8ac5a032a78bb88a568b9cfe2e15e95b0aad6f6d428a9ff04ee77fb9b2073364,150d107225160ac498040fa20d4ccf9e26ec2703,True,fixed_per_environment_quotas_v2,nominal,11,36,True,True,5.94,,7,False,False,39.61187744140625,5.94,0.5794336795806885,0.18155166506767273,1.5019599199295044
/home/donglei/isaac_projects/isaac_drone_racer/.worktrees/stage1-fake-vio/logs/skrl/drone_racer/2026-09-02_20-09-09_ppo_torch_stage1_mixed/checkpoints/agent_50010.pt,8ac5a032a78bb88a568b9cfe2e15e95b0aad6f6d428a9ff04ee77fb9b2073364,150d107225160ac498040fa20d4ccf9e26ec2703,True,fixed_per_environment_quotas_v2,nominal,11,37,True,True,6.43,,7,False,False,39.76405715942383,6.43,0.29900500178337097,0.11251062154769897,0.8003323078155518
/home/donglei/isaac_projects/isaac_drone_racer/.worktrees/stage1-fake-vio/logs/skrl/drone_racer/2026-09-02_20-09-09_ppo_torch_stage1_mixed/checkpoints/agent_50010.pt,8ac5a032a78bb88a568b9cfe2e15e95b0aad6f6d428a9ff04ee77fb9b2073364,150d107225160ac498040fa20d4ccf9e26ec2703,True,fixed_per_environment_quotas_v2,nominal,11,38,True,True,6.15,,7,False,False,39.530555725097656,6.15,0.407217800617218,0.16183175146579742,1.1044429540634155
/home/donglei/isaac_projects/isaac_drone_racer/.worktrees/stage1-fake-vio/logs/skrl/drone_racer/2026-09-02_20-09-09_ppo_torch_stage1_mixed/checkpoints/agent_50010.pt,8ac5a032a78bb88a568b9cfe2e15e95b0aad6f6d428a9ff04ee77fb9b2073364,150d107225160ac498040fa20d4ccf9e26ec2703,True,fixed_per_environment_quotas_v2,nominal,11,39,True,True,6.04,,7,False,False,39.760498046875,6.04,0.4612409472465515,0.16238391399383545,1.2022287845611572
/home/donglei/isaac_projects/isaac_drone_racer/.worktrees/stage1-fake-vio/logs/skrl/drone_racer/2026-09-02_20-09-09_ppo_torch_stage1_mixed/checkpoints/agent_50010.pt,8ac5a032a78bb88a568b9cfe2e15e95b0aad6f6d428a9ff04ee77fb9b2073364,150d107225160ac498040fa20d4ccf9e26ec2703,True,fixed_per_environment_quotas_v2,nominal,11,40,True,True,5.96,,7,False,False,39.73641586303711,5.96,0.21834823489189148,0.06818318367004395,0.5016210675239563
/home/donglei/isaac_projects/isaac_drone_racer/.worktrees/stage1-fake-vio/logs/skrl/drone_racer/2026-09-02_20-09-09_ppo_torch_stage1_mixed/checkpoints/agent_50010.pt,8ac5a032a78bb88a568b9cfe2e15e95b0aad6f6d428a9ff04ee77fb9b2073364,150d107225160ac498040fa20d4ccf9e26ec2703,True,fixed_per_environment_quotas_v2,nominal,11,41,True,True,5.89,,7,False,False,39.32573318481445,5.89,0.21648907661437988,0.0642409697175026,0.5192582011222839
/home/donglei/isaac_projects/isaac_drone_racer/.worktrees/stage1-fake-vio/logs/skrl/drone_racer/2026-09-02_20-09-09_ppo_torch_stage1_mixed/checkpoints/agent_50010.pt,8ac5a032a78bb88a568b9cfe2e15e95b0aad6f6d428a9ff04ee77fb9b2073364,150d107225160ac498040fa20d4ccf9e26ec2703,True,fixed_per_environment_quotas_v2,nominal,11,42,True,True,5.98,,7,False,False,39.806312561035156,5.98,0.3361307978630066,0.11695367097854614,0.861164927482605
/home/donglei/isaac_projects/isaac_drone_racer/.worktrees/stage1-fake-vio/logs/skrl/drone_racer/2026-09-02_20-09-09_ppo_torch_stage1_mixed/checkpoints/agent_50010.pt,8ac5a032a78bb88a568b9cfe2e15e95b0aad6f6d428a9ff04ee77fb9b2073364,150d107225160ac498040fa20d4ccf9e26ec2703,True,fixed_per_environment_quotas_v2,nominal,11,43,True,True,6.1000000000000005,,7,False,False,39.810420989990234,6.1000000000000005,0.31725993752479553,0.10179048776626587,0.7918509244918823
/home/donglei/isaac_projects/isaac_drone_racer/.worktrees/stage1-fake-vio/logs/skrl/drone_racer/2026-09-02_20-09-09_ppo_torch_stage1_mixed/checkpoints/agent_50010.pt,8ac5a032a78bb88a568b9cfe2e15e95b0aad6f6d428a9ff04ee77fb9b2073364,150d107225160ac498040fa20d4ccf9e26ec2703,True,fixed_per_environment_quotas_v2,nominal,11,44,True,True,6.03,,7,False,False,39.830780029296875,6.03,0.5849605202674866,0.19800563156604767,1.5324569940567017
/home/donglei/isaac_projects/isaac_drone_racer/.worktrees/stage1-fake-vio/logs/skrl/drone_racer/2026-09-02_20-09-09_ppo_torch_stage1_mixed/checkpoints/agent_50010.pt,8ac5a032a78bb88a568b9cfe2e15e95b0aad6f6d428a9ff04ee77fb9b2073364,150d107225160ac498040fa20d4ccf9e26ec2703,True,fixed_per_environment_quotas_v2,nominal,11,45,True,True,6.03,,7,False,False,39.533329010009766,6.03,0.5560742616653442,0.20149829983711243,1.3981024026870728
/home/donglei/isaac_projects/isaac_drone_racer/.worktrees/stage1-fake-vio/logs/skrl/drone_racer/2026-09-02_20-09-09_ppo_torch_stage1_mixed/checkpoints/agent_50010.pt,8ac5a032a78bb88a568b9cfe2e15e95b0aad6f6d428a9ff04ee77fb9b2073364,150d107225160ac498040fa20d4ccf9e26ec2703,True,fixed_per_environment_quotas_v2,nominal,11,46,True,True,6.01,,7,False,False,39.768699645996094,6.01,0.3141390383243561,0.10585953295230865,0.8479714393615723
/home/donglei/isaac_projects/isaac_drone_racer/.worktrees/stage1-fake-vio/logs/skrl/drone_racer/2026-09-02_20-09-09_ppo_torch_stage1_mixed/checkpoints/agent_50010.pt,8ac5a032a78bb88a568b9cfe2e15e95b0aad6f6d428a9ff04ee77fb9b2073364,150d107225160ac498040fa20d4ccf9e26ec2703,True,fixed_per_environment_quotas_v2,nominal,11,47,True,True,6.28,,7,False,False,39.56721878051758,6.28,0.5371208190917969,0.19746282696723938,1.3883087635040283
/home/donglei/isaac_projects/isaac_drone_racer/.worktrees/stage1-fake-vio/logs/skrl/drone_racer/2026-09-02_20-09-09_ppo_torch_stage1_mixed/checkpoints/agent_50010.pt,8ac5a032a78bb88a568b9cfe2e15e95b0aad6f6d428a9ff04ee77fb9b2073364,150d107225160ac498040fa20d4ccf9e26ec2703,True,fixed_per_environment_quotas_v2,nominal,11,48,True,True,6.16,,7,False,False,39.618473052978516,6.16,0.5364200472831726,0.18816757202148438,1.443212628364563
/home/donglei/isaac_projects/isaac_drone_racer/.worktrees/stage1-fake-vio/logs/skrl/drone_racer/2026-09-02_20-09-09_ppo_torch_stage1_mixed/checkpoints/agent_50010.pt,8ac5a032a78bb88a568b9cfe2e15e95b0aad6f6d428a9ff04ee77fb9b2073364,150d107225160ac498040fa20d4ccf9e26ec2703,True,fixed_per_environment_quotas_v2,nominal,11,49,True,True,6.07,,7,False,False,39.846893310546875,6.07,0.5399361848831177,0.19784559309482574,1.3919304609298706
/home/donglei/isaac_projects/isaac_drone_racer/.worktrees/stage1-fake-vio/logs/skrl/drone_racer/2026-09-02_20-09-09_ppo_torch_stage1_mixed/checkpoints/agent_50010.pt,8ac5a032a78bb88a568b9cfe2e15e95b0aad6f6d428a9ff04ee77fb9b2073364,150d107225160ac498040fa20d4ccf9e26ec2703,True,fixed_per_environment_quotas_v2,nominal,11,50,True,True,5.91,,7,False,False,39.66173553466797,5.91,0.3551740050315857,0.1047549769282341,0.822196900844574
/home/donglei/isaac_projects/isaac_drone_racer/.worktrees/stage1-fake-vio/logs/skrl/drone_racer/2026-09-02_20-09-09_ppo_torch_stage1_mixed/checkpoints/agent_50010.pt,8ac5a032a78bb88a568b9cfe2e15e95b0aad6f6d428a9ff04ee77fb9b2073364,150d107225160ac498040fa20d4ccf9e26ec2703,True,fixed_per_environment_quotas_v2,nominal,11,51,True,True,6.25,,7,False,False,39.47124481201172,6.25,0.4155803918838501,0.16294243931770325,1.1265660524368286
/home/donglei/isaac_projects/isaac_drone_racer/.worktrees/stage1-fake-vio/logs/skrl/drone_racer/2026-09-02_20-09-09_ppo_torch_stage1_mixed/checkpoints/agent_50010.pt,8ac5a032a78bb88a568b9cfe2e15e95b0aad6f6d428a9ff04ee77fb9b2073364,150d107225160ac498040fa20d4ccf9e26ec2703,True,fixed_per_environment_quotas_v2,nominal,11,52,True,True,5.98,,7,False,False,39.820072174072266,5.98,0.4326172471046448,0.14890407025814056,1.0974204540252686
/home/donglei/isaac_projects/isaac_drone_racer/.worktrees/stage1-fake-vio/logs/skrl/drone_racer/2026-09-02_20-09-09_ppo_torch_stage1_mixed/checkpoints/agent_50010.pt,8ac5a032a78bb88a568b9cfe2e15e95b0aad6f6d428a9ff04ee77fb9b2073364,150d107225160ac498040fa20d4ccf9e26ec2703,True,fixed_per_environment_quotas_v2,nominal,11,53,True,True,5.96,,7,False,False,39.84476089477539,5.96,0.32499024271965027,0.10609649121761322,0.827392041683197
/home/donglei/isaac_projects/isaac_drone_racer/.worktrees/stage1-fake-vio/logs/skrl/drone_racer/2026-09-02_20-09-09_ppo_torch_stage1_mixed/checkpoints/agent_50010.pt,8ac5a032a78bb88a568b9cfe2e15e95b0aad6f6d428a9ff04ee77fb9b2073364,150d107225160ac498040fa20d4ccf9e26ec2703,True,fixed_per_environment_quotas_v2,nominal,11,54,True,True,6.3100000000000005,,7,False,False,39.98711395263672,6.3100000000000005,0.3212742209434509,0.10766614228487015,0.8117560148239136
/home/donglei/isaac_projects/isaac_drone_racer/.worktrees/stage1-fake-vio/logs/skrl/drone_racer/2026-09-02_20-09-09_ppo_torch_stage1_mixed/checkpoints/agent_50010.pt,8ac5a032a78bb88a568b9cfe2e15e95b0aad6f6d428a9ff04ee77fb9b2073364,150d107225160ac498040fa20d4ccf9e26ec2703,True,fixed_per_environment_quotas_v2,nominal,11,55,True,True,6.140000000000001,,7,False,False,39.903968811035156,6.140000000000001,0.31171584129333496,0.1068546324968338,0.7917153835296631
/home/donglei/isaac_projects/isaac_drone_racer/.worktrees/stage1-fake-vio/logs/skrl/drone_racer/2026-09-02_20-09-09_ppo_torch_stage1_mixed/checkpoints/agent_50010.pt,8ac5a032a78bb88a568b9cfe2e15e95b0aad6f6d428a9ff04ee77fb9b2073364,150d107225160ac498040fa20d4ccf9e26ec2703,True,fixed_per_environment_quotas_v2,nominal,11,56,True,True,5.93,,7,False,False,39.5551643371582,5.93,0.19353143870830536,0.0767383724451065,0.5417794585227966
/home/donglei/isaac_projects/isaac_drone_racer/.worktrees/stage1-fake-vio/logs/skrl/drone_racer/2026-09-02_20-09-09_ppo_torch_stage1_mixed/checkpoints/agent_50010.pt,8ac5a032a78bb88a568b9cfe2e15e95b0aad6f6d428a9ff04ee77fb9b2073364,150d107225160ac498040fa20d4ccf9e26ec2703,True,fixed_per_environment_quotas_v2,nominal,11,57,True,True,6.08,,7,False,False,39.87764358520508,6.08,0.31555333733558655,0.11259278655052185,0.7910315990447998
/home/donglei/isaac_projects/isaac_drone_racer/.worktrees/stage1-fake-vio/logs/skrl/drone_racer/2026-09-02_20-09-09_ppo_torch_stage1_mixed/checkpoints/agent_50010.pt,8ac5a032a78bb88a568b9cfe2e15e95b0aad6f6d428a9ff04ee77fb9b2073364,150d107225160ac498040fa20d4ccf9e26ec2703,True,fixed_per_environment_quotas_v2,nominal,11,58,True,True,6.0600000000000005,,7,False,False,39.473182678222656,6.0600000000000005,0.44209808111190796,0.15480710566043854,1.1252784729003906
/home/donglei/isaac_projects/isaac_drone_racer/.worktrees/stage1-fake-vio/logs/skrl/drone_racer/2026-09-02_20-09-09_ppo_torch_stage1_mixed/checkpoints/agent_50010.pt,8ac5a032a78bb88a568b9cfe2e15e95b0aad6f6d428a9ff04ee77fb9b2073364,150d107225160ac498040fa20d4ccf9e26ec2703,True,fixed_per_environment_quotas_v2,nominal,11,59,True,True,6.09,,7,False,False,39.631282806396484,6.09,0.31811410188674927,0.11231603473424911,0.8356069326400757
/home/donglei/isaac_projects/isaac_drone_racer/.worktrees/stage1-fake-vio/logs/skrl/drone_racer/2026-09-02_20-09-09_ppo_torch_stage1_mixed/checkpoints/agent_50010.pt,8ac5a032a78bb88a568b9cfe2e15e95b0aad6f6d428a9ff04ee77fb9b2073364,150d107225160ac498040fa20d4ccf9e26ec2703,True,fixed_per_environment_quotas_v2,nominal,11,60,True,True,5.8500000000000005,,7,False,False,39.72464370727539,5.8500000000000005,0.44001975655555725,0.14912645518779755,1.112837314605713
/home/donglei/isaac_projects/isaac_drone_racer/.worktrees/stage1-fake-vio/logs/skrl/drone_racer/2026-09-02_20-09-09_ppo_torch_stage1_mixed/checkpoints/agent_50010.pt,8ac5a032a78bb88a568b9cfe2e15e95b0aad6f6d428a9ff04ee77fb9b2073364,150d107225160ac498040fa20d4ccf9e26ec2703,True,fixed_per_environment_quotas_v2,nominal,11,61,True,True,6.09,,7,False,False,39.91957092285156,6.09,0.4224788546562195,0.15747229754924774,1.1115907430648804
/home/donglei/isaac_projects/isaac_drone_racer/.worktrees/stage1-fake-vio/logs/skrl/drone_racer/2026-09-02_20-09-09_ppo_torch_stage1_mixed/checkpoints/agent_50010.pt,8ac5a032a78bb88a568b9cfe2e15e95b0aad6f6d428a9ff04ee77fb9b2073364,150d107225160ac498040fa20d4ccf9e26ec2703,True,fixed_per_environment_quotas_v2,nominal,11,62,True,True,5.99,,7,False,False,39.552040100097656,5.99,0.419680655002594,0.15425793826580048,1.1240522861480713
/home/donglei/isaac_projects/isaac_drone_racer/.worktrees/stage1-fake-vio/logs/skrl/drone_racer/2026-09-02_20-09-09_ppo_torch_stage1_mixed/checkpoints/agent_50010.pt,8ac5a032a78bb88a568b9cfe2e15e95b0aad6f6d428a9ff04ee77fb9b2073364,150d107225160ac498040fa20d4ccf9e26ec2703,True,fixed_per_environment_quotas_v2,nominal,11,63,True,True,6.2,,7,False,False,39.820186614990234,6.2,0.28382888436317444,0.1109238713979721,0.749534010887146
/home/donglei/isaac_projects/isaac_drone_racer/.worktrees/stage1-fake-vio/logs/skrl/drone_racer/2026-09-02_20-09-09_ppo_torch_stage1_mixed/checkpoints/agent_50010.pt,8ac5a032a78bb88a568b9cfe2e15e95b0aad6f6d428a9ff04ee77fb9b2073364,150d107225160ac498040fa20d4ccf9e26ec2703,True,fixed_per_environment_quotas_v2,nominal,11,64,True,True,5.88,,7,False,False,39.741207122802734,5.88,0.3273439407348633,0.1066666916012764,0.8305677175521851
/home/donglei/isaac_projects/isaac_drone_racer/.worktrees/stage1-fake-vio/logs/skrl/drone_racer/2026-09-02_20-09-09_ppo_torch_stage1_mixed/checkpoints/agent_50010.pt,8ac5a032a78bb88a568b9cfe2e15e95b0aad6f6d428a9ff04ee77fb9b2073364,150d107225160ac498040fa20d4ccf9e26ec2703,True,fixed_per_environment_quotas_v2,nominal,11,65,True,True,5.94,,7,False,False,39.5710563659668,5.94,0.42324361205101013,0.14848122000694275,1.127620816230774
/home/donglei/isaac_projects/isaac_drone_racer/.worktrees/stage1-fake-vio/logs/skrl/drone_racer/2026-09-02_20-09-09_ppo_torch_stage1_mixed/checkpoints/agent_50010.pt,8ac5a032a78bb88a568b9cfe2e15e95b0aad6f6d428a9ff04ee77fb9b2073364,150d107225160ac498040fa20d4ccf9e26ec2703,True,fixed_per_environment_quotas_v2,nominal,11,66,True,True,6.37,,7,False,False,39.69528579711914,6.37,0.20108988881111145,0.0649166852235794,0.4928145408630371
/home/donglei/isaac_projects/isaac_drone_racer/.worktrees/stage1-fake-vio/logs/skrl/drone_racer/2026-09-02_20-09-09_ppo_torch_stage1_mixed/checkpoints/agent_50010.pt,8ac5a032a78bb88a568b9cfe2e15e95b0aad6f6d428a9ff04ee77fb9b2073364,150d107225160ac498040fa20d4ccf9e26ec2703,True,fixed_per_environment_quotas_v2,nominal,11,67,True,True,5.95,,7,False,False,39.77033996582031,5.95,0.4383101463317871,0.14448845386505127,1.1327626705169678
/home/donglei/isaac_projects/isaac_drone_racer/.worktrees/stage1-fake-vio/logs/skrl/drone_racer/2026-09-02_20-09-09_ppo_torch_stage1_mixed/checkpoints/agent_50010.pt,8ac5a032a78bb88a568b9cfe2e15e95b0aad6f6d428a9ff04ee77fb9b2073364,150d107225160ac498040fa20d4ccf9e26ec2703,True,fixed_per_environment_quotas_v2,nominal,11,68,False,False,,1,0,True,False,-4.2245025634765625,0.8200000000000001,0.17767807841300964,0.16679638624191284,0.9307636618614197
/home/donglei/isaac_projects/isaac_drone_racer/.worktrees/stage1-fake-vio/logs/skrl/drone_racer/2026-09-02_20-09-09_ppo_torch_stage1_mixed/checkpoints/agent_50010.pt,8ac5a032a78bb88a568b9cfe2e15e95b0aad6f6d428a9ff04ee77fb9b2073364,150d107225160ac498040fa20d4ccf9e26ec2703,True,fixed_per_environment_quotas_v2,nominal,11,69,True,True,6.11,,7,False,False,39.77383041381836,6.11,0.3294390141963959,0.11133754998445511,0.824836015701294
/home/donglei/isaac_projects/isaac_drone_racer/.worktrees/stage1-fake-vio/logs/skrl/drone_racer/2026-09-02_20-09-09_ppo_torch_stage1_mixed/checkpoints/agent_50010.pt,8ac5a032a78bb88a568b9cfe2e15e95b0aad6f6d428a9ff04ee77fb9b2073364,150d107225160ac498040fa20d4ccf9e26ec2703,True,fixed_per_environment_quotas_v2,nominal,11,70,True,True,5.99,,7,False,False,39.82615661621094,5.99,0.4506015181541443,0.14847122132778168,1.169198751449585
/home/donglei/isaac_projects/isaac_drone_racer/.worktrees/stage1-fake-vio/logs/skrl/drone_racer/2026-09-02_20-09-09_ppo_torch_stage1_mixed/checkpoints/agent_50010.pt,8ac5a032a78bb88a568b9cfe2e15e95b0aad6f6d428a9ff04ee77fb9b2073364,150d107225160ac498040fa20d4ccf9e26ec2703,True,fixed_per_environment_quotas_v2,nominal,11,71,False,False,,3,0,True,False,-3.149688243865967,1.1,0.2713209390640259,0.15432016551494598,1.167797565460205
/home/donglei/isaac_projects/isaac_drone_racer/.worktrees/stage1-fake-vio/logs/skrl/drone_racer/2026-09-02_20-09-09_ppo_torch_stage1_mixed/checkpoints/agent_50010.pt,8ac5a032a78bb88a568b9cfe2e15e95b0aad6f6d428a9ff04ee77fb9b2073364,150d107225160ac498040fa20d4ccf9e26ec2703,True,fixed_per_environment_quotas_v2,nominal,11,72,True,True,6.12,,7,False,False,39.882972717285156,6.12,0.5339288711547852,0.19786609709262848,1.405523419380188
/home/donglei/isaac_projects/isaac_drone_racer/.worktrees/stage1-fake-vio/logs/skrl/drone_racer/2026-09-02_20-09-09_ppo_torch_stage1_mixed/checkpoints/agent_50010.pt,8ac5a032a78bb88a568b9cfe2e15e95b0aad6f6d428a9ff04ee77fb9b2073364,150d107225160ac498040fa20d4ccf9e26ec2703,True,fixed_per_environment_quotas_v2,nominal,11,73,True,True,6.09,,7,False,False,39.81637954711914,6.09,0.20411431789398193,0.07075166702270508,0.5148492455482483
/home/donglei/isaac_projects/isaac_drone_racer/.worktrees/stage1-fake-vio/logs/skrl/drone_racer/2026-09-02_20-09-09_ppo_torch_stage1_mixed/checkpoints/agent_50010.pt,8ac5a032a78bb88a568b9cfe2e15e95b0aad6f6d428a9ff04ee77fb9b2073364,150d107225160ac498040fa20d4ccf9e26ec2703,True,fixed_per_environment_quotas_v2,nominal,11,74,False,False,,2,1,True,False,1.9820942878723145,1.76,0.17128826677799225,0.08837831765413284,1.154470682144165
/home/donglei/isaac_projects/isaac_drone_racer/.worktrees/stage1-fake-vio/logs/skrl/drone_racer/2026-09-02_20-09-09_ppo_torch_stage1_mixed/checkpoints/agent_50010.pt,8ac5a032a78bb88a568b9cfe2e15e95b0aad6f6d428a9ff04ee77fb9b2073364,150d107225160ac498040fa20d4ccf9e26ec2703,True,fixed_per_environment_quotas_v2,nominal,11,75,True,True,6.08,,7,False,False,39.905582427978516,6.08,0.4445817768573761,0.1523134410381317,1.1338324546813965
/home/donglei/isaac_projects/isaac_drone_racer/.worktrees/stage1-fake-vio/logs/skrl/drone_racer/2026-09-02_20-09-09_ppo_torch_stage1_mixed/checkpoints/agent_50010.pt,8ac5a032a78bb88a568b9cfe2e15e95b0aad6f6d428a9ff04ee77fb9b2073364,150d107225160ac498040fa20d4ccf9e26ec2703,True,fixed_per_environment_quotas_v2,nominal,11,76,False,False,,2,1,True,False,0.5590114593505859,2.14,0.2727019488811493,1.0452773571014404,0.9403809905052185
/home/donglei/isaac_projects/isaac_drone_racer/.worktrees/stage1-fake-vio/logs/skrl/drone_racer/2026-09-02_20-09-09_ppo_torch_stage1_mixed/checkpoints/agent_50010.pt,8ac5a032a78bb88a568b9cfe2e15e95b0aad6f6d428a9ff04ee77fb9b2073364,150d107225160ac498040fa20d4ccf9e26ec2703,True,fixed_per_environment_quotas_v2,nominal,11,77,False,False,,4,1,True,False,3.6970958709716797,2.31,0.5616858601570129,0.19256730377674103,1.290758728981018
/home/donglei/isaac_projects/isaac_drone_racer/.worktrees/stage1-fake-vio/logs/skrl/drone_racer/2026-09-02_20-09-09_ppo_torch_stage1_mixed/checkpoints/agent_50010.pt,8ac5a032a78bb88a568b9cfe2e15e95b0aad6f6d428a9ff04ee77fb9b2073364,150d107225160ac498040fa20d4ccf9e26ec2703,True,fixed_per_environment_quotas_v2,nominal,11,78,False,False,,1,1,False,True,-3.0583739280700684,2.39,0.6494712233543396,1.0060946941375732,1.169782280921936
/home/donglei/isaac_projects/isaac_drone_racer/.worktrees/stage1-fake-vio/logs/skrl/drone_racer/2026-09-02_20-09-09_ppo_torch_stage1_mixed/checkpoints/agent_50010.pt,8ac5a032a78bb88a568b9cfe2e15e95b0aad6f6d428a9ff04ee77fb9b2073364,150d107225160ac498040fa20d4ccf9e26ec2703,True,fixed_per_environment_quotas_v2,nominal,11,79,True,True,6.13,,7,False,False,39.80620574951172,6.13,0.30869364738464355,0.10629504919052124,0.7894403338432312
/home/donglei/isaac_projects/isaac_drone_racer/.worktrees/stage1-fake-vio/logs/skrl/drone_racer/2026-09-02_20-09-09_ppo_torch_stage1_mixed/checkpoints/agent_50010.pt,8ac5a032a78bb88a568b9cfe2e15e95b0aad6f6d428a9ff04ee77fb9b2073364,150d107225160ac498040fa20d4ccf9e26ec2703,True,fixed_per_environment_quotas_v2,nominal,11,80,True,True,5.98,,7,False,False,39.48031997680664,5.98,0.21298986673355103,0.0677664577960968,0.5458775162696838
/home/donglei/isaac_projects/isaac_drone_racer/.worktrees/stage1-fake-vio/logs/skrl/drone_racer/2026-09-02_20-09-09_ppo_torch_stage1_mixed/checkpoints/agent_50010.pt,8ac5a032a78bb88a568b9cfe2e15e95b0aad6f6d428a9ff04ee77fb9b2073364,150d107225160ac498040fa20d4ccf9e26ec2703,True,fixed_per_environment_quotas_v2,nominal,11,81,False,False,,3,4,True,False,19.184568405151367,4.5,0.4199230372905731,0.31667426228523254,1.9600552320480347
/home/donglei/isaac_projects/isaac_drone_racer/.worktrees/stage1-fake-vio/logs/skrl/drone_racer/2026-09-02_20-09-09_ppo_torch_stage1_mixed/checkpoints/agent_50010.pt,8ac5a032a78bb88a568b9cfe2e15e95b0aad6f6d428a9ff04ee77fb9b2073364,150d107225160ac498040fa20d4ccf9e26ec2703,True,fixed_per_environment_quotas_v2,nominal,11,82,False,False,,3,6,True,False,30.6501522064209,5.86,0.43053773045539856,0.14544405043125153,1.177961826324463
/home/donglei/isaac_projects/isaac_drone_racer/.worktrees/stage1-fake-vio/logs/skrl/drone_racer/2026-09-02_20-09-09_ppo_torch_stage1_mixed/checkpoints/agent_50010.pt,8ac5a032a78bb88a568b9cfe2e15e95b0aad6f6d428a9ff04ee77fb9b2073364,150d107225160ac498040fa20d4ccf9e26ec2703,True,fixed_per_environment_quotas_v2,nominal,11,83,True,True,6.140000000000001,,7,False,False,39.611366271972656,6.140000000000001,0.21834850311279297,0.07824256271123886,0.6797082424163818
/home/donglei/isaac_projects/isaac_drone_racer/.worktrees/stage1-fake-vio/logs/skrl/drone_racer/2026-09-02_20-09-09_ppo_torch_stage1_mixed/checkpoints/agent_50010.pt,8ac5a032a78bb88a568b9cfe2e15e95b0aad6f6d428a9ff04ee77fb9b2073364,150d107225160ac498040fa20d4ccf9e26ec2703,True,fixed_per_environment_quotas_v2,nominal,11,84,True,True,6.0,,7,False,False,39.703033447265625,6.0,0.24673393368721008,0.07894311845302582,0.5873986482620239
/home/donglei/isaac_projects/isaac_drone_racer/.worktrees/stage1-fake-vio/logs/skrl/drone_racer/2026-09-02_20-09-09_ppo_torch_stage1_mixed/checkpoints/agent_50010.pt,8ac5a032a78bb88a568b9cfe2e15e95b0aad6f6d428a9ff04ee77fb9b2073364,150d107225160ac498040fa20d4ccf9e26ec2703,True,fixed_per_environment_quotas_v2,nominal,11,85,True,True,6.05,,7,False,False,39.7645263671875,6.05,0.5482137799263,0.19317005574703217,1.4324356317520142
/home/donglei/isaac_projects/isaac_drone_racer/.worktrees/stage1-fake-vio/logs/skrl/drone_racer/2026-09-02_20-09-09_ppo_torch_stage1_mixed/checkpoints/agent_50010.pt,8ac5a032a78bb88a568b9cfe2e15e95b0aad6f6d428a9ff04ee77fb9b2073364,150d107225160ac498040fa20d4ccf9e26ec2703,True,fixed_per_environment_quotas_v2,nominal,11,86,True,True,6.07,,7,False,False,39.68113708496094,6.07,0.558967649936676,0.19503450393676758,1.4241201877593994
/home/donglei/isaac_projects/isaac_drone_racer/.worktrees/stage1-fake-vio/logs/skrl/drone_racer/2026-09-02_20-09-09_ppo_torch_stage1_mixed/checkpoints/agent_50010.pt,8ac5a032a78bb88a568b9cfe2e15e95b0aad6f6d428a9ff04ee77fb9b2073364,150d107225160ac498040fa20d4ccf9e26ec2703,True,fixed_per_environment_quotas_v2,nominal,11,87,True,True,6.08,,7,False,False,39.7496223449707,6.08,0.19709555804729462,0.06714580953121185,0.5344745516777039
/home/donglei/isaac_projects/isaac_drone_racer/.worktrees/stage1-fake-vio/logs/skrl/drone_racer/2026-09-02_20-09-09_ppo_torch_stage1_mixed/checkpoints/agent_50010.pt,8ac5a032a78bb88a568b9cfe2e15e95b0aad6f6d428a9ff04ee77fb9b2073364,150d107225160ac498040fa20d4ccf9e26ec2703,True,fixed_per_environment_quotas_v2,nominal,11,88,True,True,6.0600000000000005,,7,False,False,39.683570861816406,6.0600000000000005,0.20026317238807678,0.07340317219495773,0.5152180194854736
/home/donglei/isaac_projects/isaac_drone_racer/.worktrees/stage1-fake-vio/logs/skrl/drone_racer/2026-09-02_20-09-09_ppo_torch_stage1_mixed/checkpoints/agent_50010.pt,8ac5a032a78bb88a568b9cfe2e15e95b0aad6f6d428a9ff04ee77fb9b2073364,150d107225160ac498040fa20d4ccf9e26ec2703,True,fixed_per_environment_quotas_v2,nominal,11,89,True,True,5.89,,7,False,False,39.65227127075195,5.89,0.2264672964811325,0.07223308086395264,0.5087286829948425
/home/donglei/isaac_projects/isaac_drone_racer/.worktrees/stage1-fake-vio/logs/skrl/drone_racer/2026-09-02_20-09-09_ppo_torch_stage1_mixed/checkpoints/agent_50010.pt,8ac5a032a78bb88a568b9cfe2e15e95b0aad6f6d428a9ff04ee77fb9b2073364,150d107225160ac498040fa20d4ccf9e26ec2703,True,fixed_per_environment_quotas_v2,nominal,11,90,True,True,6.1000000000000005,,7,False,False,39.90972900390625,6.1000000000000005,0.19331035017967224,0.06988722831010818,0.5001559257507324
/home/donglei/isaac_projects/isaac_drone_racer/.worktrees/stage1-fake-vio/logs/skrl/drone_racer/2026-09-02_20-09-09_ppo_torch_stage1_mixed/checkpoints/agent_50010.pt,8ac5a032a78bb88a568b9cfe2e15e95b0aad6f6d428a9ff04ee77fb9b2073364,150d107225160ac498040fa20d4ccf9e26ec2703,True,fixed_per_environment_quotas_v2,nominal,11,91,True,True,6.0600000000000005,,7,False,False,39.74998474121094,6.0600000000000005,0.325927734375,0.10889152437448502,0.8397926688194275
/home/donglei/isaac_projects/isaac_drone_racer/.worktrees/stage1-fake-vio/logs/skrl/drone_racer/2026-09-02_20-09-09_ppo_torch_stage1_mixed/checkpoints/agent_50010.pt,8ac5a032a78bb88a568b9cfe2e15e95b0aad6f6d428a9ff04ee77fb9b2073364,150d107225160ac498040fa20d4ccf9e26ec2703,True,fixed_per_environment_quotas_v2,nominal,11,92,True,True,6.16,,7,False,False,39.79102325439453,6.16,0.45463141798973083,0.17929139733314514,1.267944097518921
/home/donglei/isaac_projects/isaac_drone_racer/.worktrees/stage1-fake-vio/logs/skrl/drone_racer/2026-09-02_20-09-09_ppo_torch_stage1_mixed/checkpoints/agent_50010.pt,8ac5a032a78bb88a568b9cfe2e15e95b0aad6f6d428a9ff04ee77fb9b2073364,150d107225160ac498040fa20d4ccf9e26ec2703,True,fixed_per_environment_quotas_v2,nominal,11,93,True,True,6.16,,7,False,False,39.72518539428711,6.16,0.523101806640625,0.2009945660829544,1.385140299797058
/home/donglei/isaac_projects/isaac_drone_racer/.worktrees/stage1-fake-vio/logs/skrl/drone_racer/2026-09-02_20-09-09_ppo_torch_stage1_mixed/checkpoints/agent_50010.pt,8ac5a032a78bb88a568b9cfe2e15e95b0aad6f6d428a9ff04ee77fb9b2073364,150d107225160ac498040fa20d4ccf9e26ec2703,True,fixed_per_environment_quotas_v2,nominal,11,94,True,True,6.03,,7,False,False,39.78073501586914,6.03,0.4425062835216522,0.14091970026493073,1.1758350133895874
/home/donglei/isaac_projects/isaac_drone_racer/.worktrees/stage1-fake-vio/logs/skrl/drone_racer/2026-09-02_20-09-09_ppo_torch_stage1_mixed/checkpoints/agent_50010.pt,8ac5a032a78bb88a568b9cfe2e15e95b0aad6f6d428a9ff04ee77fb9b2073364,150d107225160ac498040fa20d4ccf9e26ec2703,True,fixed_per_environment_quotas_v2,nominal,11,95,True,True,5.8100000000000005,,7,False,False,39.62309646606445,5.8100000000000005,0.31560832262039185,0.1043388694524765,0.815414547920227
/home/donglei/isaac_projects/isaac_drone_racer/.worktrees/stage1-fake-vio/logs/skrl/drone_racer/2026-09-02_20-09-09_ppo_torch_stage1_mixed/checkpoints/agent_50010.pt,8ac5a032a78bb88a568b9cfe2e15e95b0aad6f6d428a9ff04ee77fb9b2073364,150d107225160ac498040fa20d4ccf9e26ec2703,True,fixed_per_environment_quotas_v2,nominal,11,96,True,True,6.12,,7,False,False,39.70073318481445,6.12,0.32910799980163574,0.11542271822690964,0.8731898665428162
/home/donglei/isaac_projects/isaac_drone_racer/.worktrees/stage1-fake-vio/logs/skrl/drone_racer/2026-09-02_20-09-09_ppo_torch_stage1_mixed/checkpoints/agent_50010.pt,8ac5a032a78bb88a568b9cfe2e15e95b0aad6f6d428a9ff04ee77fb9b2073364,150d107225160ac498040fa20d4ccf9e26ec2703,True,fixed_per_environment_quotas_v2,nominal,11,97,True,True,5.99,,7,False,False,39.84421920776367,5.99,0.31953319907188416,0.11023490875959396,0.8560754060745239
/home/donglei/isaac_projects/isaac_drone_racer/.worktrees/stage1-fake-vio/logs/skrl/drone_racer/2026-09-02_20-09-09_ppo_torch_stage1_mixed/checkpoints/agent_50010.pt,8ac5a032a78bb88a568b9cfe2e15e95b0aad6f6d428a9ff04ee77fb9b2073364,150d107225160ac498040fa20d4ccf9e26ec2703,True,fixed_per_environment_quotas_v2,nominal,11,98,True,True,6.01,,7,False,False,39.64461135864258,6.01,0.43957751989364624,0.14867180585861206,1.189763069152832
/home/donglei/isaac_projects/isaac_drone_racer/.worktrees/stage1-fake-vio/logs/skrl/drone_racer/2026-09-02_20-09-09_ppo_torch_stage1_mixed/checkpoints/agent_50010.pt,8ac5a032a78bb88a568b9cfe2e15e95b0aad6f6d428a9ff04ee77fb9b2073364,150d107225160ac498040fa20d4ccf9e26ec2703,True,fixed_per_environment_quotas_v2,nominal,11,99,True,True,5.9,,7,False,False,39.567989349365234,5.9,0.32016900181770325,0.1138615608215332,0.8439204692840576
/home/donglei/isaac_projects/isaac_drone_racer/.worktrees/stage1-fake-vio/logs/skrl/drone_racer/2026-09-02_20-09-09_ppo_torch_stage1_mixed/checkpoints/agent_50010.pt,8ac5a032a78bb88a568b9cfe2e15e95b0aad6f6d428a9ff04ee77fb9b2073364,150d107225160ac498040fa20d4ccf9e26ec2703,True,fixed_per_environment_quotas_v2,nominal,11,100,True,True,6.11,,7,False,False,39.71694564819336,6.11,0.21276716887950897,0.07229731976985931,0.5343804955482483
/home/donglei/isaac_projects/isaac_drone_racer/.worktrees/stage1-fake-vio/logs/skrl/drone_racer/2026-09-02_20-09-09_ppo_torch_stage1_mixed/checkpoints/agent_50010.pt,8ac5a032a78bb88a568b9cfe2e15e95b0aad6f6d428a9ff04ee77fb9b2073364,150d107225160ac498040fa20d4ccf9e26ec2703,True,fixed_per_environment_quotas_v2,nominal,11,101,True,True,6.01,,7,False,False,39.774784088134766,6.01,0.1927114725112915,0.07001906633377075,0.5256666541099548
/home/donglei/isaac_projects/isaac_drone_racer/.worktrees/stage1-fake-vio/logs/skrl/drone_racer/2026-09-02_20-09-09_ppo_torch_stage1_mixed/checkpoints/agent_50010.pt,8ac5a032a78bb88a568b9cfe2e15e95b0aad6f6d428a9ff04ee77fb9b2073364,150d107225160ac498040fa20d4ccf9e26ec2703,True,fixed_per_environment_quotas_v2,nominal,11,102,True,True,6.09,,7,False,False,39.78105545043945,6.09,0.20739273726940155,0.0762658566236496,0.5342137217521667
/home/donglei/isaac_projects/isaac_drone_racer/.worktrees/stage1-fake-vio/logs/skrl/drone_racer/2026-09-02_20-09-09_ppo_torch_stage1_mixed/checkpoints/agent_50010.pt,8ac5a032a78bb88a568b9cfe2e15e95b0aad6f6d428a9ff04ee77fb9b2073364,150d107225160ac498040fa20d4ccf9e26ec2703,True,fixed_per_environment_quotas_v2,nominal,11,103,True,True,5.8,,7,False,False,39.73057174682617,5.8,0.42719677090644836,0.1394982784986496,1.1449273824691772
/home/donglei/isaac_projects/isaac_drone_racer/.worktrees/stage1-fake-vio/logs/skrl/drone_racer/2026-09-02_20-09-09_ppo_torch_stage1_mixed/checkpoints/agent_50010.pt,8ac5a032a78bb88a568b9cfe2e15e95b0aad6f6d428a9ff04ee77fb9b2073364,150d107225160ac498040fa20d4ccf9e26ec2703,True,fixed_per_environment_quotas_v2,nominal,11,104,True,True,6.0200000000000005,,7,False,False,39.653106689453125,6.0200000000000005,0.30677565932273865,0.10799567401409149,0.8427954912185669
/home/donglei/isaac_projects/isaac_drone_racer/.worktrees/stage1-fake-vio/logs/skrl/drone_racer/2026-09-02_20-09-09_ppo_torch_stage1_mixed/checkpoints/agent_50010.pt,8ac5a032a78bb88a568b9cfe2e15e95b0aad6f6d428a9ff04ee77fb9b2073364,150d107225160ac498040fa20d4ccf9e26ec2703,True,fixed_per_environment_quotas_v2,nominal,11,105,True,True,5.94,,7,False,False,39.73537063598633,5.94,0.44609877467155457,0.15622998774051666,1.191482663154602
/home/donglei/isaac_projects/isaac_drone_racer/.worktrees/stage1-fake-vio/logs/skrl/drone_racer/2026-09-02_20-09-09_ppo_torch_stage1_mixed/checkpoints/agent_50010.pt,8ac5a032a78bb88a568b9cfe2e15e95b0aad6f6d428a9ff04ee77fb9b2073364,150d107225160ac498040fa20d4ccf9e26ec2703,True,fixed_per_environment_quotas_v2,nominal,11,106,True,True,5.84,,7,False,False,39.68363952636719,5.84,0.316707581281662,0.10972948372364044,0.8213131427764893
/home/donglei/isaac_projects/isaac_drone_racer/.worktrees/stage1-fake-vio/logs/skrl/drone_racer/2026-09-02_20-09-09_ppo_torch_stage1_mixed/checkpoints/agent_50010.pt,8ac5a032a78bb88a568b9cfe2e15e95b0aad6f6d428a9ff04ee77fb9b2073364,150d107225160ac498040fa20d4ccf9e26ec2703,True,fixed_per_environment_quotas_v2,nominal,11,107,True,True,6.04,,7,False,False,39.52437210083008,6.04,0.5335856676101685,0.2070472240447998,1.4096909761428833
/home/donglei/isaac_projects/isaac_drone_racer/.worktrees/stage1-fake-vio/logs/skrl/drone_racer/2026-09-02_20-09-09_ppo_torch_stage1_mixed/checkpoints/agent_50010.pt,8ac5a032a78bb88a568b9cfe2e15e95b0aad6f6d428a9ff04ee77fb9b2073364,150d107225160ac498040fa20d4ccf9e26ec2703,True,fixed_per_environment_quotas_v2,nominal,11,108,True,True,6.03,,7,False,False,39.67448043823242,6.03,0.5493161082267761,0.20885510742664337,1.4339404106140137
/home/donglei/isaac_projects/isaac_drone_racer/.worktrees/stage1-fake-vio/logs/skrl/drone_racer/2026-09-02_20-09-09_ppo_torch_stage1_mixed/checkpoints/agent_50010.pt,8ac5a032a78bb88a568b9cfe2e15e95b0aad6f6d428a9ff04ee77fb9b2073364,150d107225160ac498040fa20d4ccf9e26ec2703,True,fixed_per_environment_quotas_v2,nominal,11,109,True,True,5.94,,7,False,False,39.4372444152832,5.94,0.5785718560218811,0.19307656586170197,1.5112642049789429
/home/donglei/isaac_projects/isaac_drone_racer/.worktrees/stage1-fake-vio/logs/skrl/drone_racer/2026-09-02_20-09-09_ppo_torch_stage1_mixed/checkpoints/agent_50010.pt,8ac5a032a78bb88a568b9cfe2e15e95b0aad6f6d428a9ff04ee77fb9b2073364,150d107225160ac498040fa20d4ccf9e26ec2703,True,fixed_per_environment_quotas_v2,nominal,11,110,True,True,5.96,,7,False,False,39.75470733642578,5.96,0.5520058870315552,0.1902206987142563,1.494451880455017
/home/donglei/isaac_projects/isaac_drone_racer/.worktrees/stage1-fake-vio/logs/skrl/drone_racer/2026-09-02_20-09-09_ppo_torch_stage1_mixed/checkpoints/agent_50010.pt,8ac5a032a78bb88a568b9cfe2e15e95b0aad6f6d428a9ff04ee77fb9b2073364,150d107225160ac498040fa20d4ccf9e26ec2703,True,fixed_per_environment_quotas_v2,nominal,11,111,True,True,6.17,,7,False,False,39.56435012817383,6.17,0.5320304036140442,0.20118898153305054,1.4319990873336792
/home/donglei/isaac_projects/isaac_drone_racer/.worktrees/stage1-fake-vio/logs/skrl/drone_racer/2026-09-02_20-09-09_ppo_torch_stage1_mixed/checkpoints/agent_50010.pt,8ac5a032a78bb88a568b9cfe2e15e95b0aad6f6d428a9ff04ee77fb9b2073364,150d107225160ac498040fa20d4ccf9e26ec2703,True,fixed_per_environment_quotas_v2,nominal,11,112,True,True,6.01,,7,False,False,39.810394287109375,6.01,0.31315723061561584,0.12110620737075806,0.8224551677703857
/home/donglei/isaac_projects/isaac_drone_racer/.worktrees/stage1-fake-vio/logs/skrl/drone_racer/2026-09-02_20-09-09_ppo_torch_stage1_mixed/checkpoints/agent_50010.pt,8ac5a032a78bb88a568b9cfe2e15e95b0aad6f6d428a9ff04ee77fb9b2073364,150d107225160ac498040fa20d4ccf9e26ec2703,True,fixed_per_environment_quotas_v2,nominal,11,113,True,True,6.04,,7,False,False,39.83250427246094,6.04,0.3159346580505371,0.10635364800691605,0.7928159832954407
/home/donglei/isaac_projects/isaac_drone_racer/.worktrees/stage1-fake-vio/logs/skrl/drone_racer/2026-09-02_20-09-09_ppo_torch_stage1_mixed/checkpoints/agent_50010.pt,8ac5a032a78bb88a568b9cfe2e15e95b0aad6f6d428a9ff04ee77fb9b2073364,150d107225160ac498040fa20d4ccf9e26ec2703,True,fixed_per_environment_quotas_v2,nominal,11,114,True,True,5.91,,7,False,False,39.618064880371094,5.91,0.2030165195465088,0.06699458509683609,0.532812237739563
/home/donglei/isaac_projects/isaac_drone_racer/.worktrees/stage1-fake-vio/logs/skrl/drone_racer/2026-09-02_20-09-09_ppo_torch_stage1_mixed/checkpoints/agent_50010.pt,8ac5a032a78bb88a568b9cfe2e15e95b0aad6f6d428a9ff04ee77fb9b2073364,150d107225160ac498040fa20d4ccf9e26ec2703,True,fixed_per_environment_quotas_v2,nominal,11,115,True,True,5.97,,7,False,False,39.829429626464844,5.97,0.3317255675792694,0.10539700835943222,0.806216835975647
/home/donglei/isaac_projects/isaac_drone_racer/.worktrees/stage1-fake-vio/logs/skrl/drone_racer/2026-09-02_20-09-09_ppo_torch_stage1_mixed/checkpoints/agent_50010.pt,8ac5a032a78bb88a568b9cfe2e15e95b0aad6f6d428a9ff04ee77fb9b2073364,150d107225160ac498040fa20d4ccf9e26ec2703,True,fixed_per_environment_quotas_v2,nominal,11,116,True,True,5.88,,7,False,False,39.710289001464844,5.88,0.32200369238853455,0.11276140809059143,0.8710883855819702
/home/donglei/isaac_projects/isaac_drone_racer/.worktrees/stage1-fake-vio/logs/skrl/drone_racer/2026-09-02_20-09-09_ppo_torch_stage1_mixed/checkpoints/agent_50010.pt,8ac5a032a78bb88a568b9cfe2e15e95b0aad6f6d428a9ff04ee77fb9b2073364,150d107225160ac498040fa20d4ccf9e26ec2703,True,fixed_per_environment_quotas_v2,nominal,11,117,True,True,5.92,,7,False,False,39.679771423339844,5.92,0.31676414608955383,0.11138979345560074,0.8145686388015747
/home/donglei/isaac_projects/isaac_drone_racer/.worktrees/stage1-fake-vio/logs/skrl/drone_racer/2026-09-02_20-09-09_ppo_torch_stage1_mixed/checkpoints/agent_50010.pt,8ac5a032a78bb88a568b9cfe2e15e95b0aad6f6d428a9ff04ee77fb9b2073364,150d107225160ac498040fa20d4ccf9e26ec2703,True,fixed_per_environment_quotas_v2,nominal,11,118,True,True,6.04,,7,False,False,39.689178466796875,6.04,0.30772215127944946,0.11294888705015182,0.7720258235931396
/home/donglei/isaac_projects/isaac_drone_racer/.worktrees/stage1-fake-vio/logs/skrl/drone_racer/2026-09-02_20-09-09_ppo_torch_stage1_mixed/checkpoints/agent_50010.pt,8ac5a032a78bb88a568b9cfe2e15e95b0aad6f6d428a9ff04ee77fb9b2073364,150d107225160ac498040fa20d4ccf9e26ec2703,True,fixed_per_environment_quotas_v2,nominal,11,119,True,True,5.92,,7,False,False,39.4228630065918,5.92,0.42362451553344727,0.1514683961868286,1.1343607902526855
/home/donglei/isaac_projects/isaac_drone_racer/.worktrees/stage1-fake-vio/logs/skrl/drone_racer/2026-09-02_20-09-09_ppo_torch_stage1_mixed/checkpoints/agent_50010.pt,8ac5a032a78bb88a568b9cfe2e15e95b0aad6f6d428a9ff04ee77fb9b2073364,150d107225160ac498040fa20d4ccf9e26ec2703,True,fixed_per_environment_quotas_v2,nominal,11,120,True,True,6.3100000000000005,,7,False,False,39.86644744873047,6.3100000000000005,0.41829124093055725,0.14566315710544586,1.0772693157196045
/home/donglei/isaac_projects/isaac_drone_racer/.worktrees/stage1-fake-vio/logs/skrl/drone_racer/2026-09-02_20-09-09_ppo_torch_stage1_mixed/checkpoints/agent_50010.pt,8ac5a032a78bb88a568b9cfe2e15e95b0aad6f6d428a9ff04ee77fb9b2073364,150d107225160ac498040fa20d4ccf9e26ec2703,True,fixed_per_environment_quotas_v2,nominal,11,121,True,True,6.32,,7,False,False,39.829620361328125,6.32,0.30613669753074646,0.1072537899017334,0.8046548366546631
/home/donglei/isaac_projects/isaac_drone_racer/.worktrees/stage1-fake-vio/logs/skrl/drone_racer/2026-09-02_20-09-09_ppo_torch_stage1_mixed/checkpoints/agent_50010.pt,8ac5a032a78bb88a568b9cfe2e15e95b0aad6f6d428a9ff04ee77fb9b2073364,150d107225160ac498040fa20d4ccf9e26ec2703,True,fixed_per_environment_quotas_v2,nominal,11,122,True,True,6.09,,7,False,False,39.50847625732422,6.09,0.2056358903646469,0.07190172374248505,0.5098033547401428
/home/donglei/isaac_projects/isaac_drone_racer/.worktrees/stage1-fake-vio/logs/skrl/drone_racer/2026-09-02_20-09-09_ppo_torch_stage1_mixed/checkpoints/agent_50010.pt,8ac5a032a78bb88a568b9cfe2e15e95b0aad6f6d428a9ff04ee77fb9b2073364,150d107225160ac498040fa20d4ccf9e26ec2703,True,fixed_per_environment_quotas_v2,nominal,11,123,True,True,5.94,,7,False,False,39.505462646484375,5.94,0.2080039232969284,0.07440400868654251,0.5459626913070679
/home/donglei/isaac_projects/isaac_drone_racer/.worktrees/stage1-fake-vio/logs/skrl/drone_racer/2026-09-02_20-09-09_ppo_torch_stage1_mixed/checkpoints/agent_50010.pt,8ac5a032a78bb88a568b9cfe2e15e95b0aad6f6d428a9ff04ee77fb9b2073364,150d107225160ac498040fa20d4ccf9e26ec2703,True,fixed_per_environment_quotas_v2,nominal,11,124,True,True,6.32,,7,False,False,39.55603790283203,6.32,0.5283806920051575,0.21226434409618378,1.3806853294372559
/home/donglei/isaac_projects/isaac_drone_racer/.worktrees/stage1-fake-vio/logs/skrl/drone_racer/2026-09-02_20-09-09_ppo_torch_stage1_mixed/checkpoints/agent_50010.pt,8ac5a032a78bb88a568b9cfe2e15e95b0aad6f6d428a9ff04ee77fb9b2073364,150d107225160ac498040fa20d4ccf9e26ec2703,True,fixed_per_environment_quotas_v2,nominal,11,125,True,True,6.16,,7,False,False,39.66498565673828,6.16,0.528184175491333,0.2107788622379303,1.394133448600769
/home/donglei/isaac_projects/isaac_drone_racer/.worktrees/stage1-fake-vio/logs/skrl/drone_racer/2026-09-02_20-09-09_ppo_torch_stage1_mixed/checkpoints/agent_50010.pt,8ac5a032a78bb88a568b9cfe2e15e95b0aad6f6d428a9ff04ee77fb9b2073364,150d107225160ac498040fa20d4ccf9e26ec2703,True,fixed_per_environment_quotas_v2,nominal,11,126,True,True,5.89,,7,False,False,39.63352966308594,5.89,0.3250746726989746,0.10712258517742157,0.8338266015052795
/home/donglei/isaac_projects/isaac_drone_racer/.worktrees/stage1-fake-vio/logs/skrl/drone_racer/2026-09-02_20-09-09_ppo_torch_stage1_mixed/checkpoints/agent_50010.pt,8ac5a032a78bb88a568b9cfe2e15e95b0aad6f6d428a9ff04ee77fb9b2073364,150d107225160ac498040fa20d4ccf9e26ec2703,True,fixed_per_environment_quotas_v2,nominal,11,127,True,True,6.03,,7,False,False,39.926326751708984,6.03,0.4161147475242615,0.1519594043493271,1.1144883632659912
/home/donglei/isaac_projects/isaac_drone_racer/.worktrees/stage1-fake-vio/logs/skrl/drone_racer/2026-09-02_20-09-09_ppo_torch_stage1_mixed/checkpoints/agent_50010.pt,8ac5a032a78bb88a568b9cfe2e15e95b0aad6f6d428a9ff04ee77fb9b2073364,150d107225160ac498040fa20d4ccf9e26ec2703,True,fixed_per_environment_quotas_v2,nominal,29,0,False,False,,1,0,True,False,-4.12661075592041,0.71,0.15473639965057373,0.10043620318174362,0.6355417966842651
/home/donglei/isaac_projects/isaac_drone_racer/.worktrees/stage1-fake-vio/logs/skrl/drone_racer/2026-09-02_20-09-09_ppo_torch_stage1_mixed/checkpoints/agent_50010.pt,8ac5a032a78bb88a568b9cfe2e15e95b0aad6f6d428a9ff04ee77fb9b2073364,150d107225160ac498040fa20d4ccf9e26ec2703,True,fixed_per_environment_quotas_v2,nominal,29,1,False,False,,7,0,True,False,-3.8811450004577637,0.78,0.3755139112472534,0.2191903442144394,2.1497039794921875
/home/donglei/isaac_projects/isaac_drone_racer/.worktrees/stage1-fake-vio/logs/skrl/drone_racer/2026-09-02_20-09-09_ppo_torch_stage1_mixed/checkpoints/agent_50010.pt,8ac5a032a78bb88a568b9cfe2e15e95b0aad6f6d428a9ff04ee77fb9b2073364,150d107225160ac498040fa20d4ccf9e26ec2703,True,fixed_per_environment_quotas_v2,nominal,29,2,False,False,,1,1,False,False,5.283863067626953,0.8200000000000001,0.16421805322170258,0.05544396489858627,0.4804461896419525
/home/donglei/isaac_projects/isaac_drone_racer/.worktrees/stage1-fake-vio/logs/skrl/drone_racer/2026-09-02_20-09-09_ppo_torch_stage1_mixed/checkpoints/agent_50010.pt,8ac5a032a78bb88a568b9cfe2e15e95b0aad6f6d428a9ff04ee77fb9b2073364,150d107225160ac498040fa20d4ccf9e26ec2703,True,fixed_per_environment_quotas_v2,nominal,29,3,False,False,,5,1,False,False,5.298301696777344,0.84,0.34054142236709595,0.16906438767910004,1.2639776468276978
/home/donglei/isaac_projects/isaac_drone_racer/.worktrees/stage1-fake-vio/logs/skrl/drone_racer/2026-09-02_20-09-09_ppo_torch_stage1_mixed/checkpoints/agent_50010.pt,8ac5a032a78bb88a568b9cfe2e15e95b0aad6f6d428a9ff04ee77fb9b2073364,150d107225160ac498040fa20d4ccf9e26ec2703,True,fixed_per_environment_quotas_v2,nominal,29,4,False,False,,5,1,False,False,6.441660404205322,1.1,0.42594537138938904,0.1810375154018402,1.1323713064193726
/home/donglei/isaac_projects/isaac_drone_racer/.worktrees/stage1-fake-vio/logs/skrl/drone_racer/2026-09-02_20-09-09_ppo_torch_stage1_mixed/checkpoints/agent_50010.pt,8ac5a032a78bb88a568b9cfe2e15e95b0aad6f6d428a9ff04ee77fb9b2073364,150d107225160ac498040fa20d4ccf9e26ec2703,True,fixed_per_environment_quotas_v2,nominal,29,5,False,False,,3,2,False,False,10.451669692993164,1.1500000000000001,0.18352718651294708,0.06950188428163528,0.5091590881347656
/home/donglei/isaac_projects/isaac_drone_racer/.worktrees/stage1-fake-vio/logs/skrl/drone_racer/2026-09-02_20-09-09_ppo_torch_stage1_mixed/checkpoints/agent_50010.pt,8ac5a032a78bb88a568b9cfe2e15e95b0aad6f6d428a9ff04ee77fb9b2073364,150d107225160ac498040fa20d4ccf9e26ec2703,True,fixed_per_environment_quotas_v2,nominal,29,6,False,False,,4,1,True,False,1.3606758117675781,1.41,0.22168873250484467,0.16207349300384521,0.8626428246498108
/home/donglei/isaac_projects/isaac_drone_racer/.worktrees/stage1-fake-vio/logs/skrl/drone_racer/2026-09-02_20-09-09_ppo_torch_stage1_mixed/checkpoints/agent_50010.pt,8ac5a032a78bb88a568b9cfe2e15e95b0aad6f6d428a9ff04ee77fb9b2073364,150d107225160ac498040fa20d4ccf9e26ec2703,True,fixed_per_environment_quotas_v2,nominal,29,7,False,False,,3,2,False,False,10.923236846923828,1.54,0.29010680317878723,0.10001903772354126,0.7899569272994995
/home/donglei/isaac_projects/isaac_drone_racer/.worktrees/stage1-fake-vio/logs/skrl/drone_racer/2026-09-02_20-09-09_ppo_torch_stage1_mixed/checkpoints/agent_50010.pt,8ac5a032a78bb88a568b9cfe2e15e95b0aad6f6d428a9ff04ee77fb9b2073364,150d107225160ac498040fa20d4ccf9e26ec2703,True,fixed_per_environment_quotas_v2,nominal,29,8,False,False,,4,1,False,False,7.921535015106201,1.61,0.6620742082595825,0.1849108636379242,1.4802926778793335
/home/donglei/isaac_projects/isaac_drone_racer/.worktrees/stage1-fake-vio/logs/skrl/drone_racer/2026-09-02_20-09-09_ppo_torch_stage1_mixed/checkpoints/agent_50010.pt,8ac5a032a78bb88a568b9cfe2e15e95b0aad6f6d428a9ff04ee77fb9b2073364,150d107225160ac498040fa20d4ccf9e26ec2703,True,fixed_per_environment_quotas_v2,nominal,29,9,False,False,,2,2,False,False,10.74813175201416,1.76,0.24488964676856995,0.0974166989326477,0.8381627202033997
/home/donglei/isaac_projects/isaac_drone_racer/.worktrees/stage1-fake-vio/logs/skrl/drone_racer/2026-09-02_20-09-09_ppo_torch_stage1_mixed/checkpoints/agent_50010.pt,8ac5a032a78bb88a568b9cfe2e15e95b0aad6f6d428a9ff04ee77fb9b2073364,150d107225160ac498040fa20d4ccf9e26ec2703,True,fixed_per_environment_quotas_v2,nominal,29,10,False,False,,3,3,False,False,15.354379653930664,1.81,0.4170415997505188,0.14997002482414246,1.1281812191009521
/home/donglei/isaac_projects/isaac_drone_racer/.worktrees/stage1-fake-vio/logs/skrl/drone_racer/2026-09-02_20-09-09_ppo_torch_stage1_mixed/checkpoints/agent_50010.pt,8ac5a032a78bb88a568b9cfe2e15e95b0aad6f6d428a9ff04ee77fb9b2073364,150d107225160ac498040fa20d4ccf9e26ec2703,True,fixed_per_environment_quotas_v2,nominal,29,11,False,False,,7,3,True,False,9.929226875305176,1.82,0.1918528825044632,0.09486904740333557,1.074428677558899
/home/donglei/isaac_projects/isaac_drone_racer/.worktrees/stage1-fake-vio/logs/skrl/drone_racer/2026-09-02_20-09-09_ppo_torch_stage1_mixed/checkpoints/agent_50010.pt,8ac5a032a78bb88a568b9cfe2e15e95b0aad6f6d428a9ff04ee77fb9b2073364,150d107225160ac498040fa20d4ccf9e26ec2703,True,fixed_per_environment_quotas_v2,nominal,29,12,False,False,,7,0,True,False,-4.097593784332275,1.31,0.27638769149780273,0.7656390070915222,1.7952888011932373
/home/donglei/isaac_projects/isaac_drone_racer/.worktrees/stage1-fake-vio/logs/skrl/drone_racer/2026-09-02_20-09-09_ppo_torch_stage1_mixed/checkpoints/agent_50010.pt,8ac5a032a78bb88a568b9cfe2e15e95b0aad6f6d428a9ff04ee77fb9b2073364,150d107225160ac498040fa20d4ccf9e26ec2703,True,fixed_per_environment_quotas_v2,nominal,29,13,False,False,,1,3,False,False,16.357275009155273,2.39,0.2877862751483917,0.09639523178339005,0.8290273547172546
/home/donglei/isaac_projects/isaac_drone_racer/.worktrees/stage1-fake-vio/logs/skrl/drone_racer/2026-09-02_20-09-09_ppo_torch_stage1_mixed/checkpoints/agent_50010.pt,8ac5a032a78bb88a568b9cfe2e15e95b0aad6f6d428a9ff04ee77fb9b2073364,150d107225160ac498040fa20d4ccf9e26ec2703,True,fixed_per_environment_quotas_v2,nominal,29,14,False,False,,5,2,True,False,7.926648139953613,2.41,0.6156556606292725,0.21757175028324127,1.4121644496917725
/home/donglei/isaac_projects/isaac_drone_racer/.worktrees/stage1-fake-vio/logs/skrl/drone_racer/2026-09-02_20-09-09_ppo_torch_stage1_mixed/checkpoints/agent_50010.pt,8ac5a032a78bb88a568b9cfe2e15e95b0aad6f6d428a9ff04ee77fb9b2073364,150d107225160ac498040fa20d4ccf9e26ec2703,True,fixed_per_environment_quotas_v2,nominal,29,15,False,False,,3,1,True,False,2.336658000946045,2.44,0.3051246702671051,0.3199976086616516,2.162787914276123
/home/donglei/isaac_projects/isaac_drone_racer/.worktrees/stage1-fake-vio/logs/skrl/drone_racer/2026-09-02_20-09-09_ppo_torch_stage1_mixed/checkpoints/agent_50010.pt,8ac5a032a78bb88a568b9cfe2e15e95b0aad6f6d428a9ff04ee77fb9b2073364,150d107225160ac498040fa20d4ccf9e26ec2703,True,fixed_per_environment_quotas_v2,nominal,29,16,False,False,,3,3,True,False,12.677042007446289,2.93,0.39880549907684326,0.1366620808839798,1.0997220277786255
/home/donglei/isaac_projects/isaac_drone_racer/.worktrees/stage1-fake-vio/logs/skrl/drone_racer/2026-09-02_20-09-09_ppo_torch_stage1_mixed/checkpoints/agent_50010.pt,8ac5a032a78bb88a568b9cfe2e15e95b0aad6f6d428a9ff04ee77fb9b2073364,150d107225160ac498040fa20d4ccf9e26ec2703,True,fixed_per_environment_quotas_v2,nominal,29,17,False,False,,4,4,True,False,17.80938148498535,4.1,0.38508152961730957,1.0750555992126465,1.1742931604385376
/home/donglei/isaac_projects/isaac_drone_racer/.worktrees/stage1-fake-vio/logs/skrl/drone_racer/2026-09-02_20-09-09_ppo_torch_stage1_mixed/checkpoints/agent_50010.pt,8ac5a032a78bb88a568b9cfe2e15e95b0aad6f6d428a9ff04ee77fb9b2073364,150d107225160ac498040fa20d4ccf9e26ec2703,True,fixed_per_environment_quotas_v2,nominal,29,18,False,False,,3,5,True,False,23.64011001586914,4.43,0.5403932929039001,0.1765262335538864,1.6709327697753906
/home/donglei/isaac_projects/isaac_drone_racer/.worktrees/stage1-fake-vio/logs/skrl/drone_racer/2026-09-02_20-09-09_ppo_torch_stage1_mixed/checkpoints/agent_50010.pt,8ac5a032a78bb88a568b9cfe2e15e95b0aad6f6d428a9ff04ee77fb9b2073364,150d107225160ac498040fa20d4ccf9e26ec2703,True,fixed_per_environment_quotas_v2,nominal,29,19,False,False,,2,6,False,False,33.22071838378906,4.5,0.570595920085907,0.20565913617610931,1.4909849166870117
/home/donglei/isaac_projects/isaac_drone_racer/.worktrees/stage1-fake-vio/logs/skrl/drone_racer/2026-09-02_20-09-09_ppo_torch_stage1_mixed/checkpoints/agent_50010.pt,8ac5a032a78bb88a568b9cfe2e15e95b0aad6f6d428a9ff04ee77fb9b2073364,150d107225160ac498040fa20d4ccf9e26ec2703,True,fixed_per_environment_quotas_v2,nominal,29,20,True,True,6.03,,7,False,False,39.62369918823242,6.03,0.2061300426721573,0.06352134048938751,0.5237987637519836
/home/donglei/isaac_projects/isaac_drone_racer/.worktrees/stage1-fake-vio/logs/skrl/drone_racer/2026-09-02_20-09-09_ppo_torch_stage1_mixed/checkpoints/agent_50010.pt,8ac5a032a78bb88a568b9cfe2e15e95b0aad6f6d428a9ff04ee77fb9b2073364,150d107225160ac498040fa20d4ccf9e26ec2703,True,fixed_per_environment_quotas_v2,nominal,29,21,True,True,5.1000000000000005,,7,False,False,37.7616081237793,5.1000000000000005,0.1922379583120346,0.07108995318412781,0.534044623374939
/home/donglei/isaac_projects/isaac_drone_racer/.worktrees/stage1-fake-vio/logs/skrl/drone_racer/2026-09-02_20-09-09_ppo_torch_stage1_mixed/checkpoints/agent_50010.pt,8ac5a032a78bb88a568b9cfe2e15e95b0aad6f6d428a9ff04ee77fb9b2073364,150d107225160ac498040fa20d4ccf9e26ec2703,True,fixed_per_environment_quotas_v2,nominal,29,22,True,True,6.05,,7,False,False,39.80400848388672,6.05,0.21764396131038666,0.06755290925502777,0.546942412853241
/home/donglei/isaac_projects/isaac_drone_racer/.worktrees/stage1-fake-vio/logs/skrl/drone_racer/2026-09-02_20-09-09_ppo_torch_stage1_mixed/checkpoints/agent_50010.pt,8ac5a032a78bb88a568b9cfe2e15e95b0aad6f6d428a9ff04ee77fb9b2073364,150d107225160ac498040fa20d4ccf9e26ec2703,True,fixed_per_environment_quotas_v2,nominal,29,23,True,True,5.08,,7,False,False,38.58610916137695,5.08,0.5027690529823303,0.16358469426631927,1.3229012489318848
/home/donglei/isaac_projects/isaac_drone_racer/.worktrees/stage1-fake-vio/logs/skrl/drone_racer/2026-09-02_20-09-09_ppo_torch_stage1_mixed/checkpoints/agent_50010.pt,8ac5a032a78bb88a568b9cfe2e15e95b0aad6f6d428a9ff04ee77fb9b2073364,150d107225160ac498040fa20d4ccf9e26ec2703,True,fixed_per_environment_quotas_v2,nominal,29,24,False,False,,3,6,True,False,30.664012908935547,5.95,0.5406926274299622,0.18729852139949799,1.4487545490264893
/home/donglei/isaac_projects/isaac_drone_racer/.worktrees/stage1-fake-vio/logs/skrl/drone_racer/2026-09-02_20-09-09_ppo_torch_stage1_mixed/checkpoints/agent_50010.pt,8ac5a032a78bb88a568b9cfe2e15e95b0aad6f6d428a9ff04ee77fb9b2073364,150d107225160ac498040fa20d4ccf9e26ec2703,True,fixed_per_environment_quotas_v2,nominal,29,25,True,True,5.01,,7,False,False,38.45470428466797,5.01,0.45943060517311096,0.15388444066047668,1.1449674367904663
/home/donglei/isaac_projects/isaac_drone_racer/.worktrees/stage1-fake-vio/logs/skrl/drone_racer/2026-09-02_20-09-09_ppo_torch_stage1_mixed/checkpoints/agent_50010.pt,8ac5a032a78bb88a568b9cfe2e15e95b0aad6f6d428a9ff04ee77fb9b2073364,150d107225160ac498040fa20d4ccf9e26ec2703,True,fixed_per_environment_quotas_v2,nominal,29,26,True,True,5.88,,7,False,False,39.73476028442383,5.88,0.4502616822719574,0.16073009371757507,1.2128872871398926
/home/donglei/isaac_projects/isaac_drone_racer/.worktrees/stage1-fake-vio/logs/skrl/drone_racer/2026-09-02_20-09-09_ppo_torch_stage1_mixed/checkpoints/agent_50010.pt,8ac5a032a78bb88a568b9cfe2e15e95b0aad6f6d428a9ff04ee77fb9b2073364,150d107225160ac498040fa20d4ccf9e26ec2703,True,fixed_per_environment_quotas_v2,nominal,29,27,True,True,5.88,,7,False,False,39.62745666503906,5.88,0.5490477085113525,0.19916893541812897,1.447121262550354
/home/donglei/isaac_projects/isaac_drone_racer/.worktrees/stage1-fake-vio/logs/skrl/drone_racer/2026-09-02_20-09-09_ppo_torch_stage1_mixed/checkpoints/agent_50010.pt,8ac5a032a78bb88a568b9cfe2e15e95b0aad6f6d428a9ff04ee77fb9b2073364,150d107225160ac498040fa20d4ccf9e26ec2703,True,fixed_per_environment_quotas_v2,nominal,29,28,False,False,,4,6,False,True,22.806941986083984,7.51,0.6210417151451111,0.6972851753234863,1.320107340812683
/home/donglei/isaac_projects/isaac_drone_racer/.worktrees/stage1-fake-vio/logs/skrl/drone_racer/2026-09-02_20-09-09_ppo_torch_stage1_mixed/checkpoints/agent_50010.pt,8ac5a032a78bb88a568b9cfe2e15e95b0aad6f6d428a9ff04ee77fb9b2073364,150d107225160ac498040fa20d4ccf9e26ec2703,True,fixed_per_environment_quotas_v2,nominal,29,29,True,True,4.92,,7,False,False,37.232177734375,4.92,0.5358420014381409,0.17474162578582764,1.4756187200546265
/home/donglei/isaac_projects/isaac_drone_racer/.worktrees/stage1-fake-vio/logs/skrl/drone_racer/2026-09-02_20-09-09_ppo_torch_stage1_mixed/checkpoints/agent_50010.pt,8ac5a032a78bb88a568b9cfe2e15e95b0aad6f6d428a9ff04ee77fb9b2073364,150d107225160ac498040fa20d4ccf9e26ec2703,True,fixed_per_environment_quotas_v2,nominal,29,30,True,True,5.99,,7,False,False,39.788944244384766,5.99,0.4544481933116913,0.14566506445407867,1.1592798233032227
/home/donglei/isaac_projects/isaac_drone_racer/.worktrees/stage1-fake-vio/logs/skrl/drone_racer/2026-09-02_20-09-09_ppo_torch_stage1_mixed/checkpoints/agent_50010.pt,8ac5a032a78bb88a568b9cfe2e15e95b0aad6f6d428a9ff04ee77fb9b2073364,150d107225160ac498040fa20d4ccf9e26ec2703,True,fixed_per_environment_quotas_v2,nominal,29,31,True,True,5.74,,7,False,False,39.74107360839844,5.74,0.4497241973876953,0.15269778668880463,1.1787699460983276
/home/donglei/isaac_projects/isaac_drone_racer/.worktrees/stage1-fake-vio/logs/skrl/drone_racer/2026-09-02_20-09-09_ppo_torch_stage1_mixed/checkpoints/agent_50010.pt,8ac5a032a78bb88a568b9cfe2e15e95b0aad6f6d428a9ff04ee77fb9b2073364,150d107225160ac498040fa20d4ccf9e26ec2703,True,fixed_per_environment_quotas_v2,nominal,29,32,True,True,5.87,,7,False,False,39.6744384765625,5.87,0.44191476702690125,0.1538364142179489,1.1696019172668457
/home/donglei/isaac_projects/isaac_drone_racer/.worktrees/stage1-fake-vio/logs/skrl/drone_racer/2026-09-02_20-09-09_ppo_torch_stage1_mixed/checkpoints/agent_50010.pt,8ac5a032a78bb88a568b9cfe2e15e95b0aad6f6d428a9ff04ee77fb9b2073364,150d107225160ac498040fa20d4ccf9e26ec2703,True,fixed_per_environment_quotas_v2,nominal,29,33,True,True,5.1000000000000005,,7,False,False,37.66460418701172,5.1000000000000005,0.5515579581260681,0.19013528525829315,1.5016433000564575
/home/donglei/isaac_projects/isaac_drone_racer/.worktrees/stage1-fake-vio/logs/skrl/drone_racer/2026-09-02_20-09-09_ppo_torch_stage1_mixed/checkpoints/agent_50010.pt,8ac5a032a78bb88a568b9cfe2e15e95b0aad6f6d428a9ff04ee77fb9b2073364,150d107225160ac498040fa20d4ccf9e26ec2703,True,fixed_per_environment_quotas_v2,nominal,29,34,True,True,5.5,,7,False,False,39.55378341674805,5.5,0.4551042914390564,0.1561933159828186,1.1836779117584229
/home/donglei/isaac_projects/isaac_drone_racer/.worktrees/stage1-fake-vio/logs/skrl/drone_racer/2026-09-02_20-09-09_ppo_torch_stage1_mixed/checkpoints/agent_50010.pt,8ac5a032a78bb88a568b9cfe2e15e95b0aad6f6d428a9ff04ee77fb9b2073364,150d107225160ac498040fa20d4ccf9e26ec2703,True,fixed_per_environment_quotas_v2,nominal,29,35,False,False,,3,6,False,True,26.881925582885742,7.66,0.5716744065284729,0.5155817270278931,1.9592320919036865
/home/donglei/isaac_projects/isaac_drone_racer/.worktrees/stage1-fake-vio/logs/skrl/drone_racer/2026-09-02_20-09-09_ppo_torch_stage1_mixed/checkpoints/agent_50010.pt,8ac5a032a78bb88a568b9cfe2e15e95b0aad6f6d428a9ff04ee77fb9b2073364,150d107225160ac498040fa20d4ccf9e26ec2703,True,fixed_per_environment_quotas_v2,nominal,29,36,False,False,,7,0,True,False,-3.867751121520996,0.84,0.23236340284347534,0.1270298957824707,1.1423957347869873
/home/donglei/isaac_projects/isaac_drone_racer/.worktrees/stage1-fake-vio/logs/skrl/drone_racer/2026-09-02_20-09-09_ppo_torch_stage1_mixed/checkpoints/agent_50010.pt,8ac5a032a78bb88a568b9cfe2e15e95b0aad6f6d428a9ff04ee77fb9b2073364,150d107225160ac498040fa20d4ccf9e26ec2703,True,fixed_per_environment_quotas_v2,nominal,29,37,True,True,5.84,,7,False,False,39.94532775878906,5.84,0.5796284675598145,0.18696993589401245,1.4776577949523926
/home/donglei/isaac_projects/isaac_drone_racer/.worktrees/stage1-fake-vio/logs/skrl/drone_racer/2026-09-02_20-09-09_ppo_torch_stage1_mixed/checkpoints/agent_50010.pt,8ac5a032a78bb88a568b9cfe2e15e95b0aad6f6d428a9ff04ee77fb9b2073364,150d107225160ac498040fa20d4ccf9e26ec2703,True,fixed_per_environment_quotas_v2,nominal,29,38,True,True,5.28,,7,False,False,38.72163772583008,5.28,0.3327270448207855,0.10107363015413284,0.8516369462013245
/home/donglei/isaac_projects/isaac_drone_racer/.worktrees/stage1-fake-vio/logs/skrl/drone_racer/2026-09-02_20-09-09_ppo_torch_stage1_mixed/checkpoints/agent_50010.pt,8ac5a032a78bb88a568b9cfe2e15e95b0aad6f6d428a9ff04ee77fb9b2073364,150d107225160ac498040fa20d4ccf9e26ec2703,True,fixed_per_environment_quotas_v2,nominal,29,39,True,True,5.76,,7,False,False,39.704315185546875,5.76,0.4471525549888611,0.14731241762638092,1.166363000869751
/home/donglei/isaac_projects/isaac_drone_racer/.worktrees/stage1-fake-vio/logs/skrl/drone_racer/2026-09-02_20-09-09_ppo_torch_stage1_mixed/checkpoints/agent_50010.pt,8ac5a032a78bb88a568b9cfe2e15e95b0aad6f6d428a9ff04ee77fb9b2073364,150d107225160ac498040fa20d4ccf9e26ec2703,True,fixed_per_environment_quotas_v2,nominal,29,40,True,True,6.08,,7,False,False,39.69805145263672,6.08,0.22381946444511414,0.07923576980829239,0.5077306628227234
/home/donglei/isaac_projects/isaac_drone_racer/.worktrees/stage1-fake-vio/logs/skrl/drone_racer/2026-09-02_20-09-09_ppo_torch_stage1_mixed/checkpoints/agent_50010.pt,8ac5a032a78bb88a568b9cfe2e15e95b0aad6f6d428a9ff04ee77fb9b2073364,150d107225160ac498040fa20d4ccf9e26ec2703,True,fixed_per_environment_quotas_v2,nominal,29,41,True,True,5.28,,7,False,False,38.963016510009766,5.28,0.20627249777317047,0.06729452311992645,0.5298563838005066
/home/donglei/isaac_projects/isaac_drone_racer/.worktrees/stage1-fake-vio/logs/skrl/drone_racer/2026-09-02_20-09-09_ppo_torch_stage1_mixed/checkpoints/agent_50010.pt,8ac5a032a78bb88a568b9cfe2e15e95b0aad6f6d428a9ff04ee77fb9b2073364,150d107225160ac498040fa20d4ccf9e26ec2703,True,fixed_per_environment_quotas_v2,nominal,29,42,True,True,5.57,,7,False,False,39.446754455566406,5.57,0.2061872035264969,0.07010583579540253,0.5812543034553528
/home/donglei/isaac_projects/isaac_drone_racer/.worktrees/stage1-fake-vio/logs/skrl/drone_racer/2026-09-02_20-09-09_ppo_torch_stage1_mixed/checkpoints/agent_50010.pt,8ac5a032a78bb88a568b9cfe2e15e95b0aad6f6d428a9ff04ee77fb9b2073364,150d107225160ac498040fa20d4ccf9e26ec2703,True,fixed_per_environment_quotas_v2,nominal,29,43,True,True,6.1000000000000005,,7,False,False,39.71528625488281,6.1000000000000005,0.5440136194229126,0.20870842039585114,1.4578849077224731
/home/donglei/isaac_projects/isaac_drone_racer/.worktrees/stage1-fake-vio/logs/skrl/drone_racer/2026-09-02_20-09-09_ppo_torch_stage1_mixed/checkpoints/agent_50010.pt,8ac5a032a78bb88a568b9cfe2e15e95b0aad6f6d428a9ff04ee77fb9b2073364,150d107225160ac498040fa20d4ccf9e26ec2703,True,fixed_per_environment_quotas_v2,nominal,29,44,False,False,,2,4,True,False,9.601463317871094,6.22,0.5661015510559082,0.2563389539718628,1.6943382024765015
/home/donglei/isaac_projects/isaac_drone_racer/.worktrees/stage1-fake-vio/logs/skrl/drone_racer/2026-09-02_20-09-09_ppo_torch_stage1_mixed/checkpoints/agent_50010.pt,8ac5a032a78bb88a568b9cfe2e15e95b0aad6f6d428a9ff04ee77fb9b2073364,150d107225160ac498040fa20d4ccf9e26ec2703,True,fixed_per_environment_quotas_v2,nominal,29,45,False,False,,2,1,True,False,2.087521553039551,1.86,0.2822023630142212,0.13804802298545837,1.1935830116271973
/home/donglei/isaac_projects/isaac_drone_racer/.worktrees/stage1-fake-vio/logs/skrl/drone_racer/2026-09-02_20-09-09_ppo_torch_stage1_mixed/checkpoints/agent_50010.pt,8ac5a032a78bb88a568b9cfe2e15e95b0aad6f6d428a9ff04ee77fb9b2073364,150d107225160ac498040fa20d4ccf9e26ec2703,True,fixed_per_environment_quotas_v2,nominal,29,46,True,True,5.3,,7,False,False,38.27213668823242,5.3,0.19826284050941467,0.07079913467168808,0.5163807272911072
/home/donglei/isaac_projects/isaac_drone_racer/.worktrees/stage1-fake-vio/logs/skrl/drone_racer/2026-09-02_20-09-09_ppo_torch_stage1_mixed/checkpoints/agent_50010.pt,8ac5a032a78bb88a568b9cfe2e15e95b0aad6f6d428a9ff04ee77fb9b2073364,150d107225160ac498040fa20d4ccf9e26ec2703,True,fixed_per_environment_quotas_v2,nominal,29,47,True,True,5.41,,7,False,False,39.12450408935547,5.41,0.5697922706604004,0.18838712573051453,1.4582358598709106
/home/donglei/isaac_projects/isaac_drone_racer/.worktrees/stage1-fake-vio/logs/skrl/drone_racer/2026-09-02_20-09-09_ppo_torch_stage1_mixed/checkpoints/agent_50010.pt,8ac5a032a78bb88a568b9cfe2e15e95b0aad6f6d428a9ff04ee77fb9b2073364,150d107225160ac498040fa20d4ccf9e26ec2703,True,fixed_per_environment_quotas_v2,nominal,29,48,True,True,5.75,,7,False,False,39.469764709472656,5.75,0.557977557182312,0.17313754558563232,1.450287103652954
/home/donglei/isaac_projects/isaac_drone_racer/.worktrees/stage1-fake-vio/logs/skrl/drone_racer/2026-09-02_20-09-09_ppo_torch_stage1_mixed/checkpoints/agent_50010.pt,8ac5a032a78bb88a568b9cfe2e15e95b0aad6f6d428a9ff04ee77fb9b2073364,150d107225160ac498040fa20d4ccf9e26ec2703,True,fixed_per_environment_quotas_v2,nominal,29,49,True,True,5.16,,7,False,False,39.17940139770508,5.16,0.463360458612442,0.14806735515594482,1.1846520900726318
/home/donglei/isaac_projects/isaac_drone_racer/.worktrees/stage1-fake-vio/logs/skrl/drone_racer/2026-09-02_20-09-09_ppo_torch_stage1_mixed/checkpoints/agent_50010.pt,8ac5a032a78bb88a568b9cfe2e15e95b0aad6f6d428a9ff04ee77fb9b2073364,150d107225160ac498040fa20d4ccf9e26ec2703,True,fixed_per_environment_quotas_v2,nominal,29,50,True,True,5.87,,7,False,False,39.72993850708008,5.87,0.36423590779304504,0.10284875333309174,0.9118157029151917
/home/donglei/isaac_projects/isaac_drone_racer/.worktrees/stage1-fake-vio/logs/skrl/drone_racer/2026-09-02_20-09-09_ppo_torch_stage1_mixed/checkpoints/agent_50010.pt,8ac5a032a78bb88a568b9cfe2e15e95b0aad6f6d428a9ff04ee77fb9b2073364,150d107225160ac498040fa20d4ccf9e26ec2703,True,fixed_per_environment_quotas_v2,nominal,29,51,True,True,5.39,,7,False,False,39.45750427246094,5.39,0.21428650617599487,0.07418668270111084,0.558214545249939
/home/donglei/isaac_projects/isaac_drone_racer/.worktrees/stage1-fake-vio/logs/skrl/drone_racer/2026-09-02_20-09-09_ppo_torch_stage1_mixed/checkpoints/agent_50010.pt,8ac5a032a78bb88a568b9cfe2e15e95b0aad6f6d428a9ff04ee77fb9b2073364,150d107225160ac498040fa20d4ccf9e26ec2703,True,fixed_per_environment_quotas_v2,nominal,29,52,True,True,6.09,,7,False,False,39.72166442871094,6.09,0.40802818536758423,0.1558702439069748,1.0821198225021362
/home/donglei/isaac_projects/isaac_drone_racer/.worktrees/stage1-fake-vio/logs/skrl/drone_racer/2026-09-02_20-09-09_ppo_torch_stage1_mixed/checkpoints/agent_50010.pt,8ac5a032a78bb88a568b9cfe2e15e95b0aad6f6d428a9ff04ee77fb9b2073364,150d107225160ac498040fa20d4ccf9e26ec2703,True,fixed_per_environment_quotas_v2,nominal,29,53,True,True,6.04,,7,False,False,39.793025970458984,6.04,0.42828169465065,0.1591092199087143,1.1225509643554688
/home/donglei/isaac_projects/isaac_drone_racer/.worktrees/stage1-fake-vio/logs/skrl/drone_racer/2026-09-02_20-09-09_ppo_torch_stage1_mixed/checkpoints/agent_50010.pt,8ac5a032a78bb88a568b9cfe2e15e95b0aad6f6d428a9ff04ee77fb9b2073364,150d107225160ac498040fa20d4ccf9e26ec2703,True,fixed_per_environment_quotas_v2,nominal,29,54,True,True,6.25,,7,False,False,39.78877639770508,6.25,0.5087586641311646,0.18142126500606537,1.3080273866653442
/home/donglei/isaac_projects/isaac_drone_racer/.worktrees/stage1-fake-vio/logs/skrl/drone_racer/2026-09-02_20-09-09_ppo_torch_stage1_mixed/checkpoints/agent_50010.pt,8ac5a032a78bb88a568b9cfe2e15e95b0aad6f6d428a9ff04ee77fb9b2073364,150d107225160ac498040fa20d4ccf9e26ec2703,True,fixed_per_environment_quotas_v2,nominal,29,55,True,True,5.99,,7,False,False,39.624176025390625,5.99,0.31041640043258667,0.1073237955570221,0.8184205293655396
/home/donglei/isaac_projects/isaac_drone_racer/.worktrees/stage1-fake-vio/logs/skrl/drone_racer/2026-09-02_20-09-09_ppo_torch_stage1_mixed/checkpoints/agent_50010.pt,8ac5a032a78bb88a568b9cfe2e15e95b0aad6f6d428a9ff04ee77fb9b2073364,150d107225160ac498040fa20d4ccf9e26ec2703,True,fixed_per_environment_quotas_v2,nominal,29,56,True,True,5.96,,7,False,False,39.88817596435547,5.96,0.33688879013061523,0.10208307206630707,0.8444842100143433
/home/donglei/isaac_projects/isaac_drone_racer/.worktrees/stage1-fake-vio/logs/skrl/drone_racer/2026-09-02_20-09-09_ppo_torch_stage1_mixed/checkpoints/agent_50010.pt,8ac5a032a78bb88a568b9cfe2e15e95b0aad6f6d428a9ff04ee77fb9b2073364,150d107225160ac498040fa20d4ccf9e26ec2703,True,fixed_per_environment_quotas_v2,nominal,29,57,True,True,6.1000000000000005,,7,False,False,39.6452751159668,6.1000000000000005,0.5259672403335571,0.189530611038208,1.3766355514526367
/home/donglei/isaac_projects/isaac_drone_racer/.worktrees/stage1-fake-vio/logs/skrl/drone_racer/2026-09-02_20-09-09_ppo_torch_stage1_mixed/checkpoints/agent_50010.pt,8ac5a032a78bb88a568b9cfe2e15e95b0aad6f6d428a9ff04ee77fb9b2073364,150d107225160ac498040fa20d4ccf9e26ec2703,True,fixed_per_environment_quotas_v2,nominal,29,58,True,True,5.95,,7,False,False,39.597412109375,5.95,0.33393654227256775,0.11517461389303207,0.8433051109313965
/home/donglei/isaac_projects/isaac_drone_racer/.worktrees/stage1-fake-vio/logs/skrl/drone_racer/2026-09-02_20-09-09_ppo_torch_stage1_mixed/checkpoints/agent_50010.pt,8ac5a032a78bb88a568b9cfe2e15e95b0aad6f6d428a9ff04ee77fb9b2073364,150d107225160ac498040fa20d4ccf9e26ec2703,True,fixed_per_environment_quotas_v2,nominal,29,59,True,True,5.98,,7,False,False,39.51951599121094,5.98,0.41479137539863586,0.15120358765125275,1.1359766721725464
/home/donglei/isaac_projects/isaac_drone_racer/.worktrees/stage1-fake-vio/logs/skrl/drone_racer/2026-09-02_20-09-09_ppo_torch_stage1_mixed/checkpoints/agent_50010.pt,8ac5a032a78bb88a568b9cfe2e15e95b0aad6f6d428a9ff04ee77fb9b2073364,150d107225160ac498040fa20d4ccf9e26ec2703,True,fixed_per_environment_quotas_v2,nominal,29,60,True,True,5.97,,7,False,False,39.70943832397461,5.97,0.31086868047714233,0.11406242847442627,0.7899594902992249
/home/donglei/isaac_projects/isaac_drone_racer/.worktrees/stage1-fake-vio/logs/skrl/drone_racer/2026-09-02_20-09-09_ppo_torch_stage1_mixed/checkpoints/agent_50010.pt,8ac5a032a78bb88a568b9cfe2e15e95b0aad6f6d428a9ff04ee77fb9b2073364,150d107225160ac498040fa20d4ccf9e26ec2703,True,fixed_per_environment_quotas_v2,nominal,29,61,True,True,6.03,,7,False,False,39.6652717590332,6.03,0.2137824445962906,0.0788070410490036,0.6346312761306763
/home/donglei/isaac_projects/isaac_drone_racer/.worktrees/stage1-fake-vio/logs/skrl/drone_racer/2026-09-02_20-09-09_ppo_torch_stage1_mixed/checkpoints/agent_50010.pt,8ac5a032a78bb88a568b9cfe2e15e95b0aad6f6d428a9ff04ee77fb9b2073364,150d107225160ac498040fa20d4ccf9e26ec2703,True,fixed_per_environment_quotas_v2,nominal,29,62,True,True,5.9,,7,False,False,39.63005828857422,5.9,0.2114512175321579,0.07342825829982758,0.5495108962059021
/home/donglei/isaac_projects/isaac_drone_racer/.worktrees/stage1-fake-vio/logs/skrl/drone_racer/2026-09-02_20-09-09_ppo_torch_stage1_mixed/checkpoints/agent_50010.pt,8ac5a032a78bb88a568b9cfe2e15e95b0aad6f6d428a9ff04ee77fb9b2073364,150d107225160ac498040fa20d4ccf9e26ec2703,True,fixed_per_environment_quotas_v2,nominal,29,63,True,True,6.07,,7,False,False,39.512123107910156,6.07,0.31431177258491516,0.12257347255945206,0.8402209877967834
/home/donglei/isaac_projects/isaac_drone_racer/.worktrees/stage1-fake-vio/logs/skrl/drone_racer/2026-09-02_20-09-09_ppo_torch_stage1_mixed/checkpoints/agent_50010.pt,8ac5a032a78bb88a568b9cfe2e15e95b0aad6f6d428a9ff04ee77fb9b2073364,150d107225160ac498040fa20d4ccf9e26ec2703,True,fixed_per_environment_quotas_v2,nominal,29,64,True,True,5.95,,7,False,False,39.56542205810547,5.95,0.5299731492996216,0.18925164639949799,1.410841703414917
/home/donglei/isaac_projects/isaac_drone_racer/.worktrees/stage1-fake-vio/logs/skrl/drone_racer/2026-09-02_20-09-09_ppo_torch_stage1_mixed/checkpoints/agent_50010.pt,8ac5a032a78bb88a568b9cfe2e15e95b0aad6f6d428a9ff04ee77fb9b2073364,150d107225160ac498040fa20d4ccf9e26ec2703,True,fixed_per_environment_quotas_v2,nominal,29,65,True,True,6.09,,7,False,False,39.62392044067383,6.09,0.4230900704860687,0.1501712054014206,1.084700584411621
/home/donglei/isaac_projects/isaac_drone_racer/.worktrees/stage1-fake-vio/logs/skrl/drone_racer/2026-09-02_20-09-09_ppo_torch_stage1_mixed/checkpoints/agent_50010.pt,8ac5a032a78bb88a568b9cfe2e15e95b0aad6f6d428a9ff04ee77fb9b2073364,150d107225160ac498040fa20d4ccf9e26ec2703,True,fixed_per_environment_quotas_v2,nominal,29,66,True,True,5.98,,7,False,False,39.38274383544922,5.98,0.5377714037895203,0.18538105487823486,1.4226760864257812
/home/donglei/isaac_projects/isaac_drone_racer/.worktrees/stage1-fake-vio/logs/skrl/drone_racer/2026-09-02_20-09-09_ppo_torch_stage1_mixed/checkpoints/agent_50010.pt,8ac5a032a78bb88a568b9cfe2e15e95b0aad6f6d428a9ff04ee77fb9b2073364,150d107225160ac498040fa20d4ccf9e26ec2703,True,fixed_per_environment_quotas_v2,nominal,29,67,True,True,5.91,,7,False,False,39.61431121826172,5.91,0.26081958413124084,0.09359278529882431,0.5775505304336548
/home/donglei/isaac_projects/isaac_drone_racer/.worktrees/stage1-fake-vio/logs/skrl/drone_racer/2026-09-02_20-09-09_ppo_torch_stage1_mixed/checkpoints/agent_50010.pt,8ac5a032a78bb88a568b9cfe2e15e95b0aad6f6d428a9ff04ee77fb9b2073364,150d107225160ac498040fa20d4ccf9e26ec2703,True,fixed_per_environment_quotas_v2,nominal,29,68,True,True,6.13,,7,False,False,39.77223587036133,6.13,0.21324288845062256,0.06618700921535492,0.5336089730262756
/home/donglei/isaac_projects/isaac_drone_racer/.worktrees/stage1-fake-vio/logs/skrl/drone_racer/2026-09-02_20-09-09_ppo_torch_stage1_mixed/checkpoints/agent_50010.pt,8ac5a032a78bb88a568b9cfe2e15e95b0aad6f6d428a9ff04ee77fb9b2073364,150d107225160ac498040fa20d4ccf9e26ec2703,True,fixed_per_environment_quotas_v2,nominal,29,69,True,True,5.98,,7,False,False,39.94441223144531,5.98,0.44708821177482605,0.15018923580646515,1.1784789562225342
/home/donglei/isaac_projects/isaac_drone_racer/.worktrees/stage1-fake-vio/logs/skrl/drone_racer/2026-09-02_20-09-09_ppo_torch_stage1_mixed/checkpoints/agent_50010.pt,8ac5a032a78bb88a568b9cfe2e15e95b0aad6f6d428a9ff04ee77fb9b2073364,150d107225160ac498040fa20d4ccf9e26ec2703,True,fixed_per_environment_quotas_v2,nominal,29,70,True,True,5.99,,7,False,False,39.557926177978516,5.99,0.19807615876197815,0.06905695050954819,0.52605801820755
/home/donglei/isaac_projects/isaac_drone_racer/.worktrees/stage1-fake-vio/logs/skrl/drone_racer/2026-09-02_20-09-09_ppo_torch_stage1_mixed/checkpoints/agent_50010.pt,8ac5a032a78bb88a568b9cfe2e15e95b0aad6f6d428a9ff04ee77fb9b2073364,150d107225160ac498040fa20d4ccf9e26ec2703,True,fixed_per_environment_quotas_v2,nominal,29,71,True,True,6.05,,7,False,False,39.85608673095703,6.05,0.5595517158508301,0.18760469555854797,1.4332166910171509
/home/donglei/isaac_projects/isaac_drone_racer/.worktrees/stage1-fake-vio/logs/skrl/drone_racer/2026-09-02_20-09-09_ppo_torch_stage1_mixed/checkpoints/agent_50010.pt,8ac5a032a78bb88a568b9cfe2e15e95b0aad6f6d428a9ff04ee77fb9b2073364,150d107225160ac498040fa20d4ccf9e26ec2703,True,fixed_per_environment_quotas_v2,nominal,29,72,True,True,6.01,,7,False,False,39.83580017089844,6.01,0.31756922602653503,0.10509143769741058,0.8100467920303345
/home/donglei/isaac_projects/isaac_drone_racer/.worktrees/stage1-fake-vio/logs/skrl/drone_racer/2026-09-02_20-09-09_ppo_torch_stage1_mixed/checkpoints/agent_50010.pt,8ac5a032a78bb88a568b9cfe2e15e95b0aad6f6d428a9ff04ee77fb9b2073364,150d107225160ac498040fa20d4ccf9e26ec2703,True,fixed_per_environment_quotas_v2,nominal,29,73,True,True,6.26,,7,False,False,39.87694549560547,6.26,0.5317078828811646,0.182001993060112,1.3597872257232666
/home/donglei/isaac_projects/isaac_drone_racer/.worktrees/stage1-fake-vio/logs/skrl/drone_racer/2026-09-02_20-09-09_ppo_torch_stage1_mixed/checkpoints/agent_50010.pt,8ac5a032a78bb88a568b9cfe2e15e95b0aad6f6d428a9ff04ee77fb9b2073364,150d107225160ac498040fa20d4ccf9e26ec2703,True,fixed_per_environment_quotas_v2,nominal,29,74,False,False,,2,1,True,False,0.5839858055114746,1.1400000000000001,0.16777744889259338,0.08351156115531921,1.0228686332702637
/home/donglei/isaac_projects/isaac_drone_racer/.worktrees/stage1-fake-vio/logs/skrl/drone_racer/2026-09-02_20-09-09_ppo_torch_stage1_mixed/checkpoints/agent_50010.pt,8ac5a032a78bb88a568b9cfe2e15e95b0aad6f6d428a9ff04ee77fb9b2073364,150d107225160ac498040fa20d4ccf9e26ec2703,True,fixed_per_environment_quotas_v2,nominal,29,75,True,True,6.0200000000000005,,7,False,False,39.59516525268555,6.0200000000000005,0.5652298927307129,0.19120246171951294,1.4788709878921509
/home/donglei/isaac_projects/isaac_drone_racer/.worktrees/stage1-fake-vio/logs/skrl/drone_racer/2026-09-02_20-09-09_ppo_torch_stage1_mixed/checkpoints/agent_50010.pt,8ac5a032a78bb88a568b9cfe2e15e95b0aad6f6d428a9ff04ee77fb9b2073364,150d107225160ac498040fa20d4ccf9e26ec2703,True,fixed_per_environment_quotas_v2,nominal,29,76,True,True,6.13,,7,False,False,39.8021354675293,6.13,0.44339272379875183,0.15856711566448212,1.0585778951644897
/home/donglei/isaac_projects/isaac_drone_racer/.worktrees/stage1-fake-vio/logs/skrl/drone_racer/2026-09-02_20-09-09_ppo_torch_stage1_mixed/checkpoints/agent_50010.pt,8ac5a032a78bb88a568b9cfe2e15e95b0aad6f6d428a9ff04ee77fb9b2073364,150d107225160ac498040fa20d4ccf9e26ec2703,True,fixed_per_environment_quotas_v2,nominal,29,77,True,True,6.0,,7,False,False,39.34001922607422,6.0,0.31871989369392395,0.09886723011732101,0.8275781273841858
/home/donglei/isaac_projects/isaac_drone_racer/.worktrees/stage1-fake-vio/logs/skrl/drone_racer/2026-09-02_20-09-09_ppo_torch_stage1_mixed/checkpoints/agent_50010.pt,8ac5a032a78bb88a568b9cfe2e15e95b0aad6f6d428a9ff04ee77fb9b2073364,150d107225160ac498040fa20d4ccf9e26ec2703,True,fixed_per_environment_quotas_v2,nominal,29,78,True,True,6.3500000000000005,,7,False,False,39.834346771240234,6.3500000000000005,0.307098388671875,0.10721082240343094,0.7962040305137634
/home/donglei/isaac_projects/isaac_drone_racer/.worktrees/stage1-fake-vio/logs/skrl/drone_racer/2026-09-02_20-09-09_ppo_torch_stage1_mixed/checkpoints/agent_50010.pt,8ac5a032a78bb88a568b9cfe2e15e95b0aad6f6d428a9ff04ee77fb9b2073364,150d107225160ac498040fa20d4ccf9e26ec2703,True,fixed_per_environment_quotas_v2,nominal,29,79,True,True,5.84,,7,False,False,39.48940658569336,5.84,0.2910749912261963,0.07941975444555283,0.552578330039978
/home/donglei/isaac_projects/isaac_drone_racer/.worktrees/stage1-fake-vio/logs/skrl/drone_racer/2026-09-02_20-09-09_ppo_torch_stage1_mixed/checkpoints/agent_50010.pt,8ac5a032a78bb88a568b9cfe2e15e95b0aad6f6d428a9ff04ee77fb9b2073364,150d107225160ac498040fa20d4ccf9e26ec2703,True,fixed_per_environment_quotas_v2,nominal,29,80,False,False,,2,1,True,False,0.6422510147094727,1.21,0.1363183706998825,0.09154345095157623,0.8470213413238525
/home/donglei/isaac_projects/isaac_drone_racer/.worktrees/stage1-fake-vio/logs/skrl/drone_racer/2026-09-02_20-09-09_ppo_torch_stage1_mixed/checkpoints/agent_50010.pt,8ac5a032a78bb88a568b9cfe2e15e95b0aad6f6d428a9ff04ee77fb9b2073364,150d107225160ac498040fa20d4ccf9e26ec2703,True,fixed_per_environment_quotas_v2,nominal,29,81,False,False,,6,0,True,False,-3.1520323753356934,1.25,0.16959844529628754,0.09048611670732498,0.8764629364013672
/home/donglei/isaac_projects/isaac_drone_racer/.worktrees/stage1-fake-vio/logs/skrl/drone_racer/2026-09-02_20-09-09_ppo_torch_stage1_mixed/checkpoints/agent_50010.pt,8ac5a032a78bb88a568b9cfe2e15e95b0aad6f6d428a9ff04ee77fb9b2073364,150d107225160ac498040fa20d4ccf9e26ec2703,True,fixed_per_environment_quotas_v2,nominal,29,82,True,True,6.0200000000000005,,7,False,False,39.57408905029297,6.0200000000000005,0.2187521904706955,0.0779985561966896,0.6115315556526184
/home/donglei/isaac_projects/isaac_drone_racer/.worktrees/stage1-fake-vio/logs/skrl/drone_racer/2026-09-02_20-09-09_ppo_torch_stage1_mixed/checkpoints/agent_50010.pt,8ac5a032a78bb88a568b9cfe2e15e95b0aad6f6d428a9ff04ee77fb9b2073364,150d107225160ac498040fa20d4ccf9e26ec2703,True,fixed_per_environment_quotas_v2,nominal,29,83,True,True,5.8,,7,False,False,39.518157958984375,5.8,0.5418246984481812,0.1830533742904663,1.4447307586669922
/home/donglei/isaac_projects/isaac_drone_racer/.worktrees/stage1-fake-vio/logs/skrl/drone_racer/2026-09-02_20-09-09_ppo_torch_stage1_mixed/checkpoints/agent_50010.pt,8ac5a032a78bb88a568b9cfe2e15e95b0aad6f6d428a9ff04ee77fb9b2073364,150d107225160ac498040fa20d4ccf9e26ec2703,True,fixed_per_environment_quotas_v2,nominal,29,84,True,True,6.1000000000000005,,7,False,False,39.71233367919922,6.1000000000000005,0.303935170173645,0.09913603961467743,0.8098899126052856
/home/donglei/isaac_projects/isaac_drone_racer/.worktrees/stage1-fake-vio/logs/skrl/drone_racer/2026-09-02_20-09-09_ppo_torch_stage1_mixed/checkpoints/agent_50010.pt,8ac5a032a78bb88a568b9cfe2e15e95b0aad6f6d428a9ff04ee77fb9b2073364,150d107225160ac498040fa20d4ccf9e26ec2703,True,fixed_per_environment_quotas_v2,nominal,29,85,True,True,6.0200000000000005,,7,False,False,39.68498611450195,6.0200000000000005,0.32700347900390625,0.10960432142019272,0.8234183192253113
/home/donglei/isaac_projects/isaac_drone_racer/.worktrees/stage1-fake-vio/logs/skrl/drone_racer/2026-09-02_20-09-09_ppo_torch_stage1_mixed/checkpoints/agent_50010.pt,8ac5a032a78bb88a568b9cfe2e15e95b0aad6f6d428a9ff04ee77fb9b2073364,150d107225160ac498040fa20d4ccf9e26ec2703,True,fixed_per_environment_quotas_v2,nominal,29,86,True,True,6.16,,7,False,False,39.66856002807617,6.16,0.21151313185691833,0.07839126139879227,0.5663514137268066
/home/donglei/isaac_projects/isaac_drone_racer/.worktrees/stage1-fake-vio/logs/skrl/drone_racer/2026-09-02_20-09-09_ppo_torch_stage1_mixed/checkpoints/agent_50010.pt,8ac5a032a78bb88a568b9cfe2e15e95b0aad6f6d428a9ff04ee77fb9b2073364,150d107225160ac498040fa20d4ccf9e26ec2703,True,fixed_per_environment_quotas_v2,nominal,29,87,True,True,6.01,,7,False,False,39.62126541137695,6.01,0.5459497570991516,0.20510157942771912,1.4464349746704102
/home/donglei/isaac_projects/isaac_drone_racer/.worktrees/stage1-fake-vio/logs/skrl/drone_racer/2026-09-02_20-09-09_ppo_torch_stage1_mixed/checkpoints/agent_50010.pt,8ac5a032a78bb88a568b9cfe2e15e95b0aad6f6d428a9ff04ee77fb9b2073364,150d107225160ac498040fa20d4ccf9e26ec2703,True,fixed_per_environment_quotas_v2,nominal,29,88,True,True,6.13,,7,False,False,39.63682174682617,6.13,0.5326038002967834,0.1946830302476883,1.4067938327789307
/home/donglei/isaac_projects/isaac_drone_racer/.worktrees/stage1-fake-vio/logs/skrl/drone_racer/2026-09-02_20-09-09_ppo_torch_stage1_mixed/checkpoints/agent_50010.pt,8ac5a032a78bb88a568b9cfe2e15e95b0aad6f6d428a9ff04ee77fb9b2073364,150d107225160ac498040fa20d4ccf9e26ec2703,True,fixed_per_environment_quotas_v2,nominal,29,89,True,True,5.99,,7,False,False,39.809295654296875,5.99,0.5685446262359619,0.1934339553117752,1.4266759157180786
/home/donglei/isaac_projects/isaac_drone_racer/.worktrees/stage1-fake-vio/logs/skrl/drone_racer/2026-09-02_20-09-09_ppo_torch_stage1_mixed/checkpoints/agent_50010.pt,8ac5a032a78bb88a568b9cfe2e15e95b0aad6f6d428a9ff04ee77fb9b2073364,150d107225160ac498040fa20d4ccf9e26ec2703,True,fixed_per_environment_quotas_v2,nominal,29,90,True,True,5.95,,7,False,False,39.66797637939453,5.95,0.31736284494400024,0.10073794424533844,0.8354766964912415
/home/donglei/isaac_projects/isaac_drone_racer/.worktrees/stage1-fake-vio/logs/skrl/drone_racer/2026-09-02_20-09-09_ppo_torch_stage1_mixed/checkpoints/agent_50010.pt,8ac5a032a78bb88a568b9cfe2e15e95b0aad6f6d428a9ff04ee77fb9b2073364,150d107225160ac498040fa20d4ccf9e26ec2703,True,fixed_per_environment_quotas_v2,nominal,29,91,False,False,,3,5,True,False,23.957351684570312,5.0200000000000005,0.5222187042236328,0.178705096244812,1.3913426399230957
/home/donglei/isaac_projects/isaac_drone_racer/.worktrees/stage1-fake-vio/logs/skrl/drone_racer/2026-09-02_20-09-09_ppo_torch_stage1_mixed/checkpoints/agent_50010.pt,8ac5a032a78bb88a568b9cfe2e15e95b0aad6f6d428a9ff04ee77fb9b2073364,150d107225160ac498040fa20d4ccf9e26ec2703,True,fixed_per_environment_quotas_v2,nominal,29,92,True,True,6.24,,7,False,False,39.76388168334961,6.24,0.3151831328868866,0.10841090232133865,0.7931786179542542
/home/donglei/isaac_projects/isaac_drone_racer/.worktrees/stage1-fake-vio/logs/skrl/drone_racer/2026-09-02_20-09-09_ppo_torch_stage1_mixed/checkpoints/agent_50010.pt,8ac5a032a78bb88a568b9cfe2e15e95b0aad6f6d428a9ff04ee77fb9b2073364,150d107225160ac498040fa20d4ccf9e26ec2703,True,fixed_per_environment_quotas_v2,nominal,29,93,True,True,6.0200000000000005,,7,False,False,39.44971466064453,6.0200000000000005,0.2058773785829544,0.07037493586540222,0.561906099319458
/home/donglei/isaac_projects/isaac_drone_racer/.worktrees/stage1-fake-vio/logs/skrl/drone_racer/2026-09-02_20-09-09_ppo_torch_stage1_mixed/checkpoints/agent_50010.pt,8ac5a032a78bb88a568b9cfe2e15e95b0aad6f6d428a9ff04ee77fb9b2073364,150d107225160ac498040fa20d4ccf9e26ec2703,True,fixed_per_environment_quotas_v2,nominal,29,94,True,True,5.98,,7,False,False,39.63737869262695,5.98,0.43264341354370117,0.1425212323665619,1.1156116724014282
/home/donglei/isaac_projects/isaac_drone_racer/.worktrees/stage1-fake-vio/logs/skrl/drone_racer/2026-09-02_20-09-09_ppo_torch_stage1_mixed/checkpoints/agent_50010.pt,8ac5a032a78bb88a568b9cfe2e15e95b0aad6f6d428a9ff04ee77fb9b2073364,150d107225160ac498040fa20d4ccf9e26ec2703,True,fixed_per_environment_quotas_v2,nominal,29,95,True,True,6.2,,7,False,False,39.56745910644531,6.2,0.5315707921981812,0.2268824726343155,1.5300111770629883
/home/donglei/isaac_projects/isaac_drone_racer/.worktrees/stage1-fake-vio/logs/skrl/drone_racer/2026-09-02_20-09-09_ppo_torch_stage1_mixed/checkpoints/agent_50010.pt,8ac5a032a78bb88a568b9cfe2e15e95b0aad6f6d428a9ff04ee77fb9b2073364,150d107225160ac498040fa20d4ccf9e26ec2703,True,fixed_per_environment_quotas_v2,nominal,29,96,True,True,6.29,,7,False,False,39.327598571777344,6.29,0.3163892924785614,0.10748027265071869,0.8034206032752991
/home/donglei/isaac_projects/isaac_drone_racer/.worktrees/stage1-fake-vio/logs/skrl/drone_racer/2026-09-02_20-09-09_ppo_torch_stage1_mixed/checkpoints/agent_50010.pt,8ac5a032a78bb88a568b9cfe2e15e95b0aad6f6d428a9ff04ee77fb9b2073364,150d107225160ac498040fa20d4ccf9e26ec2703,True,fixed_per_environment_quotas_v2,nominal,29,97,True,True,6.01,,7,False,False,39.81761932373047,6.01,0.44410648941993713,0.14785660803318024,1.161367416381836
/home/donglei/isaac_projects/isaac_drone_racer/.worktrees/stage1-fake-vio/logs/skrl/drone_racer/2026-09-02_20-09-09_ppo_torch_stage1_mixed/checkpoints/agent_50010.pt,8ac5a032a78bb88a568b9cfe2e15e95b0aad6f6d428a9ff04ee77fb9b2073364,150d107225160ac498040fa20d4ccf9e26ec2703,True,fixed_per_environment_quotas_v2,nominal,29,98,True,True,5.95,,7,False,False,39.630977630615234,5.95,0.5515533685684204,0.19859793782234192,1.4012914896011353
/home/donglei/isaac_projects/isaac_drone_racer/.worktrees/stage1-fake-vio/logs/skrl/drone_racer/2026-09-02_20-09-09_ppo_torch_stage1_mixed/checkpoints/agent_50010.pt,8ac5a032a78bb88a568b9cfe2e15e95b0aad6f6d428a9ff04ee77fb9b2073364,150d107225160ac498040fa20d4ccf9e26ec2703,True,fixed_per_environment_quotas_v2,nominal,29,99,True,True,6.01,,7,False,False,39.60329055786133,6.01,0.3477608263492584,0.11343448609113693,0.8526184558868408
/home/donglei/isaac_projects/isaac_drone_racer/.worktrees/stage1-fake-vio/logs/skrl/drone_racer/2026-09-02_20-09-09_ppo_torch_stage1_mixed/checkpoints/agent_50010.pt,8ac5a032a78bb88a568b9cfe2e15e95b0aad6f6d428a9ff04ee77fb9b2073364,150d107225160ac498040fa20d4ccf9e26ec2703,True,fixed_per_environment_quotas_v2,nominal,29,100,True,True,6.19,,7,False,False,39.85966110229492,6.19,0.5203214287757874,0.18767119944095612,1.3399372100830078
/home/donglei/isaac_projects/isaac_drone_racer/.worktrees/stage1-fake-vio/logs/skrl/drone_racer/2026-09-02_20-09-09_ppo_torch_stage1_mixed/checkpoints/agent_50010.pt,8ac5a032a78bb88a568b9cfe2e15e95b0aad6f6d428a9ff04ee77fb9b2073364,150d107225160ac498040fa20d4ccf9e26ec2703,True,fixed_per_environment_quotas_v2,nominal,29,101,True,True,6.2700000000000005,,7,False,False,39.578121185302734,6.2700000000000005,0.31926366686820984,0.11443965137004852,0.8972841501235962
/home/donglei/isaac_projects/isaac_drone_racer/.worktrees/stage1-fake-vio/logs/skrl/drone_racer/2026-09-02_20-09-09_ppo_torch_stage1_mixed/checkpoints/agent_50010.pt,8ac5a032a78bb88a568b9cfe2e15e95b0aad6f6d428a9ff04ee77fb9b2073364,150d107225160ac498040fa20d4ccf9e26ec2703,True,fixed_per_environment_quotas_v2,nominal,29,102,True,True,6.03,,7,False,False,39.88484573364258,6.03,0.548793613910675,0.18711577355861664,1.4028680324554443
/home/donglei/isaac_projects/isaac_drone_racer/.worktrees/stage1-fake-vio/logs/skrl/drone_racer/2026-09-02_20-09-09_ppo_torch_stage1_mixed/checkpoints/agent_50010.pt,8ac5a032a78bb88a568b9cfe2e15e95b0aad6f6d428a9ff04ee77fb9b2073364,150d107225160ac498040fa20d4ccf9e26ec2703,True,fixed_per_environment_quotas_v2,nominal,29,103,True,True,5.86,,7,False,False,39.718502044677734,5.86,0.31680992245674133,0.10195234417915344,0.8299702405929565
/home/donglei/isaac_projects/isaac_drone_racer/.worktrees/stage1-fake-vio/logs/skrl/drone_racer/2026-09-02_20-09-09_ppo_torch_stage1_mixed/checkpoints/agent_50010.pt,8ac5a032a78bb88a568b9cfe2e15e95b0aad6f6d428a9ff04ee77fb9b2073364,150d107225160ac498040fa20d4ccf9e26ec2703,True,fixed_per_environment_quotas_v2,nominal,29,104,True,True,6.01,,7,False,False,39.69415283203125,6.01,0.32199639081954956,0.10862194001674652,0.8047285079956055
/home/donglei/isaac_projects/isaac_drone_racer/.worktrees/stage1-fake-vio/logs/skrl/drone_racer/2026-09-02_20-09-09_ppo_torch_stage1_mixed/checkpoints/agent_50010.pt,8ac5a032a78bb88a568b9cfe2e15e95b0aad6f6d428a9ff04ee77fb9b2073364,150d107225160ac498040fa20d4ccf9e26ec2703,True,fixed_per_environment_quotas_v2,nominal,29,105,True,True,6.0200000000000005,,7,False,False,39.72224044799805,6.0200000000000005,0.4458232522010803,0.15500813722610474,1.1604021787643433
/home/donglei/isaac_projects/isaac_drone_racer/.worktrees/stage1-fake-vio/logs/skrl/drone_racer/2026-09-02_20-09-09_ppo_torch_stage1_mixed/checkpoints/agent_50010.pt,8ac5a032a78bb88a568b9cfe2e15e95b0aad6f6d428a9ff04ee77fb9b2073364,150d107225160ac498040fa20d4ccf9e26ec2703,True,fixed_per_environment_quotas_v2,nominal,29,106,True,True,5.93,,7,False,False,39.749794006347656,5.93,0.3142794668674469,0.10926785320043564,0.8147961497306824
/home/donglei/isaac_projects/isaac_drone_racer/.worktrees/stage1-fake-vio/logs/skrl/drone_racer/2026-09-02_20-09-09_ppo_torch_stage1_mixed/checkpoints/agent_50010.pt,8ac5a032a78bb88a568b9cfe2e15e95b0aad6f6d428a9ff04ee77fb9b2073364,150d107225160ac498040fa20d4ccf9e26ec2703,True,fixed_per_environment_quotas_v2,nominal,29,107,True,True,6.08,,7,False,False,39.75479507446289,6.08,0.5490720868110657,0.2024783492088318,1.4303709268569946
/home/donglei/isaac_projects/isaac_drone_racer/.worktrees/stage1-fake-vio/logs/skrl/drone_racer/2026-09-02_20-09-09_ppo_torch_stage1_mixed/checkpoints/agent_50010.pt,8ac5a032a78bb88a568b9cfe2e15e95b0aad6f6d428a9ff04ee77fb9b2073364,150d107225160ac498040fa20d4ccf9e26ec2703,True,fixed_per_environment_quotas_v2,nominal,29,108,True,True,5.99,,7,False,False,39.58562088012695,5.99,0.4292259216308594,0.15872113406658173,1.1473217010498047
/home/donglei/isaac_projects/isaac_drone_racer/.worktrees/stage1-fake-vio/logs/skrl/drone_racer/2026-09-02_20-09-09_ppo_torch_stage1_mixed/checkpoints/agent_50010.pt,8ac5a032a78bb88a568b9cfe2e15e95b0aad6f6d428a9ff04ee77fb9b2073364,150d107225160ac498040fa20d4ccf9e26ec2703,True,fixed_per_environment_quotas_v2,nominal,29,109,True,True,6.03,,7,False,False,39.9499397277832,6.03,0.4555562138557434,0.1502615511417389,1.1619096994400024
/home/donglei/isaac_projects/isaac_drone_racer/.worktrees/stage1-fake-vio/logs/skrl/drone_racer/2026-09-02_20-09-09_ppo_torch_stage1_mixed/checkpoints/agent_50010.pt,8ac5a032a78bb88a568b9cfe2e15e95b0aad6f6d428a9ff04ee77fb9b2073364,150d107225160ac498040fa20d4ccf9e26ec2703,True,fixed_per_environment_quotas_v2,nominal,29,110,True,True,5.83,,7,False,False,39.52566146850586,5.83,0.33363059163093567,0.11196128278970718,0.8616095781326294
/home/donglei/isaac_projects/isaac_drone_racer/.worktrees/stage1-fake-vio/logs/skrl/drone_racer/2026-09-02_20-09-09_ppo_torch_stage1_mixed/checkpoints/agent_50010.pt,8ac5a032a78bb88a568b9cfe2e15e95b0aad6f6d428a9ff04ee77fb9b2073364,150d107225160ac498040fa20d4ccf9e26ec2703,True,fixed_per_environment_quotas_v2,nominal,29,111,True,True,6.01,,7,False,False,39.659263610839844,6.01,0.21254955232143402,0.06929943710565567,0.5566718578338623
/home/donglei/isaac_projects/isaac_drone_racer/.worktrees/stage1-fake-vio/logs/skrl/drone_racer/2026-09-02_20-09-09_ppo_torch_stage1_mixed/checkpoints/agent_50010.pt,8ac5a032a78bb88a568b9cfe2e15e95b0aad6f6d428a9ff04ee77fb9b2073364,150d107225160ac498040fa20d4ccf9e26ec2703,True,fixed_per_environment_quotas_v2,nominal,29,112,True,True,5.8500000000000005,,7,False,False,39.54929733276367,5.8500000000000005,0.20633316040039062,0.07198268920183182,0.5076538920402527
/home/donglei/isaac_projects/isaac_drone_racer/.worktrees/stage1-fake-vio/logs/skrl/drone_racer/2026-09-02_20-09-09_ppo_torch_stage1_mixed/checkpoints/agent_50010.pt,8ac5a032a78bb88a568b9cfe2e15e95b0aad6f6d428a9ff04ee77fb9b2073364,150d107225160ac498040fa20d4ccf9e26ec2703,True,fixed_per_environment_quotas_v2,nominal,29,113,True,True,6.0,,7,False,False,39.7520637512207,6.0,0.31470194458961487,0.10919247567653656,0.7879630923271179
/home/donglei/isaac_projects/isaac_drone_racer/.worktrees/stage1-fake-vio/logs/skrl/drone_racer/2026-09-02_20-09-09_ppo_torch_stage1_mixed/checkpoints/agent_50010.pt,8ac5a032a78bb88a568b9cfe2e15e95b0aad6f6d428a9ff04ee77fb9b2073364,150d107225160ac498040fa20d4ccf9e26ec2703,True,fixed_per_environment_quotas_v2,nominal,29,114,True,True,6.41,,7,False,False,39.87995147705078,6.41,0.41545212268829346,0.15228943526744843,1.0916742086410522
/home/donglei/isaac_projects/isaac_drone_racer/.worktrees/stage1-fake-vio/logs/skrl/drone_racer/2026-09-02_20-09-09_ppo_torch_stage1_mixed/checkpoints/agent_50010.pt,8ac5a032a78bb88a568b9cfe2e15e95b0aad6f6d428a9ff04ee77fb9b2073364,150d107225160ac498040fa20d4ccf9e26ec2703,True,fixed_per_environment_quotas_v2,nominal,29,115,True,True,5.92,,7,False,False,39.57250213623047,5.92,0.4410606324672699,0.15617308020591736,1.1956878900527954
/home/donglei/isaac_projects/isaac_drone_racer/.worktrees/stage1-fake-vio/logs/skrl/drone_racer/2026-09-02_20-09-09_ppo_torch_stage1_mixed/checkpoints/agent_50010.pt,8ac5a032a78bb88a568b9cfe2e15e95b0aad6f6d428a9ff04ee77fb9b2073364,150d107225160ac498040fa20d4ccf9e26ec2703,True,fixed_per_environment_quotas_v2,nominal,29,116,True,True,6.34,,7,False,False,39.64265441894531,6.34,0.30203473567962646,0.11312458664178848,0.7941359877586365
/home/donglei/isaac_projects/isaac_drone_racer/.worktrees/stage1-fake-vio/logs/skrl/drone_racer/2026-09-02_20-09-09_ppo_torch_stage1_mixed/checkpoints/agent_50010.pt,8ac5a032a78bb88a568b9cfe2e15e95b0aad6f6d428a9ff04ee77fb9b2073364,150d107225160ac498040fa20d4ccf9e26ec2703,True,fixed_per_environment_quotas_v2,nominal,29,117,True,True,6.0,,7,False,False,39.61809539794922,6.0,0.3298197388648987,0.11874234676361084,0.8523463606834412
/home/donglei/isaac_projects/isaac_drone_racer/.worktrees/stage1-fake-vio/logs/skrl/drone_racer/2026-09-02_20-09-09_ppo_torch_stage1_mixed/checkpoints/agent_50010.pt,8ac5a032a78bb88a568b9cfe2e15e95b0aad6f6d428a9ff04ee77fb9b2073364,150d107225160ac498040fa20d4ccf9e26ec2703,True,fixed_per_environment_quotas_v2,nominal,29,118,True,True,6.1000000000000005,,7,False,False,39.817317962646484,6.1000000000000005,0.42185264825820923,0.15817056596279144,1.1173160076141357
/home/donglei/isaac_projects/isaac_drone_racer/.worktrees/stage1-fake-vio/logs/skrl/drone_racer/2026-09-02_20-09-09_ppo_torch_stage1_mixed/checkpoints/agent_50010.pt,8ac5a032a78bb88a568b9cfe2e15e95b0aad6f6d428a9ff04ee77fb9b2073364,150d107225160ac498040fa20d4ccf9e26ec2703,True,fixed_per_environment_quotas_v2,nominal,29,119,True,True,6.29,,7,False,False,39.64329528808594,6.29,0.524599015712738,0.2087848037481308,1.401563286781311
/home/donglei/isaac_projects/isaac_drone_racer/.worktrees/stage1-fake-vio/logs/skrl/drone_racer/2026-09-02_20-09-09_ppo_torch_stage1_mixed/checkpoints/agent_50010.pt,8ac5a032a78bb88a568b9cfe2e15e95b0aad6f6d428a9ff04ee77fb9b2073364,150d107225160ac498040fa20d4ccf9e26ec2703,True,fixed_per_environment_quotas_v2,nominal,29,120,True,True,6.12,,7,False,False,39.87207794189453,6.12,0.4276711046695709,0.1689128875732422,1.1320464611053467
/home/donglei/isaac_projects/isaac_drone_racer/.worktrees/stage1-fake-vio/logs/skrl/drone_racer/2026-09-02_20-09-09_ppo_torch_stage1_mixed/checkpoints/agent_50010.pt,8ac5a032a78bb88a568b9cfe2e15e95b0aad6f6d428a9ff04ee77fb9b2073364,150d107225160ac498040fa20d4ccf9e26ec2703,True,fixed_per_environment_quotas_v2,nominal,29,121,True,True,6.21,,7,False,False,39.66447830200195,6.21,0.18660973012447357,0.07256779074668884,0.5014343857765198
/home/donglei/isaac_projects/isaac_drone_racer/.worktrees/stage1-fake-vio/logs/skrl/drone_racer/2026-09-02_20-09-09_ppo_torch_stage1_mixed/checkpoints/agent_50010.pt,8ac5a032a78bb88a568b9cfe2e15e95b0aad6f6d428a9ff04ee77fb9b2073364,150d107225160ac498040fa20d4ccf9e26ec2703,True,fixed_per_environment_quotas_v2,nominal,29,122,True,True,6.03,,7,False,False,39.79706573486328,6.03,0.43729984760284424,0.16501489281654358,1.1261273622512817
/home/donglei/isaac_projects/isaac_drone_racer/.worktrees/stage1-fake-vio/logs/skrl/drone_racer/2026-09-02_20-09-09_ppo_torch_stage1_mixed/checkpoints/agent_50010.pt,8ac5a032a78bb88a568b9cfe2e15e95b0aad6f6d428a9ff04ee77fb9b2073364,150d107225160ac498040fa20d4ccf9e26ec2703,True,fixed_per_environment_quotas_v2,nominal,29,123,True,True,6.0200000000000005,,7,False,False,39.67133712768555,6.0200000000000005,0.3198526203632355,0.10859090834856033,0.8499687910079956
/home/donglei/isaac_projects/isaac_drone_racer/.worktrees/stage1-fake-vio/logs/skrl/drone_racer/2026-09-02_20-09-09_ppo_torch_stage1_mixed/checkpoints/agent_50010.pt,8ac5a032a78bb88a568b9cfe2e15e95b0aad6f6d428a9ff04ee77fb9b2073364,150d107225160ac498040fa20d4ccf9e26ec2703,True,fixed_per_environment_quotas_v2,nominal,29,124,True,True,5.91,,7,False,False,39.56963348388672,5.91,0.20323306322097778,0.07097876816987991,0.5489090085029602
/home/donglei/isaac_projects/isaac_drone_racer/.worktrees/stage1-fake-vio/logs/skrl/drone_racer/2026-09-02_20-09-09_ppo_torch_stage1_mixed/checkpoints/agent_50010.pt,8ac5a032a78bb88a568b9cfe2e15e95b0aad6f6d428a9ff04ee77fb9b2073364,150d107225160ac498040fa20d4ccf9e26ec2703,True,fixed_per_environment_quotas_v2,nominal,29,125,True,True,6.0,,7,False,False,39.77314376831055,6.0,0.4385184645652771,0.1491428017616272,1.0813250541687012
/home/donglei/isaac_projects/isaac_drone_racer/.worktrees/stage1-fake-vio/logs/skrl/drone_racer/2026-09-02_20-09-09_ppo_torch_stage1_mixed/checkpoints/agent_50010.pt,8ac5a032a78bb88a568b9cfe2e15e95b0aad6f6d428a9ff04ee77fb9b2073364,150d107225160ac498040fa20d4ccf9e26ec2703,True,fixed_per_environment_quotas_v2,nominal,29,126,True,True,6.04,,7,False,False,39.61014175415039,6.04,0.5566690564155579,0.18964143097400665,1.4719910621643066
/home/donglei/isaac_projects/isaac_drone_racer/.worktrees/stage1-fake-vio/logs/skrl/drone_racer/2026-09-02_20-09-09_ppo_torch_stage1_mixed/checkpoints/agent_50010.pt,8ac5a032a78bb88a568b9cfe2e15e95b0aad6f6d428a9ff04ee77fb9b2073364,150d107225160ac498040fa20d4ccf9e26ec2703,True,fixed_per_environment_quotas_v2,nominal,29,127,True,True,5.97,,7,False,False,39.37030029296875,5.97,0.1889621466398239,0.07099545747041702,0.5177906155586243
/home/donglei/isaac_projects/isaac_drone_racer/.worktrees/stage1-fake-vio/logs/skrl/drone_racer/2026-09-02_20-09-09_ppo_torch_stage1_mixed/checkpoints/agent_50010.pt,8ac5a032a78bb88a568b9cfe2e15e95b0aad6f6d428a9ff04ee77fb9b2073364,150d107225160ac498040fa20d4ccf9e26ec2703,True,fixed_per_environment_quotas_v2,nominal,47,0,False,False,,6,0,True,False,-4.989412784576416,0.02,0.11466154456138611,0.1204179972410202,3.0548086166381836
/home/donglei/isaac_projects/isaac_drone_racer/.worktrees/stage1-fake-vio/logs/skrl/drone_racer/2026-09-02_20-09-09_ppo_torch_stage1_mixed/checkpoints/agent_50010.pt,8ac5a032a78bb88a568b9cfe2e15e95b0aad6f6d428a9ff04ee77fb9b2073364,150d107225160ac498040fa20d4ccf9e26ec2703,True,fixed_per_environment_quotas_v2,nominal,47,1,False,False,,2,0,False,False,0.5526497960090637,0.17,0.6132147908210754,0.1477450728416443,0.6148890256881714
/home/donglei/isaac_projects/isaac_drone_racer/.worktrees/stage1-fake-vio/logs/skrl/drone_racer/2026-09-02_20-09-09_ppo_torch_stage1_mixed/checkpoints/agent_50010.pt,8ac5a032a78bb88a568b9cfe2e15e95b0aad6f6d428a9ff04ee77fb9b2073364,150d107225160ac498040fa20d4ccf9e26ec2703,True,fixed_per_environment_quotas_v2,nominal,47,2,False,False,,3,0,True,False,-4.858607292175293,0.26,0.07746021449565887,0.09607161581516266,0.44862794876098633
/home/donglei/isaac_projects/isaac_drone_racer/.worktrees/stage1-fake-vio/logs/skrl/drone_racer/2026-09-02_20-09-09_ppo_torch_stage1_mixed/checkpoints/agent_50010.pt,8ac5a032a78bb88a568b9cfe2e15e95b0aad6f6d428a9ff04ee77fb9b2073364,150d107225160ac498040fa20d4ccf9e26ec2703,True,fixed_per_environment_quotas_v2,nominal,47,3,False,False,,7,1,False,False,4.276425361633301,0.3,0.17457492649555206,0.05195750668644905,0.6082133054733276
/home/donglei/isaac_projects/isaac_drone_racer/.worktrees/stage1-fake-vio/logs/skrl/drone_racer/2026-09-02_20-09-09_ppo_torch_stage1_mixed/checkpoints/agent_50010.pt,8ac5a032a78bb88a568b9cfe2e15e95b0aad6f6d428a9ff04ee77fb9b2073364,150d107225160ac498040fa20d4ccf9e26ec2703,True,fixed_per_environment_quotas_v2,nominal,47,4,False,False,,1,1,False,False,5.104120254516602,0.71,0.15436653792858124,0.04769907891750336,0.49652186036109924
/home/donglei/isaac_projects/isaac_drone_racer/.worktrees/stage1-fake-vio/logs/skrl/drone_racer/2026-09-02_20-09-09_ppo_torch_stage1_mixed/checkpoints/agent_50010.pt,8ac5a032a78bb88a568b9cfe2e15e95b0aad6f6d428a9ff04ee77fb9b2073364,150d107225160ac498040fa20d4ccf9e26ec2703,True,fixed_per_environment_quotas_v2,nominal,47,5,False,False,,5,1,False,False,6.240044116973877,1.1,0.5369575619697571,0.23156780004501343,1.4332751035690308
/home/donglei/isaac_projects/isaac_drone_racer/.worktrees/stage1-fake-vio/logs/skrl/drone_racer/2026-09-02_20-09-09_ppo_torch_stage1_mixed/checkpoints/agent_50010.pt,8ac5a032a78bb88a568b9cfe2e15e95b0aad6f6d428a9ff04ee77fb9b2073364,150d107225160ac498040fa20d4ccf9e26ec2703,True,fixed_per_environment_quotas_v2,nominal,47,6,False,False,,3,0,True,False,-3.2545166015625,1.2,0.4336906671524048,0.3202899694442749,1.9930531978607178
/home/donglei/isaac_projects/isaac_drone_racer/.worktrees/stage1-fake-vio/logs/skrl/drone_racer/2026-09-02_20-09-09_ppo_torch_stage1_mixed/checkpoints/agent_50010.pt,8ac5a032a78bb88a568b9cfe2e15e95b0aad6f6d428a9ff04ee77fb9b2073364,150d107225160ac498040fa20d4ccf9e26ec2703,True,fixed_per_environment_quotas_v2,nominal,47,7,False,False,,3,1,False,False,6.499600410461426,1.21,0.42476919293403625,0.12775038182735443,1.0423965454101562
/home/donglei/isaac_projects/isaac_drone_racer/.worktrees/stage1-fake-vio/logs/skrl/drone_racer/2026-09-02_20-09-09_ppo_torch_stage1_mixed/checkpoints/agent_50010.pt,8ac5a032a78bb88a568b9cfe2e15e95b0aad6f6d428a9ff04ee77fb9b2073364,150d107225160ac498040fa20d4ccf9e26ec2703,True,fixed_per_environment_quotas_v2,nominal,47,8,False,False,,5,1,False,False,6.363989353179932,1.25,0.5969601273536682,0.24058926105499268,1.501400351524353
/home/donglei/isaac_projects/isaac_drone_racer/.worktrees/stage1-fake-vio/logs/skrl/drone_racer/2026-09-02_20-09-09_ppo_torch_stage1_mixed/checkpoints/agent_50010.pt,8ac5a032a78bb88a568b9cfe2e15e95b0aad6f6d428a9ff04ee77fb9b2073364,150d107225160ac498040fa20d4ccf9e26ec2703,True,fixed_per_environment_quotas_v2,nominal,47,9,False,False,,1,2,False,False,10.93825912475586,1.54,0.2010273039340973,0.058833200484514236,0.5775648951530457
/home/donglei/isaac_projects/isaac_drone_racer/.worktrees/stage1-fake-vio/logs/skrl/drone_racer/2026-09-02_20-09-09_ppo_torch_stage1_mixed/checkpoints/agent_50010.pt,8ac5a032a78bb88a568b9cfe2e15e95b0aad6f6d428a9ff04ee77fb9b2073364,150d107225160ac498040fa20d4ccf9e26ec2703,True,fixed_per_environment_quotas_v2,nominal,47,10,False,False,,4,2,False,False,11.540437698364258,1.61,0.3386319875717163,0.09752999246120453,0.709461510181427
/home/donglei/isaac_projects/isaac_drone_racer/.worktrees/stage1-fake-vio/logs/skrl/drone_racer/2026-09-02_20-09-09_ppo_torch_stage1_mixed/checkpoints/agent_50010.pt,8ac5a032a78bb88a568b9cfe2e15e95b0aad6f6d428a9ff04ee77fb9b2073364,150d107225160ac498040fa20d4ccf9e26ec2703,True,fixed_per_environment_quotas_v2,nominal,47,11,False,False,,3,2,False,False,11.495131492614746,1.76,0.3149351477622986,0.10228649526834488,0.8696095943450928
/home/donglei/isaac_projects/isaac_drone_racer/.worktrees/stage1-fake-vio/logs/skrl/drone_racer/2026-09-02_20-09-09_ppo_torch_stage1_mixed/checkpoints/agent_50010.pt,8ac5a032a78bb88a568b9cfe2e15e95b0aad6f6d428a9ff04ee77fb9b2073364,150d107225160ac498040fa20d4ccf9e26ec2703,True,fixed_per_environment_quotas_v2,nominal,47,12,False,False,,1,3,False,False,15.592199325561523,1.82,0.1982867568731308,0.05689547583460808,0.5304107069969177
/home/donglei/isaac_projects/isaac_drone_racer/.worktrees/stage1-fake-vio/logs/skrl/drone_racer/2026-09-02_20-09-09_ppo_torch_stage1_mixed/checkpoints/agent_50010.pt,8ac5a032a78bb88a568b9cfe2e15e95b0aad6f6d428a9ff04ee77fb9b2073364,150d107225160ac498040fa20d4ccf9e26ec2703,True,fixed_per_environment_quotas_v2,nominal,47,13,False,False,,6,3,False,False,16.808950424194336,2.09,0.6427361369132996,0.2090330868959427,1.4971143007278442
/home/donglei/isaac_projects/isaac_drone_racer/.worktrees/stage1-fake-vio/logs/skrl/drone_racer/2026-09-02_20-09-09_ppo_torch_stage1_mixed/checkpoints/agent_50010.pt,8ac5a032a78bb88a568b9cfe2e15e95b0aad6f6d428a9ff04ee77fb9b2073364,150d107225160ac498040fa20d4ccf9e26ec2703,True,fixed_per_environment_quotas_v2,nominal,47,14,False,False,,6,3,False,False,17.87586212158203,2.7,0.6273282766342163,0.22351978719234467,1.4410520792007446
/home/donglei/isaac_projects/isaac_drone_racer/.worktrees/stage1-fake-vio/logs/skrl/drone_racer/2026-09-02_20-09-09_ppo_torch_stage1_mixed/checkpoints/agent_50010.pt,8ac5a032a78bb88a568b9cfe2e15e95b0aad6f6d428a9ff04ee77fb9b2073364,150d107225160ac498040fa20d4ccf9e26ec2703,True,fixed_per_environment_quotas_v2,nominal,47,15,False,False,,4,4,False,False,21.75853157043457,2.93,0.19781972467899323,0.0641128420829773,0.5420818328857422
/home/donglei/isaac_projects/isaac_drone_racer/.worktrees/stage1-fake-vio/logs/skrl/drone_racer/2026-09-02_20-09-09_ppo_torch_stage1_mixed/checkpoints/agent_50010.pt,8ac5a032a78bb88a568b9cfe2e15e95b0aad6f6d428a9ff04ee77fb9b2073364,150d107225160ac498040fa20d4ccf9e26ec2703,True,fixed_per_environment_quotas_v2,nominal,47,16,False,False,,3,4,False,False,23.100116729736328,3.69,0.29753634333610535,0.09585364907979965,0.7732701301574707
/home/donglei/isaac_projects/isaac_drone_racer/.worktrees/stage1-fake-vio/logs/skrl/drone_racer/2026-09-02_20-09-09_ppo_torch_stage1_mixed/checkpoints/agent_50010.pt,8ac5a032a78bb88a568b9cfe2e15e95b0aad6f6d428a9ff04ee77fb9b2073364,150d107225160ac498040fa20d4ccf9e26ec2703,True,fixed_per_environment_quotas_v2,nominal,47,17,False,False,,4,3,False,True,5.454923152923584,3.92,0.5696852803230286,1.1732031106948853,1.071898102760315
/home/donglei/isaac_projects/isaac_drone_racer/.worktrees/stage1-fake-vio/logs/skrl/drone_racer/2026-09-02_20-09-09_ppo_torch_stage1_mixed/checkpoints/agent_50010.pt,8ac5a032a78bb88a568b9cfe2e15e95b0aad6f6d428a9ff04ee77fb9b2073364,150d107225160ac498040fa20d4ccf9e26ec2703,True,fixed_per_environment_quotas_v2,nominal,47,18,False,False,,2,1,True,False,0.5978059768676758,1.28,0.14968107640743256,0.08929874747991562,0.7806953191757202
/home/donglei/isaac_projects/isaac_drone_racer/.worktrees/stage1-fake-vio/logs/skrl/drone_racer/2026-09-02_20-09-09_ppo_torch_stage1_mixed/checkpoints/agent_50010.pt,8ac5a032a78bb88a568b9cfe2e15e95b0aad6f6d428a9ff04ee77fb9b2073364,150d107225160ac498040fa20d4ccf9e26ec2703,True,fixed_per_environment_quotas_v2,nominal,47,19,False,False,,1,6,False,False,33.00422668457031,4.5,0.3374100923538208,0.10876776278018951,0.8329505324363708
/home/donglei/isaac_projects/isaac_drone_racer/.worktrees/stage1-fake-vio/logs/skrl/drone_racer/2026-09-02_20-09-09_ppo_torch_stage1_mixed/checkpoints/agent_50010.pt,8ac5a032a78bb88a568b9cfe2e15e95b0aad6f6d428a9ff04ee77fb9b2073364,150d107225160ac498040fa20d4ccf9e26ec2703,True,fixed_per_environment_quotas_v2,nominal,47,20,False,False,,2,6,False,False,33.744327545166016,5.0200000000000005,0.7027788758277893,0.2585974931716919,1.9963899850845337
/home/donglei/isaac_projects/isaac_drone_racer/.worktrees/stage1-fake-vio/logs/skrl/drone_racer/2026-09-02_20-09-09_ppo_torch_stage1_mixed/checkpoints/agent_50010.pt,8ac5a032a78bb88a568b9cfe2e15e95b0aad6f6d428a9ff04ee77fb9b2073364,150d107225160ac498040fa20d4ccf9e26ec2703,True,fixed_per_environment_quotas_v2,nominal,47,21,False,False,,3,6,True,False,30.593656539916992,5.82,0.425673246383667,0.14287441968917847,1.1482266187667847
/home/donglei/isaac_projects/isaac_drone_racer/.worktrees/stage1-fake-vio/logs/skrl/drone_racer/2026-09-02_20-09-09_ppo_torch_stage1_mixed/checkpoints/agent_50010.pt,8ac5a032a78bb88a568b9cfe2e15e95b0aad6f6d428a9ff04ee77fb9b2073364,150d107225160ac498040fa20d4ccf9e26ec2703,True,fixed_per_environment_quotas_v2,nominal,47,22,True,True,5.55,,7,False,False,39.535255432128906,5.55,0.32911819219589233,0.11303550004959106,0.8257407546043396
/home/donglei/isaac_projects/isaac_drone_racer/.worktrees/stage1-fake-vio/logs/skrl/drone_racer/2026-09-02_20-09-09_ppo_torch_stage1_mixed/checkpoints/agent_50010.pt,8ac5a032a78bb88a568b9cfe2e15e95b0aad6f6d428a9ff04ee77fb9b2073364,150d107225160ac498040fa20d4ccf9e26ec2703,True,fixed_per_environment_quotas_v2,nominal,47,23,True,True,5.78,,7,False,False,39.5933837890625,5.78,0.31341487169265747,0.10823001712560654,0.8125562071800232
/home/donglei/isaac_projects/isaac_drone_racer/.worktrees/stage1-fake-vio/logs/skrl/drone_racer/2026-09-02_20-09-09_ppo_torch_stage1_mixed/checkpoints/agent_50010.pt,8ac5a032a78bb88a568b9cfe2e15e95b0aad6f6d428a9ff04ee77fb9b2073364,150d107225160ac498040fa20d4ccf9e26ec2703,True,fixed_per_environment_quotas_v2,nominal,47,24,True,True,5.24,,7,False,False,38.2104606628418,5.24,0.4171595871448517,0.15899012982845306,1.1347461938858032
/home/donglei/isaac_projects/isaac_drone_racer/.worktrees/stage1-fake-vio/logs/skrl/drone_racer/2026-09-02_20-09-09_ppo_torch_stage1_mixed/checkpoints/agent_50010.pt,8ac5a032a78bb88a568b9cfe2e15e95b0aad6f6d428a9ff04ee77fb9b2073364,150d107225160ac498040fa20d4ccf9e26ec2703,True,fixed_per_environment_quotas_v2,nominal,47,25,True,True,5.8100000000000005,,7,False,False,39.484344482421875,5.8100000000000005,0.5661536455154419,0.18547426164150238,1.5509111881256104
/home/donglei/isaac_projects/isaac_drone_racer/.worktrees/stage1-fake-vio/logs/skrl/drone_racer/2026-09-02_20-09-09_ppo_torch_stage1_mixed/checkpoints/agent_50010.pt,8ac5a032a78bb88a568b9cfe2e15e95b0aad6f6d428a9ff04ee77fb9b2073364,150d107225160ac498040fa20d4ccf9e26ec2703,True,fixed_per_environment_quotas_v2,nominal,47,26,True,True,5.71,,7,False,False,39.588623046875,5.71,0.20542150735855103,0.06941597908735275,0.5179860591888428
/home/donglei/isaac_projects/isaac_drone_racer/.worktrees/stage1-fake-vio/logs/skrl/drone_racer/2026-09-02_20-09-09_ppo_torch_stage1_mixed/checkpoints/agent_50010.pt,8ac5a032a78bb88a568b9cfe2e15e95b0aad6f6d428a9ff04ee77fb9b2073364,150d107225160ac498040fa20d4ccf9e26ec2703,True,fixed_per_environment_quotas_v2,nominal,47,27,True,True,5.08,,7,False,False,37.864898681640625,5.08,0.44147810339927673,0.14633877575397491,1.1778582334518433
/home/donglei/isaac_projects/isaac_drone_racer/.worktrees/stage1-fake-vio/logs/skrl/drone_racer/2026-09-02_20-09-09_ppo_torch_stage1_mixed/checkpoints/agent_50010.pt,8ac5a032a78bb88a568b9cfe2e15e95b0aad6f6d428a9ff04ee77fb9b2073364,150d107225160ac498040fa20d4ccf9e26ec2703,True,fixed_per_environment_quotas_v2,nominal,47,28,True,True,5.28,,7,False,False,38.88685607910156,5.28,0.2179063856601715,0.07065672427415848,0.5516666769981384
/home/donglei/isaac_projects/isaac_drone_racer/.worktrees/stage1-fake-vio/logs/skrl/drone_racer/2026-09-02_20-09-09_ppo_torch_stage1_mixed/checkpoints/agent_50010.pt,8ac5a032a78bb88a568b9cfe2e15e95b0aad6f6d428a9ff04ee77fb9b2073364,150d107225160ac498040fa20d4ccf9e26ec2703,True,fixed_per_environment_quotas_v2,nominal,47,29,True,True,4.86,,7,False,False,37.508121490478516,4.86,0.3118979036808014,0.1073688492178917,0.8334264159202576
/home/donglei/isaac_projects/isaac_drone_racer/.worktrees/stage1-fake-vio/logs/skrl/drone_racer/2026-09-02_20-09-09_ppo_torch_stage1_mixed/checkpoints/agent_50010.pt,8ac5a032a78bb88a568b9cfe2e15e95b0aad6f6d428a9ff04ee77fb9b2073364,150d107225160ac498040fa20d4ccf9e26ec2703,True,fixed_per_environment_quotas_v2,nominal,47,30,False,False,,2,1,True,False,1.8503227233886719,2.12,0.1943134367465973,0.15653769671916962,1.6860747337341309
/home/donglei/isaac_projects/isaac_drone_racer/.worktrees/stage1-fake-vio/logs/skrl/drone_racer/2026-09-02_20-09-09_ppo_torch_stage1_mixed/checkpoints/agent_50010.pt,8ac5a032a78bb88a568b9cfe2e15e95b0aad6f6d428a9ff04ee77fb9b2073364,150d107225160ac498040fa20d4ccf9e26ec2703,True,fixed_per_environment_quotas_v2,nominal,47,31,True,True,5.41,,7,False,False,38.9764404296875,5.41,0.5504231452941895,0.18491406738758087,1.4142365455627441
/home/donglei/isaac_projects/isaac_drone_racer/.worktrees/stage1-fake-vio/logs/skrl/drone_racer/2026-09-02_20-09-09_ppo_torch_stage1_mixed/checkpoints/agent_50010.pt,8ac5a032a78bb88a568b9cfe2e15e95b0aad6f6d428a9ff04ee77fb9b2073364,150d107225160ac498040fa20d4ccf9e26ec2703,True,fixed_per_environment_quotas_v2,nominal,47,32,True,True,6.05,,7,False,False,39.9008903503418,6.05,0.5503259897232056,0.18810950219631195,1.4191988706588745
/home/donglei/isaac_projects/isaac_drone_racer/.worktrees/stage1-fake-vio/logs/skrl/drone_racer/2026-09-02_20-09-09_ppo_torch_stage1_mixed/checkpoints/agent_50010.pt,8ac5a032a78bb88a568b9cfe2e15e95b0aad6f6d428a9ff04ee77fb9b2073364,150d107225160ac498040fa20d4ccf9e26ec2703,True,fixed_per_environment_quotas_v2,nominal,47,33,True,True,5.09,,7,False,False,37.76432418823242,5.09,0.34003859758377075,0.09971673041582108,0.8859114646911621
/home/donglei/isaac_projects/isaac_drone_racer/.worktrees/stage1-fake-vio/logs/skrl/drone_racer/2026-09-02_20-09-09_ppo_torch_stage1_mixed/checkpoints/agent_50010.pt,8ac5a032a78bb88a568b9cfe2e15e95b0aad6f6d428a9ff04ee77fb9b2073364,150d107225160ac498040fa20d4ccf9e26ec2703,True,fixed_per_environment_quotas_v2,nominal,47,34,True,True,5.53,,7,False,False,38.85057067871094,5.53,0.21733185648918152,0.06816526502370834,0.5505808591842651
/home/donglei/isaac_projects/isaac_drone_racer/.worktrees/stage1-fake-vio/logs/skrl/drone_racer/2026-09-02_20-09-09_ppo_torch_stage1_mixed/checkpoints/agent_50010.pt,8ac5a032a78bb88a568b9cfe2e15e95b0aad6f6d428a9ff04ee77fb9b2073364,150d107225160ac498040fa20d4ccf9e26ec2703,True,fixed_per_environment_quotas_v2,nominal,47,35,True,True,5.59,,7,False,False,39.240936279296875,5.59,0.21047161519527435,0.06976790726184845,0.5261019468307495
/home/donglei/isaac_projects/isaac_drone_racer/.worktrees/stage1-fake-vio/logs/skrl/drone_racer/2026-09-02_20-09-09_ppo_torch_stage1_mixed/checkpoints/agent_50010.pt,8ac5a032a78bb88a568b9cfe2e15e95b0aad6f6d428a9ff04ee77fb9b2073364,150d107225160ac498040fa20d4ccf9e26ec2703,True,fixed_per_environment_quotas_v2,nominal,47,36,True,True,6.140000000000001,,7,False,False,39.55389404296875,6.140000000000001,0.5261046290397644,0.1933296024799347,1.4106976985931396
/home/donglei/isaac_projects/isaac_drone_racer/.worktrees/stage1-fake-vio/logs/skrl/drone_racer/2026-09-02_20-09-09_ppo_torch_stage1_mixed/checkpoints/agent_50010.pt,8ac5a032a78bb88a568b9cfe2e15e95b0aad6f6d428a9ff04ee77fb9b2073364,150d107225160ac498040fa20d4ccf9e26ec2703,True,fixed_per_environment_quotas_v2,nominal,47,37,True,True,5.49,,7,False,False,39.082244873046875,5.49,0.21404454112052917,0.06847763061523438,0.5500404238700867
/home/donglei/isaac_projects/isaac_drone_racer/.worktrees/stage1-fake-vio/logs/skrl/drone_racer/2026-09-02_20-09-09_ppo_torch_stage1_mixed/checkpoints/agent_50010.pt,8ac5a032a78bb88a568b9cfe2e15e95b0aad6f6d428a9ff04ee77fb9b2073364,150d107225160ac498040fa20d4ccf9e26ec2703,True,fixed_per_environment_quotas_v2,nominal,47,38,True,True,5.46,,7,False,False,39.00624084472656,5.46,0.21901988983154297,0.06777554750442505,0.5580440163612366
/home/donglei/isaac_projects/isaac_drone_racer/.worktrees/stage1-fake-vio/logs/skrl/drone_racer/2026-09-02_20-09-09_ppo_torch_stage1_mixed/checkpoints/agent_50010.pt,8ac5a032a78bb88a568b9cfe2e15e95b0aad6f6d428a9ff04ee77fb9b2073364,150d107225160ac498040fa20d4ccf9e26ec2703,True,fixed_per_environment_quotas_v2,nominal,47,39,True,True,5.54,,7,False,False,39.679508209228516,5.54,0.2088129222393036,0.07006073743104935,0.5454136729240417
/home/donglei/isaac_projects/isaac_drone_racer/.worktrees/stage1-fake-vio/logs/skrl/drone_racer/2026-09-02_20-09-09_ppo_torch_stage1_mixed/checkpoints/agent_50010.pt,8ac5a032a78bb88a568b9cfe2e15e95b0aad6f6d428a9ff04ee77fb9b2073364,150d107225160ac498040fa20d4ccf9e26ec2703,True,fixed_per_environment_quotas_v2,nominal,47,40,True,True,5.6000000000000005,,7,False,False,39.22247314453125,5.6000000000000005,0.4455154240131378,0.15374350547790527,1.1693733930587769
/home/donglei/isaac_projects/isaac_drone_racer/.worktrees/stage1-fake-vio/logs/skrl/drone_racer/2026-09-02_20-09-09_ppo_torch_stage1_mixed/checkpoints/agent_50010.pt,8ac5a032a78bb88a568b9cfe2e15e95b0aad6f6d428a9ff04ee77fb9b2073364,150d107225160ac498040fa20d4ccf9e26ec2703,True,fixed_per_environment_quotas_v2,nominal,47,41,True,True,5.94,,7,False,False,39.74125671386719,5.94,0.5476946830749512,0.18452930450439453,1.398979663848877
/home/donglei/isaac_projects/isaac_drone_racer/.worktrees/stage1-fake-vio/logs/skrl/drone_racer/2026-09-02_20-09-09_ppo_torch_stage1_mixed/checkpoints/agent_50010.pt,8ac5a032a78bb88a568b9cfe2e15e95b0aad6f6d428a9ff04ee77fb9b2073364,150d107225160ac498040fa20d4ccf9e26ec2703,True,fixed_per_environment_quotas_v2,nominal,47,42,True,True,4.96,,7,False,False,37.509971618652344,4.96,0.5410066843032837,0.18279343843460083,1.5176169872283936
/home/donglei/isaac_projects/isaac_drone_racer/.worktrees/stage1-fake-vio/logs/skrl/drone_racer/2026-09-02_20-09-09_ppo_torch_stage1_mixed/checkpoints/agent_50010.pt,8ac5a032a78bb88a568b9cfe2e15e95b0aad6f6d428a9ff04ee77fb9b2073364,150d107225160ac498040fa20d4ccf9e26ec2703,True,fixed_per_environment_quotas_v2,nominal,47,43,True,True,6.140000000000001,,7,False,False,39.847190856933594,6.140000000000001,0.5345844626426697,0.1952064484357834,1.3515456914901733
/home/donglei/isaac_projects/isaac_drone_racer/.worktrees/stage1-fake-vio/logs/skrl/drone_racer/2026-09-02_20-09-09_ppo_torch_stage1_mixed/checkpoints/agent_50010.pt,8ac5a032a78bb88a568b9cfe2e15e95b0aad6f6d428a9ff04ee77fb9b2073364,150d107225160ac498040fa20d4ccf9e26ec2703,True,fixed_per_environment_quotas_v2,nominal,47,44,True,True,4.8500000000000005,,7,False,False,38.022216796875,4.8500000000000005,0.44233471155166626,0.15297363698482513,1.1522166728973389
/home/donglei/isaac_projects/isaac_drone_racer/.worktrees/stage1-fake-vio/logs/skrl/drone_racer/2026-09-02_20-09-09_ppo_torch_stage1_mixed/checkpoints/agent_50010.pt,8ac5a032a78bb88a568b9cfe2e15e95b0aad6f6d428a9ff04ee77fb9b2073364,150d107225160ac498040fa20d4ccf9e26ec2703,True,fixed_per_environment_quotas_v2,nominal,47,45,True,True,5.22,,7,False,False,39.022132873535156,5.22,0.35234594345092773,0.1079903244972229,0.8555840253829956
/home/donglei/isaac_projects/isaac_drone_racer/.worktrees/stage1-fake-vio/logs/skrl/drone_racer/2026-09-02_20-09-09_ppo_torch_stage1_mixed/checkpoints/agent_50010.pt,8ac5a032a78bb88a568b9cfe2e15e95b0aad6f6d428a9ff04ee77fb9b2073364,150d107225160ac498040fa20d4ccf9e26ec2703,True,fixed_per_environment_quotas_v2,nominal,47,46,False,False,,2,1,True,False,2.116607189178467,1.87,0.44711628556251526,0.2267341911792755,1.3456599712371826
/home/donglei/isaac_projects/isaac_drone_racer/.worktrees/stage1-fake-vio/logs/skrl/drone_racer/2026-09-02_20-09-09_ppo_torch_stage1_mixed/checkpoints/agent_50010.pt,8ac5a032a78bb88a568b9cfe2e15e95b0aad6f6d428a9ff04ee77fb9b2073364,150d107225160ac498040fa20d4ccf9e26ec2703,True,fixed_per_environment_quotas_v2,nominal,47,47,True,True,5.51,,7,False,False,39.57169723510742,5.51,0.5837587118148804,0.1862664371728897,1.4786956310272217
/home/donglei/isaac_projects/isaac_drone_racer/.worktrees/stage1-fake-vio/logs/skrl/drone_racer/2026-09-02_20-09-09_ppo_torch_stage1_mixed/checkpoints/agent_50010.pt,8ac5a032a78bb88a568b9cfe2e15e95b0aad6f6d428a9ff04ee77fb9b2073364,150d107225160ac498040fa20d4ccf9e26ec2703,True,fixed_per_environment_quotas_v2,nominal,47,48,True,True,5.47,,7,False,False,39.0880012512207,5.47,0.34614256024360657,0.12257734686136246,0.9343639612197876
/home/donglei/isaac_projects/isaac_drone_racer/.worktrees/stage1-fake-vio/logs/skrl/drone_racer/2026-09-02_20-09-09_ppo_torch_stage1_mixed/checkpoints/agent_50010.pt,8ac5a032a78bb88a568b9cfe2e15e95b0aad6f6d428a9ff04ee77fb9b2073364,150d107225160ac498040fa20d4ccf9e26ec2703,True,fixed_per_environment_quotas_v2,nominal,47,49,True,True,5.59,,7,False,False,39.55527114868164,5.59,0.34328746795654297,0.10404554754495621,0.8716618418693542
/home/donglei/isaac_projects/isaac_drone_racer/.worktrees/stage1-fake-vio/logs/skrl/drone_racer/2026-09-02_20-09-09_ppo_torch_stage1_mixed/checkpoints/agent_50010.pt,8ac5a032a78bb88a568b9cfe2e15e95b0aad6f6d428a9ff04ee77fb9b2073364,150d107225160ac498040fa20d4ccf9e26ec2703,True,fixed_per_environment_quotas_v2,nominal,47,50,True,True,5.23,,7,False,False,39.0325813293457,5.23,0.2675386369228363,0.07508432865142822,0.6483606100082397
/home/donglei/isaac_projects/isaac_drone_racer/.worktrees/stage1-fake-vio/logs/skrl/drone_racer/2026-09-02_20-09-09_ppo_torch_stage1_mixed/checkpoints/agent_50010.pt,8ac5a032a78bb88a568b9cfe2e15e95b0aad6f6d428a9ff04ee77fb9b2073364,150d107225160ac498040fa20d4ccf9e26ec2703,True,fixed_per_environment_quotas_v2,nominal,47,51,True,True,5.68,,7,False,False,39.27194595336914,5.68,0.5440494418144226,0.1855105459690094,1.4001504182815552
/home/donglei/isaac_projects/isaac_drone_racer/.worktrees/stage1-fake-vio/logs/skrl/drone_racer/2026-09-02_20-09-09_ppo_torch_stage1_mixed/checkpoints/agent_50010.pt,8ac5a032a78bb88a568b9cfe2e15e95b0aad6f6d428a9ff04ee77fb9b2073364,150d107225160ac498040fa20d4ccf9e26ec2703,True,fixed_per_environment_quotas_v2,nominal,47,52,True,True,5.03,,7,False,False,37.8426399230957,5.03,0.31292277574539185,0.10968201607465744,0.8701454997062683
/home/donglei/isaac_projects/isaac_drone_racer/.worktrees/stage1-fake-vio/logs/skrl/drone_racer/2026-09-02_20-09-09_ppo_torch_stage1_mixed/checkpoints/agent_50010.pt,8ac5a032a78bb88a568b9cfe2e15e95b0aad6f6d428a9ff04ee77fb9b2073364,150d107225160ac498040fa20d4ccf9e26ec2703,True,fixed_per_environment_quotas_v2,nominal,47,53,True,True,5.0200000000000005,,7,False,False,37.626319885253906,5.0200000000000005,0.42656370997428894,0.1383531093597412,1.1728886365890503
/home/donglei/isaac_projects/isaac_drone_racer/.worktrees/stage1-fake-vio/logs/skrl/drone_racer/2026-09-02_20-09-09_ppo_torch_stage1_mixed/checkpoints/agent_50010.pt,8ac5a032a78bb88a568b9cfe2e15e95b0aad6f6d428a9ff04ee77fb9b2073364,150d107225160ac498040fa20d4ccf9e26ec2703,True,fixed_per_environment_quotas_v2,nominal,47,54,True,True,4.93,,7,False,False,38.40595245361328,4.93,0.2138744443655014,0.07410100102424622,0.5477162003517151
/home/donglei/isaac_projects/isaac_drone_racer/.worktrees/stage1-fake-vio/logs/skrl/drone_racer/2026-09-02_20-09-09_ppo_torch_stage1_mixed/checkpoints/agent_50010.pt,8ac5a032a78bb88a568b9cfe2e15e95b0aad6f6d428a9ff04ee77fb9b2073364,150d107225160ac498040fa20d4ccf9e26ec2703,True,fixed_per_environment_quotas_v2,nominal,47,55,True,True,6.15,,7,False,False,39.8160400390625,6.15,0.4093122184276581,0.1614440679550171,1.0974637269973755
/home/donglei/isaac_projects/isaac_drone_racer/.worktrees/stage1-fake-vio/logs/skrl/drone_racer/2026-09-02_20-09-09_ppo_torch_stage1_mixed/checkpoints/agent_50010.pt,8ac5a032a78bb88a568b9cfe2e15e95b0aad6f6d428a9ff04ee77fb9b2073364,150d107225160ac498040fa20d4ccf9e26ec2703,True,fixed_per_environment_quotas_v2,nominal,47,56,True,True,4.67,,7,False,False,36.89541244506836,4.67,0.4125853478908539,0.1396079659461975,1.196698546409607
/home/donglei/isaac_projects/isaac_drone_racer/.worktrees/stage1-fake-vio/logs/skrl/drone_racer/2026-09-02_20-09-09_ppo_torch_stage1_mixed/checkpoints/agent_50010.pt,8ac5a032a78bb88a568b9cfe2e15e95b0aad6f6d428a9ff04ee77fb9b2073364,150d107225160ac498040fa20d4ccf9e26ec2703,True,fixed_per_environment_quotas_v2,nominal,47,57,False,False,,6,1,True,False,1.4373292922973633,1.85,0.16900478303432465,0.24193690717220306,1.3951568603515625
/home/donglei/isaac_projects/isaac_drone_racer/.worktrees/stage1-fake-vio/logs/skrl/drone_racer/2026-09-02_20-09-09_ppo_torch_stage1_mixed/checkpoints/agent_50010.pt,8ac5a032a78bb88a568b9cfe2e15e95b0aad6f6d428a9ff04ee77fb9b2073364,150d107225160ac498040fa20d4ccf9e26ec2703,True,fixed_per_environment_quotas_v2,nominal,47,58,True,True,5.6000000000000005,,7,False,False,39.710819244384766,5.6000000000000005,0.4619801640510559,0.14009049534797668,1.1663289070129395
/home/donglei/isaac_projects/isaac_drone_racer/.worktrees/stage1-fake-vio/logs/skrl/drone_racer/2026-09-02_20-09-09_ppo_torch_stage1_mixed/checkpoints/agent_50010.pt,8ac5a032a78bb88a568b9cfe2e15e95b0aad6f6d428a9ff04ee77fb9b2073364,150d107225160ac498040fa20d4ccf9e26ec2703,True,fixed_per_environment_quotas_v2,nominal,47,59,True,True,5.15,,7,False,False,38.71495056152344,5.15,0.44666966795921326,0.15305477380752563,1.1492102146148682
/home/donglei/isaac_projects/isaac_drone_racer/.worktrees/stage1-fake-vio/logs/skrl/drone_racer/2026-09-02_20-09-09_ppo_torch_stage1_mixed/checkpoints/agent_50010.pt,8ac5a032a78bb88a568b9cfe2e15e95b0aad6f6d428a9ff04ee77fb9b2073364,150d107225160ac498040fa20d4ccf9e26ec2703,True,fixed_per_environment_quotas_v2,nominal,47,60,False,False,,5,1,False,True,-2.055105686187744,3.23,0.5665125846862793,1.1711963415145874,1.62031888961792
/home/donglei/isaac_projects/isaac_drone_racer/.worktrees/stage1-fake-vio/logs/skrl/drone_racer/2026-09-02_20-09-09_ppo_torch_stage1_mixed/checkpoints/agent_50010.pt,8ac5a032a78bb88a568b9cfe2e15e95b0aad6f6d428a9ff04ee77fb9b2073364,150d107225160ac498040fa20d4ccf9e26ec2703,True,fixed_per_environment_quotas_v2,nominal,47,61,True,True,6.51,,7,False,False,39.5559196472168,6.51,0.1900721937417984,0.07234329730272293,0.48137402534484863
/home/donglei/isaac_projects/isaac_drone_racer/.worktrees/stage1-fake-vio/logs/skrl/drone_racer/2026-09-02_20-09-09_ppo_torch_stage1_mixed/checkpoints/agent_50010.pt,8ac5a032a78bb88a568b9cfe2e15e95b0aad6f6d428a9ff04ee77fb9b2073364,150d107225160ac498040fa20d4ccf9e26ec2703,True,fixed_per_environment_quotas_v2,nominal,47,62,True,True,5.36,,7,False,False,39.51215362548828,5.36,0.5917340517044067,0.19268172979354858,1.5150315761566162
/home/donglei/isaac_projects/isaac_drone_racer/.worktrees/stage1-fake-vio/logs/skrl/drone_racer/2026-09-02_20-09-09_ppo_torch_stage1_mixed/checkpoints/agent_50010.pt,8ac5a032a78bb88a568b9cfe2e15e95b0aad6f6d428a9ff04ee77fb9b2073364,150d107225160ac498040fa20d4ccf9e26ec2703,True,fixed_per_environment_quotas_v2,nominal,47,63,True,True,6.08,,7,False,False,39.612762451171875,6.08,0.20648469030857086,0.07232635468244553,0.5305473804473877
/home/donglei/isaac_projects/isaac_drone_racer/.worktrees/stage1-fake-vio/logs/skrl/drone_racer/2026-09-02_20-09-09_ppo_torch_stage1_mixed/checkpoints/agent_50010.pt,8ac5a032a78bb88a568b9cfe2e15e95b0aad6f6d428a9ff04ee77fb9b2073364,150d107225160ac498040fa20d4ccf9e26ec2703,True,fixed_per_environment_quotas_v2,nominal,47,64,True,True,6.08,,7,False,False,39.57918167114258,6.08,0.20112252235412598,0.06979852169752121,0.5235106348991394
/home/donglei/isaac_projects/isaac_drone_racer/.worktrees/stage1-fake-vio/logs/skrl/drone_racer/2026-09-02_20-09-09_ppo_torch_stage1_mixed/checkpoints/agent_50010.pt,8ac5a032a78bb88a568b9cfe2e15e95b0aad6f6d428a9ff04ee77fb9b2073364,150d107225160ac498040fa20d4ccf9e26ec2703,True,fixed_per_environment_quotas_v2,nominal,47,65,True,True,5.99,,7,False,False,39.659446716308594,5.99,0.4283984303474426,0.1501299887895584,1.1367614269256592
/home/donglei/isaac_projects/isaac_drone_racer/.worktrees/stage1-fake-vio/logs/skrl/drone_racer/2026-09-02_20-09-09_ppo_torch_stage1_mixed/checkpoints/agent_50010.pt,8ac5a032a78bb88a568b9cfe2e15e95b0aad6f6d428a9ff04ee77fb9b2073364,150d107225160ac498040fa20d4ccf9e26ec2703,True,fixed_per_environment_quotas_v2,nominal,47,66,True,True,6.13,,7,False,False,39.62036895751953,6.13,0.4431125819683075,0.14562401175498962,1.1402814388275146
/home/donglei/isaac_projects/isaac_drone_racer/.worktrees/stage1-fake-vio/logs/skrl/drone_racer/2026-09-02_20-09-09_ppo_torch_stage1_mixed/checkpoints/agent_50010.pt,8ac5a032a78bb88a568b9cfe2e15e95b0aad6f6d428a9ff04ee77fb9b2073364,150d107225160ac498040fa20d4ccf9e26ec2703,True,fixed_per_environment_quotas_v2,nominal,47,67,True,True,5.8,,7,False,False,39.622711181640625,5.8,0.4408763349056244,0.15473605692386627,1.1863749027252197
/home/donglei/isaac_projects/isaac_drone_racer/.worktrees/stage1-fake-vio/logs/skrl/drone_racer/2026-09-02_20-09-09_ppo_torch_stage1_mixed/checkpoints/agent_50010.pt,8ac5a032a78bb88a568b9cfe2e15e95b0aad6f6d428a9ff04ee77fb9b2073364,150d107225160ac498040fa20d4ccf9e26ec2703,True,fixed_per_environment_quotas_v2,nominal,47,68,True,True,6.11,,7,False,False,39.7008056640625,6.11,0.30073150992393494,0.10360577702522278,0.7958599925041199
/home/donglei/isaac_projects/isaac_drone_racer/.worktrees/stage1-fake-vio/logs/skrl/drone_racer/2026-09-02_20-09-09_ppo_torch_stage1_mixed/checkpoints/agent_50010.pt,8ac5a032a78bb88a568b9cfe2e15e95b0aad6f6d428a9ff04ee77fb9b2073364,150d107225160ac498040fa20d4ccf9e26ec2703,True,fixed_per_environment_quotas_v2,nominal,47,69,True,True,5.99,,7,False,False,39.444461822509766,5.99,0.20122520625591278,0.06958027184009552,0.5464462041854858
/home/donglei/isaac_projects/isaac_drone_racer/.worktrees/stage1-fake-vio/logs/skrl/drone_racer/2026-09-02_20-09-09_ppo_torch_stage1_mixed/checkpoints/agent_50010.pt,8ac5a032a78bb88a568b9cfe2e15e95b0aad6f6d428a9ff04ee77fb9b2073364,150d107225160ac498040fa20d4ccf9e26ec2703,True,fixed_per_environment_quotas_v2,nominal,47,70,True,True,6.13,,7,False,False,39.94312286376953,6.13,0.4161863625049591,0.1558147370815277,1.0590161085128784
/home/donglei/isaac_projects/isaac_drone_racer/.worktrees/stage1-fake-vio/logs/skrl/drone_racer/2026-09-02_20-09-09_ppo_torch_stage1_mixed/checkpoints/agent_50010.pt,8ac5a032a78bb88a568b9cfe2e15e95b0aad6f6d428a9ff04ee77fb9b2073364,150d107225160ac498040fa20d4ccf9e26ec2703,True,fixed_per_environment_quotas_v2,nominal,47,71,True,True,5.98,,7,False,False,39.9015998840332,5.98,0.5614438652992249,0.1880648136138916,1.429137945175171
/home/donglei/isaac_projects/isaac_drone_racer/.worktrees/stage1-fake-vio/logs/skrl/drone_racer/2026-09-02_20-09-09_ppo_torch_stage1_mixed/checkpoints/agent_50010.pt,8ac5a032a78bb88a568b9cfe2e15e95b0aad6f6d428a9ff04ee77fb9b2073364,150d107225160ac498040fa20d4ccf9e26ec2703,True,fixed_per_environment_quotas_v2,nominal,47,72,True,True,6.0600000000000005,,7,False,False,39.69540023803711,6.0600000000000005,0.3097039759159088,0.10764028877019882,0.81551194190979
/home/donglei/isaac_projects/isaac_drone_racer/.worktrees/stage1-fake-vio/logs/skrl/drone_racer/2026-09-02_20-09-09_ppo_torch_stage1_mixed/checkpoints/agent_50010.pt,8ac5a032a78bb88a568b9cfe2e15e95b0aad6f6d428a9ff04ee77fb9b2073364,150d107225160ac498040fa20d4ccf9e26ec2703,True,fixed_per_environment_quotas_v2,nominal,47,73,True,True,5.95,,7,False,False,39.80256271362305,5.95,0.4436488151550293,0.159946471452713,1.1482560634613037
/home/donglei/isaac_projects/isaac_drone_racer/.worktrees/stage1-fake-vio/logs/skrl/drone_racer/2026-09-02_20-09-09_ppo_torch_stage1_mixed/checkpoints/agent_50010.pt,8ac5a032a78bb88a568b9cfe2e15e95b0aad6f6d428a9ff04ee77fb9b2073364,150d107225160ac498040fa20d4ccf9e26ec2703,True,fixed_per_environment_quotas_v2,nominal,47,74,True,True,6.2700000000000005,,7,False,False,39.54282760620117,6.2700000000000005,0.1923845410346985,0.07322021573781967,0.5352625846862793
/home/donglei/isaac_projects/isaac_drone_racer/.worktrees/stage1-fake-vio/logs/skrl/drone_racer/2026-09-02_20-09-09_ppo_torch_stage1_mixed/checkpoints/agent_50010.pt,8ac5a032a78bb88a568b9cfe2e15e95b0aad6f6d428a9ff04ee77fb9b2073364,150d107225160ac498040fa20d4ccf9e26ec2703,True,fixed_per_environment_quotas_v2,nominal,47,75,True,True,6.0,,7,False,False,39.53741455078125,6.0,0.3186291754245758,0.11066107451915741,0.849982738494873
/home/donglei/isaac_projects/isaac_drone_racer/.worktrees/stage1-fake-vio/logs/skrl/drone_racer/2026-09-02_20-09-09_ppo_torch_stage1_mixed/checkpoints/agent_50010.pt,8ac5a032a78bb88a568b9cfe2e15e95b0aad6f6d428a9ff04ee77fb9b2073364,150d107225160ac498040fa20d4ccf9e26ec2703,True,fixed_per_environment_quotas_v2,nominal,47,76,True,True,6.01,,7,False,False,39.86186981201172,6.01,0.31784459948539734,0.10086970776319504,0.8390448689460754
/home/donglei/isaac_projects/isaac_drone_racer/.worktrees/stage1-fake-vio/logs/skrl/drone_racer/2026-09-02_20-09-09_ppo_torch_stage1_mixed/checkpoints/agent_50010.pt,8ac5a032a78bb88a568b9cfe2e15e95b0aad6f6d428a9ff04ee77fb9b2073364,150d107225160ac498040fa20d4ccf9e26ec2703,True,fixed_per_environment_quotas_v2,nominal,47,77,True,True,6.09,,7,False,False,39.65595245361328,6.09,0.31883975863456726,0.11366041004657745,0.8045797348022461
/home/donglei/isaac_projects/isaac_drone_racer/.worktrees/stage1-fake-vio/logs/skrl/drone_racer/2026-09-02_20-09-09_ppo_torch_stage1_mixed/checkpoints/agent_50010.pt,8ac5a032a78bb88a568b9cfe2e15e95b0aad6f6d428a9ff04ee77fb9b2073364,150d107225160ac498040fa20d4ccf9e26ec2703,True,fixed_per_environment_quotas_v2,nominal,47,78,False,False,,4,5,True,False,23.855756759643555,5.26,0.4885495603084564,0.26540952920913696,1.8367253541946411
/home/donglei/isaac_projects/isaac_drone_racer/.worktrees/stage1-fake-vio/logs/skrl/drone_racer/2026-09-02_20-09-09_ppo_torch_stage1_mixed/checkpoints/agent_50010.pt,8ac5a032a78bb88a568b9cfe2e15e95b0aad6f6d428a9ff04ee77fb9b2073364,150d107225160ac498040fa20d4ccf9e26ec2703,True,fixed_per_environment_quotas_v2,nominal,47,79,False,False,,7,0,True,False,-3.921325445175171,0.93,0.35371214151382446,0.24900126457214355,1.2431186437606812
/home/donglei/isaac_projects/isaac_drone_racer/.worktrees/stage1-fake-vio/logs/skrl/drone_racer/2026-09-02_20-09-09_ppo_torch_stage1_mixed/checkpoints/agent_50010.pt,8ac5a032a78bb88a568b9cfe2e15e95b0aad6f6d428a9ff04ee77fb9b2073364,150d107225160ac498040fa20d4ccf9e26ec2703,True,fixed_per_environment_quotas_v2,nominal,47,80,True,True,5.9,,7,False,False,39.54491424560547,5.9,0.20856712758541107,0.07359438389539719,0.515824019908905
/home/donglei/isaac_projects/isaac_drone_racer/.worktrees/stage1-fake-vio/logs/skrl/drone_racer/2026-09-02_20-09-09_ppo_torch_stage1_mixed/checkpoints/agent_50010.pt,8ac5a032a78bb88a568b9cfe2e15e95b0aad6f6d428a9ff04ee77fb9b2073364,150d107225160ac498040fa20d4ccf9e26ec2703,True,fixed_per_environment_quotas_v2,nominal,47,81,False,False,,2,2,True,False,5.753653049468994,3.25,0.14863386750221252,0.08571837097406387,1.125099778175354
/home/donglei/isaac_projects/isaac_drone_racer/.worktrees/stage1-fake-vio/logs/skrl/drone_racer/2026-09-02_20-09-09_ppo_torch_stage1_mixed/checkpoints/agent_50010.pt,8ac5a032a78bb88a568b9cfe2e15e95b0aad6f6d428a9ff04ee77fb9b2073364,150d107225160ac498040fa20d4ccf9e26ec2703,True,fixed_per_environment_quotas_v2,nominal,47,82,True,True,5.94,,7,False,False,39.52095413208008,5.94,0.4194289743900299,0.15793287754058838,1.0920016765594482
/home/donglei/isaac_projects/isaac_drone_racer/.worktrees/stage1-fake-vio/logs/skrl/drone_racer/2026-09-02_20-09-09_ppo_torch_stage1_mixed/checkpoints/agent_50010.pt,8ac5a032a78bb88a568b9cfe2e15e95b0aad6f6d428a9ff04ee77fb9b2073364,150d107225160ac498040fa20d4ccf9e26ec2703,True,fixed_per_environment_quotas_v2,nominal,47,83,True,True,6.2700000000000005,,7,False,False,39.62403106689453,6.2700000000000005,0.32240694761276245,0.10777150094509125,0.8420795202255249
/home/donglei/isaac_projects/isaac_drone_racer/.worktrees/stage1-fake-vio/logs/skrl/drone_racer/2026-09-02_20-09-09_ppo_torch_stage1_mixed/checkpoints/agent_50010.pt,8ac5a032a78bb88a568b9cfe2e15e95b0aad6f6d428a9ff04ee77fb9b2073364,150d107225160ac498040fa20d4ccf9e26ec2703,True,fixed_per_environment_quotas_v2,nominal,47,84,False,False,,6,0,True,False,-3.0272772312164307,1.28,0.184170201420784,0.09114278852939606,0.5111241340637207
/home/donglei/isaac_projects/isaac_drone_racer/.worktrees/stage1-fake-vio/logs/skrl/drone_racer/2026-09-02_20-09-09_ppo_torch_stage1_mixed/checkpoints/agent_50010.pt,8ac5a032a78bb88a568b9cfe2e15e95b0aad6f6d428a9ff04ee77fb9b2073364,150d107225160ac498040fa20d4ccf9e26ec2703,True,fixed_per_environment_quotas_v2,nominal,47,85,True,True,6.32,,7,False,False,39.751243591308594,6.32,0.337697297334671,0.11154787242412567,0.860011100769043
/home/donglei/isaac_projects/isaac_drone_racer/.worktrees/stage1-fake-vio/logs/skrl/drone_racer/2026-09-02_20-09-09_ppo_torch_stage1_mixed/checkpoints/agent_50010.pt,8ac5a032a78bb88a568b9cfe2e15e95b0aad6f6d428a9ff04ee77fb9b2073364,150d107225160ac498040fa20d4ccf9e26ec2703,True,fixed_per_environment_quotas_v2,nominal,47,86,True,True,6.09,,7,False,False,39.484981536865234,6.09,0.562394917011261,0.20586009323596954,1.5095908641815186
/home/donglei/isaac_projects/isaac_drone_racer/.worktrees/stage1-fake-vio/logs/skrl/drone_racer/2026-09-02_20-09-09_ppo_torch_stage1_mixed/checkpoints/agent_50010.pt,8ac5a032a78bb88a568b9cfe2e15e95b0aad6f6d428a9ff04ee77fb9b2073364,150d107225160ac498040fa20d4ccf9e26ec2703,True,fixed_per_environment_quotas_v2,nominal,47,87,True,True,6.04,,7,False,False,39.52991485595703,6.04,0.31245988607406616,0.11042957007884979,0.8282442688941956
/home/donglei/isaac_projects/isaac_drone_racer/.worktrees/stage1-fake-vio/logs/skrl/drone_racer/2026-09-02_20-09-09_ppo_torch_stage1_mixed/checkpoints/agent_50010.pt,8ac5a032a78bb88a568b9cfe2e15e95b0aad6f6d428a9ff04ee77fb9b2073364,150d107225160ac498040fa20d4ccf9e26ec2703,True,fixed_per_environment_quotas_v2,nominal,47,88,True,True,6.16,,7,False,False,39.670101165771484,6.16,0.20150451362133026,0.07161808013916016,0.5378425121307373
/home/donglei/isaac_projects/isaac_drone_racer/.worktrees/stage1-fake-vio/logs/skrl/drone_racer/2026-09-02_20-09-09_ppo_torch_stage1_mixed/checkpoints/agent_50010.pt,8ac5a032a78bb88a568b9cfe2e15e95b0aad6f6d428a9ff04ee77fb9b2073364,150d107225160ac498040fa20d4ccf9e26ec2703,True,fixed_per_environment_quotas_v2,nominal,47,89,True,True,6.08,,7,False,False,39.7585334777832,6.08,0.3966332972049713,0.13902275264263153,1.0385500192642212
/home/donglei/isaac_projects/isaac_drone_racer/.worktrees/stage1-fake-vio/logs/skrl/drone_racer/2026-09-02_20-09-09_ppo_torch_stage1_mixed/checkpoints/agent_50010.pt,8ac5a032a78bb88a568b9cfe2e15e95b0aad6f6d428a9ff04ee77fb9b2073364,150d107225160ac498040fa20d4ccf9e26ec2703,True,fixed_per_environment_quotas_v2,nominal,47,90,True,True,5.96,,7,False,False,39.861454010009766,5.96,0.3416719138622284,0.10698795318603516,0.8491660952568054
/home/donglei/isaac_projects/isaac_drone_racer/.worktrees/stage1-fake-vio/logs/skrl/drone_racer/2026-09-02_20-09-09_ppo_torch_stage1_mixed/checkpoints/agent_50010.pt,8ac5a032a78bb88a568b9cfe2e15e95b0aad6f6d428a9ff04ee77fb9b2073364,150d107225160ac498040fa20d4ccf9e26ec2703,True,fixed_per_environment_quotas_v2,nominal,47,91,True,True,6.11,,7,False,False,39.79446792602539,6.11,0.19182303547859192,0.07432326674461365,0.48809683322906494
/home/donglei/isaac_projects/isaac_drone_racer/.worktrees/stage1-fake-vio/logs/skrl/drone_racer/2026-09-02_20-09-09_ppo_torch_stage1_mixed/checkpoints/agent_50010.pt,8ac5a032a78bb88a568b9cfe2e15e95b0aad6f6d428a9ff04ee77fb9b2073364,150d107225160ac498040fa20d4ccf9e26ec2703,True,fixed_per_environment_quotas_v2,nominal,47,92,True,True,6.0,,7,False,False,39.718833923339844,6.0,0.43983516097068787,0.15051162242889404,1.111916422843933
/home/donglei/isaac_projects/isaac_drone_racer/.worktrees/stage1-fake-vio/logs/skrl/drone_racer/2026-09-02_20-09-09_ppo_torch_stage1_mixed/checkpoints/agent_50010.pt,8ac5a032a78bb88a568b9cfe2e15e95b0aad6f6d428a9ff04ee77fb9b2073364,150d107225160ac498040fa20d4ccf9e26ec2703,True,fixed_per_environment_quotas_v2,nominal,47,93,True,True,6.26,,7,False,False,39.50525665283203,6.26,0.5368431210517883,0.2100849449634552,1.413575530052185
/home/donglei/isaac_projects/isaac_drone_racer/.worktrees/stage1-fake-vio/logs/skrl/drone_racer/2026-09-02_20-09-09_ppo_torch_stage1_mixed/checkpoints/agent_50010.pt,8ac5a032a78bb88a568b9cfe2e15e95b0aad6f6d428a9ff04ee77fb9b2073364,150d107225160ac498040fa20d4ccf9e26ec2703,True,fixed_per_environment_quotas_v2,nominal,47,94,True,True,6.04,,7,False,False,39.69550323486328,6.04,0.2551550269126892,0.0959240198135376,0.5189079642295837
/home/donglei/isaac_projects/isaac_drone_racer/.worktrees/stage1-fake-vio/logs/skrl/drone_racer/2026-09-02_20-09-09_ppo_torch_stage1_mixed/checkpoints/agent_50010.pt,8ac5a032a78bb88a568b9cfe2e15e95b0aad6f6d428a9ff04ee77fb9b2073364,150d107225160ac498040fa20d4ccf9e26ec2703,True,fixed_per_environment_quotas_v2,nominal,47,95,True,True,6.18,,7,False,False,39.74534606933594,6.18,0.4254573881626129,0.1588784009218216,1.107268214225769
/home/donglei/isaac_projects/isaac_drone_racer/.worktrees/stage1-fake-vio/logs/skrl/drone_racer/2026-09-02_20-09-09_ppo_torch_stage1_mixed/checkpoints/agent_50010.pt,8ac5a032a78bb88a568b9cfe2e15e95b0aad6f6d428a9ff04ee77fb9b2073364,150d107225160ac498040fa20d4ccf9e26ec2703,True,fixed_per_environment_quotas_v2,nominal,47,96,False,False,,3,6,True,False,30.647567749023438,5.92,0.4204918146133423,0.14451730251312256,1.130699872970581
/home/donglei/isaac_projects/isaac_drone_racer/.worktrees/stage1-fake-vio/logs/skrl/drone_racer/2026-09-02_20-09-09_ppo_torch_stage1_mixed/checkpoints/agent_50010.pt,8ac5a032a78bb88a568b9cfe2e15e95b0aad6f6d428a9ff04ee77fb9b2073364,150d107225160ac498040fa20d4ccf9e26ec2703,True,fixed_per_environment_quotas_v2,nominal,47,97,True,True,6.25,,7,False,False,39.608489990234375,6.25,0.5397367477416992,0.21671012043952942,1.4624918699264526
/home/donglei/isaac_projects/isaac_drone_racer/.worktrees/stage1-fake-vio/logs/skrl/drone_racer/2026-09-02_20-09-09_ppo_torch_stage1_mixed/checkpoints/agent_50010.pt,8ac5a032a78bb88a568b9cfe2e15e95b0aad6f6d428a9ff04ee77fb9b2073364,150d107225160ac498040fa20d4ccf9e26ec2703,True,fixed_per_environment_quotas_v2,nominal,47,98,True,True,5.99,,7,False,False,39.654415130615234,5.99,0.4382806420326233,0.14776189625263214,1.1301398277282715
/home/donglei/isaac_projects/isaac_drone_racer/.worktrees/stage1-fake-vio/logs/skrl/drone_racer/2026-09-02_20-09-09_ppo_torch_stage1_mixed/checkpoints/agent_50010.pt,8ac5a032a78bb88a568b9cfe2e15e95b0aad6f6d428a9ff04ee77fb9b2073364,150d107225160ac498040fa20d4ccf9e26ec2703,True,fixed_per_environment_quotas_v2,nominal,47,99,True,True,6.18,,7,False,False,39.826332092285156,6.18,0.3039146959781647,0.10965945571660995,0.74556964635849
/home/donglei/isaac_projects/isaac_drone_racer/.worktrees/stage1-fake-vio/logs/skrl/drone_racer/2026-09-02_20-09-09_ppo_torch_stage1_mixed/checkpoints/agent_50010.pt,8ac5a032a78bb88a568b9cfe2e15e95b0aad6f6d428a9ff04ee77fb9b2073364,150d107225160ac498040fa20d4ccf9e26ec2703,True,fixed_per_environment_quotas_v2,nominal,47,100,True,True,6.140000000000001,,7,False,False,39.68488311767578,6.140000000000001,0.20037680864334106,0.07081206142902374,0.549098014831543
/home/donglei/isaac_projects/isaac_drone_racer/.worktrees/stage1-fake-vio/logs/skrl/drone_racer/2026-09-02_20-09-09_ppo_torch_stage1_mixed/checkpoints/agent_50010.pt,8ac5a032a78bb88a568b9cfe2e15e95b0aad6f6d428a9ff04ee77fb9b2073364,150d107225160ac498040fa20d4ccf9e26ec2703,True,fixed_per_environment_quotas_v2,nominal,47,101,True,True,6.0,,7,False,False,39.64468002319336,6.0,0.322767972946167,0.11512647569179535,0.8402585983276367
/home/donglei/isaac_projects/isaac_drone_racer/.worktrees/stage1-fake-vio/logs/skrl/drone_racer/2026-09-02_20-09-09_ppo_torch_stage1_mixed/checkpoints/agent_50010.pt,8ac5a032a78bb88a568b9cfe2e15e95b0aad6f6d428a9ff04ee77fb9b2073364,150d107225160ac498040fa20d4ccf9e26ec2703,True,fixed_per_environment_quotas_v2,nominal,47,102,True,True,5.94,,7,False,False,39.77301025390625,5.94,0.24841195344924927,0.07281243056058884,0.646423876285553
/home/donglei/isaac_projects/isaac_drone_racer/.worktrees/stage1-fake-vio/logs/skrl/drone_racer/2026-09-02_20-09-09_ppo_torch_stage1_mixed/checkpoints/agent_50010.pt,8ac5a032a78bb88a568b9cfe2e15e95b0aad6f6d428a9ff04ee77fb9b2073364,150d107225160ac498040fa20d4ccf9e26ec2703,True,fixed_per_environment_quotas_v2,nominal,47,103,True,True,6.26,,7,False,False,39.7028923034668,6.26,0.20944686233997345,0.07477781921625137,0.5515627861022949
/home/donglei/isaac_projects/isaac_drone_racer/.worktrees/stage1-fake-vio/logs/skrl/drone_racer/2026-09-02_20-09-09_ppo_torch_stage1_mixed/checkpoints/agent_50010.pt,8ac5a032a78bb88a568b9cfe2e15e95b0aad6f6d428a9ff04ee77fb9b2073364,150d107225160ac498040fa20d4ccf9e26ec2703,True,fixed_per_environment_quotas_v2,nominal,47,104,True,True,6.07,,7,False,False,39.765830993652344,6.07,0.30091917514801025,0.10479636490345001,0.7475995421409607
/home/donglei/isaac_projects/isaac_drone_racer/.worktrees/stage1-fake-vio/logs/skrl/drone_racer/2026-09-02_20-09-09_ppo_torch_stage1_mixed/checkpoints/agent_50010.pt,8ac5a032a78bb88a568b9cfe2e15e95b0aad6f6d428a9ff04ee77fb9b2073364,150d107225160ac498040fa20d4ccf9e26ec2703,True,fixed_per_environment_quotas_v2,nominal,47,105,True,True,6.0200000000000005,,7,False,False,39.681156158447266,6.0200000000000005,0.20090551674365997,0.06701905280351639,0.5415700674057007
/home/donglei/isaac_projects/isaac_drone_racer/.worktrees/stage1-fake-vio/logs/skrl/drone_racer/2026-09-02_20-09-09_ppo_torch_stage1_mixed/checkpoints/agent_50010.pt,8ac5a032a78bb88a568b9cfe2e15e95b0aad6f6d428a9ff04ee77fb9b2073364,150d107225160ac498040fa20d4ccf9e26ec2703,True,fixed_per_environment_quotas_v2,nominal,47,106,True,True,5.94,,7,False,False,39.53933334350586,5.94,0.3201720714569092,0.1137094646692276,0.8332367539405823
/home/donglei/isaac_projects/isaac_drone_racer/.worktrees/stage1-fake-vio/logs/skrl/drone_racer/2026-09-02_20-09-09_ppo_torch_stage1_mixed/checkpoints/agent_50010.pt,8ac5a032a78bb88a568b9cfe2e15e95b0aad6f6d428a9ff04ee77fb9b2073364,150d107225160ac498040fa20d4ccf9e26ec2703,True,fixed_per_environment_quotas_v2,nominal,47,107,True,True,6.13,,7,False,False,39.8221435546875,6.13,0.3952997624874115,0.14991776645183563,1.0337820053100586
/home/donglei/isaac_projects/isaac_drone_racer/.worktrees/stage1-fake-vio/logs/skrl/drone_racer/2026-09-02_20-09-09_ppo_torch_stage1_mixed/checkpoints/agent_50010.pt,8ac5a032a78bb88a568b9cfe2e15e95b0aad6f6d428a9ff04ee77fb9b2073364,150d107225160ac498040fa20d4ccf9e26ec2703,True,fixed_per_environment_quotas_v2,nominal,47,108,True,True,5.99,,7,False,False,39.453834533691406,5.99,0.4529300034046173,0.14918306469917297,1.1950979232788086
/home/donglei/isaac_projects/isaac_drone_racer/.worktrees/stage1-fake-vio/logs/skrl/drone_racer/2026-09-02_20-09-09_ppo_torch_stage1_mixed/checkpoints/agent_50010.pt,8ac5a032a78bb88a568b9cfe2e15e95b0aad6f6d428a9ff04ee77fb9b2073364,150d107225160ac498040fa20d4ccf9e26ec2703,True,fixed_per_environment_quotas_v2,nominal,47,109,True,True,6.0,,7,False,False,39.64509201049805,6.0,0.19949795305728912,0.07025229185819626,0.5108329057693481
/home/donglei/isaac_projects/isaac_drone_racer/.worktrees/stage1-fake-vio/logs/skrl/drone_racer/2026-09-02_20-09-09_ppo_torch_stage1_mixed/checkpoints/agent_50010.pt,8ac5a032a78bb88a568b9cfe2e15e95b0aad6f6d428a9ff04ee77fb9b2073364,150d107225160ac498040fa20d4ccf9e26ec2703,True,fixed_per_environment_quotas_v2,nominal,47,110,True,True,6.19,,7,False,False,39.46914291381836,6.19,0.4219902753829956,0.15825073421001434,1.1423815488815308
/home/donglei/isaac_projects/isaac_drone_racer/.worktrees/stage1-fake-vio/logs/skrl/drone_racer/2026-09-02_20-09-09_ppo_torch_stage1_mixed/checkpoints/agent_50010.pt,8ac5a032a78bb88a568b9cfe2e15e95b0aad6f6d428a9ff04ee77fb9b2073364,150d107225160ac498040fa20d4ccf9e26ec2703,True,fixed_per_environment_quotas_v2,nominal,47,111,True,True,6.2,,7,False,False,39.77082824707031,6.2,0.355708509683609,0.1508156657218933,0.9886173605918884
/home/donglei/isaac_projects/isaac_drone_racer/.worktrees/stage1-fake-vio/logs/skrl/drone_racer/2026-09-02_20-09-09_ppo_torch_stage1_mixed/checkpoints/agent_50010.pt,8ac5a032a78bb88a568b9cfe2e15e95b0aad6f6d428a9ff04ee77fb9b2073364,150d107225160ac498040fa20d4ccf9e26ec2703,True,fixed_per_environment_quotas_v2,nominal,47,112,True,True,5.98,,7,False,False,39.788543701171875,5.98,0.20528443157672882,0.07016406208276749,0.5379502177238464
/home/donglei/isaac_projects/isaac_drone_racer/.worktrees/stage1-fake-vio/logs/skrl/drone_racer/2026-09-02_20-09-09_ppo_torch_stage1_mixed/checkpoints/agent_50010.pt,8ac5a032a78bb88a568b9cfe2e15e95b0aad6f6d428a9ff04ee77fb9b2073364,150d107225160ac498040fa20d4ccf9e26ec2703,True,fixed_per_environment_quotas_v2,nominal,47,113,True,True,5.86,,7,False,False,39.640174865722656,5.86,0.4273306727409363,0.16092556715011597,1.120103359222412
/home/donglei/isaac_projects/isaac_drone_racer/.worktrees/stage1-fake-vio/logs/skrl/drone_racer/2026-09-02_20-09-09_ppo_torch_stage1_mixed/checkpoints/agent_50010.pt,8ac5a032a78bb88a568b9cfe2e15e95b0aad6f6d428a9ff04ee77fb9b2073364,150d107225160ac498040fa20d4ccf9e26ec2703,True,fixed_per_environment_quotas_v2,nominal,47,114,True,True,5.9,,7,False,False,39.548805236816406,5.9,0.3192768394947052,0.10422099381685257,0.8047609925270081
/home/donglei/isaac_projects/isaac_drone_racer/.worktrees/stage1-fake-vio/logs/skrl/drone_racer/2026-09-02_20-09-09_ppo_torch_stage1_mixed/checkpoints/agent_50010.pt,8ac5a032a78bb88a568b9cfe2e15e95b0aad6f6d428a9ff04ee77fb9b2073364,150d107225160ac498040fa20d4ccf9e26ec2703,True,fixed_per_environment_quotas_v2,nominal,47,115,True,True,6.23,,7,False,False,39.679874420166016,6.23,0.43156877160072327,0.15209592878818512,1.1364455223083496
/home/donglei/isaac_projects/isaac_drone_racer/.worktrees/stage1-fake-vio/logs/skrl/drone_racer/2026-09-02_20-09-09_ppo_torch_stage1_mixed/checkpoints/agent_50010.pt,8ac5a032a78bb88a568b9cfe2e15e95b0aad6f6d428a9ff04ee77fb9b2073364,150d107225160ac498040fa20d4ccf9e26ec2703,True,fixed_per_environment_quotas_v2,nominal,47,116,True,True,6.11,,7,False,False,39.504634857177734,6.11,0.32651612162590027,0.11452671885490417,0.8177648186683655
/home/donglei/isaac_projects/isaac_drone_racer/.worktrees/stage1-fake-vio/logs/skrl/drone_racer/2026-09-02_20-09-09_ppo_torch_stage1_mixed/checkpoints/agent_50010.pt,8ac5a032a78bb88a568b9cfe2e15e95b0aad6f6d428a9ff04ee77fb9b2073364,150d107225160ac498040fa20d4ccf9e26ec2703,True,fixed_per_environment_quotas_v2,nominal,47,117,True,True,5.97,,7,False,False,39.66067123413086,5.97,0.2055812031030655,0.064972884953022,0.5117260813713074
/home/donglei/isaac_projects/isaac_drone_racer/.worktrees/stage1-fake-vio/logs/skrl/drone_racer/2026-09-02_20-09-09_ppo_torch_stage1_mixed/checkpoints/agent_50010.pt,8ac5a032a78bb88a568b9cfe2e15e95b0aad6f6d428a9ff04ee77fb9b2073364,150d107225160ac498040fa20d4ccf9e26ec2703,True,fixed_per_environment_quotas_v2,nominal,47,118,True,True,6.11,,7,False,False,39.64404296875,6.11,0.196205735206604,0.07191943377256393,0.5200062394142151
/home/donglei/isaac_projects/isaac_drone_racer/.worktrees/stage1-fake-vio/logs/skrl/drone_racer/2026-09-02_20-09-09_ppo_torch_stage1_mixed/checkpoints/agent_50010.pt,8ac5a032a78bb88a568b9cfe2e15e95b0aad6f6d428a9ff04ee77fb9b2073364,150d107225160ac498040fa20d4ccf9e26ec2703,True,fixed_per_environment_quotas_v2,nominal,47,119,True,True,6.0600000000000005,,7,False,False,39.52373123168945,6.0600000000000005,0.32896971702575684,0.11659062653779984,0.8602628707885742
/home/donglei/isaac_projects/isaac_drone_racer/.worktrees/stage1-fake-vio/logs/skrl/drone_racer/2026-09-02_20-09-09_ppo_torch_stage1_mixed/checkpoints/agent_50010.pt,8ac5a032a78bb88a568b9cfe2e15e95b0aad6f6d428a9ff04ee77fb9b2073364,150d107225160ac498040fa20d4ccf9e26ec2703,True,fixed_per_environment_quotas_v2,nominal,47,120,True,True,6.26,,7,False,False,39.83346939086914,6.26,0.4501313865184784,0.15092206001281738,1.1462239027023315
/home/donglei/isaac_projects/isaac_drone_racer/.worktrees/stage1-fake-vio/logs/skrl/drone_racer/2026-09-02_20-09-09_ppo_torch_stage1_mixed/checkpoints/agent_50010.pt,8ac5a032a78bb88a568b9cfe2e15e95b0aad6f6d428a9ff04ee77fb9b2073364,150d107225160ac498040fa20d4ccf9e26ec2703,True,fixed_per_environment_quotas_v2,nominal,47,121,True,True,5.98,,7,False,False,39.700096130371094,5.98,0.31257790327072144,0.11246082931756973,0.7869433164596558
/home/donglei/isaac_projects/isaac_drone_racer/.worktrees/stage1-fake-vio/logs/skrl/drone_racer/2026-09-02_20-09-09_ppo_torch_stage1_mixed/checkpoints/agent_50010.pt,8ac5a032a78bb88a568b9cfe2e15e95b0aad6f6d428a9ff04ee77fb9b2073364,150d107225160ac498040fa20d4ccf9e26ec2703,True,fixed_per_environment_quotas_v2,nominal,47,122,True,True,5.95,,7,False,False,39.882965087890625,5.95,0.32118043303489685,0.10355537384748459,0.8245261907577515
/home/donglei/isaac_projects/isaac_drone_racer/.worktrees/stage1-fake-vio/logs/skrl/drone_racer/2026-09-02_20-09-09_ppo_torch_stage1_mixed/checkpoints/agent_50010.pt,8ac5a032a78bb88a568b9cfe2e15e95b0aad6f6d428a9ff04ee77fb9b2073364,150d107225160ac498040fa20d4ccf9e26ec2703,True,fixed_per_environment_quotas_v2,nominal,47,123,True,True,6.22,,7,False,False,39.59204864501953,6.22,0.19390080869197845,0.07295386493206024,0.5102116465568542
/home/donglei/isaac_projects/isaac_drone_racer/.worktrees/stage1-fake-vio/logs/skrl/drone_racer/2026-09-02_20-09-09_ppo_torch_stage1_mixed/checkpoints/agent_50010.pt,8ac5a032a78bb88a568b9cfe2e15e95b0aad6f6d428a9ff04ee77fb9b2073364,150d107225160ac498040fa20d4ccf9e26ec2703,True,fixed_per_environment_quotas_v2,nominal,47,124,True,True,6.09,,7,False,False,39.622562408447266,6.09,0.19725316762924194,0.06986990571022034,0.526220440864563
/home/donglei/isaac_projects/isaac_drone_racer/.worktrees/stage1-fake-vio/logs/skrl/drone_racer/2026-09-02_20-09-09_ppo_torch_stage1_mixed/checkpoints/agent_50010.pt,8ac5a032a78bb88a568b9cfe2e15e95b0aad6f6d428a9ff04ee77fb9b2073364,150d107225160ac498040fa20d4ccf9e26ec2703,True,fixed_per_environment_quotas_v2,nominal,47,125,True,True,6.07,,7,False,False,39.594268798828125,6.07,0.42663490772247314,0.1617656946182251,1.101123571395874
/home/donglei/isaac_projects/isaac_drone_racer/.worktrees/stage1-fake-vio/logs/skrl/drone_racer/2026-09-02_20-09-09_ppo_torch_stage1_mixed/checkpoints/agent_50010.pt,8ac5a032a78bb88a568b9cfe2e15e95b0aad6f6d428a9ff04ee77fb9b2073364,150d107225160ac498040fa20d4ccf9e26ec2703,True,fixed_per_environment_quotas_v2,nominal,47,126,True,True,6.01,,7,False,False,39.734588623046875,6.01,0.29511138796806335,0.10222164541482925,0.7325254678726196
/home/donglei/isaac_projects/isaac_drone_racer/.worktrees/stage1-fake-vio/logs/skrl/drone_racer/2026-09-02_20-09-09_ppo_torch_stage1_mixed/checkpoints/agent_50010.pt,8ac5a032a78bb88a568b9cfe2e15e95b0aad6f6d428a9ff04ee77fb9b2073364,150d107225160ac498040fa20d4ccf9e26ec2703,True,fixed_per_environment_quotas_v2,nominal,47,127,True,True,6.1000000000000005,,7,False,False,39.686580657958984,6.1000000000000005,0.4094272255897522,0.15428079664707184,1.092978596687317
/home/donglei/isaac_projects/isaac_drone_racer/.worktrees/stage1-fake-vio/logs/skrl/drone_racer/2026-09-02_20-09-09_ppo_torch_stage1_mixed/checkpoints/agent_50010.pt,8ac5a032a78bb88a568b9cfe2e15e95b0aad6f6d428a9ff04ee77fb9b2073364,150d107225160ac498040fa20d4ccf9e26ec2703,True,fixed_per_environment_quotas_v2,stress,11,0,False,False,,3,0,True,False,-4.926405906677246,0.34,0.13117940723896027,0.47638702392578125,1.7766532897949219
/home/donglei/isaac_projects/isaac_drone_racer/.worktrees/stage1-fake-vio/logs/skrl/drone_racer/2026-09-02_20-09-09_ppo_torch_stage1_mixed/checkpoints/agent_50010.pt,8ac5a032a78bb88a568b9cfe2e15e95b0aad6f6d428a9ff04ee77fb9b2073364,150d107225160ac498040fa20d4ccf9e26ec2703,True,fixed_per_environment_quotas_v2,stress,11,1,False,False,,3,0,True,False,-4.789549350738525,0.36,0.4471212327480316,0.5513168573379517,2.4019107818603516
/home/donglei/isaac_projects/isaac_drone_racer/.worktrees/stage1-fake-vio/logs/skrl/drone_racer/2026-09-02_20-09-09_ppo_torch_stage1_mixed/checkpoints/agent_50010.pt,8ac5a032a78bb88a568b9cfe2e15e95b0aad6f6d428a9ff04ee77fb9b2073364,150d107225160ac498040fa20d4ccf9e26ec2703,True,fixed_per_environment_quotas_v2,stress,11,2,False,False,,7,0,True,False,-4.052985668182373,0.87,0.7067585587501526,0.5824411511421204,2.029661178588867
/home/donglei/isaac_projects/isaac_drone_racer/.worktrees/stage1-fake-vio/logs/skrl/drone_racer/2026-09-02_20-09-09_ppo_torch_stage1_mixed/checkpoints/agent_50010.pt,8ac5a032a78bb88a568b9cfe2e15e95b0aad6f6d428a9ff04ee77fb9b2073364,150d107225160ac498040fa20d4ccf9e26ec2703,True,fixed_per_environment_quotas_v2,stress,11,3,False,False,,3,0,True,False,-3.923771858215332,0.93,1.6484514474868774,0.73921138048172,3.1765999794006348
/home/donglei/isaac_projects/isaac_drone_racer/.worktrees/stage1-fake-vio/logs/skrl/drone_racer/2026-09-02_20-09-09_ppo_torch_stage1_mixed/checkpoints/agent_50010.pt,8ac5a032a78bb88a568b9cfe2e15e95b0aad6f6d428a9ff04ee77fb9b2073364,150d107225160ac498040fa20d4ccf9e26ec2703,True,fixed_per_environment_quotas_v2,stress,11,4,False,False,,1,0,True,False,-4.203305721282959,0.9500000000000001,0.6907215118408203,0.5306764245033264,2.275552272796631
/home/donglei/isaac_projects/isaac_drone_racer/.worktrees/stage1-fake-vio/logs/skrl/drone_racer/2026-09-02_20-09-09_ppo_torch_stage1_mixed/checkpoints/agent_50010.pt,8ac5a032a78bb88a568b9cfe2e15e95b0aad6f6d428a9ff04ee77fb9b2073364,150d107225160ac498040fa20d4ccf9e26ec2703,True,fixed_per_environment_quotas_v2,stress,11,5,False,False,,2,0,True,False,-3.5768229961395264,0.9500000000000001,0.8083815574645996,0.49545392394065857,2.1975936889648438
/home/donglei/isaac_projects/isaac_drone_racer/.worktrees/stage1-fake-vio/logs/skrl/drone_racer/2026-09-02_20-09-09_ppo_torch_stage1_mixed/checkpoints/agent_50010.pt,8ac5a032a78bb88a568b9cfe2e15e95b0aad6f6d428a9ff04ee77fb9b2073364,150d107225160ac498040fa20d4ccf9e26ec2703,True,fixed_per_environment_quotas_v2,stress,11,6,False,False,,3,0,True,False,-3.187098979949951,0.96,2.405449390411377,0.7453209161758423,4.8935723304748535
/home/donglei/isaac_projects/isaac_drone_racer/.worktrees/stage1-fake-vio/logs/skrl/drone_racer/2026-09-02_20-09-09_ppo_torch_stage1_mixed/checkpoints/agent_50010.pt,8ac5a032a78bb88a568b9cfe2e15e95b0aad6f6d428a9ff04ee77fb9b2073364,150d107225160ac498040fa20d4ccf9e26ec2703,True,fixed_per_environment_quotas_v2,stress,11,7,False,False,,6,0,True,False,-3.3559627532958984,0.96,1.1379586458206177,0.6050089001655579,2.555927038192749
/home/donglei/isaac_projects/isaac_drone_racer/.worktrees/stage1-fake-vio/logs/skrl/drone_racer/2026-09-02_20-09-09_ppo_torch_stage1_mixed/checkpoints/agent_50010.pt,8ac5a032a78bb88a568b9cfe2e15e95b0aad6f6d428a9ff04ee77fb9b2073364,150d107225160ac498040fa20d4ccf9e26ec2703,True,fixed_per_environment_quotas_v2,stress,11,8,False,False,,6,0,True,False,-3.302334785461426,0.97,1.0050245523452759,0.4639572203159332,2.0720338821411133
/home/donglei/isaac_projects/isaac_drone_racer/.worktrees/stage1-fake-vio/logs/skrl/drone_racer/2026-09-02_20-09-09_ppo_torch_stage1_mixed/checkpoints/agent_50010.pt,8ac5a032a78bb88a568b9cfe2e15e95b0aad6f6d428a9ff04ee77fb9b2073364,150d107225160ac498040fa20d4ccf9e26ec2703,True,fixed_per_environment_quotas_v2,stress,11,9,False,False,,7,0,True,False,-3.8585734367370605,1.0,0.9263831377029419,0.7608540058135986,3.0729408264160156
/home/donglei/isaac_projects/isaac_drone_racer/.worktrees/stage1-fake-vio/logs/skrl/drone_racer/2026-09-02_20-09-09_ppo_torch_stage1_mixed/checkpoints/agent_50010.pt,8ac5a032a78bb88a568b9cfe2e15e95b0aad6f6d428a9ff04ee77fb9b2073364,150d107225160ac498040fa20d4ccf9e26ec2703,True,fixed_per_environment_quotas_v2,stress,11,10,False,False,,6,0,True,False,-3.5953307151794434,1.0,1.1213150024414062,0.7974517345428467,2.974958896636963
/home/donglei/isaac_projects/isaac_drone_racer/.worktrees/stage1-fake-vio/logs/skrl/drone_racer/2026-09-02_20-09-09_ppo_torch_stage1_mixed/checkpoints/agent_50010.pt,8ac5a032a78bb88a568b9cfe2e15e95b0aad6f6d428a9ff04ee77fb9b2073364,150d107225160ac498040fa20d4ccf9e26ec2703,True,fixed_per_environment_quotas_v2,stress,11,11,False,False,,1,0,True,False,-4.136420726776123,1.05,0.927615225315094,0.6464172005653381,3.1100761890411377
/home/donglei/isaac_projects/isaac_drone_racer/.worktrees/stage1-fake-vio/logs/skrl/drone_racer/2026-09-02_20-09-09_ppo_torch_stage1_mixed/checkpoints/agent_50010.pt,8ac5a032a78bb88a568b9cfe2e15e95b0aad6f6d428a9ff04ee77fb9b2073364,150d107225160ac498040fa20d4ccf9e26ec2703,True,fixed_per_environment_quotas_v2,stress,11,12,False,False,,2,0,True,False,-3.2417023181915283,1.05,1.1139731407165527,0.6093933582305908,2.557694673538208
/home/donglei/isaac_projects/isaac_drone_racer/.worktrees/stage1-fake-vio/logs/skrl/drone_racer/2026-09-02_20-09-09_ppo_torch_stage1_mixed/checkpoints/agent_50010.pt,8ac5a032a78bb88a568b9cfe2e15e95b0aad6f6d428a9ff04ee77fb9b2073364,150d107225160ac498040fa20d4ccf9e26ec2703,True,fixed_per_environment_quotas_v2,stress,11,13,False,False,,2,0,True,False,-3.1869497299194336,1.05,1.1895967721939087,0.5567154884338379,2.8476054668426514
/home/donglei/isaac_projects/isaac_drone_racer/.worktrees/stage1-fake-vio/logs/skrl/drone_racer/2026-09-02_20-09-09_ppo_torch_stage1_mixed/checkpoints/agent_50010.pt,8ac5a032a78bb88a568b9cfe2e15e95b0aad6f6d428a9ff04ee77fb9b2073364,150d107225160ac498040fa20d4ccf9e26ec2703,True,fixed_per_environment_quotas_v2,stress,11,14,False,False,,6,0,True,False,-3.3929853439331055,1.05,1.1604187488555908,0.6503837704658508,2.701150417327881
/home/donglei/isaac_projects/isaac_drone_racer/.worktrees/stage1-fake-vio/logs/skrl/drone_racer/2026-09-02_20-09-09_ppo_torch_stage1_mixed/checkpoints/agent_50010.pt,8ac5a032a78bb88a568b9cfe2e15e95b0aad6f6d428a9ff04ee77fb9b2073364,150d107225160ac498040fa20d4ccf9e26ec2703,True,fixed_per_environment_quotas_v2,stress,11,15,False,False,,4,0,True,False,-2.19169020652771,1.09,2.8506877422332764,0.7913686633110046,2.618867874145508
/home/donglei/isaac_projects/isaac_drone_racer/.worktrees/stage1-fake-vio/logs/skrl/drone_racer/2026-09-02_20-09-09_ppo_torch_stage1_mixed/checkpoints/agent_50010.pt,8ac5a032a78bb88a568b9cfe2e15e95b0aad6f6d428a9ff04ee77fb9b2073364,150d107225160ac498040fa20d4ccf9e26ec2703,True,fixed_per_environment_quotas_v2,stress,11,16,False,False,,4,0,True,False,-2.2267863750457764,1.12,3.015394687652588,0.7282884120941162,5.172216892242432
/home/donglei/isaac_projects/isaac_drone_racer/.worktrees/stage1-fake-vio/logs/skrl/drone_racer/2026-09-02_20-09-09_ppo_torch_stage1_mixed/checkpoints/agent_50010.pt,8ac5a032a78bb88a568b9cfe2e15e95b0aad6f6d428a9ff04ee77fb9b2073364,150d107225160ac498040fa20d4ccf9e26ec2703,True,fixed_per_environment_quotas_v2,stress,11,17,False,False,,3,0,True,False,-3.1468238830566406,1.1300000000000001,1.270149827003479,0.6713051199913025,3.1314775943756104
/home/donglei/isaac_projects/isaac_drone_racer/.worktrees/stage1-fake-vio/logs/skrl/drone_racer/2026-09-02_20-09-09_ppo_torch_stage1_mixed/checkpoints/agent_50010.pt,8ac5a032a78bb88a568b9cfe2e15e95b0aad6f6d428a9ff04ee77fb9b2073364,150d107225160ac498040fa20d4ccf9e26ec2703,True,fixed_per_environment_quotas_v2,stress,11,18,False,False,,6,0,True,False,-3.1534066200256348,1.1400000000000001,1.1414114236831665,0.6125189065933228,2.8517661094665527
/home/donglei/isaac_projects/isaac_drone_racer/.worktrees/stage1-fake-vio/logs/skrl/drone_racer/2026-09-02_20-09-09_ppo_torch_stage1_mixed/checkpoints/agent_50010.pt,8ac5a032a78bb88a568b9cfe2e15e95b0aad6f6d428a9ff04ee77fb9b2073364,150d107225160ac498040fa20d4ccf9e26ec2703,True,fixed_per_environment_quotas_v2,stress,11,19,False,False,,1,1,True,False,-0.010249137878417969,1.1400000000000001,1.0313512086868286,0.6837294101715088,2.6018078327178955
/home/donglei/isaac_projects/isaac_drone_racer/.worktrees/stage1-fake-vio/logs/skrl/drone_racer/2026-09-02_20-09-09_ppo_torch_stage1_mixed/checkpoints/agent_50010.pt,8ac5a032a78bb88a568b9cfe2e15e95b0aad6f6d428a9ff04ee77fb9b2073364,150d107225160ac498040fa20d4ccf9e26ec2703,True,fixed_per_environment_quotas_v2,stress,11,20,False,False,,6,1,True,False,0.43360471725463867,1.1500000000000001,0.817344605922699,0.35036924481391907,2.2256412506103516
/home/donglei/isaac_projects/isaac_drone_racer/.worktrees/stage1-fake-vio/logs/skrl/drone_racer/2026-09-02_20-09-09_ppo_torch_stage1_mixed/checkpoints/agent_50010.pt,8ac5a032a78bb88a568b9cfe2e15e95b0aad6f6d428a9ff04ee77fb9b2073364,150d107225160ac498040fa20d4ccf9e26ec2703,True,fixed_per_environment_quotas_v2,stress,11,21,False,False,,4,0,True,False,-2.2704150676727295,1.2,1.3239976167678833,0.4436255395412445,2.5939645767211914
/home/donglei/isaac_projects/isaac_drone_racer/.worktrees/stage1-fake-vio/logs/skrl/drone_racer/2026-09-02_20-09-09_ppo_torch_stage1_mixed/checkpoints/agent_50010.pt,8ac5a032a78bb88a568b9cfe2e15e95b0aad6f6d428a9ff04ee77fb9b2073364,150d107225160ac498040fa20d4ccf9e26ec2703,True,fixed_per_environment_quotas_v2,stress,11,22,False,False,,4,0,True,False,-2.158564805984497,1.23,1.0391645431518555,0.34747421741485596,2.6314971446990967
/home/donglei/isaac_projects/isaac_drone_racer/.worktrees/stage1-fake-vio/logs/skrl/drone_racer/2026-09-02_20-09-09_ppo_torch_stage1_mixed/checkpoints/agent_50010.pt,8ac5a032a78bb88a568b9cfe2e15e95b0aad6f6d428a9ff04ee77fb9b2073364,150d107225160ac498040fa20d4ccf9e26ec2703,True,fixed_per_environment_quotas_v2,stress,11,23,False,False,,6,1,True,False,0.4080924987792969,1.24,0.8357089161872864,0.3441866934299469,2.3487329483032227
/home/donglei/isaac_projects/isaac_drone_racer/.worktrees/stage1-fake-vio/logs/skrl/drone_racer/2026-09-02_20-09-09_ppo_torch_stage1_mixed/checkpoints/agent_50010.pt,8ac5a032a78bb88a568b9cfe2e15e95b0aad6f6d428a9ff04ee77fb9b2073364,150d107225160ac498040fa20d4ccf9e26ec2703,True,fixed_per_environment_quotas_v2,stress,11,24,False,False,,4,0,True,False,-2.405810832977295,1.27,1.6368670463562012,0.6675351858139038,3.7206668853759766
/home/donglei/isaac_projects/isaac_drone_racer/.worktrees/stage1-fake-vio/logs/skrl/drone_racer/2026-09-02_20-09-09_ppo_torch_stage1_mixed/checkpoints/agent_50010.pt,8ac5a032a78bb88a568b9cfe2e15e95b0aad6f6d428a9ff04ee77fb9b2073364,150d107225160ac498040fa20d4ccf9e26ec2703,True,fixed_per_environment_quotas_v2,stress,11,25,False,False,,4,0,True,False,-2.364461660385132,1.29,1.1002404689788818,0.4320480227470398,2.598437547683716
/home/donglei/isaac_projects/isaac_drone_racer/.worktrees/stage1-fake-vio/logs/skrl/drone_racer/2026-09-02_20-09-09_ppo_torch_stage1_mixed/checkpoints/agent_50010.pt,8ac5a032a78bb88a568b9cfe2e15e95b0aad6f6d428a9ff04ee77fb9b2073364,150d107225160ac498040fa20d4ccf9e26ec2703,True,fixed_per_environment_quotas_v2,stress,11,26,False,False,,3,0,True,False,-3.207634925842285,1.3,1.053098440170288,0.5403921008110046,2.500903367996216
/home/donglei/isaac_projects/isaac_drone_racer/.worktrees/stage1-fake-vio/logs/skrl/drone_racer/2026-09-02_20-09-09_ppo_torch_stage1_mixed/checkpoints/agent_50010.pt,8ac5a032a78bb88a568b9cfe2e15e95b0aad6f6d428a9ff04ee77fb9b2073364,150d107225160ac498040fa20d4ccf9e26ec2703,True,fixed_per_environment_quotas_v2,stress,11,27,False,False,,4,0,True,False,-2.1904194355010986,1.35,1.5386697053909302,0.57015460729599,3.087876319885254
/home/donglei/isaac_projects/isaac_drone_racer/.worktrees/stage1-fake-vio/logs/skrl/drone_racer/2026-09-02_20-09-09_ppo_torch_stage1_mixed/checkpoints/agent_50010.pt,8ac5a032a78bb88a568b9cfe2e15e95b0aad6f6d428a9ff04ee77fb9b2073364,150d107225160ac498040fa20d4ccf9e26ec2703,True,fixed_per_environment_quotas_v2,stress,11,28,False,False,,1,0,True,False,-4.1658806800842285,1.3800000000000001,0.6736100912094116,0.5006502270698547,2.5990970134735107
/home/donglei/isaac_projects/isaac_drone_racer/.worktrees/stage1-fake-vio/logs/skrl/drone_racer/2026-09-02_20-09-09_ppo_torch_stage1_mixed/checkpoints/agent_50010.pt,8ac5a032a78bb88a568b9cfe2e15e95b0aad6f6d428a9ff04ee77fb9b2073364,150d107225160ac498040fa20d4ccf9e26ec2703,True,fixed_per_environment_quotas_v2,stress,11,29,False,False,,4,0,True,False,-2.272200107574463,1.42,0.8620359897613525,0.399097740650177,2.10286545753479
/home/donglei/isaac_projects/isaac_drone_racer/.worktrees/stage1-fake-vio/logs/skrl/drone_racer/2026-09-02_20-09-09_ppo_torch_stage1_mixed/checkpoints/agent_50010.pt,8ac5a032a78bb88a568b9cfe2e15e95b0aad6f6d428a9ff04ee77fb9b2073364,150d107225160ac498040fa20d4ccf9e26ec2703,True,fixed_per_environment_quotas_v2,stress,11,30,False,False,,6,1,True,False,1.1529006958007812,1.45,1.0366475582122803,0.41050443053245544,2.089937210083008
/home/donglei/isaac_projects/isaac_drone_racer/.worktrees/stage1-fake-vio/logs/skrl/drone_racer/2026-09-02_20-09-09_ppo_torch_stage1_mixed/checkpoints/agent_50010.pt,8ac5a032a78bb88a568b9cfe2e15e95b0aad6f6d428a9ff04ee77fb9b2073364,150d107225160ac498040fa20d4ccf9e26ec2703,True,fixed_per_environment_quotas_v2,stress,11,31,False,False,,3,0,True,False,-4.85476016998291,0.32,0.2650403082370758,0.5968339443206787,2.321709632873535
/home/donglei/isaac_projects/isaac_drone_racer/.worktrees/stage1-fake-vio/logs/skrl/drone_racer/2026-09-02_20-09-09_ppo_torch_stage1_mixed/checkpoints/agent_50010.pt,8ac5a032a78bb88a568b9cfe2e15e95b0aad6f6d428a9ff04ee77fb9b2073364,150d107225160ac498040fa20d4ccf9e26ec2703,True,fixed_per_environment_quotas_v2,stress,11,32,False,False,,6,1,True,False,1.1607651710510254,1.45,1.053004503250122,0.3677166700363159,2.318181276321411
/home/donglei/isaac_projects/isaac_drone_racer/.worktrees/stage1-fake-vio/logs/skrl/drone_racer/2026-09-02_20-09-09_ppo_torch_stage1_mixed/checkpoints/agent_50010.pt,8ac5a032a78bb88a568b9cfe2e15e95b0aad6f6d428a9ff04ee77fb9b2073364,150d107225160ac498040fa20d4ccf9e26ec2703,True,fixed_per_environment_quotas_v2,stress,11,33,False,False,,1,0,True,False,-5.446598529815674,1.5,1.089023232460022,1.7030390501022339,3.4036285877227783
/home/donglei/isaac_projects/isaac_drone_racer/.worktrees/stage1-fake-vio/logs/skrl/drone_racer/2026-09-02_20-09-09_ppo_torch_stage1_mixed/checkpoints/agent_50010.pt,8ac5a032a78bb88a568b9cfe2e15e95b0aad6f6d428a9ff04ee77fb9b2073364,150d107225160ac498040fa20d4ccf9e26ec2703,True,fixed_per_environment_quotas_v2,stress,11,34,False,False,,6,1,True,False,1.5303850173950195,1.59,0.9202151894569397,0.34429630637168884,2.5687971115112305
/home/donglei/isaac_projects/isaac_drone_racer/.worktrees/stage1-fake-vio/logs/skrl/drone_racer/2026-09-02_20-09-09_ppo_torch_stage1_mixed/checkpoints/agent_50010.pt,8ac5a032a78bb88a568b9cfe2e15e95b0aad6f6d428a9ff04ee77fb9b2073364,150d107225160ac498040fa20d4ccf9e26ec2703,True,fixed_per_environment_quotas_v2,stress,11,35,False,False,,2,1,True,False,0.2514486312866211,1.6,0.638779878616333,0.7605547904968262,2.3754215240478516
/home/donglei/isaac_projects/isaac_drone_racer/.worktrees/stage1-fake-vio/logs/skrl/drone_racer/2026-09-02_20-09-09_ppo_torch_stage1_mixed/checkpoints/agent_50010.pt,8ac5a032a78bb88a568b9cfe2e15e95b0aad6f6d428a9ff04ee77fb9b2073364,150d107225160ac498040fa20d4ccf9e26ec2703,True,fixed_per_environment_quotas_v2,stress,11,36,False,False,,3,1,True,False,0.9748291969299316,1.62,0.8346466422080994,1.0633091926574707,3.6568570137023926
/home/donglei/isaac_projects/isaac_drone_racer/.worktrees/stage1-fake-vio/logs/skrl/drone_racer/2026-09-02_20-09-09_ppo_torch_stage1_mixed/checkpoints/agent_50010.pt,8ac5a032a78bb88a568b9cfe2e15e95b0aad6f6d428a9ff04ee77fb9b2073364,150d107225160ac498040fa20d4ccf9e26ec2703,True,fixed_per_environment_quotas_v2,stress,11,37,False,False,,2,0,True,False,-4.3113274574279785,0.79,0.7277933359146118,1.3021934032440186,3.76963210105896
/home/donglei/isaac_projects/isaac_drone_racer/.worktrees/stage1-fake-vio/logs/skrl/drone_racer/2026-09-02_20-09-09_ppo_torch_stage1_mixed/checkpoints/agent_50010.pt,8ac5a032a78bb88a568b9cfe2e15e95b0aad6f6d428a9ff04ee77fb9b2073364,150d107225160ac498040fa20d4ccf9e26ec2703,True,fixed_per_environment_quotas_v2,stress,11,38,False,False,,6,0,True,False,-9.04483699798584,1.79,1.7287815809249878,1.0704455375671387,3.317239761352539
/home/donglei/isaac_projects/isaac_drone_racer/.worktrees/stage1-fake-vio/logs/skrl/drone_racer/2026-09-02_20-09-09_ppo_torch_stage1_mixed/checkpoints/agent_50010.pt,8ac5a032a78bb88a568b9cfe2e15e95b0aad6f6d428a9ff04ee77fb9b2073364,150d107225160ac498040fa20d4ccf9e26ec2703,True,fixed_per_environment_quotas_v2,stress,11,39,False,False,,1,0,True,False,-4.2029619216918945,0.79,0.6713686585426331,0.45786458253860474,2.442305088043213
/home/donglei/isaac_projects/isaac_drone_racer/.worktrees/stage1-fake-vio/logs/skrl/drone_racer/2026-09-02_20-09-09_ppo_torch_stage1_mixed/checkpoints/agent_50010.pt,8ac5a032a78bb88a568b9cfe2e15e95b0aad6f6d428a9ff04ee77fb9b2073364,150d107225160ac498040fa20d4ccf9e26ec2703,True,fixed_per_environment_quotas_v2,stress,11,40,False,False,,1,1,True,False,1.0902323722839355,2.0300000000000002,0.939348042011261,0.5239524841308594,2.625782012939453
/home/donglei/isaac_projects/isaac_drone_racer/.worktrees/stage1-fake-vio/logs/skrl/drone_racer/2026-09-02_20-09-09_ppo_torch_stage1_mixed/checkpoints/agent_50010.pt,8ac5a032a78bb88a568b9cfe2e15e95b0aad6f6d428a9ff04ee77fb9b2073364,150d107225160ac498040fa20d4ccf9e26ec2703,True,fixed_per_environment_quotas_v2,stress,11,41,False,False,,2,0,True,False,-3.305448055267334,0.9400000000000001,1.1017601490020752,0.5167356729507446,2.4869346618652344
/home/donglei/isaac_projects/isaac_drone_racer/.worktrees/stage1-fake-vio/logs/skrl/drone_racer/2026-09-02_20-09-09_ppo_torch_stage1_mixed/checkpoints/agent_50010.pt,8ac5a032a78bb88a568b9cfe2e15e95b0aad6f6d428a9ff04ee77fb9b2073364,150d107225160ac498040fa20d4ccf9e26ec2703,True,fixed_per_environment_quotas_v2,stress,11,42,False,False,,1,1,True,False,1.0717096328735352,2.09,0.7526033520698547,0.42030948400497437,2.1317548751831055
/home/donglei/isaac_projects/isaac_drone_racer/.worktrees/stage1-fake-vio/logs/skrl/drone_racer/2026-09-02_20-09-09_ppo_torch_stage1_mixed/checkpoints/agent_50010.pt,8ac5a032a78bb88a568b9cfe2e15e95b0aad6f6d428a9ff04ee77fb9b2073364,150d107225160ac498040fa20d4ccf9e26ec2703,True,fixed_per_environment_quotas_v2,stress,11,43,False,False,,2,0,True,False,-3.1262876987457275,1.01,0.7307330965995789,0.35038548707962036,1.868026614189148
/home/donglei/isaac_projects/isaac_drone_racer/.worktrees/stage1-fake-vio/logs/skrl/drone_racer/2026-09-02_20-09-09_ppo_torch_stage1_mixed/checkpoints/agent_50010.pt,8ac5a032a78bb88a568b9cfe2e15e95b0aad6f6d428a9ff04ee77fb9b2073364,150d107225160ac498040fa20d4ccf9e26ec2703,True,fixed_per_environment_quotas_v2,stress,11,44,False,False,,3,0,True,False,-8.585180282592773,2.12,1.1189674139022827,1.5600864887237549,4.338147163391113
/home/donglei/isaac_projects/isaac_drone_racer/.worktrees/stage1-fake-vio/logs/skrl/drone_racer/2026-09-02_20-09-09_ppo_torch_stage1_mixed/checkpoints/agent_50010.pt,8ac5a032a78bb88a568b9cfe2e15e95b0aad6f6d428a9ff04ee77fb9b2073364,150d107225160ac498040fa20d4ccf9e26ec2703,True,fixed_per_environment_quotas_v2,stress,11,45,False,False,,7,2,True,False,5.911849498748779,2.12,0.9951731562614441,0.3501940667629242,3.5302205085754395
/home/donglei/isaac_projects/isaac_drone_racer/.worktrees/stage1-fake-vio/logs/skrl/drone_racer/2026-09-02_20-09-09_ppo_torch_stage1_mixed/checkpoints/agent_50010.pt,8ac5a032a78bb88a568b9cfe2e15e95b0aad6f6d428a9ff04ee77fb9b2073364,150d107225160ac498040fa20d4ccf9e26ec2703,True,fixed_per_environment_quotas_v2,stress,11,46,False,False,,3,0,True,False,-3.231372356414795,0.97,1.3574550151824951,0.744940996170044,4.839473247528076
/home/donglei/isaac_projects/isaac_drone_racer/.worktrees/stage1-fake-vio/logs/skrl/drone_racer/2026-09-02_20-09-09_ppo_torch_stage1_mixed/checkpoints/agent_50010.pt,8ac5a032a78bb88a568b9cfe2e15e95b0aad6f6d428a9ff04ee77fb9b2073364,150d107225160ac498040fa20d4ccf9e26ec2703,True,fixed_per_environment_quotas_v2,stress,11,47,False,False,,6,0,True,False,-3.351886749267578,1.02,1.0461680889129639,0.6435092687606812,2.4777402877807617
/home/donglei/isaac_projects/isaac_drone_racer/.worktrees/stage1-fake-vio/logs/skrl/drone_racer/2026-09-02_20-09-09_ppo_torch_stage1_mixed/checkpoints/agent_50010.pt,8ac5a032a78bb88a568b9cfe2e15e95b0aad6f6d428a9ff04ee77fb9b2073364,150d107225160ac498040fa20d4ccf9e26ec2703,True,fixed_per_environment_quotas_v2,stress,11,48,False,False,,2,1,True,False,2.037039279937744,2.18,0.9537041783332825,0.5062752962112427,2.7256991863250732
/home/donglei/isaac_projects/isaac_drone_racer/.worktrees/stage1-fake-vio/logs/skrl/drone_racer/2026-09-02_20-09-09_ppo_torch_stage1_mixed/checkpoints/agent_50010.pt,8ac5a032a78bb88a568b9cfe2e15e95b0aad6f6d428a9ff04ee77fb9b2073364,150d107225160ac498040fa20d4ccf9e26ec2703,True,fixed_per_environment_quotas_v2,stress,11,49,False,False,,4,1,True,False,3.74204158782959,2.18,1.1150128841400146,0.44214972853660583,2.3569698333740234
/home/donglei/isaac_projects/isaac_drone_racer/.worktrees/stage1-fake-vio/logs/skrl/drone_racer/2026-09-02_20-09-09_ppo_torch_stage1_mixed/checkpoints/agent_50010.pt,8ac5a032a78bb88a568b9cfe2e15e95b0aad6f6d428a9ff04ee77fb9b2073364,150d107225160ac498040fa20d4ccf9e26ec2703,True,fixed_per_environment_quotas_v2,stress,11,50,False,False,,2,1,True,False,-0.0016918182373046875,1.18,1.029939889907837,0.8239442110061646,3.8755855560302734
/home/donglei/isaac_projects/isaac_drone_racer/.worktrees/stage1-fake-vio/logs/skrl/drone_racer/2026-09-02_20-09-09_ppo_torch_stage1_mixed/checkpoints/agent_50010.pt,8ac5a032a78bb88a568b9cfe2e15e95b0aad6f6d428a9ff04ee77fb9b2073364,150d107225160ac498040fa20d4ccf9e26ec2703,True,fixed_per_environment_quotas_v2,stress,11,51,False,False,,7,0,True,False,-3.9087166786193848,0.9400000000000001,0.847042977809906,0.5810378193855286,2.814047336578369
/home/donglei/isaac_projects/isaac_drone_racer/.worktrees/stage1-fake-vio/logs/skrl/drone_racer/2026-09-02_20-09-09_ppo_torch_stage1_mixed/checkpoints/agent_50010.pt,8ac5a032a78bb88a568b9cfe2e15e95b0aad6f6d428a9ff04ee77fb9b2073364,150d107225160ac498040fa20d4ccf9e26ec2703,True,fixed_per_environment_quotas_v2,stress,11,52,False,False,,6,0,True,False,-3.0230116844177246,1.12,0.8260886073112488,0.4054783582687378,2.4978296756744385
/home/donglei/isaac_projects/isaac_drone_racer/.worktrees/stage1-fake-vio/logs/skrl/drone_racer/2026-09-02_20-09-09_ppo_torch_stage1_mixed/checkpoints/agent_50010.pt,8ac5a032a78bb88a568b9cfe2e15e95b0aad6f6d428a9ff04ee77fb9b2073364,150d107225160ac498040fa20d4ccf9e26ec2703,True,fixed_per_environment_quotas_v2,stress,11,53,False,False,,4,0,True,False,-2.369917631149292,1.37,1.5576332807540894,0.664644718170166,3.717458963394165
/home/donglei/isaac_projects/isaac_drone_racer/.worktrees/stage1-fake-vio/logs/skrl/drone_racer/2026-09-02_20-09-09_ppo_torch_stage1_mixed/checkpoints/agent_50010.pt,8ac5a032a78bb88a568b9cfe2e15e95b0aad6f6d428a9ff04ee77fb9b2073364,150d107225160ac498040fa20d4ccf9e26ec2703,True,fixed_per_environment_quotas_v2,stress,11,54,False,False,,1,1,True,False,-3.460188150405884,2.29,1.0215212106704712,0.9486134052276611,3.3898766040802
/home/donglei/isaac_projects/isaac_drone_racer/.worktrees/stage1-fake-vio/logs/skrl/drone_racer/2026-09-02_20-09-09_ppo_torch_stage1_mixed/checkpoints/agent_50010.pt,8ac5a032a78bb88a568b9cfe2e15e95b0aad6f6d428a9ff04ee77fb9b2073364,150d107225160ac498040fa20d4ccf9e26ec2703,True,fixed_per_environment_quotas_v2,stress,11,55,False,False,,2,1,True,False,1.9636635780334473,2.3000000000000003,0.9543708562850952,0.4476863741874695,2.4912452697753906
/home/donglei/isaac_projects/isaac_drone_racer/.worktrees/stage1-fake-vio/logs/skrl/drone_racer/2026-09-02_20-09-09_ppo_torch_stage1_mixed/checkpoints/agent_50010.pt,8ac5a032a78bb88a568b9cfe2e15e95b0aad6f6d428a9ff04ee77fb9b2073364,150d107225160ac498040fa20d4ccf9e26ec2703,True,fixed_per_environment_quotas_v2,stress,11,56,False,False,,2,0,True,False,-3.4072160720825195,0.88,1.0934962034225464,0.5401545763015747,2.4488253593444824
/home/donglei/isaac_projects/isaac_drone_racer/.worktrees/stage1-fake-vio/logs/skrl/drone_racer/2026-09-02_20-09-09_ppo_torch_stage1_mixed/checkpoints/agent_50010.pt,8ac5a032a78bb88a568b9cfe2e15e95b0aad6f6d428a9ff04ee77fb9b2073364,150d107225160ac498040fa20d4ccf9e26ec2703,True,fixed_per_environment_quotas_v2,stress,11,57,False,False,,4,0,True,False,-2.2371444702148438,1.35,0.7640309929847717,0.32536986470222473,1.7476032972335815
/home/donglei/isaac_projects/isaac_drone_racer/.worktrees/stage1-fake-vio/logs/skrl/drone_racer/2026-09-02_20-09-09_ppo_torch_stage1_mixed/checkpoints/agent_50010.pt,8ac5a032a78bb88a568b9cfe2e15e95b0aad6f6d428a9ff04ee77fb9b2073364,150d107225160ac498040fa20d4ccf9e26ec2703,True,fixed_per_environment_quotas_v2,stress,11,58,False,False,,2,0,True,False,-3.0532712936401367,1.07,0.9089834094047546,0.4064804017543793,2.447021484375
/home/donglei/isaac_projects/isaac_drone_racer/.worktrees/stage1-fake-vio/logs/skrl/drone_racer/2026-09-02_20-09-09_ppo_torch_stage1_mixed/checkpoints/agent_50010.pt,8ac5a032a78bb88a568b9cfe2e15e95b0aad6f6d428a9ff04ee77fb9b2073364,150d107225160ac498040fa20d4ccf9e26ec2703,True,fixed_per_environment_quotas_v2,stress,11,59,False,False,,6,0,True,False,-3.1063032150268555,1.23,1.0914982557296753,0.621692955493927,3.163555383682251
/home/donglei/isaac_projects/isaac_drone_racer/.worktrees/stage1-fake-vio/logs/skrl/drone_racer/2026-09-02_20-09-09_ppo_torch_stage1_mixed/checkpoints/agent_50010.pt,8ac5a032a78bb88a568b9cfe2e15e95b0aad6f6d428a9ff04ee77fb9b2073364,150d107225160ac498040fa20d4ccf9e26ec2703,True,fixed_per_environment_quotas_v2,stress,11,60,False,False,,2,0,True,False,-3.494384765625,0.87,0.7027616500854492,0.4340311586856842,1.8184107542037964
/home/donglei/isaac_projects/isaac_drone_racer/.worktrees/stage1-fake-vio/logs/skrl/drone_racer/2026-09-02_20-09-09_ppo_torch_stage1_mixed/checkpoints/agent_50010.pt,8ac5a032a78bb88a568b9cfe2e15e95b0aad6f6d428a9ff04ee77fb9b2073364,150d107225160ac498040fa20d4ccf9e26ec2703,True,fixed_per_environment_quotas_v2,stress,11,61,False,False,,1,0,True,False,-4.320470809936523,1.26,0.8620166182518005,0.5840564370155334,2.7847228050231934
/home/donglei/isaac_projects/isaac_drone_racer/.worktrees/stage1-fake-vio/logs/skrl/drone_racer/2026-09-02_20-09-09_ppo_torch_stage1_mixed/checkpoints/agent_50010.pt,8ac5a032a78bb88a568b9cfe2e15e95b0aad6f6d428a9ff04ee77fb9b2073364,150d107225160ac498040fa20d4ccf9e26ec2703,True,fixed_per_environment_quotas_v2,stress,11,62,False,False,,4,0,True,False,-2.233384847640991,1.18,1.4396605491638184,0.5161651968955994,3.010183095932007
/home/donglei/isaac_projects/isaac_drone_racer/.worktrees/stage1-fake-vio/logs/skrl/drone_racer/2026-09-02_20-09-09_ppo_torch_stage1_mixed/checkpoints/agent_50010.pt,8ac5a032a78bb88a568b9cfe2e15e95b0aad6f6d428a9ff04ee77fb9b2073364,150d107225160ac498040fa20d4ccf9e26ec2703,True,fixed_per_environment_quotas_v2,stress,11,63,False,False,,4,1,True,False,3.8718008995056152,2.61,1.7367639541625977,0.8663825392723083,4.123042106628418
/home/donglei/isaac_projects/isaac_drone_racer/.worktrees/stage1-fake-vio/logs/skrl/drone_racer/2026-09-02_20-09-09_ppo_torch_stage1_mixed/checkpoints/agent_50010.pt,8ac5a032a78bb88a568b9cfe2e15e95b0aad6f6d428a9ff04ee77fb9b2073364,150d107225160ac498040fa20d4ccf9e26ec2703,True,fixed_per_environment_quotas_v2,stress,11,64,False,False,,1,0,True,False,-8.35676383972168,2.61,0.728732705116272,0.7526097297668457,2.8927040100097656
/home/donglei/isaac_projects/isaac_drone_racer/.worktrees/stage1-fake-vio/logs/skrl/drone_racer/2026-09-02_20-09-09_ppo_torch_stage1_mixed/checkpoints/agent_50010.pt,8ac5a032a78bb88a568b9cfe2e15e95b0aad6f6d428a9ff04ee77fb9b2073364,150d107225160ac498040fa20d4ccf9e26ec2703,True,fixed_per_environment_quotas_v2,stress,11,65,False,False,,4,0,True,False,-2.3083574771881104,1.26,1.2001607418060303,0.42260244488716125,2.61686110496521
/home/donglei/isaac_projects/isaac_drone_racer/.worktrees/stage1-fake-vio/logs/skrl/drone_racer/2026-09-02_20-09-09_ppo_torch_stage1_mixed/checkpoints/agent_50010.pt,8ac5a032a78bb88a568b9cfe2e15e95b0aad6f6d428a9ff04ee77fb9b2073364,150d107225160ac498040fa20d4ccf9e26ec2703,True,fixed_per_environment_quotas_v2,stress,11,66,False,False,,2,0,True,False,-3.090275287628174,1.17,0.7465505599975586,0.3884951174259186,1.9273651838302612
/home/donglei/isaac_projects/isaac_drone_racer/.worktrees/stage1-fake-vio/logs/skrl/drone_racer/2026-09-02_20-09-09_ppo_torch_stage1_mixed/checkpoints/agent_50010.pt,8ac5a032a78bb88a568b9cfe2e15e95b0aad6f6d428a9ff04ee77fb9b2073364,150d107225160ac498040fa20d4ccf9e26ec2703,True,fixed_per_environment_quotas_v2,stress,11,67,False,False,,2,0,True,False,-3.743730068206787,0.88,1.1491738557815552,0.6390959024429321,2.967301607131958
/home/donglei/isaac_projects/isaac_drone_racer/.worktrees/stage1-fake-vio/logs/skrl/drone_racer/2026-09-02_20-09-09_ppo_torch_stage1_mixed/checkpoints/agent_50010.pt,8ac5a032a78bb88a568b9cfe2e15e95b0aad6f6d428a9ff04ee77fb9b2073364,150d107225160ac498040fa20d4ccf9e26ec2703,True,fixed_per_environment_quotas_v2,stress,11,68,False,False,,7,0,True,False,-3.8783373832702637,1.08,0.7097654938697815,0.5731306076049805,2.253645420074463
/home/donglei/isaac_projects/isaac_drone_racer/.worktrees/stage1-fake-vio/logs/skrl/drone_racer/2026-09-02_20-09-09_ppo_torch_stage1_mixed/checkpoints/agent_50010.pt,8ac5a032a78bb88a568b9cfe2e15e95b0aad6f6d428a9ff04ee77fb9b2073364,150d107225160ac498040fa20d4ccf9e26ec2703,True,fixed_per_environment_quotas_v2,stress,11,69,False,False,,4,1,True,False,-4.229946136474609,2.7,1.9462534189224243,2.0219016075134277,3.545944929122925
/home/donglei/isaac_projects/isaac_drone_racer/.worktrees/stage1-fake-vio/logs/skrl/drone_racer/2026-09-02_20-09-09_ppo_torch_stage1_mixed/checkpoints/agent_50010.pt,8ac5a032a78bb88a568b9cfe2e15e95b0aad6f6d428a9ff04ee77fb9b2073364,150d107225160ac498040fa20d4ccf9e26ec2703,True,fixed_per_environment_quotas_v2,stress,11,70,False,False,,1,0,True,False,-8.713260650634766,2.74,1.0230705738067627,0.6860442161560059,3.928218126296997
/home/donglei/isaac_projects/isaac_drone_racer/.worktrees/stage1-fake-vio/logs/skrl/drone_racer/2026-09-02_20-09-09_ppo_torch_stage1_mixed/checkpoints/agent_50010.pt,8ac5a032a78bb88a568b9cfe2e15e95b0aad6f6d428a9ff04ee77fb9b2073364,150d107225160ac498040fa20d4ccf9e26ec2703,True,fixed_per_environment_quotas_v2,stress,11,71,False,False,,7,2,True,False,6.830503463745117,2.7800000000000002,1.0627981424331665,0.5364477038383484,2.7166638374328613
/home/donglei/isaac_projects/isaac_drone_racer/.worktrees/stage1-fake-vio/logs/skrl/drone_racer/2026-09-02_20-09-09_ppo_torch_stage1_mixed/checkpoints/agent_50010.pt,8ac5a032a78bb88a568b9cfe2e15e95b0aad6f6d428a9ff04ee77fb9b2073364,150d107225160ac498040fa20d4ccf9e26ec2703,True,fixed_per_environment_quotas_v2,stress,11,72,False,False,,1,0,True,False,-4.527411937713623,1.33,1.0006834268569946,0.7776526212692261,3.5422816276550293
/home/donglei/isaac_projects/isaac_drone_racer/.worktrees/stage1-fake-vio/logs/skrl/drone_racer/2026-09-02_20-09-09_ppo_torch_stage1_mixed/checkpoints/agent_50010.pt,8ac5a032a78bb88a568b9cfe2e15e95b0aad6f6d428a9ff04ee77fb9b2073364,150d107225160ac498040fa20d4ccf9e26ec2703,True,fixed_per_environment_quotas_v2,stress,11,73,False,False,,1,0,True,False,-8.79842472076416,2.8000000000000003,0.6775909066200256,0.5938915014266968,2.6730916500091553
/home/donglei/isaac_projects/isaac_drone_racer/.worktrees/stage1-fake-vio/logs/skrl/drone_racer/2026-09-02_20-09-09_ppo_torch_stage1_mixed/checkpoints/agent_50010.pt,8ac5a032a78bb88a568b9cfe2e15e95b0aad6f6d428a9ff04ee77fb9b2073364,150d107225160ac498040fa20d4ccf9e26ec2703,True,fixed_per_environment_quotas_v2,stress,11,74,False,False,,5,1,True,False,1.936171531677246,1.95,0.9280714392662048,0.44128671288490295,2.473543167114258
/home/donglei/isaac_projects/isaac_drone_racer/.worktrees/stage1-fake-vio/logs/skrl/drone_racer/2026-09-02_20-09-09_ppo_torch_stage1_mixed/checkpoints/agent_50010.pt,8ac5a032a78bb88a568b9cfe2e15e95b0aad6f6d428a9ff04ee77fb9b2073364,150d107225160ac498040fa20d4ccf9e26ec2703,True,fixed_per_environment_quotas_v2,stress,11,75,False,False,,7,0,True,False,-3.763662338256836,0.85,0.921970546245575,0.535234272480011,2.2982587814331055
/home/donglei/isaac_projects/isaac_drone_racer/.worktrees/stage1-fake-vio/logs/skrl/drone_racer/2026-09-02_20-09-09_ppo_torch_stage1_mixed/checkpoints/agent_50010.pt,8ac5a032a78bb88a568b9cfe2e15e95b0aad6f6d428a9ff04ee77fb9b2073364,150d107225160ac498040fa20d4ccf9e26ec2703,True,fixed_per_environment_quotas_v2,stress,11,76,False,False,,6,1,False,True,-2.3300862312316895,2.97,1.014906406402588,0.6627599596977234,3.1021504402160645
/home/donglei/isaac_projects/isaac_drone_racer/.worktrees/stage1-fake-vio/logs/skrl/drone_racer/2026-09-02_20-09-09_ppo_torch_stage1_mixed/checkpoints/agent_50010.pt,8ac5a032a78bb88a568b9cfe2e15e95b0aad6f6d428a9ff04ee77fb9b2073364,150d107225160ac498040fa20d4ccf9e26ec2703,True,fixed_per_environment_quotas_v2,stress,11,77,False,False,,7,2,False,True,-1.0504698753356934,2.97,1.3044906854629517,1.4829188585281372,2.499816656112671
/home/donglei/isaac_projects/isaac_drone_racer/.worktrees/stage1-fake-vio/logs/skrl/drone_racer/2026-09-02_20-09-09_ppo_torch_stage1_mixed/checkpoints/agent_50010.pt,8ac5a032a78bb88a568b9cfe2e15e95b0aad6f6d428a9ff04ee77fb9b2073364,150d107225160ac498040fa20d4ccf9e26ec2703,True,fixed_per_environment_quotas_v2,stress,11,78,False,False,,7,2,False,True,-0.9581847190856934,3.0,1.2829911708831787,0.8570274710655212,2.475752830505371
/home/donglei/isaac_projects/isaac_drone_racer/.worktrees/stage1-fake-vio/logs/skrl/drone_racer/2026-09-02_20-09-09_ppo_torch_stage1_mixed/checkpoints/agent_50010.pt,8ac5a032a78bb88a568b9cfe2e15e95b0aad6f6d428a9ff04ee77fb9b2073364,150d107225160ac498040fa20d4ccf9e26ec2703,True,fixed_per_environment_quotas_v2,stress,11,79,False,False,,6,2,True,False,7.71944522857666,3.02,1.4960616827011108,0.6242333650588989,3.2399423122406006
/home/donglei/isaac_projects/isaac_drone_racer/.worktrees/stage1-fake-vio/logs/skrl/drone_racer/2026-09-02_20-09-09_ppo_torch_stage1_mixed/checkpoints/agent_50010.pt,8ac5a032a78bb88a568b9cfe2e15e95b0aad6f6d428a9ff04ee77fb9b2073364,150d107225160ac498040fa20d4ccf9e26ec2703,True,fixed_per_environment_quotas_v2,stress,11,80,False,False,,1,0,True,False,-4.21483039855957,0.92,0.7124215364456177,0.4912371039390564,2.4456818103790283
/home/donglei/isaac_projects/isaac_drone_racer/.worktrees/stage1-fake-vio/logs/skrl/drone_racer/2026-09-02_20-09-09_ppo_torch_stage1_mixed/checkpoints/agent_50010.pt,8ac5a032a78bb88a568b9cfe2e15e95b0aad6f6d428a9ff04ee77fb9b2073364,150d107225160ac498040fa20d4ccf9e26ec2703,True,fixed_per_environment_quotas_v2,stress,11,81,False,False,,6,0,True,False,-3.1789498329162598,1.08,1.1115797758102417,0.614912211894989,2.735501289367676
/home/donglei/isaac_projects/isaac_drone_racer/.worktrees/stage1-fake-vio/logs/skrl/drone_racer/2026-09-02_20-09-09_ppo_torch_stage1_mixed/checkpoints/agent_50010.pt,8ac5a032a78bb88a568b9cfe2e15e95b0aad6f6d428a9ff04ee77fb9b2073364,150d107225160ac498040fa20d4ccf9e26ec2703,True,fixed_per_environment_quotas_v2,stress,11,82,False,False,,1,1,True,False,-3.5202343463897705,2.41,0.8919265866279602,0.612343966960907,1.917538046836853
/home/donglei/isaac_projects/isaac_drone_racer/.worktrees/stage1-fake-vio/logs/skrl/drone_racer/2026-09-02_20-09-09_ppo_torch_stage1_mixed/checkpoints/agent_50010.pt,8ac5a032a78bb88a568b9cfe2e15e95b0aad6f6d428a9ff04ee77fb9b2073364,150d107225160ac498040fa20d4ccf9e26ec2703,True,fixed_per_environment_quotas_v2,stress,11,83,False,False,,1,0,True,False,-4.146781921386719,1.23,1.030297875404358,0.4430173635482788,4.351120471954346
/home/donglei/isaac_projects/isaac_drone_racer/.worktrees/stage1-fake-vio/logs/skrl/drone_racer/2026-09-02_20-09-09_ppo_torch_stage1_mixed/checkpoints/agent_50010.pt,8ac5a032a78bb88a568b9cfe2e15e95b0aad6f6d428a9ff04ee77fb9b2073364,150d107225160ac498040fa20d4ccf9e26ec2703,True,fixed_per_environment_quotas_v2,stress,11,84,False,False,,2,2,True,False,5.608389377593994,2.41,0.6740014553070068,0.4999419152736664,2.627861976623535
/home/donglei/isaac_projects/isaac_drone_racer/.worktrees/stage1-fake-vio/logs/skrl/drone_racer/2026-09-02_20-09-09_ppo_torch_stage1_mixed/checkpoints/agent_50010.pt,8ac5a032a78bb88a568b9cfe2e15e95b0aad6f6d428a9ff04ee77fb9b2073364,150d107225160ac498040fa20d4ccf9e26ec2703,True,fixed_per_environment_quotas_v2,stress,11,85,False,False,,4,0,True,False,-2.350109815597534,1.2,1.2151213884353638,0.5248196125030518,2.6597118377685547
/home/donglei/isaac_projects/isaac_drone_racer/.worktrees/stage1-fake-vio/logs/skrl/drone_racer/2026-09-02_20-09-09_ppo_torch_stage1_mixed/checkpoints/agent_50010.pt,8ac5a032a78bb88a568b9cfe2e15e95b0aad6f6d428a9ff04ee77fb9b2073364,150d107225160ac498040fa20d4ccf9e26ec2703,True,fixed_per_environment_quotas_v2,stress,11,86,False,False,,7,1,False,True,-5.780247688293457,2.59,1.4902716875076294,1.9303309917449951,2.6427156925201416
/home/donglei/isaac_projects/isaac_drone_racer/.worktrees/stage1-fake-vio/logs/skrl/drone_racer/2026-09-02_20-09-09_ppo_torch_stage1_mixed/checkpoints/agent_50010.pt,8ac5a032a78bb88a568b9cfe2e15e95b0aad6f6d428a9ff04ee77fb9b2073364,150d107225160ac498040fa20d4ccf9e26ec2703,True,fixed_per_environment_quotas_v2,stress,11,87,False,False,,4,1,True,False,1.3072428703308105,1.32,1.3484630584716797,0.9574869275093079,3.0985541343688965
/home/donglei/isaac_projects/isaac_drone_racer/.worktrees/stage1-fake-vio/logs/skrl/drone_racer/2026-09-02_20-09-09_ppo_torch_stage1_mixed/checkpoints/agent_50010.pt,8ac5a032a78bb88a568b9cfe2e15e95b0aad6f6d428a9ff04ee77fb9b2073364,150d107225160ac498040fa20d4ccf9e26ec2703,True,fixed_per_environment_quotas_v2,stress,11,88,False,False,,2,0,True,False,-3.422795295715332,1.03,0.8710817098617554,0.5535476207733154,2.1907341480255127
/home/donglei/isaac_projects/isaac_drone_racer/.worktrees/stage1-fake-vio/logs/skrl/drone_racer/2026-09-02_20-09-09_ppo_torch_stage1_mixed/checkpoints/agent_50010.pt,8ac5a032a78bb88a568b9cfe2e15e95b0aad6f6d428a9ff04ee77fb9b2073364,150d107225160ac498040fa20d4ccf9e26ec2703,True,fixed_per_environment_quotas_v2,stress,11,89,False,False,,2,0,True,False,-3.1045713424682617,1.05,1.0750004053115845,0.4087926745414734,2.397404193878174
/home/donglei/isaac_projects/isaac_drone_racer/.worktrees/stage1-fake-vio/logs/skrl/drone_racer/2026-09-02_20-09-09_ppo_torch_stage1_mixed/checkpoints/agent_50010.pt,8ac5a032a78bb88a568b9cfe2e15e95b0aad6f6d428a9ff04ee77fb9b2073364,150d107225160ac498040fa20d4ccf9e26ec2703,True,fixed_per_environment_quotas_v2,stress,11,90,False,False,,1,1,True,False,-3.0272533893585205,3.66,1.070159912109375,0.6025164723396301,3.3383636474609375
/home/donglei/isaac_projects/isaac_drone_racer/.worktrees/stage1-fake-vio/logs/skrl/drone_racer/2026-09-02_20-09-09_ppo_torch_stage1_mixed/checkpoints/agent_50010.pt,8ac5a032a78bb88a568b9cfe2e15e95b0aad6f6d428a9ff04ee77fb9b2073364,150d107225160ac498040fa20d4ccf9e26ec2703,True,fixed_per_environment_quotas_v2,stress,11,91,False,False,,4,1,True,False,3.8365283012390137,2.33,0.9883177876472473,0.3217141032218933,2.1095316410064697
/home/donglei/isaac_projects/isaac_drone_racer/.worktrees/stage1-fake-vio/logs/skrl/drone_racer/2026-09-02_20-09-09_ppo_torch_stage1_mixed/checkpoints/agent_50010.pt,8ac5a032a78bb88a568b9cfe2e15e95b0aad6f6d428a9ff04ee77fb9b2073364,150d107225160ac498040fa20d4ccf9e26ec2703,True,fixed_per_environment_quotas_v2,stress,11,92,False,False,,1,0,True,False,-8.915543556213379,2.69,0.9689595103263855,0.7221848368644714,3.7093002796173096
/home/donglei/isaac_projects/isaac_drone_racer/.worktrees/stage1-fake-vio/logs/skrl/drone_racer/2026-09-02_20-09-09_ppo_torch_stage1_mixed/checkpoints/agent_50010.pt,8ac5a032a78bb88a568b9cfe2e15e95b0aad6f6d428a9ff04ee77fb9b2073364,150d107225160ac498040fa20d4ccf9e26ec2703,True,fixed_per_environment_quotas_v2,stress,11,93,False,False,,4,1,True,False,1.0838985443115234,1.05,1.500328540802002,0.44181105494499207,3.0551440715789795
/home/donglei/isaac_projects/isaac_drone_racer/.worktrees/stage1-fake-vio/logs/skrl/drone_racer/2026-09-02_20-09-09_ppo_torch_stage1_mixed/checkpoints/agent_50010.pt,8ac5a032a78bb88a568b9cfe2e15e95b0aad6f6d428a9ff04ee77fb9b2073364,150d107225160ac498040fa20d4ccf9e26ec2703,True,fixed_per_environment_quotas_v2,stress,11,94,False,False,,1,0,True,False,-4.0939507484436035,0.87,0.6303578019142151,0.4685267508029938,2.3684701919555664
/home/donglei/isaac_projects/isaac_drone_racer/.worktrees/stage1-fake-vio/logs/skrl/drone_racer/2026-09-02_20-09-09_ppo_torch_stage1_mixed/checkpoints/agent_50010.pt,8ac5a032a78bb88a568b9cfe2e15e95b0aad6f6d428a9ff04ee77fb9b2073364,150d107225160ac498040fa20d4ccf9e26ec2703,True,fixed_per_environment_quotas_v2,stress,11,95,False,False,,6,0,True,False,-3.244042158126831,1.03,1.2385224103927612,0.6586931943893433,2.9726922512054443
/home/donglei/isaac_projects/isaac_drone_racer/.worktrees/stage1-fake-vio/logs/skrl/drone_racer/2026-09-02_20-09-09_ppo_torch_stage1_mixed/checkpoints/agent_50010.pt,8ac5a032a78bb88a568b9cfe2e15e95b0aad6f6d428a9ff04ee77fb9b2073364,150d107225160ac498040fa20d4ccf9e26ec2703,True,fixed_per_environment_quotas_v2,stress,11,96,False,False,,1,0,True,False,-4.224446773529053,1.03,0.8438172936439514,0.7671278119087219,2.892554998397827
/home/donglei/isaac_projects/isaac_drone_racer/.worktrees/stage1-fake-vio/logs/skrl/drone_racer/2026-09-02_20-09-09_ppo_torch_stage1_mixed/checkpoints/agent_50010.pt,8ac5a032a78bb88a568b9cfe2e15e95b0aad6f6d428a9ff04ee77fb9b2073364,150d107225160ac498040fa20d4ccf9e26ec2703,True,fixed_per_environment_quotas_v2,stress,11,97,False,False,,3,2,True,False,8.050793647766113,3.14,0.8404155969619751,0.3709428608417511,2.4270505905151367
/home/donglei/isaac_projects/isaac_drone_racer/.worktrees/stage1-fake-vio/logs/skrl/drone_racer/2026-09-02_20-09-09_ppo_torch_stage1_mixed/checkpoints/agent_50010.pt,8ac5a032a78bb88a568b9cfe2e15e95b0aad6f6d428a9ff04ee77fb9b2073364,150d107225160ac498040fa20d4ccf9e26ec2703,True,fixed_per_environment_quotas_v2,stress,11,98,False,False,,7,2,True,False,6.060849189758301,4.13,0.745210587978363,0.7698351144790649,2.1124062538146973
/home/donglei/isaac_projects/isaac_drone_racer/.worktrees/stage1-fake-vio/logs/skrl/drone_racer/2026-09-02_20-09-09_ppo_torch_stage1_mixed/checkpoints/agent_50010.pt,8ac5a032a78bb88a568b9cfe2e15e95b0aad6f6d428a9ff04ee77fb9b2073364,150d107225160ac498040fa20d4ccf9e26ec2703,True,fixed_per_environment_quotas_v2,stress,11,99,False,False,,2,3,True,False,13.412110328674316,4.16,0.7560034990310669,0.35196101665496826,2.2773892879486084
/home/donglei/isaac_projects/isaac_drone_racer/.worktrees/stage1-fake-vio/logs/skrl/drone_racer/2026-09-02_20-09-09_ppo_torch_stage1_mixed/checkpoints/agent_50010.pt,8ac5a032a78bb88a568b9cfe2e15e95b0aad6f6d428a9ff04ee77fb9b2073364,150d107225160ac498040fa20d4ccf9e26ec2703,True,fixed_per_environment_quotas_v2,stress,11,100,False,False,,2,4,True,False,18.098661422729492,4.23,0.8272194266319275,0.3059135377407074,2.2793500423431396
/home/donglei/isaac_projects/isaac_drone_racer/.worktrees/stage1-fake-vio/logs/skrl/drone_racer/2026-09-02_20-09-09_ppo_torch_stage1_mixed/checkpoints/agent_50010.pt,8ac5a032a78bb88a568b9cfe2e15e95b0aad6f6d428a9ff04ee77fb9b2073364,150d107225160ac498040fa20d4ccf9e26ec2703,True,fixed_per_environment_quotas_v2,stress,11,101,False,False,,1,1,True,False,-0.39333534240722656,1.67,0.7423226833343506,1.0415751934051514,2.4902195930480957
/home/donglei/isaac_projects/isaac_drone_racer/.worktrees/stage1-fake-vio/logs/skrl/drone_racer/2026-09-02_20-09-09_ppo_torch_stage1_mixed/checkpoints/agent_50010.pt,8ac5a032a78bb88a568b9cfe2e15e95b0aad6f6d428a9ff04ee77fb9b2073364,150d107225160ac498040fa20d4ccf9e26ec2703,True,fixed_per_environment_quotas_v2,stress,11,102,False,False,,4,4,True,False,20.08779525756836,4.88,0.8240668177604675,0.28276097774505615,2.060823917388916
/home/donglei/isaac_projects/isaac_drone_racer/.worktrees/stage1-fake-vio/logs/skrl/drone_racer/2026-09-02_20-09-09_ppo_torch_stage1_mixed/checkpoints/agent_50010.pt,8ac5a032a78bb88a568b9cfe2e15e95b0aad6f6d428a9ff04ee77fb9b2073364,150d107225160ac498040fa20d4ccf9e26ec2703,True,fixed_per_environment_quotas_v2,stress,11,103,False,False,,1,1,True,False,-3.4855823516845703,4.91,1.1808770895004272,0.7939366698265076,4.285766124725342
/home/donglei/isaac_projects/isaac_drone_racer/.worktrees/stage1-fake-vio/logs/skrl/drone_racer/2026-09-02_20-09-09_ppo_torch_stage1_mixed/checkpoints/agent_50010.pt,8ac5a032a78bb88a568b9cfe2e15e95b0aad6f6d428a9ff04ee77fb9b2073364,150d107225160ac498040fa20d4ccf9e26ec2703,True,fixed_per_environment_quotas_v2,stress,11,104,False,False,,3,5,True,False,24.031448364257812,5.0200000000000005,0.7379298806190491,0.2636469006538391,1.9513999223709106
/home/donglei/isaac_projects/isaac_drone_racer/.worktrees/stage1-fake-vio/logs/skrl/drone_racer/2026-09-02_20-09-09_ppo_torch_stage1_mixed/checkpoints/agent_50010.pt,8ac5a032a78bb88a568b9cfe2e15e95b0aad6f6d428a9ff04ee77fb9b2073364,150d107225160ac498040fa20d4ccf9e26ec2703,True,fixed_per_environment_quotas_v2,stress,11,105,False,False,,2,0,True,False,-3.421062469482422,0.81,1.383457899093628,0.6683788895606995,2.9520199298858643
/home/donglei/isaac_projects/isaac_drone_racer/.worktrees/stage1-fake-vio/logs/skrl/drone_racer/2026-09-02_20-09-09_ppo_torch_stage1_mixed/checkpoints/agent_50010.pt,8ac5a032a78bb88a568b9cfe2e15e95b0aad6f6d428a9ff04ee77fb9b2073364,150d107225160ac498040fa20d4ccf9e26ec2703,True,fixed_per_environment_quotas_v2,stress,11,106,False,False,,4,2,False,True,-0.5472784042358398,5.12,1.449629545211792,1.9405522346496582,2.6973812580108643
/home/donglei/isaac_projects/isaac_drone_racer/.worktrees/stage1-fake-vio/logs/skrl/drone_racer/2026-09-02_20-09-09_ppo_torch_stage1_mixed/checkpoints/agent_50010.pt,8ac5a032a78bb88a568b9cfe2e15e95b0aad6f6d428a9ff04ee77fb9b2073364,150d107225160ac498040fa20d4ccf9e26ec2703,True,fixed_per_environment_quotas_v2,stress,11,107,False,False,,4,3,True,False,12.577652931213379,3.13,1.8292104005813599,0.5356003046035767,3.1589229106903076
/home/donglei/isaac_projects/isaac_drone_racer/.worktrees/stage1-fake-vio/logs/skrl/drone_racer/2026-09-02_20-09-09_ppo_torch_stage1_mixed/checkpoints/agent_50010.pt,8ac5a032a78bb88a568b9cfe2e15e95b0aad6f6d428a9ff04ee77fb9b2073364,150d107225160ac498040fa20d4ccf9e26ec2703,True,fixed_per_environment_quotas_v2,stress,11,108,False,False,,6,1,True,False,0.6888670921325684,1.24,0.7047483325004578,0.29475653171539307,1.9042056798934937
/home/donglei/isaac_projects/isaac_drone_racer/.worktrees/stage1-fake-vio/logs/skrl/drone_racer/2026-09-02_20-09-09_ppo_torch_stage1_mixed/checkpoints/agent_50010.pt,8ac5a032a78bb88a568b9cfe2e15e95b0aad6f6d428a9ff04ee77fb9b2073364,150d107225160ac498040fa20d4ccf9e26ec2703,True,fixed_per_environment_quotas_v2,stress,11,109,False,False,,1,3,True,False,10.850067138671875,2.7800000000000002,1.1391160488128662,0.3984495997428894,3.063837766647339
/home/donglei/isaac_projects/isaac_drone_racer/.worktrees/stage1-fake-vio/logs/skrl/drone_racer/2026-09-02_20-09-09_ppo_torch_stage1_mixed/checkpoints/agent_50010.pt,8ac5a032a78bb88a568b9cfe2e15e95b0aad6f6d428a9ff04ee77fb9b2073364,150d107225160ac498040fa20d4ccf9e26ec2703,True,fixed_per_environment_quotas_v2,stress,11,110,False,False,,1,1,True,False,-0.30916786193847656,1.98,0.6877641677856445,0.5034081339836121,2.288210868835449
/home/donglei/isaac_projects/isaac_drone_racer/.worktrees/stage1-fake-vio/logs/skrl/drone_racer/2026-09-02_20-09-09_ppo_torch_stage1_mixed/checkpoints/agent_50010.pt,8ac5a032a78bb88a568b9cfe2e15e95b0aad6f6d428a9ff04ee77fb9b2073364,150d107225160ac498040fa20d4ccf9e26ec2703,True,fixed_per_environment_quotas_v2,stress,11,111,False,False,,2,3,False,True,5.470021724700928,5.11,1.0649709701538086,0.6398641467094421,2.535022497177124
/home/donglei/isaac_projects/isaac_drone_racer/.worktrees/stage1-fake-vio/logs/skrl/drone_racer/2026-09-02_20-09-09_ppo_torch_stage1_mixed/checkpoints/agent_50010.pt,8ac5a032a78bb88a568b9cfe2e15e95b0aad6f6d428a9ff04ee77fb9b2073364,150d107225160ac498040fa20d4ccf9e26ec2703,True,fixed_per_environment_quotas_v2,stress,11,112,False,False,,7,2,True,False,6.735075950622559,2.32,1.2789485454559326,0.42360177636146545,3.799252510070801
/home/donglei/isaac_projects/isaac_drone_racer/.worktrees/stage1-fake-vio/logs/skrl/drone_racer/2026-09-02_20-09-09_ppo_torch_stage1_mixed/checkpoints/agent_50010.pt,8ac5a032a78bb88a568b9cfe2e15e95b0aad6f6d428a9ff04ee77fb9b2073364,150d107225160ac498040fa20d4ccf9e26ec2703,True,fixed_per_environment_quotas_v2,stress,11,113,False,False,,6,6,True,False,30.732730865478516,6.51,0.9188611507415771,0.35553181171417236,2.430330753326416
/home/donglei/isaac_projects/isaac_drone_racer/.worktrees/stage1-fake-vio/logs/skrl/drone_racer/2026-09-02_20-09-09_ppo_torch_stage1_mixed/checkpoints/agent_50010.pt,8ac5a032a78bb88a568b9cfe2e15e95b0aad6f6d428a9ff04ee77fb9b2073364,150d107225160ac498040fa20d4ccf9e26ec2703,True,fixed_per_environment_quotas_v2,stress,11,114,False,False,,4,0,True,False,-2.8782622814178467,1.71,1.3975162506103516,1.5279128551483154,5.1689372062683105
/home/donglei/isaac_projects/isaac_drone_racer/.worktrees/stage1-fake-vio/logs/skrl/drone_racer/2026-09-02_20-09-09_ppo_torch_stage1_mixed/checkpoints/agent_50010.pt,8ac5a032a78bb88a568b9cfe2e15e95b0aad6f6d428a9ff04ee77fb9b2073364,150d107225160ac498040fa20d4ccf9e26ec2703,True,fixed_per_environment_quotas_v2,stress,11,115,False,False,,2,5,True,False,24.48501968383789,4.96,0.9257937669754028,0.33478671312332153,2.7621705532073975
/home/donglei/isaac_projects/isaac_drone_racer/.worktrees/stage1-fake-vio/logs/skrl/drone_racer/2026-09-02_20-09-09_ppo_torch_stage1_mixed/checkpoints/agent_50010.pt,8ac5a032a78bb88a568b9cfe2e15e95b0aad6f6d428a9ff04ee77fb9b2073364,150d107225160ac498040fa20d4ccf9e26ec2703,True,fixed_per_environment_quotas_v2,stress,11,116,False,False,,1,0,True,False,-4.4276227951049805,1.2,0.8815845847129822,0.6979414224624634,3.149264097213745
/home/donglei/isaac_projects/isaac_drone_racer/.worktrees/stage1-fake-vio/logs/skrl/drone_racer/2026-09-02_20-09-09_ppo_torch_stage1_mixed/checkpoints/agent_50010.pt,8ac5a032a78bb88a568b9cfe2e15e95b0aad6f6d428a9ff04ee77fb9b2073364,150d107225160ac498040fa20d4ccf9e26ec2703,True,fixed_per_environment_quotas_v2,stress,11,117,False,False,,5,5,True,False,22.16604232788086,6.28,1.2240601778030396,1.1492620706558228,3.360147476196289
/home/donglei/isaac_projects/isaac_drone_racer/.worktrees/stage1-fake-vio/logs/skrl/drone_racer/2026-09-02_20-09-09_ppo_torch_stage1_mixed/checkpoints/agent_50010.pt,8ac5a032a78bb88a568b9cfe2e15e95b0aad6f6d428a9ff04ee77fb9b2073364,150d107225160ac498040fa20d4ccf9e26ec2703,True,fixed_per_environment_quotas_v2,stress,11,118,False,False,,6,2,True,False,3.746211051940918,3.11,1.2234032154083252,0.535248339176178,2.7723569869995117
/home/donglei/isaac_projects/isaac_drone_racer/.worktrees/stage1-fake-vio/logs/skrl/drone_racer/2026-09-02_20-09-09_ppo_torch_stage1_mixed/checkpoints/agent_50010.pt,8ac5a032a78bb88a568b9cfe2e15e95b0aad6f6d428a9ff04ee77fb9b2073364,150d107225160ac498040fa20d4ccf9e26ec2703,True,fixed_per_environment_quotas_v2,stress,11,119,False,False,,4,1,True,False,-0.42086076736450195,3.2,1.4393154382705688,0.48659104108810425,3.398934841156006
/home/donglei/isaac_projects/isaac_drone_racer/.worktrees/stage1-fake-vio/logs/skrl/drone_racer/2026-09-02_20-09-09_ppo_torch_stage1_mixed/checkpoints/agent_50010.pt,8ac5a032a78bb88a568b9cfe2e15e95b0aad6f6d428a9ff04ee77fb9b2073364,150d107225160ac498040fa20d4ccf9e26ec2703,True,fixed_per_environment_quotas_v2,stress,11,120,False,False,,4,5,True,False,26.194013595581055,5.82,0.8477067947387695,0.3273768424987793,2.0710058212280273
/home/donglei/isaac_projects/isaac_drone_racer/.worktrees/stage1-fake-vio/logs/skrl/drone_racer/2026-09-02_20-09-09_ppo_torch_stage1_mixed/checkpoints/agent_50010.pt,8ac5a032a78bb88a568b9cfe2e15e95b0aad6f6d428a9ff04ee77fb9b2073364,150d107225160ac498040fa20d4ccf9e26ec2703,True,fixed_per_environment_quotas_v2,stress,11,121,True,True,6.15,,7,False,False,39.71309280395508,6.15,0.8198444247245789,0.29408344626426697,2.148653507232666
/home/donglei/isaac_projects/isaac_drone_racer/.worktrees/stage1-fake-vio/logs/skrl/drone_racer/2026-09-02_20-09-09_ppo_torch_stage1_mixed/checkpoints/agent_50010.pt,8ac5a032a78bb88a568b9cfe2e15e95b0aad6f6d428a9ff04ee77fb9b2073364,150d107225160ac498040fa20d4ccf9e26ec2703,True,fixed_per_environment_quotas_v2,stress,11,122,True,True,6.51,,7,False,False,39.98420715332031,6.51,0.9039620161056519,0.32657063007354736,2.213519334793091
/home/donglei/isaac_projects/isaac_drone_racer/.worktrees/stage1-fake-vio/logs/skrl/drone_racer/2026-09-02_20-09-09_ppo_torch_stage1_mixed/checkpoints/agent_50010.pt,8ac5a032a78bb88a568b9cfe2e15e95b0aad6f6d428a9ff04ee77fb9b2073364,150d107225160ac498040fa20d4ccf9e26ec2703,True,fixed_per_environment_quotas_v2,stress,11,123,True,True,6.37,,7,False,False,39.88456726074219,6.37,1.0480835437774658,0.3755537271499634,2.5905675888061523
/home/donglei/isaac_projects/isaac_drone_racer/.worktrees/stage1-fake-vio/logs/skrl/drone_racer/2026-09-02_20-09-09_ppo_torch_stage1_mixed/checkpoints/agent_50010.pt,8ac5a032a78bb88a568b9cfe2e15e95b0aad6f6d428a9ff04ee77fb9b2073364,150d107225160ac498040fa20d4ccf9e26ec2703,True,fixed_per_environment_quotas_v2,stress,11,124,True,True,6.13,,7,False,False,39.88270568847656,6.13,0.8238785266876221,0.27666452527046204,2.0475566387176514
/home/donglei/isaac_projects/isaac_drone_racer/.worktrees/stage1-fake-vio/logs/skrl/drone_racer/2026-09-02_20-09-09_ppo_torch_stage1_mixed/checkpoints/agent_50010.pt,8ac5a032a78bb88a568b9cfe2e15e95b0aad6f6d428a9ff04ee77fb9b2073364,150d107225160ac498040fa20d4ccf9e26ec2703,True,fixed_per_environment_quotas_v2,stress,11,125,False,False,,6,0,True,False,-3.093085289001465,1.03,0.9239018559455872,0.42635226249694824,2.453580617904663
/home/donglei/isaac_projects/isaac_drone_racer/.worktrees/stage1-fake-vio/logs/skrl/drone_racer/2026-09-02_20-09-09_ppo_torch_stage1_mixed/checkpoints/agent_50010.pt,8ac5a032a78bb88a568b9cfe2e15e95b0aad6f6d428a9ff04ee77fb9b2073364,150d107225160ac498040fa20d4ccf9e26ec2703,True,fixed_per_environment_quotas_v2,stress,11,126,True,True,6.21,,7,False,False,39.60592269897461,6.21,0.7748899459838867,0.30878618359565735,2.053550958633423
/home/donglei/isaac_projects/isaac_drone_racer/.worktrees/stage1-fake-vio/logs/skrl/drone_racer/2026-09-02_20-09-09_ppo_torch_stage1_mixed/checkpoints/agent_50010.pt,8ac5a032a78bb88a568b9cfe2e15e95b0aad6f6d428a9ff04ee77fb9b2073364,150d107225160ac498040fa20d4ccf9e26ec2703,True,fixed_per_environment_quotas_v2,stress,11,127,True,True,6.25,,7,False,False,39.89628982543945,6.25,0.8126762509346008,0.3113701343536377,2.038698196411133
/home/donglei/isaac_projects/isaac_drone_racer/.worktrees/stage1-fake-vio/logs/skrl/drone_racer/2026-09-02_20-09-09_ppo_torch_stage1_mixed/checkpoints/agent_50010.pt,8ac5a032a78bb88a568b9cfe2e15e95b0aad6f6d428a9ff04ee77fb9b2073364,150d107225160ac498040fa20d4ccf9e26ec2703,True,fixed_per_environment_quotas_v2,stress,29,0,False,False,,4,0,True,False,-5.094325065612793,0.03,0.3158552944660187,1.1664440631866455,5.834105014801025
/home/donglei/isaac_projects/isaac_drone_racer/.worktrees/stage1-fake-vio/logs/skrl/drone_racer/2026-09-02_20-09-09_ppo_torch_stage1_mixed/checkpoints/agent_50010.pt,8ac5a032a78bb88a568b9cfe2e15e95b0aad6f6d428a9ff04ee77fb9b2073364,150d107225160ac498040fa20d4ccf9e26ec2703,True,fixed_per_environment_quotas_v2,stress,29,1,False,False,,6,0,True,False,-4.865957260131836,0.1,0.5259772539138794,0.11784148216247559,0.8996438980102539
/home/donglei/isaac_projects/isaac_drone_racer/.worktrees/stage1-fake-vio/logs/skrl/drone_racer/2026-09-02_20-09-09_ppo_torch_stage1_mixed/checkpoints/agent_50010.pt,8ac5a032a78bb88a568b9cfe2e15e95b0aad6f6d428a9ff04ee77fb9b2073364,150d107225160ac498040fa20d4ccf9e26ec2703,True,fixed_per_environment_quotas_v2,stress,29,2,False,False,,4,0,True,False,-4.902866363525391,0.1,0.3273020386695862,0.18367859721183777,3.3465702533721924
/home/donglei/isaac_projects/isaac_drone_racer/.worktrees/stage1-fake-vio/logs/skrl/drone_racer/2026-09-02_20-09-09_ppo_torch_stage1_mixed/checkpoints/agent_50010.pt,8ac5a032a78bb88a568b9cfe2e15e95b0aad6f6d428a9ff04ee77fb9b2073364,150d107225160ac498040fa20d4ccf9e26ec2703,True,fixed_per_environment_quotas_v2,stress,29,3,False,False,,6,0,True,False,-4.730959892272949,0.13,0.5847432017326355,0.1805911660194397,1.5973514318466187
/home/donglei/isaac_projects/isaac_drone_racer/.worktrees/stage1-fake-vio/logs/skrl/drone_racer/2026-09-02_20-09-09_ppo_torch_stage1_mixed/checkpoints/agent_50010.pt,8ac5a032a78bb88a568b9cfe2e15e95b0aad6f6d428a9ff04ee77fb9b2073364,150d107225160ac498040fa20d4ccf9e26ec2703,True,fixed_per_environment_quotas_v2,stress,29,4,False,False,,7,0,False,True,-6.147541046142578,0.15,2.0602211952209473,1.8654364347457886,2.1310203075408936
/home/donglei/isaac_projects/isaac_drone_racer/.worktrees/stage1-fake-vio/logs/skrl/drone_racer/2026-09-02_20-09-09_ppo_torch_stage1_mixed/checkpoints/agent_50010.pt,8ac5a032a78bb88a568b9cfe2e15e95b0aad6f6d428a9ff04ee77fb9b2073364,150d107225160ac498040fa20d4ccf9e26ec2703,True,fixed_per_environment_quotas_v2,stress,29,5,False,False,,7,0,True,False,-4.845805644989014,0.15,0.45536452531814575,0.45570120215415955,1.8744430541992188
/home/donglei/isaac_projects/isaac_drone_racer/.worktrees/stage1-fake-vio/logs/skrl/drone_racer/2026-09-02_20-09-09_ppo_torch_stage1_mixed/checkpoints/agent_50010.pt,8ac5a032a78bb88a568b9cfe2e15e95b0aad6f6d428a9ff04ee77fb9b2073364,150d107225160ac498040fa20d4ccf9e26ec2703,True,fixed_per_environment_quotas_v2,stress,29,6,False,False,,1,0,True,False,-5.276147842407227,0.19,0.49417075514793396,0.5632642507553101,2.458545446395874
/home/donglei/isaac_projects/isaac_drone_racer/.worktrees/stage1-fake-vio/logs/skrl/drone_racer/2026-09-02_20-09-09_ppo_torch_stage1_mixed/checkpoints/agent_50010.pt,8ac5a032a78bb88a568b9cfe2e15e95b0aad6f6d428a9ff04ee77fb9b2073364,150d107225160ac498040fa20d4ccf9e26ec2703,True,fixed_per_environment_quotas_v2,stress,29,7,False,False,,1,0,True,False,-4.913913249969482,0.21,0.4430733621120453,0.30761587619781494,2.308387041091919
/home/donglei/isaac_projects/isaac_drone_racer/.worktrees/stage1-fake-vio/logs/skrl/drone_racer/2026-09-02_20-09-09_ppo_torch_stage1_mixed/checkpoints/agent_50010.pt,8ac5a032a78bb88a568b9cfe2e15e95b0aad6f6d428a9ff04ee77fb9b2073364,150d107225160ac498040fa20d4ccf9e26ec2703,True,fixed_per_environment_quotas_v2,stress,29,8,False,False,,6,0,True,False,-4.588592052459717,0.22,0.9784224629402161,0.1756715476512909,3.2697372436523438
/home/donglei/isaac_projects/isaac_drone_racer/.worktrees/stage1-fake-vio/logs/skrl/drone_racer/2026-09-02_20-09-09_ppo_torch_stage1_mixed/checkpoints/agent_50010.pt,8ac5a032a78bb88a568b9cfe2e15e95b0aad6f6d428a9ff04ee77fb9b2073364,150d107225160ac498040fa20d4ccf9e26ec2703,True,fixed_per_environment_quotas_v2,stress,29,9,False,False,,1,0,True,False,-4.809555530548096,0.22,0.6046724319458008,0.18490442633628845,2.532500743865967
/home/donglei/isaac_projects/isaac_drone_racer/.worktrees/stage1-fake-vio/logs/skrl/drone_racer/2026-09-02_20-09-09_ppo_torch_stage1_mixed/checkpoints/agent_50010.pt,8ac5a032a78bb88a568b9cfe2e15e95b0aad6f6d428a9ff04ee77fb9b2073364,150d107225160ac498040fa20d4ccf9e26ec2703,True,fixed_per_environment_quotas_v2,stress,29,10,False,False,,2,0,True,False,-5.006669998168945,0.24,0.5140553116798401,0.03318052738904953,1.2351237535476685
/home/donglei/isaac_projects/isaac_drone_racer/.worktrees/stage1-fake-vio/logs/skrl/drone_racer/2026-09-02_20-09-09_ppo_torch_stage1_mixed/checkpoints/agent_50010.pt,8ac5a032a78bb88a568b9cfe2e15e95b0aad6f6d428a9ff04ee77fb9b2073364,150d107225160ac498040fa20d4ccf9e26ec2703,True,fixed_per_environment_quotas_v2,stress,29,11,False,False,,1,0,True,False,-5.1870245933532715,0.29,0.5471940636634827,0.35661983489990234,3.0324254035949707
/home/donglei/isaac_projects/isaac_drone_racer/.worktrees/stage1-fake-vio/logs/skrl/drone_racer/2026-09-02_20-09-09_ppo_torch_stage1_mixed/checkpoints/agent_50010.pt,8ac5a032a78bb88a568b9cfe2e15e95b0aad6f6d428a9ff04ee77fb9b2073364,150d107225160ac498040fa20d4ccf9e26ec2703,True,fixed_per_environment_quotas_v2,stress,29,12,False,False,,2,0,True,False,-4.461960792541504,0.31,0.4943254292011261,0.1546565294265747,1.8764437437057495
/home/donglei/isaac_projects/isaac_drone_racer/.worktrees/stage1-fake-vio/logs/skrl/drone_racer/2026-09-02_20-09-09_ppo_torch_stage1_mixed/checkpoints/agent_50010.pt,8ac5a032a78bb88a568b9cfe2e15e95b0aad6f6d428a9ff04ee77fb9b2073364,150d107225160ac498040fa20d4ccf9e26ec2703,True,fixed_per_environment_quotas_v2,stress,29,13,False,False,,2,0,True,False,-3.9521095752716064,0.36,1.4723478555679321,0.6407573819160461,1.6086320877075195
/home/donglei/isaac_projects/isaac_drone_racer/.worktrees/stage1-fake-vio/logs/skrl/drone_racer/2026-09-02_20-09-09_ppo_torch_stage1_mixed/checkpoints/agent_50010.pt,8ac5a032a78bb88a568b9cfe2e15e95b0aad6f6d428a9ff04ee77fb9b2073364,150d107225160ac498040fa20d4ccf9e26ec2703,True,fixed_per_environment_quotas_v2,stress,29,14,False,False,,1,0,True,False,-9.476604461669922,0.45,1.1147767305374146,0.5316464304924011,3.5840213298797607
/home/donglei/isaac_projects/isaac_drone_racer/.worktrees/stage1-fake-vio/logs/skrl/drone_racer/2026-09-02_20-09-09_ppo_torch_stage1_mixed/checkpoints/agent_50010.pt,8ac5a032a78bb88a568b9cfe2e15e95b0aad6f6d428a9ff04ee77fb9b2073364,150d107225160ac498040fa20d4ccf9e26ec2703,True,fixed_per_environment_quotas_v2,stress,29,15,False,False,,7,0,False,True,-7.884719371795654,0.46,2.2909295558929443,1.839683175086975,2.471196174621582
/home/donglei/isaac_projects/isaac_drone_racer/.worktrees/stage1-fake-vio/logs/skrl/drone_racer/2026-09-02_20-09-09_ppo_torch_stage1_mixed/checkpoints/agent_50010.pt,8ac5a032a78bb88a568b9cfe2e15e95b0aad6f6d428a9ff04ee77fb9b2073364,150d107225160ac498040fa20d4ccf9e26ec2703,True,fixed_per_environment_quotas_v2,stress,29,16,False,False,,2,0,True,False,-5.822015285491943,0.46,1.0462439060211182,0.8685200810432434,2.6638271808624268
/home/donglei/isaac_projects/isaac_drone_racer/.worktrees/stage1-fake-vio/logs/skrl/drone_racer/2026-09-02_20-09-09_ppo_torch_stage1_mixed/checkpoints/agent_50010.pt,8ac5a032a78bb88a568b9cfe2e15e95b0aad6f6d428a9ff04ee77fb9b2073364,150d107225160ac498040fa20d4ccf9e26ec2703,True,fixed_per_environment_quotas_v2,stress,29,17,False,False,,4,0,True,False,-3.4099061489105225,0.54,1.2074815034866333,0.4370189607143402,2.4758410453796387
/home/donglei/isaac_projects/isaac_drone_racer/.worktrees/stage1-fake-vio/logs/skrl/drone_racer/2026-09-02_20-09-09_ppo_torch_stage1_mixed/checkpoints/agent_50010.pt,8ac5a032a78bb88a568b9cfe2e15e95b0aad6f6d428a9ff04ee77fb9b2073364,150d107225160ac498040fa20d4ccf9e26ec2703,True,fixed_per_environment_quotas_v2,stress,29,18,False,False,,2,0,True,False,-3.526124954223633,0.55,1.4601153135299683,0.6117015480995178,1.657873511314392
/home/donglei/isaac_projects/isaac_drone_racer/.worktrees/stage1-fake-vio/logs/skrl/drone_racer/2026-09-02_20-09-09_ppo_torch_stage1_mixed/checkpoints/agent_50010.pt,8ac5a032a78bb88a568b9cfe2e15e95b0aad6f6d428a9ff04ee77fb9b2073364,150d107225160ac498040fa20d4ccf9e26ec2703,True,fixed_per_environment_quotas_v2,stress,29,19,False,False,,4,0,True,False,-3.334885597229004,0.56,1.3186954259872437,0.5425076484680176,2.038550853729248
/home/donglei/isaac_projects/isaac_drone_racer/.worktrees/stage1-fake-vio/logs/skrl/drone_racer/2026-09-02_20-09-09_ppo_torch_stage1_mixed/checkpoints/agent_50010.pt,8ac5a032a78bb88a568b9cfe2e15e95b0aad6f6d428a9ff04ee77fb9b2073364,150d107225160ac498040fa20d4ccf9e26ec2703,True,fixed_per_environment_quotas_v2,stress,29,20,False,False,,2,0,True,False,-3.3398284912109375,0.6900000000000001,1.0081753730773926,0.41946059465408325,2.2455880641937256
/home/donglei/isaac_projects/isaac_drone_racer/.worktrees/stage1-fake-vio/logs/skrl/drone_racer/2026-09-02_20-09-09_ppo_torch_stage1_mixed/checkpoints/agent_50010.pt,8ac5a032a78bb88a568b9cfe2e15e95b0aad6f6d428a9ff04ee77fb9b2073364,150d107225160ac498040fa20d4ccf9e26ec2703,True,fixed_per_environment_quotas_v2,stress,29,21,False,False,,4,0,True,False,-2.9203994274139404,0.71,1.4498987197875977,0.5173094272613525,1.916308879852295
/home/donglei/isaac_projects/isaac_drone_racer/.worktrees/stage1-fake-vio/logs/skrl/drone_racer/2026-09-02_20-09-09_ppo_torch_stage1_mixed/checkpoints/agent_50010.pt,8ac5a032a78bb88a568b9cfe2e15e95b0aad6f6d428a9ff04ee77fb9b2073364,150d107225160ac498040fa20d4ccf9e26ec2703,True,fixed_per_environment_quotas_v2,stress,29,22,False,False,,3,0,True,False,-3.30283522605896,0.81,1.0688698291778564,0.49354541301727295,2.5932562351226807
/home/donglei/isaac_projects/isaac_drone_racer/.worktrees/stage1-fake-vio/logs/skrl/drone_racer/2026-09-02_20-09-09_ppo_torch_stage1_mixed/checkpoints/agent_50010.pt,8ac5a032a78bb88a568b9cfe2e15e95b0aad6f6d428a9ff04ee77fb9b2073364,150d107225160ac498040fa20d4ccf9e26ec2703,True,fixed_per_environment_quotas_v2,stress,29,23,False,False,,2,0,False,True,-7.741379261016846,0.85,1.2902253866195679,1.0085026025772095,1.5937739610671997
/home/donglei/isaac_projects/isaac_drone_racer/.worktrees/stage1-fake-vio/logs/skrl/drone_racer/2026-09-02_20-09-09_ppo_torch_stage1_mixed/checkpoints/agent_50010.pt,8ac5a032a78bb88a568b9cfe2e15e95b0aad6f6d428a9ff04ee77fb9b2073364,150d107225160ac498040fa20d4ccf9e26ec2703,True,fixed_per_environment_quotas_v2,stress,29,24,False,False,,2,0,True,False,-3.237734794616699,0.9400000000000001,1.446387529373169,0.6364579200744629,3.052265167236328
/home/donglei/isaac_projects/isaac_drone_racer/.worktrees/stage1-fake-vio/logs/skrl/drone_racer/2026-09-02_20-09-09_ppo_torch_stage1_mixed/checkpoints/agent_50010.pt,8ac5a032a78bb88a568b9cfe2e15e95b0aad6f6d428a9ff04ee77fb9b2073364,150d107225160ac498040fa20d4ccf9e26ec2703,True,fixed_per_environment_quotas_v2,stress,29,25,False,False,,1,0,True,False,-4.9421162605285645,0.9400000000000001,0.7507023811340332,0.4405878484249115,3.340773105621338
/home/donglei/isaac_projects/isaac_drone_racer/.worktrees/stage1-fake-vio/logs/skrl/drone_racer/2026-09-02_20-09-09_ppo_torch_stage1_mixed/checkpoints/agent_50010.pt,8ac5a032a78bb88a568b9cfe2e15e95b0aad6f6d428a9ff04ee77fb9b2073364,150d107225160ac498040fa20d4ccf9e26ec2703,True,fixed_per_environment_quotas_v2,stress,29,26,False,False,,4,1,True,False,0.9117336273193359,0.9400000000000001,1.4323445558547974,0.5897363424301147,3.0265393257141113
/home/donglei/isaac_projects/isaac_drone_racer/.worktrees/stage1-fake-vio/logs/skrl/drone_racer/2026-09-02_20-09-09_ppo_torch_stage1_mixed/checkpoints/agent_50010.pt,8ac5a032a78bb88a568b9cfe2e15e95b0aad6f6d428a9ff04ee77fb9b2073364,150d107225160ac498040fa20d4ccf9e26ec2703,True,fixed_per_environment_quotas_v2,stress,29,27,False,False,,4,0,True,False,-2.7625536918640137,0.9500000000000001,1.4024443626403809,0.4454416036605835,2.997006416320801
/home/donglei/isaac_projects/isaac_drone_racer/.worktrees/stage1-fake-vio/logs/skrl/drone_racer/2026-09-02_20-09-09_ppo_torch_stage1_mixed/checkpoints/agent_50010.pt,8ac5a032a78bb88a568b9cfe2e15e95b0aad6f6d428a9ff04ee77fb9b2073364,150d107225160ac498040fa20d4ccf9e26ec2703,True,fixed_per_environment_quotas_v2,stress,29,28,False,False,,4,0,True,False,-2.8469927310943604,0.98,1.4874953031539917,0.6096131801605225,3.231245756149292
/home/donglei/isaac_projects/isaac_drone_racer/.worktrees/stage1-fake-vio/logs/skrl/drone_racer/2026-09-02_20-09-09_ppo_torch_stage1_mixed/checkpoints/agent_50010.pt,8ac5a032a78bb88a568b9cfe2e15e95b0aad6f6d428a9ff04ee77fb9b2073364,150d107225160ac498040fa20d4ccf9e26ec2703,True,fixed_per_environment_quotas_v2,stress,29,29,False,False,,6,1,True,False,1.1334481239318848,0.99,1.0323214530944824,0.4115604758262634,3.8713178634643555
/home/donglei/isaac_projects/isaac_drone_racer/.worktrees/stage1-fake-vio/logs/skrl/drone_racer/2026-09-02_20-09-09_ppo_torch_stage1_mixed/checkpoints/agent_50010.pt,8ac5a032a78bb88a568b9cfe2e15e95b0aad6f6d428a9ff04ee77fb9b2073364,150d107225160ac498040fa20d4ccf9e26ec2703,True,fixed_per_environment_quotas_v2,stress,29,30,False,False,,2,1,True,False,0.839500904083252,1.03,1.2717840671539307,0.5602532029151917,2.9808616638183594
/home/donglei/isaac_projects/isaac_drone_racer/.worktrees/stage1-fake-vio/logs/skrl/drone_racer/2026-09-02_20-09-09_ppo_torch_stage1_mixed/checkpoints/agent_50010.pt,8ac5a032a78bb88a568b9cfe2e15e95b0aad6f6d428a9ff04ee77fb9b2073364,150d107225160ac498040fa20d4ccf9e26ec2703,True,fixed_per_environment_quotas_v2,stress,29,31,False,False,,2,1,True,False,1.0900163650512695,1.03,0.9605054259300232,0.402074933052063,2.2749462127685547
/home/donglei/isaac_projects/isaac_drone_racer/.worktrees/stage1-fake-vio/logs/skrl/drone_racer/2026-09-02_20-09-09_ppo_torch_stage1_mixed/checkpoints/agent_50010.pt,8ac5a032a78bb88a568b9cfe2e15e95b0aad6f6d428a9ff04ee77fb9b2073364,150d107225160ac498040fa20d4ccf9e26ec2703,True,fixed_per_environment_quotas_v2,stress,29,32,False,False,,2,0,True,False,-3.2370409965515137,0.9,1.3398985862731934,0.6481510996818542,2.6856558322906494
/home/donglei/isaac_projects/isaac_drone_racer/.worktrees/stage1-fake-vio/logs/skrl/drone_racer/2026-09-02_20-09-09_ppo_torch_stage1_mixed/checkpoints/agent_50010.pt,8ac5a032a78bb88a568b9cfe2e15e95b0aad6f6d428a9ff04ee77fb9b2073364,150d107225160ac498040fa20d4ccf9e26ec2703,True,fixed_per_environment_quotas_v2,stress,29,33,False,False,,6,0,True,False,-3.3351082801818848,0.99,1.0781368017196655,0.6946879029273987,2.709162950515747
/home/donglei/isaac_projects/isaac_drone_racer/.worktrees/stage1-fake-vio/logs/skrl/drone_racer/2026-09-02_20-09-09_ppo_torch_stage1_mixed/checkpoints/agent_50010.pt,8ac5a032a78bb88a568b9cfe2e15e95b0aad6f6d428a9ff04ee77fb9b2073364,150d107225160ac498040fa20d4ccf9e26ec2703,True,fixed_per_environment_quotas_v2,stress,29,34,False,False,,5,1,True,False,-0.42904043197631836,1.1300000000000001,0.7751972675323486,0.3297038972377777,3.0256924629211426
/home/donglei/isaac_projects/isaac_drone_racer/.worktrees/stage1-fake-vio/logs/skrl/drone_racer/2026-09-02_20-09-09_ppo_torch_stage1_mixed/checkpoints/agent_50010.pt,8ac5a032a78bb88a568b9cfe2e15e95b0aad6f6d428a9ff04ee77fb9b2073364,150d107225160ac498040fa20d4ccf9e26ec2703,True,fixed_per_environment_quotas_v2,stress,29,35,False,False,,1,0,True,False,-4.1586408615112305,0.92,0.8736634850502014,0.7008628845214844,3.5493369102478027
/home/donglei/isaac_projects/isaac_drone_racer/.worktrees/stage1-fake-vio/logs/skrl/drone_racer/2026-09-02_20-09-09_ppo_torch_stage1_mixed/checkpoints/agent_50010.pt,8ac5a032a78bb88a568b9cfe2e15e95b0aad6f6d428a9ff04ee77fb9b2073364,150d107225160ac498040fa20d4ccf9e26ec2703,True,fixed_per_environment_quotas_v2,stress,29,36,False,False,,2,0,True,False,-3.687204360961914,0.76,2.152278184890747,0.8535584211349487,3.5146379470825195
/home/donglei/isaac_projects/isaac_drone_racer/.worktrees/stage1-fake-vio/logs/skrl/drone_racer/2026-09-02_20-09-09_ppo_torch_stage1_mixed/checkpoints/agent_50010.pt,8ac5a032a78bb88a568b9cfe2e15e95b0aad6f6d428a9ff04ee77fb9b2073364,150d107225160ac498040fa20d4ccf9e26ec2703,True,fixed_per_environment_quotas_v2,stress,29,37,False,False,,2,0,True,False,-8.14602279663086,1.23,1.6688176393508911,0.8035991787910461,2.9159114360809326
/home/donglei/isaac_projects/isaac_drone_racer/.worktrees/stage1-fake-vio/logs/skrl/drone_racer/2026-09-02_20-09-09_ppo_torch_stage1_mixed/checkpoints/agent_50010.pt,8ac5a032a78bb88a568b9cfe2e15e95b0aad6f6d428a9ff04ee77fb9b2073364,150d107225160ac498040fa20d4ccf9e26ec2703,True,fixed_per_environment_quotas_v2,stress,29,38,False,False,,1,0,True,False,-8.241375923156738,1.28,0.6722000241279602,0.5900996923446655,2.5265378952026367
/home/donglei/isaac_projects/isaac_drone_racer/.worktrees/stage1-fake-vio/logs/skrl/drone_racer/2026-09-02_20-09-09_ppo_torch_stage1_mixed/checkpoints/agent_50010.pt,8ac5a032a78bb88a568b9cfe2e15e95b0aad6f6d428a9ff04ee77fb9b2073364,150d107225160ac498040fa20d4ccf9e26ec2703,True,fixed_per_environment_quotas_v2,stress,29,39,False,False,,7,0,True,False,-4.004728317260742,0.9,0.6477886438369751,0.4431747496128082,1.7693030834197998
/home/donglei/isaac_projects/isaac_drone_racer/.worktrees/stage1-fake-vio/logs/skrl/drone_racer/2026-09-02_20-09-09_ppo_torch_stage1_mixed/checkpoints/agent_50010.pt,8ac5a032a78bb88a568b9cfe2e15e95b0aad6f6d428a9ff04ee77fb9b2073364,150d107225160ac498040fa20d4ccf9e26ec2703,True,fixed_per_environment_quotas_v2,stress,29,40,False,False,,1,0,True,False,-4.125593662261963,0.8300000000000001,0.7778767943382263,0.4870870113372803,2.4184062480926514
/home/donglei/isaac_projects/isaac_drone_racer/.worktrees/stage1-fake-vio/logs/skrl/drone_racer/2026-09-02_20-09-09_ppo_torch_stage1_mixed/checkpoints/agent_50010.pt,8ac5a032a78bb88a568b9cfe2e15e95b0aad6f6d428a9ff04ee77fb9b2073364,150d107225160ac498040fa20d4ccf9e26ec2703,True,fixed_per_environment_quotas_v2,stress,29,41,False,False,,4,0,True,False,-2.2937095165252686,1.3,1.3298736810684204,0.5008317232131958,2.739882707595825
/home/donglei/isaac_projects/isaac_drone_racer/.worktrees/stage1-fake-vio/logs/skrl/drone_racer/2026-09-02_20-09-09_ppo_torch_stage1_mixed/checkpoints/agent_50010.pt,8ac5a032a78bb88a568b9cfe2e15e95b0aad6f6d428a9ff04ee77fb9b2073364,150d107225160ac498040fa20d4ccf9e26ec2703,True,fixed_per_environment_quotas_v2,stress,29,42,False,False,,4,1,True,False,1.2460370063781738,1.25,1.2195278406143188,0.49210795760154724,2.8748605251312256
/home/donglei/isaac_projects/isaac_drone_racer/.worktrees/stage1-fake-vio/logs/skrl/drone_racer/2026-09-02_20-09-09_ppo_torch_stage1_mixed/checkpoints/agent_50010.pt,8ac5a032a78bb88a568b9cfe2e15e95b0aad6f6d428a9ff04ee77fb9b2073364,150d107225160ac498040fa20d4ccf9e26ec2703,True,fixed_per_environment_quotas_v2,stress,29,43,False,False,,4,0,True,False,-2.2991793155670166,1.41,0.9084591865539551,1.1438872814178467,3.0208141803741455
/home/donglei/isaac_projects/isaac_drone_racer/.worktrees/stage1-fake-vio/logs/skrl/drone_racer/2026-09-02_20-09-09_ppo_torch_stage1_mixed/checkpoints/agent_50010.pt,8ac5a032a78bb88a568b9cfe2e15e95b0aad6f6d428a9ff04ee77fb9b2073364,150d107225160ac498040fa20d4ccf9e26ec2703,True,fixed_per_environment_quotas_v2,stress,29,44,False,False,,4,0,True,False,-2.152566432952881,1.29,1.1687647104263306,0.43313342332839966,2.4066050052642822
/home/donglei/isaac_projects/isaac_drone_racer/.worktrees/stage1-fake-vio/logs/skrl/drone_racer/2026-09-02_20-09-09_ppo_torch_stage1_mixed/checkpoints/agent_50010.pt,8ac5a032a78bb88a568b9cfe2e15e95b0aad6f6d428a9ff04ee77fb9b2073364,150d107225160ac498040fa20d4ccf9e26ec2703,True,fixed_per_environment_quotas_v2,stress,29,45,False,False,,4,1,True,False,2.0941028594970703,1.46,1.1503491401672363,0.43046993017196655,2.5296053886413574
/home/donglei/isaac_projects/isaac_drone_racer/.worktrees/stage1-fake-vio/logs/skrl/drone_racer/2026-09-02_20-09-09_ppo_torch_stage1_mixed/checkpoints/agent_50010.pt,8ac5a032a78bb88a568b9cfe2e15e95b0aad6f6d428a9ff04ee77fb9b2073364,150d107225160ac498040fa20d4ccf9e26ec2703,True,fixed_per_environment_quotas_v2,stress,29,46,False,False,,1,0,True,False,-4.198641777038574,0.92,0.6914905905723572,0.499213308095932,2.1533215045928955
/home/donglei/isaac_projects/isaac_drone_racer/.worktrees/stage1-fake-vio/logs/skrl/drone_racer/2026-09-02_20-09-09_ppo_torch_stage1_mixed/checkpoints/agent_50010.pt,8ac5a032a78bb88a568b9cfe2e15e95b0aad6f6d428a9ff04ee77fb9b2073364,150d107225160ac498040fa20d4ccf9e26ec2703,True,fixed_per_environment_quotas_v2,stress,29,47,False,False,,6,1,True,False,1.5642523765563965,1.51,0.9400705695152283,0.2762505114078522,2.00075101852417
/home/donglei/isaac_projects/isaac_drone_racer/.worktrees/stage1-fake-vio/logs/skrl/drone_racer/2026-09-02_20-09-09_ppo_torch_stage1_mixed/checkpoints/agent_50010.pt,8ac5a032a78bb88a568b9cfe2e15e95b0aad6f6d428a9ff04ee77fb9b2073364,150d107225160ac498040fa20d4ccf9e26ec2703,True,fixed_per_environment_quotas_v2,stress,29,48,False,False,,2,0,True,False,-3.4656805992126465,1.01,1.1475318670272827,0.662887454032898,2.6538445949554443
/home/donglei/isaac_projects/isaac_drone_racer/.worktrees/stage1-fake-vio/logs/skrl/drone_racer/2026-09-02_20-09-09_ppo_torch_stage1_mixed/checkpoints/agent_50010.pt,8ac5a032a78bb88a568b9cfe2e15e95b0aad6f6d428a9ff04ee77fb9b2073364,150d107225160ac498040fa20d4ccf9e26ec2703,True,fixed_per_environment_quotas_v2,stress,29,49,False,False,,1,0,True,False,-4.906302452087402,1.26,1.784386157989502,1.188449740409851,3.606031656265259
/home/donglei/isaac_projects/isaac_drone_racer/.worktrees/stage1-fake-vio/logs/skrl/drone_racer/2026-09-02_20-09-09_ppo_torch_stage1_mixed/checkpoints/agent_50010.pt,8ac5a032a78bb88a568b9cfe2e15e95b0aad6f6d428a9ff04ee77fb9b2073364,150d107225160ac498040fa20d4ccf9e26ec2703,True,fixed_per_environment_quotas_v2,stress,29,50,False,False,,2,0,True,False,-3.5262112617492676,0.9400000000000001,0.88261878490448,0.5390433669090271,2.284034252166748
/home/donglei/isaac_projects/isaac_drone_racer/.worktrees/stage1-fake-vio/logs/skrl/drone_racer/2026-09-02_20-09-09_ppo_torch_stage1_mixed/checkpoints/agent_50010.pt,8ac5a032a78bb88a568b9cfe2e15e95b0aad6f6d428a9ff04ee77fb9b2073364,150d107225160ac498040fa20d4ccf9e26ec2703,True,fixed_per_environment_quotas_v2,stress,29,51,False,False,,5,2,True,False,6.283111095428467,1.76,1.7376962900161743,0.8865811228752136,2.2948179244995117
/home/donglei/isaac_projects/isaac_drone_racer/.worktrees/stage1-fake-vio/logs/skrl/drone_racer/2026-09-02_20-09-09_ppo_torch_stage1_mixed/checkpoints/agent_50010.pt,8ac5a032a78bb88a568b9cfe2e15e95b0aad6f6d428a9ff04ee77fb9b2073364,150d107225160ac498040fa20d4ccf9e26ec2703,True,fixed_per_environment_quotas_v2,stress,29,52,False,False,,1,1,True,False,0.5552449226379395,1.77,0.9035142660140991,0.8605254888534546,3.7235536575317383
/home/donglei/isaac_projects/isaac_drone_racer/.worktrees/stage1-fake-vio/logs/skrl/drone_racer/2026-09-02_20-09-09_ppo_torch_stage1_mixed/checkpoints/agent_50010.pt,8ac5a032a78bb88a568b9cfe2e15e95b0aad6f6d428a9ff04ee77fb9b2073364,150d107225160ac498040fa20d4ccf9e26ec2703,True,fixed_per_environment_quotas_v2,stress,29,53,False,False,,6,1,True,False,0.23790931701660156,1.07,0.8428778648376465,0.3054172694683075,2.614450454711914
/home/donglei/isaac_projects/isaac_drone_racer/.worktrees/stage1-fake-vio/logs/skrl/drone_racer/2026-09-02_20-09-09_ppo_torch_stage1_mixed/checkpoints/agent_50010.pt,8ac5a032a78bb88a568b9cfe2e15e95b0aad6f6d428a9ff04ee77fb9b2073364,150d107225160ac498040fa20d4ccf9e26ec2703,True,fixed_per_environment_quotas_v2,stress,29,54,False,False,,4,0,True,False,-7.276411056518555,1.6300000000000001,1.667894721031189,0.9993619918823242,4.84615421295166
/home/donglei/isaac_projects/isaac_drone_racer/.worktrees/stage1-fake-vio/logs/skrl/drone_racer/2026-09-02_20-09-09_ppo_torch_stage1_mixed/checkpoints/agent_50010.pt,8ac5a032a78bb88a568b9cfe2e15e95b0aad6f6d428a9ff04ee77fb9b2073364,150d107225160ac498040fa20d4ccf9e26ec2703,True,fixed_per_environment_quotas_v2,stress,29,55,False,False,,2,0,True,False,-3.2581417560577393,0.93,0.9916452169418335,0.46630752086639404,2.258612632751465
/home/donglei/isaac_projects/isaac_drone_racer/.worktrees/stage1-fake-vio/logs/skrl/drone_racer/2026-09-02_20-09-09_ppo_torch_stage1_mixed/checkpoints/agent_50010.pt,8ac5a032a78bb88a568b9cfe2e15e95b0aad6f6d428a9ff04ee77fb9b2073364,150d107225160ac498040fa20d4ccf9e26ec2703,True,fixed_per_environment_quotas_v2,stress,29,56,False,False,,4,1,True,False,1.6673388481140137,1.97,1.1308671236038208,1.2101387977600098,4.282083511352539
/home/donglei/isaac_projects/isaac_drone_racer/.worktrees/stage1-fake-vio/logs/skrl/drone_racer/2026-09-02_20-09-09_ppo_torch_stage1_mixed/checkpoints/agent_50010.pt,8ac5a032a78bb88a568b9cfe2e15e95b0aad6f6d428a9ff04ee77fb9b2073364,150d107225160ac498040fa20d4ccf9e26ec2703,True,fixed_per_environment_quotas_v2,stress,29,57,False,False,,4,0,True,False,-2.457247018814087,1.32,1.4722484350204468,0.5203091502189636,3.0717885494232178
/home/donglei/isaac_projects/isaac_drone_racer/.worktrees/stage1-fake-vio/logs/skrl/drone_racer/2026-09-02_20-09-09_ppo_torch_stage1_mixed/checkpoints/agent_50010.pt,8ac5a032a78bb88a568b9cfe2e15e95b0aad6f6d428a9ff04ee77fb9b2073364,150d107225160ac498040fa20d4ccf9e26ec2703,True,fixed_per_environment_quotas_v2,stress,29,58,False,False,,4,0,True,False,-6.994867324829102,1.75,1.2518815994262695,0.5651176571846008,4.2238450050354
/home/donglei/isaac_projects/isaac_drone_racer/.worktrees/stage1-fake-vio/logs/skrl/drone_racer/2026-09-02_20-09-09_ppo_torch_stage1_mixed/checkpoints/agent_50010.pt,8ac5a032a78bb88a568b9cfe2e15e95b0aad6f6d428a9ff04ee77fb9b2073364,150d107225160ac498040fa20d4ccf9e26ec2703,True,fixed_per_environment_quotas_v2,stress,29,59,False,False,,2,2,True,False,6.16245698928833,2.04,1.2388617992401123,0.5408883690834045,3.496635913848877
/home/donglei/isaac_projects/isaac_drone_racer/.worktrees/stage1-fake-vio/logs/skrl/drone_racer/2026-09-02_20-09-09_ppo_torch_stage1_mixed/checkpoints/agent_50010.pt,8ac5a032a78bb88a568b9cfe2e15e95b0aad6f6d428a9ff04ee77fb9b2073364,150d107225160ac498040fa20d4ccf9e26ec2703,True,fixed_per_environment_quotas_v2,stress,29,60,False,False,,2,0,True,False,-3.480889320373535,1.01,1.1831837892532349,0.6583074331283569,2.3991811275482178
/home/donglei/isaac_projects/isaac_drone_racer/.worktrees/stage1-fake-vio/logs/skrl/drone_racer/2026-09-02_20-09-09_ppo_torch_stage1_mixed/checkpoints/agent_50010.pt,8ac5a032a78bb88a568b9cfe2e15e95b0aad6f6d428a9ff04ee77fb9b2073364,150d107225160ac498040fa20d4ccf9e26ec2703,True,fixed_per_environment_quotas_v2,stress,29,61,False,False,,3,0,True,False,-3.1100521087646484,1.12,1.3227753639221191,0.6102691292762756,3.2584452629089355
/home/donglei/isaac_projects/isaac_drone_racer/.worktrees/stage1-fake-vio/logs/skrl/drone_racer/2026-09-02_20-09-09_ppo_torch_stage1_mixed/checkpoints/agent_50010.pt,8ac5a032a78bb88a568b9cfe2e15e95b0aad6f6d428a9ff04ee77fb9b2073364,150d107225160ac498040fa20d4ccf9e26ec2703,True,fixed_per_environment_quotas_v2,stress,29,62,False,False,,6,0,True,False,-3.460818290710449,1.18,1.2068170309066772,0.895868182182312,3.4513027667999268
/home/donglei/isaac_projects/isaac_drone_racer/.worktrees/stage1-fake-vio/logs/skrl/drone_racer/2026-09-02_20-09-09_ppo_torch_stage1_mixed/checkpoints/agent_50010.pt,8ac5a032a78bb88a568b9cfe2e15e95b0aad6f6d428a9ff04ee77fb9b2073364,150d107225160ac498040fa20d4ccf9e26ec2703,True,fixed_per_environment_quotas_v2,stress,29,63,False,False,,6,1,True,False,0.2075800895690918,1.18,0.6715717315673828,0.21477174758911133,2.242286443710327
/home/donglei/isaac_projects/isaac_drone_racer/.worktrees/stage1-fake-vio/logs/skrl/drone_racer/2026-09-02_20-09-09_ppo_torch_stage1_mixed/checkpoints/agent_50010.pt,8ac5a032a78bb88a568b9cfe2e15e95b0aad6f6d428a9ff04ee77fb9b2073364,150d107225160ac498040fa20d4ccf9e26ec2703,True,fixed_per_environment_quotas_v2,stress,29,64,False,False,,5,2,True,False,3.8913187980651855,2.32,2.3622117042541504,1.3728898763656616,5.4573540687561035
/home/donglei/isaac_projects/isaac_drone_racer/.worktrees/stage1-fake-vio/logs/skrl/drone_racer/2026-09-02_20-09-09_ppo_torch_stage1_mixed/checkpoints/agent_50010.pt,8ac5a032a78bb88a568b9cfe2e15e95b0aad6f6d428a9ff04ee77fb9b2073364,150d107225160ac498040fa20d4ccf9e26ec2703,True,fixed_per_environment_quotas_v2,stress,29,65,False,False,,2,2,True,False,6.943095684051514,2.46,1.2419686317443848,0.5361020565032959,3.3628599643707275
/home/donglei/isaac_projects/isaac_drone_racer/.worktrees/stage1-fake-vio/logs/skrl/drone_racer/2026-09-02_20-09-09_ppo_torch_stage1_mixed/checkpoints/agent_50010.pt,8ac5a032a78bb88a568b9cfe2e15e95b0aad6f6d428a9ff04ee77fb9b2073364,150d107225160ac498040fa20d4ccf9e26ec2703,True,fixed_per_environment_quotas_v2,stress,29,66,False,False,,4,1,True,False,2.6570167541503906,2.5,1.4965397119522095,1.2613012790679932,4.031843185424805
/home/donglei/isaac_projects/isaac_drone_racer/.worktrees/stage1-fake-vio/logs/skrl/drone_racer/2026-09-02_20-09-09_ppo_torch_stage1_mixed/checkpoints/agent_50010.pt,8ac5a032a78bb88a568b9cfe2e15e95b0aad6f6d428a9ff04ee77fb9b2073364,150d107225160ac498040fa20d4ccf9e26ec2703,True,fixed_per_environment_quotas_v2,stress,29,67,False,False,,4,0,True,False,-2.249760627746582,1.21,1.8983200788497925,0.5131425857543945,4.586169242858887
/home/donglei/isaac_projects/isaac_drone_racer/.worktrees/stage1-fake-vio/logs/skrl/drone_racer/2026-09-02_20-09-09_ppo_torch_stage1_mixed/checkpoints/agent_50010.pt,8ac5a032a78bb88a568b9cfe2e15e95b0aad6f6d428a9ff04ee77fb9b2073364,150d107225160ac498040fa20d4ccf9e26ec2703,True,fixed_per_environment_quotas_v2,stress,29,68,False,False,,4,0,True,False,-6.887866497039795,1.83,1.3020509481430054,1.3433575630187988,3.78617787361145
/home/donglei/isaac_projects/isaac_drone_racer/.worktrees/stage1-fake-vio/logs/skrl/drone_racer/2026-09-02_20-09-09_ppo_torch_stage1_mixed/checkpoints/agent_50010.pt,8ac5a032a78bb88a568b9cfe2e15e95b0aad6f6d428a9ff04ee77fb9b2073364,150d107225160ac498040fa20d4ccf9e26ec2703,True,fixed_per_environment_quotas_v2,stress,29,69,False,False,,4,2,True,False,9.06948471069336,2.84,0.8750230669975281,0.3048783242702484,1.8428103923797607
/home/donglei/isaac_projects/isaac_drone_racer/.worktrees/stage1-fake-vio/logs/skrl/drone_racer/2026-09-02_20-09-09_ppo_torch_stage1_mixed/checkpoints/agent_50010.pt,8ac5a032a78bb88a568b9cfe2e15e95b0aad6f6d428a9ff04ee77fb9b2073364,150d107225160ac498040fa20d4ccf9e26ec2703,True,fixed_per_environment_quotas_v2,stress,29,70,False,False,,2,2,True,False,6.639615535736084,2.87,1.0036760568618774,0.5351384282112122,3.028653621673584
/home/donglei/isaac_projects/isaac_drone_racer/.worktrees/stage1-fake-vio/logs/skrl/drone_racer/2026-09-02_20-09-09_ppo_torch_stage1_mixed/checkpoints/agent_50010.pt,8ac5a032a78bb88a568b9cfe2e15e95b0aad6f6d428a9ff04ee77fb9b2073364,150d107225160ac498040fa20d4ccf9e26ec2703,True,fixed_per_environment_quotas_v2,stress,29,71,False,False,,4,2,True,False,3.6531314849853516,2.91,1.457381248474121,0.534503161907196,3.5292253494262695
/home/donglei/isaac_projects/isaac_drone_racer/.worktrees/stage1-fake-vio/logs/skrl/drone_racer/2026-09-02_20-09-09_ppo_torch_stage1_mixed/checkpoints/agent_50010.pt,8ac5a032a78bb88a568b9cfe2e15e95b0aad6f6d428a9ff04ee77fb9b2073364,150d107225160ac498040fa20d4ccf9e26ec2703,True,fixed_per_environment_quotas_v2,stress,29,72,False,False,,7,0,True,False,-3.9179153442382812,1.0,0.8304412364959717,0.6732356548309326,2.129528760910034
/home/donglei/isaac_projects/isaac_drone_racer/.worktrees/stage1-fake-vio/logs/skrl/drone_racer/2026-09-02_20-09-09_ppo_torch_stage1_mixed/checkpoints/agent_50010.pt,8ac5a032a78bb88a568b9cfe2e15e95b0aad6f6d428a9ff04ee77fb9b2073364,150d107225160ac498040fa20d4ccf9e26ec2703,True,fixed_per_environment_quotas_v2,stress,29,73,False,False,,1,0,True,False,-8.030973434448242,2.99,0.905760645866394,0.564821720123291,2.9160685539245605
/home/donglei/isaac_projects/isaac_drone_racer/.worktrees/stage1-fake-vio/logs/skrl/drone_racer/2026-09-02_20-09-09_ppo_torch_stage1_mixed/checkpoints/agent_50010.pt,8ac5a032a78bb88a568b9cfe2e15e95b0aad6f6d428a9ff04ee77fb9b2073364,150d107225160ac498040fa20d4ccf9e26ec2703,True,fixed_per_environment_quotas_v2,stress,29,74,False,False,,2,3,True,False,12.79764461517334,3.0300000000000002,0.7492068409919739,0.3005269467830658,2.199068069458008
/home/donglei/isaac_projects/isaac_drone_racer/.worktrees/stage1-fake-vio/logs/skrl/drone_racer/2026-09-02_20-09-09_ppo_torch_stage1_mixed/checkpoints/agent_50010.pt,8ac5a032a78bb88a568b9cfe2e15e95b0aad6f6d428a9ff04ee77fb9b2073364,150d107225160ac498040fa20d4ccf9e26ec2703,True,fixed_per_environment_quotas_v2,stress,29,75,False,False,,6,3,True,False,13.857782363891602,3.04,1.0189019441604614,0.3110581040382385,2.215486526489258
/home/donglei/isaac_projects/isaac_drone_racer/.worktrees/stage1-fake-vio/logs/skrl/drone_racer/2026-09-02_20-09-09_ppo_torch_stage1_mixed/checkpoints/agent_50010.pt,8ac5a032a78bb88a568b9cfe2e15e95b0aad6f6d428a9ff04ee77fb9b2073364,150d107225160ac498040fa20d4ccf9e26ec2703,True,fixed_per_environment_quotas_v2,stress,29,76,False,False,,5,1,False,True,-4.6021342277526855,3.0500000000000003,1.236746907234192,1.3882944583892822,3.678006172180176
/home/donglei/isaac_projects/isaac_drone_racer/.worktrees/stage1-fake-vio/logs/skrl/drone_racer/2026-09-02_20-09-09_ppo_torch_stage1_mixed/checkpoints/agent_50010.pt,8ac5a032a78bb88a568b9cfe2e15e95b0aad6f6d428a9ff04ee77fb9b2073364,150d107225160ac498040fa20d4ccf9e26ec2703,True,fixed_per_environment_quotas_v2,stress,29,77,False,False,,6,1,True,False,1.7119197845458984,1.79,0.8586263060569763,0.3320917785167694,2.236581802368164
/home/donglei/isaac_projects/isaac_drone_racer/.worktrees/stage1-fake-vio/logs/skrl/drone_racer/2026-09-02_20-09-09_ppo_torch_stage1_mixed/checkpoints/agent_50010.pt,8ac5a032a78bb88a568b9cfe2e15e95b0aad6f6d428a9ff04ee77fb9b2073364,150d107225160ac498040fa20d4ccf9e26ec2703,True,fixed_per_environment_quotas_v2,stress,29,78,False,False,,4,1,True,False,3.7505345344543457,2.27,1.2135735750198364,0.46686068177223206,2.7115986347198486
/home/donglei/isaac_projects/isaac_drone_racer/.worktrees/stage1-fake-vio/logs/skrl/drone_racer/2026-09-02_20-09-09_ppo_torch_stage1_mixed/checkpoints/agent_50010.pt,8ac5a032a78bb88a568b9cfe2e15e95b0aad6f6d428a9ff04ee77fb9b2073364,150d107225160ac498040fa20d4ccf9e26ec2703,True,fixed_per_environment_quotas_v2,stress,29,79,False,False,,5,2,True,False,8.176401138305664,3.16,0.7649180293083191,0.48917749524116516,1.9506573677062988
/home/donglei/isaac_projects/isaac_drone_racer/.worktrees/stage1-fake-vio/logs/skrl/drone_racer/2026-09-02_20-09-09_ppo_torch_stage1_mixed/checkpoints/agent_50010.pt,8ac5a032a78bb88a568b9cfe2e15e95b0aad6f6d428a9ff04ee77fb9b2073364,150d107225160ac498040fa20d4ccf9e26ec2703,True,fixed_per_environment_quotas_v2,stress,29,80,False,False,,6,2,True,False,1.1066908836364746,3.59,1.8951324224472046,0.8874673843383789,4.625067234039307
/home/donglei/isaac_projects/isaac_drone_racer/.worktrees/stage1-fake-vio/logs/skrl/drone_racer/2026-09-02_20-09-09_ppo_torch_stage1_mixed/checkpoints/agent_50010.pt,8ac5a032a78bb88a568b9cfe2e15e95b0aad6f6d428a9ff04ee77fb9b2073364,150d107225160ac498040fa20d4ccf9e26ec2703,True,fixed_per_environment_quotas_v2,stress,29,81,False,False,,4,1,True,False,3.8002943992614746,2.4,0.9966694712638855,0.36247554421424866,2.1256401538848877
/home/donglei/isaac_projects/isaac_drone_racer/.worktrees/stage1-fake-vio/logs/skrl/drone_racer/2026-09-02_20-09-09_ppo_torch_stage1_mixed/checkpoints/agent_50010.pt,8ac5a032a78bb88a568b9cfe2e15e95b0aad6f6d428a9ff04ee77fb9b2073364,150d107225160ac498040fa20d4ccf9e26ec2703,True,fixed_per_environment_quotas_v2,stress,29,82,False,False,,1,0,True,False,-4.076853275299072,1.62,0.913184642791748,0.6428208351135254,3.5689237117767334
/home/donglei/isaac_projects/isaac_drone_racer/.worktrees/stage1-fake-vio/logs/skrl/drone_racer/2026-09-02_20-09-09_ppo_torch_stage1_mixed/checkpoints/agent_50010.pt,8ac5a032a78bb88a568b9cfe2e15e95b0aad6f6d428a9ff04ee77fb9b2073364,150d107225160ac498040fa20d4ccf9e26ec2703,True,fixed_per_environment_quotas_v2,stress,29,83,False,False,,4,0,True,False,-2.2895054817199707,1.21,1.4287505149841309,0.5558662414550781,2.6324405670166016
/home/donglei/isaac_projects/isaac_drone_racer/.worktrees/stage1-fake-vio/logs/skrl/drone_racer/2026-09-02_20-09-09_ppo_torch_stage1_mixed/checkpoints/agent_50010.pt,8ac5a032a78bb88a568b9cfe2e15e95b0aad6f6d428a9ff04ee77fb9b2073364,150d107225160ac498040fa20d4ccf9e26ec2703,True,fixed_per_environment_quotas_v2,stress,29,84,False,False,,1,0,True,False,-8.304723739624023,2.0300000000000002,0.8469595909118652,0.5704770684242249,2.9433162212371826
/home/donglei/isaac_projects/isaac_drone_racer/.worktrees/stage1-fake-vio/logs/skrl/drone_racer/2026-09-02_20-09-09_ppo_torch_stage1_mixed/checkpoints/agent_50010.pt,8ac5a032a78bb88a568b9cfe2e15e95b0aad6f6d428a9ff04ee77fb9b2073364,150d107225160ac498040fa20d4ccf9e26ec2703,True,fixed_per_environment_quotas_v2,stress,29,85,False,False,,6,3,True,False,13.775272369384766,3.64,1.2079110145568848,0.5132766366004944,2.72365140914917
/home/donglei/isaac_projects/isaac_drone_racer/.worktrees/stage1-fake-vio/logs/skrl/drone_racer/2026-09-02_20-09-09_ppo_torch_stage1_mixed/checkpoints/agent_50010.pt,8ac5a032a78bb88a568b9cfe2e15e95b0aad6f6d428a9ff04ee77fb9b2073364,150d107225160ac498040fa20d4ccf9e26ec2703,True,fixed_per_environment_quotas_v2,stress,29,86,False,False,,7,1,False,True,-1.7998547554016113,2.94,0.8910467624664307,1.895095944404602,2.345187187194824
/home/donglei/isaac_projects/isaac_drone_racer/.worktrees/stage1-fake-vio/logs/skrl/drone_racer/2026-09-02_20-09-09_ppo_torch_stage1_mixed/checkpoints/agent_50010.pt,8ac5a032a78bb88a568b9cfe2e15e95b0aad6f6d428a9ff04ee77fb9b2073364,150d107225160ac498040fa20d4ccf9e26ec2703,True,fixed_per_environment_quotas_v2,stress,29,87,False,False,,2,0,True,False,-3.5841193199157715,0.89,1.0411107540130615,0.5314143300056458,2.7555510997772217
/home/donglei/isaac_projects/isaac_drone_racer/.worktrees/stage1-fake-vio/logs/skrl/drone_racer/2026-09-02_20-09-09_ppo_torch_stage1_mixed/checkpoints/agent_50010.pt,8ac5a032a78bb88a568b9cfe2e15e95b0aad6f6d428a9ff04ee77fb9b2073364,150d107225160ac498040fa20d4ccf9e26ec2703,True,fixed_per_environment_quotas_v2,stress,29,88,False,False,,7,2,False,True,-1.1915020942687988,3.1,1.630679965019226,1.4733587503433228,3.159883737564087
/home/donglei/isaac_projects/isaac_drone_racer/.worktrees/stage1-fake-vio/logs/skrl/drone_racer/2026-09-02_20-09-09_ppo_torch_stage1_mixed/checkpoints/agent_50010.pt,8ac5a032a78bb88a568b9cfe2e15e95b0aad6f6d428a9ff04ee77fb9b2073364,150d107225160ac498040fa20d4ccf9e26ec2703,True,fixed_per_environment_quotas_v2,stress,29,89,False,False,,7,4,True,False,19.36248207092285,4.13,1.0001105070114136,0.9864853620529175,2.0904898643493652
/home/donglei/isaac_projects/isaac_drone_racer/.worktrees/stage1-fake-vio/logs/skrl/drone_racer/2026-09-02_20-09-09_ppo_torch_stage1_mixed/checkpoints/agent_50010.pt,8ac5a032a78bb88a568b9cfe2e15e95b0aad6f6d428a9ff04ee77fb9b2073364,150d107225160ac498040fa20d4ccf9e26ec2703,True,fixed_per_environment_quotas_v2,stress,29,90,False,False,,4,2,True,False,8.28449821472168,4.13,1.2359172105789185,0.6044425368309021,2.9790453910827637
/home/donglei/isaac_projects/isaac_drone_racer/.worktrees/stage1-fake-vio/logs/skrl/drone_racer/2026-09-02_20-09-09_ppo_torch_stage1_mixed/checkpoints/agent_50010.pt,8ac5a032a78bb88a568b9cfe2e15e95b0aad6f6d428a9ff04ee77fb9b2073364,150d107225160ac498040fa20d4ccf9e26ec2703,True,fixed_per_environment_quotas_v2,stress,29,91,False,False,,6,1,True,False,0.510310173034668,1.21,0.6514947414398193,0.3075404167175293,1.9779630899429321
/home/donglei/isaac_projects/isaac_drone_racer/.worktrees/stage1-fake-vio/logs/skrl/drone_racer/2026-09-02_20-09-09_ppo_torch_stage1_mixed/checkpoints/agent_50010.pt,8ac5a032a78bb88a568b9cfe2e15e95b0aad6f6d428a9ff04ee77fb9b2073364,150d107225160ac498040fa20d4ccf9e26ec2703,True,fixed_per_environment_quotas_v2,stress,29,92,False,False,,4,4,True,False,18.94434356689453,4.2700000000000005,0.9416722655296326,0.3391335904598236,2.3657147884368896
/home/donglei/isaac_projects/isaac_drone_racer/.worktrees/stage1-fake-vio/logs/skrl/drone_racer/2026-09-02_20-09-09_ppo_torch_stage1_mixed/checkpoints/agent_50010.pt,8ac5a032a78bb88a568b9cfe2e15e95b0aad6f6d428a9ff04ee77fb9b2073364,150d107225160ac498040fa20d4ccf9e26ec2703,True,fixed_per_environment_quotas_v2,stress,29,93,False,False,,2,2,True,False,7.120534896850586,2.94,0.8059021830558777,0.40585148334503174,2.2954905033111572
/home/donglei/isaac_projects/isaac_drone_racer/.worktrees/stage1-fake-vio/logs/skrl/drone_racer/2026-09-02_20-09-09_ppo_torch_stage1_mixed/checkpoints/agent_50010.pt,8ac5a032a78bb88a568b9cfe2e15e95b0aad6f6d428a9ff04ee77fb9b2073364,150d107225160ac498040fa20d4ccf9e26ec2703,True,fixed_per_environment_quotas_v2,stress,29,94,False,False,,1,0,True,False,-8.411628723144531,1.4000000000000001,0.7802550792694092,0.6469120979309082,2.7875125408172607
/home/donglei/isaac_projects/isaac_drone_racer/.worktrees/stage1-fake-vio/logs/skrl/drone_racer/2026-09-02_20-09-09_ppo_torch_stage1_mixed/checkpoints/agent_50010.pt,8ac5a032a78bb88a568b9cfe2e15e95b0aad6f6d428a9ff04ee77fb9b2073364,150d107225160ac498040fa20d4ccf9e26ec2703,True,fixed_per_environment_quotas_v2,stress,29,95,False,False,,2,2,True,False,1.3907146453857422,4.13,0.9915866255760193,0.37188592553138733,2.4926633834838867
/home/donglei/isaac_projects/isaac_drone_racer/.worktrees/stage1-fake-vio/logs/skrl/drone_racer/2026-09-02_20-09-09_ppo_torch_stage1_mixed/checkpoints/agent_50010.pt,8ac5a032a78bb88a568b9cfe2e15e95b0aad6f6d428a9ff04ee77fb9b2073364,150d107225160ac498040fa20d4ccf9e26ec2703,True,fixed_per_environment_quotas_v2,stress,29,96,False,False,,6,0,False,True,-10.835456848144531,2.21,1.9009437561035156,1.0579041242599487,3.1219289302825928
/home/donglei/isaac_projects/isaac_drone_racer/.worktrees/stage1-fake-vio/logs/skrl/drone_racer/2026-09-02_20-09-09_ppo_torch_stage1_mixed/checkpoints/agent_50010.pt,8ac5a032a78bb88a568b9cfe2e15e95b0aad6f6d428a9ff04ee77fb9b2073364,150d107225160ac498040fa20d4ccf9e26ec2703,True,fixed_per_environment_quotas_v2,stress,29,97,False,False,,7,3,True,False,12.59487533569336,3.84,1.0420050621032715,0.5619502067565918,2.7367725372314453
/home/donglei/isaac_projects/isaac_drone_racer/.worktrees/stage1-fake-vio/logs/skrl/drone_racer/2026-09-02_20-09-09_ppo_torch_stage1_mixed/checkpoints/agent_50010.pt,8ac5a032a78bb88a568b9cfe2e15e95b0aad6f6d428a9ff04ee77fb9b2073364,150d107225160ac498040fa20d4ccf9e26ec2703,True,fixed_per_environment_quotas_v2,stress,29,98,False,False,,1,0,True,False,-8.23579216003418,1.99,0.7041411399841309,0.5426512360572815,2.445446729660034
/home/donglei/isaac_projects/isaac_drone_racer/.worktrees/stage1-fake-vio/logs/skrl/drone_racer/2026-09-02_20-09-09_ppo_torch_stage1_mixed/checkpoints/agent_50010.pt,8ac5a032a78bb88a568b9cfe2e15e95b0aad6f6d428a9ff04ee77fb9b2073364,150d107225160ac498040fa20d4ccf9e26ec2703,True,fixed_per_environment_quotas_v2,stress,29,99,False,False,,6,1,True,False,0.7432117462158203,1.34,0.8820938467979431,0.3733229637145996,2.225579023361206
/home/donglei/isaac_projects/isaac_drone_racer/.worktrees/stage1-fake-vio/logs/skrl/drone_racer/2026-09-02_20-09-09_ppo_torch_stage1_mixed/checkpoints/agent_50010.pt,8ac5a032a78bb88a568b9cfe2e15e95b0aad6f6d428a9ff04ee77fb9b2073364,150d107225160ac498040fa20d4ccf9e26ec2703,True,fixed_per_environment_quotas_v2,stress,29,100,False,False,,4,4,True,False,19.157142639160156,5.09,0.8564446568489075,0.75484299659729,2.705361843109131
/home/donglei/isaac_projects/isaac_drone_racer/.worktrees/stage1-fake-vio/logs/skrl/drone_racer/2026-09-02_20-09-09_ppo_torch_stage1_mixed/checkpoints/agent_50010.pt,8ac5a032a78bb88a568b9cfe2e15e95b0aad6f6d428a9ff04ee77fb9b2073364,150d107225160ac498040fa20d4ccf9e26ec2703,True,fixed_per_environment_quotas_v2,stress,29,101,False,False,,6,5,True,False,25.025981903076172,5.1000000000000005,1.1319695711135864,0.38996726274490356,3.192403793334961
/home/donglei/isaac_projects/isaac_drone_racer/.worktrees/stage1-fake-vio/logs/skrl/drone_racer/2026-09-02_20-09-09_ppo_torch_stage1_mixed/checkpoints/agent_50010.pt,8ac5a032a78bb88a568b9cfe2e15e95b0aad6f6d428a9ff04ee77fb9b2073364,150d107225160ac498040fa20d4ccf9e26ec2703,True,fixed_per_environment_quotas_v2,stress,29,102,False,False,,6,6,True,False,28.67310333251953,5.68,0.8251503109931946,0.3172655701637268,1.989809274673462
/home/donglei/isaac_projects/isaac_drone_racer/.worktrees/stage1-fake-vio/logs/skrl/drone_racer/2026-09-02_20-09-09_ppo_torch_stage1_mixed/checkpoints/agent_50010.pt,8ac5a032a78bb88a568b9cfe2e15e95b0aad6f6d428a9ff04ee77fb9b2073364,150d107225160ac498040fa20d4ccf9e26ec2703,True,fixed_per_environment_quotas_v2,stress,29,103,False,False,,1,0,False,True,-11.989828109741211,2.64,0.9265870451927185,1.282528042793274,1.8515218496322632
/home/donglei/isaac_projects/isaac_drone_racer/.worktrees/stage1-fake-vio/logs/skrl/drone_racer/2026-09-02_20-09-09_ppo_torch_stage1_mixed/checkpoints/agent_50010.pt,8ac5a032a78bb88a568b9cfe2e15e95b0aad6f6d428a9ff04ee77fb9b2073364,150d107225160ac498040fa20d4ccf9e26ec2703,True,fixed_per_environment_quotas_v2,stress,29,104,False,False,,1,0,True,False,-8.913702011108398,2.88,0.6417573094367981,0.6445339918136597,2.417375326156616
/home/donglei/isaac_projects/isaac_drone_racer/.worktrees/stage1-fake-vio/logs/skrl/drone_racer/2026-09-02_20-09-09_ppo_torch_stage1_mixed/checkpoints/agent_50010.pt,8ac5a032a78bb88a568b9cfe2e15e95b0aad6f6d428a9ff04ee77fb9b2073364,150d107225160ac498040fa20d4ccf9e26ec2703,True,fixed_per_environment_quotas_v2,stress,29,105,False,False,,2,1,True,False,-3.8990731239318848,5.76,1.7147951126098633,0.527502715587616,3.582489252090454
/home/donglei/isaac_projects/isaac_drone_racer/.worktrees/stage1-fake-vio/logs/skrl/drone_racer/2026-09-02_20-09-09_ppo_torch_stage1_mixed/checkpoints/agent_50010.pt,8ac5a032a78bb88a568b9cfe2e15e95b0aad6f6d428a9ff04ee77fb9b2073364,150d107225160ac498040fa20d4ccf9e26ec2703,True,fixed_per_environment_quotas_v2,stress,29,106,False,False,,4,0,True,False,-7.075104713439941,1.81,1.45989191532135,0.5713540315628052,3.2292909622192383
/home/donglei/isaac_projects/isaac_drone_racer/.worktrees/stage1-fake-vio/logs/skrl/drone_racer/2026-09-02_20-09-09_ppo_torch_stage1_mixed/checkpoints/agent_50010.pt,8ac5a032a78bb88a568b9cfe2e15e95b0aad6f6d428a9ff04ee77fb9b2073364,150d107225160ac498040fa20d4ccf9e26ec2703,True,fixed_per_environment_quotas_v2,stress,29,107,False,False,,7,1,True,False,2.188603401184082,1.72,1.1662033796310425,1.6939268112182617,3.619079113006592
/home/donglei/isaac_projects/isaac_drone_racer/.worktrees/stage1-fake-vio/logs/skrl/drone_racer/2026-09-02_20-09-09_ppo_torch_stage1_mixed/checkpoints/agent_50010.pt,8ac5a032a78bb88a568b9cfe2e15e95b0aad6f6d428a9ff04ee77fb9b2073364,150d107225160ac498040fa20d4ccf9e26ec2703,True,fixed_per_environment_quotas_v2,stress,29,108,False,False,,2,1,True,False,2.115626811981201,1.97,0.6879086494445801,0.32547858357429504,2.0274078845977783
/home/donglei/isaac_projects/isaac_drone_racer/.worktrees/stage1-fake-vio/logs/skrl/drone_racer/2026-09-02_20-09-09_ppo_torch_stage1_mixed/checkpoints/agent_50010.pt,8ac5a032a78bb88a568b9cfe2e15e95b0aad6f6d428a9ff04ee77fb9b2073364,150d107225160ac498040fa20d4ccf9e26ec2703,True,fixed_per_environment_quotas_v2,stress,29,109,False,False,,2,0,True,False,-3.1723897457122803,1.1500000000000001,0.8579122424125671,0.43250569701194763,3.0840935707092285
/home/donglei/isaac_projects/isaac_drone_racer/.worktrees/stage1-fake-vio/logs/skrl/drone_racer/2026-09-02_20-09-09_ppo_torch_stage1_mixed/checkpoints/agent_50010.pt,8ac5a032a78bb88a568b9cfe2e15e95b0aad6f6d428a9ff04ee77fb9b2073364,150d107225160ac498040fa20d4ccf9e26ec2703,True,fixed_per_environment_quotas_v2,stress,29,110,False,False,,4,0,True,False,-4.363968849182129,3.52,2.3759522438049316,0.9809271097183228,15.781730651855469
/home/donglei/isaac_projects/isaac_drone_racer/.worktrees/stage1-fake-vio/logs/skrl/drone_racer/2026-09-02_20-09-09_ppo_torch_stage1_mixed/checkpoints/agent_50010.pt,8ac5a032a78bb88a568b9cfe2e15e95b0aad6f6d428a9ff04ee77fb9b2073364,150d107225160ac498040fa20d4ccf9e26ec2703,True,fixed_per_environment_quotas_v2,stress,29,111,False,False,,2,6,True,False,30.549774169921875,6.13,0.8915780782699585,0.30031079053878784,2.196270227432251
/home/donglei/isaac_projects/isaac_drone_racer/.worktrees/stage1-fake-vio/logs/skrl/drone_racer/2026-09-02_20-09-09_ppo_torch_stage1_mixed/checkpoints/agent_50010.pt,8ac5a032a78bb88a568b9cfe2e15e95b0aad6f6d428a9ff04ee77fb9b2073364,150d107225160ac498040fa20d4ccf9e26ec2703,True,fixed_per_environment_quotas_v2,stress,29,112,True,True,5.72,,7,False,False,39.30671691894531,5.72,0.9382176399230957,0.32263854146003723,2.2800257205963135
/home/donglei/isaac_projects/isaac_drone_racer/.worktrees/stage1-fake-vio/logs/skrl/drone_racer/2026-09-02_20-09-09_ppo_torch_stage1_mixed/checkpoints/agent_50010.pt,8ac5a032a78bb88a568b9cfe2e15e95b0aad6f6d428a9ff04ee77fb9b2073364,150d107225160ac498040fa20d4ccf9e26ec2703,True,fixed_per_environment_quotas_v2,stress,29,113,False,False,,3,4,True,False,13.841848373413086,7.12,1.000752568244934,0.3269849717617035,3.189685344696045
/home/donglei/isaac_projects/isaac_drone_racer/.worktrees/stage1-fake-vio/logs/skrl/drone_racer/2026-09-02_20-09-09_ppo_torch_stage1_mixed/checkpoints/agent_50010.pt,8ac5a032a78bb88a568b9cfe2e15e95b0aad6f6d428a9ff04ee77fb9b2073364,150d107225160ac498040fa20d4ccf9e26ec2703,True,fixed_per_environment_quotas_v2,stress,29,114,False,False,,4,4,True,False,20.185962677001953,4.83,1.0484426021575928,0.3308248221874237,2.2839698791503906
/home/donglei/isaac_projects/isaac_drone_racer/.worktrees/stage1-fake-vio/logs/skrl/drone_racer/2026-09-02_20-09-09_ppo_torch_stage1_mixed/checkpoints/agent_50010.pt,8ac5a032a78bb88a568b9cfe2e15e95b0aad6f6d428a9ff04ee77fb9b2073364,150d107225160ac498040fa20d4ccf9e26ec2703,True,fixed_per_environment_quotas_v2,stress,29,115,False,False,,4,2,True,False,9.187728881835938,6.42,0.8706532716751099,0.6227676272392273,2.5611867904663086
/home/donglei/isaac_projects/isaac_drone_racer/.worktrees/stage1-fake-vio/logs/skrl/drone_racer/2026-09-02_20-09-09_ppo_torch_stage1_mixed/checkpoints/agent_50010.pt,8ac5a032a78bb88a568b9cfe2e15e95b0aad6f6d428a9ff04ee77fb9b2073364,150d107225160ac498040fa20d4ccf9e26ec2703,True,fixed_per_environment_quotas_v2,stress,29,116,False,False,,3,0,True,False,-3.2114744186401367,1.29,0.9142112731933594,0.45302313566207886,2.371967315673828
/home/donglei/isaac_projects/isaac_drone_racer/.worktrees/stage1-fake-vio/logs/skrl/drone_racer/2026-09-02_20-09-09_ppo_torch_stage1_mixed/checkpoints/agent_50010.pt,8ac5a032a78bb88a568b9cfe2e15e95b0aad6f6d428a9ff04ee77fb9b2073364,150d107225160ac498040fa20d4ccf9e26ec2703,True,fixed_per_environment_quotas_v2,stress,29,117,False,False,,3,0,False,True,-7.2713541984558105,3.29,1.2513664960861206,2.3747613430023193,3.453914165496826
/home/donglei/isaac_projects/isaac_drone_racer/.worktrees/stage1-fake-vio/logs/skrl/drone_racer/2026-09-02_20-09-09_ppo_torch_stage1_mixed/checkpoints/agent_50010.pt,8ac5a032a78bb88a568b9cfe2e15e95b0aad6f6d428a9ff04ee77fb9b2073364,150d107225160ac498040fa20d4ccf9e26ec2703,True,fixed_per_environment_quotas_v2,stress,29,118,False,False,,3,1,False,True,-1.4243721961975098,3.3000000000000003,1.0381474494934082,2.009121894836426,1.469221830368042
/home/donglei/isaac_projects/isaac_drone_racer/.worktrees/stage1-fake-vio/logs/skrl/drone_racer/2026-09-02_20-09-09_ppo_torch_stage1_mixed/checkpoints/agent_50010.pt,8ac5a032a78bb88a568b9cfe2e15e95b0aad6f6d428a9ff04ee77fb9b2073364,150d107225160ac498040fa20d4ccf9e26ec2703,True,fixed_per_environment_quotas_v2,stress,29,119,True,True,5.71,,7,False,False,38.8955078125,5.71,0.87186598777771,0.3147936761379242,2.1364054679870605
/home/donglei/isaac_projects/isaac_drone_racer/.worktrees/stage1-fake-vio/logs/skrl/drone_racer/2026-09-02_20-09-09_ppo_torch_stage1_mixed/checkpoints/agent_50010.pt,8ac5a032a78bb88a568b9cfe2e15e95b0aad6f6d428a9ff04ee77fb9b2073364,150d107225160ac498040fa20d4ccf9e26ec2703,True,fixed_per_environment_quotas_v2,stress,29,120,False,False,,4,5,True,False,26.35341453552246,6.13,1.10359787940979,0.4757183790206909,3.155576467514038
/home/donglei/isaac_projects/isaac_drone_racer/.worktrees/stage1-fake-vio/logs/skrl/drone_racer/2026-09-02_20-09-09_ppo_torch_stage1_mixed/checkpoints/agent_50010.pt,8ac5a032a78bb88a568b9cfe2e15e95b0aad6f6d428a9ff04ee77fb9b2073364,150d107225160ac498040fa20d4ccf9e26ec2703,True,fixed_per_environment_quotas_v2,stress,29,121,False,False,,3,0,True,False,-3.443927764892578,0.91,1.7494757175445557,0.6547144055366516,6.6526947021484375
/home/donglei/isaac_projects/isaac_drone_racer/.worktrees/stage1-fake-vio/logs/skrl/drone_racer/2026-09-02_20-09-09_ppo_torch_stage1_mixed/checkpoints/agent_50010.pt,8ac5a032a78bb88a568b9cfe2e15e95b0aad6f6d428a9ff04ee77fb9b2073364,150d107225160ac498040fa20d4ccf9e26ec2703,True,fixed_per_environment_quotas_v2,stress,29,122,True,True,5.47,,7,False,False,38.7770881652832,5.47,0.8432909250259399,0.26908308267593384,2.126187324523926
/home/donglei/isaac_projects/isaac_drone_racer/.worktrees/stage1-fake-vio/logs/skrl/drone_racer/2026-09-02_20-09-09_ppo_torch_stage1_mixed/checkpoints/agent_50010.pt,8ac5a032a78bb88a568b9cfe2e15e95b0aad6f6d428a9ff04ee77fb9b2073364,150d107225160ac498040fa20d4ccf9e26ec2703,True,fixed_per_environment_quotas_v2,stress,29,123,False,False,,1,1,True,False,-0.26068925857543945,1.11,0.6420685648918152,0.5005418658256531,1.6234545707702637
/home/donglei/isaac_projects/isaac_drone_racer/.worktrees/stage1-fake-vio/logs/skrl/drone_racer/2026-09-02_20-09-09_ppo_torch_stage1_mixed/checkpoints/agent_50010.pt,8ac5a032a78bb88a568b9cfe2e15e95b0aad6f6d428a9ff04ee77fb9b2073364,150d107225160ac498040fa20d4ccf9e26ec2703,True,fixed_per_environment_quotas_v2,stress,29,124,True,True,5.5600000000000005,,7,False,False,38.30352020263672,5.5600000000000005,0.9486801624298096,0.3439364433288574,2.2957565784454346
/home/donglei/isaac_projects/isaac_drone_racer/.worktrees/stage1-fake-vio/logs/skrl/drone_racer/2026-09-02_20-09-09_ppo_torch_stage1_mixed/checkpoints/agent_50010.pt,8ac5a032a78bb88a568b9cfe2e15e95b0aad6f6d428a9ff04ee77fb9b2073364,150d107225160ac498040fa20d4ccf9e26ec2703,True,fixed_per_environment_quotas_v2,stress,29,125,False,False,,4,0,True,False,-2.298549175262451,1.23,0.8472082018852234,0.3125147819519043,1.8351880311965942
/home/donglei/isaac_projects/isaac_drone_racer/.worktrees/stage1-fake-vio/logs/skrl/drone_racer/2026-09-02_20-09-09_ppo_torch_stage1_mixed/checkpoints/agent_50010.pt,8ac5a032a78bb88a568b9cfe2e15e95b0aad6f6d428a9ff04ee77fb9b2073364,150d107225160ac498040fa20d4ccf9e26ec2703,True,fixed_per_environment_quotas_v2,stress,29,126,True,True,5.38,,7,False,False,39.270206451416016,5.38,0.8904654383659363,0.27450329065322876,2.1049158573150635
/home/donglei/isaac_projects/isaac_drone_racer/.worktrees/stage1-fake-vio/logs/skrl/drone_racer/2026-09-02_20-09-09_ppo_torch_stage1_mixed/checkpoints/agent_50010.pt,8ac5a032a78bb88a568b9cfe2e15e95b0aad6f6d428a9ff04ee77fb9b2073364,150d107225160ac498040fa20d4ccf9e26ec2703,True,fixed_per_environment_quotas_v2,stress,29,127,False,False,,6,2,True,False,8.26120662689209,2.92,1.0449678897857666,0.7342594265937805,3.442070960998535
/home/donglei/isaac_projects/isaac_drone_racer/.worktrees/stage1-fake-vio/logs/skrl/drone_racer/2026-09-02_20-09-09_ppo_torch_stage1_mixed/checkpoints/agent_50010.pt,8ac5a032a78bb88a568b9cfe2e15e95b0aad6f6d428a9ff04ee77fb9b2073364,150d107225160ac498040fa20d4ccf9e26ec2703,True,fixed_per_environment_quotas_v2,stress,47,0,False,False,,1,0,True,False,-5.021219253540039,0.01,0.1351303607225418,0.06528666615486145,3.635899782180786
/home/donglei/isaac_projects/isaac_drone_racer/.worktrees/stage1-fake-vio/logs/skrl/drone_racer/2026-09-02_20-09-09_ppo_torch_stage1_mixed/checkpoints/agent_50010.pt,8ac5a032a78bb88a568b9cfe2e15e95b0aad6f6d428a9ff04ee77fb9b2073364,150d107225160ac498040fa20d4ccf9e26ec2703,True,fixed_per_environment_quotas_v2,stress,47,1,False,False,,1,0,True,False,-5.01470422744751,0.03,0.054908908903598785,0.11423203349113464,3.163518190383911
/home/donglei/isaac_projects/isaac_drone_racer/.worktrees/stage1-fake-vio/logs/skrl/drone_racer/2026-09-02_20-09-09_ppo_torch_stage1_mixed/checkpoints/agent_50010.pt,8ac5a032a78bb88a568b9cfe2e15e95b0aad6f6d428a9ff04ee77fb9b2073364,150d107225160ac498040fa20d4ccf9e26ec2703,True,fixed_per_environment_quotas_v2,stress,47,2,False,False,,2,0,True,False,-5.034945487976074,0.05,0.2021433562040329,0.4599663317203522,0.6928881406784058
/home/donglei/isaac_projects/isaac_drone_racer/.worktrees/stage1-fake-vio/logs/skrl/drone_racer/2026-09-02_20-09-09_ppo_torch_stage1_mixed/checkpoints/agent_50010.pt,8ac5a032a78bb88a568b9cfe2e15e95b0aad6f6d428a9ff04ee77fb9b2073364,150d107225160ac498040fa20d4ccf9e26ec2703,True,fixed_per_environment_quotas_v2,stress,47,3,False,False,,4,0,True,False,-5.03580379486084,0.09,0.22335322201251984,0.07914507389068604,1.9859379529953003
/home/donglei/isaac_projects/isaac_drone_racer/.worktrees/stage1-fake-vio/logs/skrl/drone_racer/2026-09-02_20-09-09_ppo_torch_stage1_mixed/checkpoints/agent_50010.pt,8ac5a032a78bb88a568b9cfe2e15e95b0aad6f6d428a9ff04ee77fb9b2073364,150d107225160ac498040fa20d4ccf9e26ec2703,True,fixed_per_environment_quotas_v2,stress,47,4,False,False,,6,0,True,False,-4.999134540557861,0.09,0.33054402470588684,0.13025382161140442,2.806715726852417
/home/donglei/isaac_projects/isaac_drone_racer/.worktrees/stage1-fake-vio/logs/skrl/drone_racer/2026-09-02_20-09-09_ppo_torch_stage1_mixed/checkpoints/agent_50010.pt,8ac5a032a78bb88a568b9cfe2e15e95b0aad6f6d428a9ff04ee77fb9b2073364,150d107225160ac498040fa20d4ccf9e26ec2703,True,fixed_per_environment_quotas_v2,stress,47,5,False,False,,4,0,True,False,-4.704512596130371,0.2,0.6455591320991516,0.3148749768733978,2.9611032009124756
/home/donglei/isaac_projects/isaac_drone_racer/.worktrees/stage1-fake-vio/logs/skrl/drone_racer/2026-09-02_20-09-09_ppo_torch_stage1_mixed/checkpoints/agent_50010.pt,8ac5a032a78bb88a568b9cfe2e15e95b0aad6f6d428a9ff04ee77fb9b2073364,150d107225160ac498040fa20d4ccf9e26ec2703,True,fixed_per_environment_quotas_v2,stress,47,6,False,False,,5,0,True,False,-4.742554664611816,0.2,0.8076890110969543,0.3281567394733429,1.889709711074829
/home/donglei/isaac_projects/isaac_drone_racer/.worktrees/stage1-fake-vio/logs/skrl/drone_racer/2026-09-02_20-09-09_ppo_torch_stage1_mixed/checkpoints/agent_50010.pt,8ac5a032a78bb88a568b9cfe2e15e95b0aad6f6d428a9ff04ee77fb9b2073364,150d107225160ac498040fa20d4ccf9e26ec2703,True,fixed_per_environment_quotas_v2,stress,47,7,False,False,,1,0,True,False,-5.008551120758057,0.26,0.5155397057533264,0.4222676157951355,1.9295328855514526
/home/donglei/isaac_projects/isaac_drone_racer/.worktrees/stage1-fake-vio/logs/skrl/drone_racer/2026-09-02_20-09-09_ppo_torch_stage1_mixed/checkpoints/agent_50010.pt,8ac5a032a78bb88a568b9cfe2e15e95b0aad6f6d428a9ff04ee77fb9b2073364,150d107225160ac498040fa20d4ccf9e26ec2703,True,fixed_per_environment_quotas_v2,stress,47,8,False,False,,2,0,True,False,-4.128722667694092,0.28,1.5919055938720703,0.6744890809059143,3.34362530708313
/home/donglei/isaac_projects/isaac_drone_racer/.worktrees/stage1-fake-vio/logs/skrl/drone_racer/2026-09-02_20-09-09_ppo_torch_stage1_mixed/checkpoints/agent_50010.pt,8ac5a032a78bb88a568b9cfe2e15e95b0aad6f6d428a9ff04ee77fb9b2073364,150d107225160ac498040fa20d4ccf9e26ec2703,True,fixed_per_environment_quotas_v2,stress,47,9,False,False,,4,0,True,False,-5.267177581787109,0.32,0.7796955704689026,0.5424585342407227,2.565152645111084
/home/donglei/isaac_projects/isaac_drone_racer/.worktrees/stage1-fake-vio/logs/skrl/drone_racer/2026-09-02_20-09-09_ppo_torch_stage1_mixed/checkpoints/agent_50010.pt,8ac5a032a78bb88a568b9cfe2e15e95b0aad6f6d428a9ff04ee77fb9b2073364,150d107225160ac498040fa20d4ccf9e26ec2703,True,fixed_per_environment_quotas_v2,stress,47,10,False,False,,4,0,True,False,-4.395478248596191,0.37,1.1056123971939087,0.41716572642326355,3.0428380966186523
/home/donglei/isaac_projects/isaac_drone_racer/.worktrees/stage1-fake-vio/logs/skrl/drone_racer/2026-09-02_20-09-09_ppo_torch_stage1_mixed/checkpoints/agent_50010.pt,8ac5a032a78bb88a568b9cfe2e15e95b0aad6f6d428a9ff04ee77fb9b2073364,150d107225160ac498040fa20d4ccf9e26ec2703,True,fixed_per_environment_quotas_v2,stress,47,11,False,False,,4,0,True,False,-4.148140907287598,0.37,0.8672030568122864,0.3262645900249481,3.2163779735565186
/home/donglei/isaac_projects/isaac_drone_racer/.worktrees/stage1-fake-vio/logs/skrl/drone_racer/2026-09-02_20-09-09_ppo_torch_stage1_mixed/checkpoints/agent_50010.pt,8ac5a032a78bb88a568b9cfe2e15e95b0aad6f6d428a9ff04ee77fb9b2073364,150d107225160ac498040fa20d4ccf9e26ec2703,True,fixed_per_environment_quotas_v2,stress,47,12,False,False,,1,0,True,False,-4.4761810302734375,0.41000000000000003,0.546341598033905,0.40371549129486084,2.0680510997772217
/home/donglei/isaac_projects/isaac_drone_racer/.worktrees/stage1-fake-vio/logs/skrl/drone_racer/2026-09-02_20-09-09_ppo_torch_stage1_mixed/checkpoints/agent_50010.pt,8ac5a032a78bb88a568b9cfe2e15e95b0aad6f6d428a9ff04ee77fb9b2073364,150d107225160ac498040fa20d4ccf9e26ec2703,True,fixed_per_environment_quotas_v2,stress,47,13,False,False,,6,0,True,False,-4.105378150939941,0.46,1.0799784660339355,0.38791725039482117,3.194854736328125
/home/donglei/isaac_projects/isaac_drone_racer/.worktrees/stage1-fake-vio/logs/skrl/drone_racer/2026-09-02_20-09-09_ppo_torch_stage1_mixed/checkpoints/agent_50010.pt,8ac5a032a78bb88a568b9cfe2e15e95b0aad6f6d428a9ff04ee77fb9b2073364,150d107225160ac498040fa20d4ccf9e26ec2703,True,fixed_per_environment_quotas_v2,stress,47,14,False,False,,4,0,True,False,-3.4922103881835938,0.49,1.8323203325271606,0.6051563024520874,2.549492120742798
/home/donglei/isaac_projects/isaac_drone_racer/.worktrees/stage1-fake-vio/logs/skrl/drone_racer/2026-09-02_20-09-09_ppo_torch_stage1_mixed/checkpoints/agent_50010.pt,8ac5a032a78bb88a568b9cfe2e15e95b0aad6f6d428a9ff04ee77fb9b2073364,150d107225160ac498040fa20d4ccf9e26ec2703,True,fixed_per_environment_quotas_v2,stress,47,15,False,False,,2,0,True,False,-3.825483798980713,0.55,0.9641855359077454,0.4059717655181885,3.5774686336517334
/home/donglei/isaac_projects/isaac_drone_racer/.worktrees/stage1-fake-vio/logs/skrl/drone_racer/2026-09-02_20-09-09_ppo_torch_stage1_mixed/checkpoints/agent_50010.pt,8ac5a032a78bb88a568b9cfe2e15e95b0aad6f6d428a9ff04ee77fb9b2073364,150d107225160ac498040fa20d4ccf9e26ec2703,True,fixed_per_environment_quotas_v2,stress,47,16,False,False,,3,0,True,False,-3.516604423522949,0.5700000000000001,1.277656078338623,0.4997920095920563,3.2268741130828857
/home/donglei/isaac_projects/isaac_drone_racer/.worktrees/stage1-fake-vio/logs/skrl/drone_racer/2026-09-02_20-09-09_ppo_torch_stage1_mixed/checkpoints/agent_50010.pt,8ac5a032a78bb88a568b9cfe2e15e95b0aad6f6d428a9ff04ee77fb9b2073364,150d107225160ac498040fa20d4ccf9e26ec2703,True,fixed_per_environment_quotas_v2,stress,47,17,False,False,,7,0,True,False,-4.03279972076416,0.6,0.9564423561096191,0.3943113386631012,2.577491044998169
/home/donglei/isaac_projects/isaac_drone_racer/.worktrees/stage1-fake-vio/logs/skrl/drone_racer/2026-09-02_20-09-09_ppo_torch_stage1_mixed/checkpoints/agent_50010.pt,8ac5a032a78bb88a568b9cfe2e15e95b0aad6f6d428a9ff04ee77fb9b2073364,150d107225160ac498040fa20d4ccf9e26ec2703,True,fixed_per_environment_quotas_v2,stress,47,18,False,False,,1,0,False,False,0.8679059743881226,0.6,0.8772837519645691,0.4828384220600128,2.6052465438842773
/home/donglei/isaac_projects/isaac_drone_racer/.worktrees/stage1-fake-vio/logs/skrl/drone_racer/2026-09-02_20-09-09_ppo_torch_stage1_mixed/checkpoints/agent_50010.pt,8ac5a032a78bb88a568b9cfe2e15e95b0aad6f6d428a9ff04ee77fb9b2073364,150d107225160ac498040fa20d4ccf9e26ec2703,True,fixed_per_environment_quotas_v2,stress,47,19,False,False,,4,0,True,False,-3.7514588832855225,0.6,1.1688216924667358,0.6291874647140503,2.8825457096099854
/home/donglei/isaac_projects/isaac_drone_racer/.worktrees/stage1-fake-vio/logs/skrl/drone_racer/2026-09-02_20-09-09_ppo_torch_stage1_mixed/checkpoints/agent_50010.pt,8ac5a032a78bb88a568b9cfe2e15e95b0aad6f6d428a9ff04ee77fb9b2073364,150d107225160ac498040fa20d4ccf9e26ec2703,True,fixed_per_environment_quotas_v2,stress,47,20,False,False,,2,0,True,False,-3.620260238647461,0.74,1.135303258895874,0.534196674823761,2.7854702472686768
/home/donglei/isaac_projects/isaac_drone_racer/.worktrees/stage1-fake-vio/logs/skrl/drone_racer/2026-09-02_20-09-09_ppo_torch_stage1_mixed/checkpoints/agent_50010.pt,8ac5a032a78bb88a568b9cfe2e15e95b0aad6f6d428a9ff04ee77fb9b2073364,150d107225160ac498040fa20d4ccf9e26ec2703,True,fixed_per_environment_quotas_v2,stress,47,21,False,False,,2,1,True,False,0.9071693420410156,0.84,1.4840494394302368,0.6405629515647888,2.7063677310943604
/home/donglei/isaac_projects/isaac_drone_racer/.worktrees/stage1-fake-vio/logs/skrl/drone_racer/2026-09-02_20-09-09_ppo_torch_stage1_mixed/checkpoints/agent_50010.pt,8ac5a032a78bb88a568b9cfe2e15e95b0aad6f6d428a9ff04ee77fb9b2073364,150d107225160ac498040fa20d4ccf9e26ec2703,True,fixed_per_environment_quotas_v2,stress,47,22,False,False,,2,0,True,False,-3.198540449142456,0.85,1.1238200664520264,0.44261404871940613,2.1270275115966797
/home/donglei/isaac_projects/isaac_drone_racer/.worktrees/stage1-fake-vio/logs/skrl/drone_racer/2026-09-02_20-09-09_ppo_torch_stage1_mixed/checkpoints/agent_50010.pt,8ac5a032a78bb88a568b9cfe2e15e95b0aad6f6d428a9ff04ee77fb9b2073364,150d107225160ac498040fa20d4ccf9e26ec2703,True,fixed_per_environment_quotas_v2,stress,47,23,False,False,,2,1,True,False,0.06498241424560547,0.88,0.8140029311180115,0.9550723433494568,5.577853202819824
/home/donglei/isaac_projects/isaac_drone_racer/.worktrees/stage1-fake-vio/logs/skrl/drone_racer/2026-09-02_20-09-09_ppo_torch_stage1_mixed/checkpoints/agent_50010.pt,8ac5a032a78bb88a568b9cfe2e15e95b0aad6f6d428a9ff04ee77fb9b2073364,150d107225160ac498040fa20d4ccf9e26ec2703,True,fixed_per_environment_quotas_v2,stress,47,24,False,False,,7,1,True,False,0.9671564102172852,0.9400000000000001,1.19481360912323,0.4470388889312744,2.4899075031280518
/home/donglei/isaac_projects/isaac_drone_racer/.worktrees/stage1-fake-vio/logs/skrl/drone_racer/2026-09-02_20-09-09_ppo_torch_stage1_mixed/checkpoints/agent_50010.pt,8ac5a032a78bb88a568b9cfe2e15e95b0aad6f6d428a9ff04ee77fb9b2073364,150d107225160ac498040fa20d4ccf9e26ec2703,True,fixed_per_environment_quotas_v2,stress,47,25,False,False,,2,0,True,False,-3.3415045738220215,0.93,1.0829328298568726,0.5365716814994812,2.5049428939819336
/home/donglei/isaac_projects/isaac_drone_racer/.worktrees/stage1-fake-vio/logs/skrl/drone_racer/2026-09-02_20-09-09_ppo_torch_stage1_mixed/checkpoints/agent_50010.pt,8ac5a032a78bb88a568b9cfe2e15e95b0aad6f6d428a9ff04ee77fb9b2073364,150d107225160ac498040fa20d4ccf9e26ec2703,True,fixed_per_environment_quotas_v2,stress,47,26,False,False,,2,0,True,False,-3.415149211883545,0.8300000000000001,1.3568062782287598,0.6873746514320374,2.901174783706665
/home/donglei/isaac_projects/isaac_drone_racer/.worktrees/stage1-fake-vio/logs/skrl/drone_racer/2026-09-02_20-09-09_ppo_torch_stage1_mixed/checkpoints/agent_50010.pt,8ac5a032a78bb88a568b9cfe2e15e95b0aad6f6d428a9ff04ee77fb9b2073364,150d107225160ac498040fa20d4ccf9e26ec2703,True,fixed_per_environment_quotas_v2,stress,47,27,False,False,,7,0,False,True,-12.093183517456055,1.06,1.4208946228027344,0.8553122282028198,1.8322867155075073
/home/donglei/isaac_projects/isaac_drone_racer/.worktrees/stage1-fake-vio/logs/skrl/drone_racer/2026-09-02_20-09-09_ppo_torch_stage1_mixed/checkpoints/agent_50010.pt,8ac5a032a78bb88a568b9cfe2e15e95b0aad6f6d428a9ff04ee77fb9b2073364,150d107225160ac498040fa20d4ccf9e26ec2703,True,fixed_per_environment_quotas_v2,stress,47,28,False,False,,2,1,True,False,1.2011404037475586,1.09,0.8530089855194092,0.46064698696136475,2.284264087677002
/home/donglei/isaac_projects/isaac_drone_racer/.worktrees/stage1-fake-vio/logs/skrl/drone_racer/2026-09-02_20-09-09_ppo_torch_stage1_mixed/checkpoints/agent_50010.pt,8ac5a032a78bb88a568b9cfe2e15e95b0aad6f6d428a9ff04ee77fb9b2073364,150d107225160ac498040fa20d4ccf9e26ec2703,True,fixed_per_environment_quotas_v2,stress,47,29,False,False,,6,1,True,False,1.0276408195495605,1.1,1.2523671388626099,0.4604696035385132,2.765024423599243
/home/donglei/isaac_projects/isaac_drone_racer/.worktrees/stage1-fake-vio/logs/skrl/drone_racer/2026-09-02_20-09-09_ppo_torch_stage1_mixed/checkpoints/agent_50010.pt,8ac5a032a78bb88a568b9cfe2e15e95b0aad6f6d428a9ff04ee77fb9b2073364,150d107225160ac498040fa20d4ccf9e26ec2703,True,fixed_per_environment_quotas_v2,stress,47,30,False,False,,4,1,True,False,1.5034356117248535,1.1,1.2858330011367798,0.4365684688091278,2.6481149196624756
/home/donglei/isaac_projects/isaac_drone_racer/.worktrees/stage1-fake-vio/logs/skrl/drone_racer/2026-09-02_20-09-09_ppo_torch_stage1_mixed/checkpoints/agent_50010.pt,8ac5a032a78bb88a568b9cfe2e15e95b0aad6f6d428a9ff04ee77fb9b2073364,150d107225160ac498040fa20d4ccf9e26ec2703,True,fixed_per_environment_quotas_v2,stress,47,31,False,False,,4,0,True,False,-3.949237823486328,1.12,1.1825073957443237,1.6228092908859253,3.997098445892334
/home/donglei/isaac_projects/isaac_drone_racer/.worktrees/stage1-fake-vio/logs/skrl/drone_racer/2026-09-02_20-09-09_ppo_torch_stage1_mixed/checkpoints/agent_50010.pt,8ac5a032a78bb88a568b9cfe2e15e95b0aad6f6d428a9ff04ee77fb9b2073364,150d107225160ac498040fa20d4ccf9e26ec2703,True,fixed_per_environment_quotas_v2,stress,47,32,False,False,,2,0,True,False,-3.404974937438965,0.98,1.15653395652771,0.6276543140411377,2.61785626411438
/home/donglei/isaac_projects/isaac_drone_racer/.worktrees/stage1-fake-vio/logs/skrl/drone_racer/2026-09-02_20-09-09_ppo_torch_stage1_mixed/checkpoints/agent_50010.pt,8ac5a032a78bb88a568b9cfe2e15e95b0aad6f6d428a9ff04ee77fb9b2073364,150d107225160ac498040fa20d4ccf9e26ec2703,True,fixed_per_environment_quotas_v2,stress,47,33,False,False,,5,0,True,False,-4.85764217376709,1.3,0.8461241126060486,0.9479115605354309,4.413015842437744
/home/donglei/isaac_projects/isaac_drone_racer/.worktrees/stage1-fake-vio/logs/skrl/drone_racer/2026-09-02_20-09-09_ppo_torch_stage1_mixed/checkpoints/agent_50010.pt,8ac5a032a78bb88a568b9cfe2e15e95b0aad6f6d428a9ff04ee77fb9b2073364,150d107225160ac498040fa20d4ccf9e26ec2703,True,fixed_per_environment_quotas_v2,stress,47,34,False,False,,7,0,True,False,-3.826364040374756,1.04,0.7947619557380676,0.5064574480056763,1.717971682548523
/home/donglei/isaac_projects/isaac_drone_racer/.worktrees/stage1-fake-vio/logs/skrl/drone_racer/2026-09-02_20-09-09_ppo_torch_stage1_mixed/checkpoints/agent_50010.pt,8ac5a032a78bb88a568b9cfe2e15e95b0aad6f6d428a9ff04ee77fb9b2073364,150d107225160ac498040fa20d4ccf9e26ec2703,True,fixed_per_environment_quotas_v2,stress,47,35,False,False,,6,0,False,True,-8.929616928100586,1.44,1.940385103225708,1.4833284616470337,2.289076328277588
/home/donglei/isaac_projects/isaac_drone_racer/.worktrees/stage1-fake-vio/logs/skrl/drone_racer/2026-09-02_20-09-09_ppo_torch_stage1_mixed/checkpoints/agent_50010.pt,8ac5a032a78bb88a568b9cfe2e15e95b0aad6f6d428a9ff04ee77fb9b2073364,150d107225160ac498040fa20d4ccf9e26ec2703,True,fixed_per_environment_quotas_v2,stress,47,36,False,False,,5,1,True,False,0.9916572570800781,1.45,1.1530451774597168,0.6420058608055115,3.2330124378204346
/home/donglei/isaac_projects/isaac_drone_racer/.worktrees/stage1-fake-vio/logs/skrl/drone_racer/2026-09-02_20-09-09_ppo_torch_stage1_mixed/checkpoints/agent_50010.pt,8ac5a032a78bb88a568b9cfe2e15e95b0aad6f6d428a9ff04ee77fb9b2073364,150d107225160ac498040fa20d4ccf9e26ec2703,True,fixed_per_environment_quotas_v2,stress,47,37,False,False,,2,1,True,False,1.5950908660888672,1.46,1.1852428913116455,0.5699450969696045,3.0190632343292236
/home/donglei/isaac_projects/isaac_drone_racer/.worktrees/stage1-fake-vio/logs/skrl/drone_racer/2026-09-02_20-09-09_ppo_torch_stage1_mixed/checkpoints/agent_50010.pt,8ac5a032a78bb88a568b9cfe2e15e95b0aad6f6d428a9ff04ee77fb9b2073364,150d107225160ac498040fa20d4ccf9e26ec2703,True,fixed_per_environment_quotas_v2,stress,47,38,False,False,,2,0,True,False,-3.5443220138549805,0.9500000000000001,0.9332208037376404,1.098895788192749,3.5679991245269775
/home/donglei/isaac_projects/isaac_drone_racer/.worktrees/stage1-fake-vio/logs/skrl/drone_racer/2026-09-02_20-09-09_ppo_torch_stage1_mixed/checkpoints/agent_50010.pt,8ac5a032a78bb88a568b9cfe2e15e95b0aad6f6d428a9ff04ee77fb9b2073364,150d107225160ac498040fa20d4ccf9e26ec2703,True,fixed_per_environment_quotas_v2,stress,47,39,False,False,,1,1,True,False,-0.12814760208129883,1.04,0.8765125274658203,0.6259890794754028,2.3353066444396973
/home/donglei/isaac_projects/isaac_drone_racer/.worktrees/stage1-fake-vio/logs/skrl/drone_racer/2026-09-02_20-09-09_ppo_torch_stage1_mixed/checkpoints/agent_50010.pt,8ac5a032a78bb88a568b9cfe2e15e95b0aad6f6d428a9ff04ee77fb9b2073364,150d107225160ac498040fa20d4ccf9e26ec2703,True,fixed_per_environment_quotas_v2,stress,47,40,False,False,,6,0,True,False,-3.1962480545043945,1.12,1.1194931268692017,0.7756718993186951,2.811063528060913
/home/donglei/isaac_projects/isaac_drone_racer/.worktrees/stage1-fake-vio/logs/skrl/drone_racer/2026-09-02_20-09-09_ppo_torch_stage1_mixed/checkpoints/agent_50010.pt,8ac5a032a78bb88a568b9cfe2e15e95b0aad6f6d428a9ff04ee77fb9b2073364,150d107225160ac498040fa20d4ccf9e26ec2703,True,fixed_per_environment_quotas_v2,stress,47,41,False,False,,4,1,True,False,3.4828901290893555,1.71,1.4265849590301514,0.43202823400497437,2.526623010635376
/home/donglei/isaac_projects/isaac_drone_racer/.worktrees/stage1-fake-vio/logs/skrl/drone_racer/2026-09-02_20-09-09_ppo_torch_stage1_mixed/checkpoints/agent_50010.pt,8ac5a032a78bb88a568b9cfe2e15e95b0aad6f6d428a9ff04ee77fb9b2073364,150d107225160ac498040fa20d4ccf9e26ec2703,True,fixed_per_environment_quotas_v2,stress,47,42,False,False,,1,1,True,False,-0.1969614028930664,1.1400000000000001,1.680401086807251,0.890741229057312,2.539916753768921
/home/donglei/isaac_projects/isaac_drone_racer/.worktrees/stage1-fake-vio/logs/skrl/drone_racer/2026-09-02_20-09-09_ppo_torch_stage1_mixed/checkpoints/agent_50010.pt,8ac5a032a78bb88a568b9cfe2e15e95b0aad6f6d428a9ff04ee77fb9b2073364,150d107225160ac498040fa20d4ccf9e26ec2703,True,fixed_per_environment_quotas_v2,stress,47,43,False,False,,1,1,True,False,-0.1280217170715332,1.21,0.9795902967453003,0.5389477610588074,2.7998385429382324
/home/donglei/isaac_projects/isaac_drone_racer/.worktrees/stage1-fake-vio/logs/skrl/drone_racer/2026-09-02_20-09-09_ppo_torch_stage1_mixed/checkpoints/agent_50010.pt,8ac5a032a78bb88a568b9cfe2e15e95b0aad6f6d428a9ff04ee77fb9b2073364,150d107225160ac498040fa20d4ccf9e26ec2703,True,fixed_per_environment_quotas_v2,stress,47,44,False,False,,4,0,True,False,-7.258261680603027,1.62,1.1106863021850586,1.0999983549118042,2.2824792861938477
/home/donglei/isaac_projects/isaac_drone_racer/.worktrees/stage1-fake-vio/logs/skrl/drone_racer/2026-09-02_20-09-09_ppo_torch_stage1_mixed/checkpoints/agent_50010.pt,8ac5a032a78bb88a568b9cfe2e15e95b0aad6f6d428a9ff04ee77fb9b2073364,150d107225160ac498040fa20d4ccf9e26ec2703,True,fixed_per_environment_quotas_v2,stress,47,45,False,False,,6,0,True,False,-3.106178045272827,1.1,1.104089617729187,0.5821854472160339,2.741598606109619
/home/donglei/isaac_projects/isaac_drone_racer/.worktrees/stage1-fake-vio/logs/skrl/drone_racer/2026-09-02_20-09-09_ppo_torch_stage1_mixed/checkpoints/agent_50010.pt,8ac5a032a78bb88a568b9cfe2e15e95b0aad6f6d428a9ff04ee77fb9b2073364,150d107225160ac498040fa20d4ccf9e26ec2703,True,fixed_per_environment_quotas_v2,stress,47,46,False,False,,1,0,False,True,-13.126592636108398,1.95,1.548133373260498,1.9595168828964233,2.3530385494232178
/home/donglei/isaac_projects/isaac_drone_racer/.worktrees/stage1-fake-vio/logs/skrl/drone_racer/2026-09-02_20-09-09_ppo_torch_stage1_mixed/checkpoints/agent_50010.pt,8ac5a032a78bb88a568b9cfe2e15e95b0aad6f6d428a9ff04ee77fb9b2073364,150d107225160ac498040fa20d4ccf9e26ec2703,True,fixed_per_environment_quotas_v2,stress,47,47,False,False,,3,2,True,False,6.966034889221191,1.97,2.0575034618377686,0.6634647846221924,4.111690044403076
/home/donglei/isaac_projects/isaac_drone_racer/.worktrees/stage1-fake-vio/logs/skrl/drone_racer/2026-09-02_20-09-09_ppo_torch_stage1_mixed/checkpoints/agent_50010.pt,8ac5a032a78bb88a568b9cfe2e15e95b0aad6f6d428a9ff04ee77fb9b2073364,150d107225160ac498040fa20d4ccf9e26ec2703,True,fixed_per_environment_quotas_v2,stress,47,48,False,False,,6,2,True,False,6.378448009490967,1.98,1.2183125019073486,0.6456897258758545,3.601525068283081
/home/donglei/isaac_projects/isaac_drone_racer/.worktrees/stage1-fake-vio/logs/skrl/drone_racer/2026-09-02_20-09-09_ppo_torch_stage1_mixed/checkpoints/agent_50010.pt,8ac5a032a78bb88a568b9cfe2e15e95b0aad6f6d428a9ff04ee77fb9b2073364,150d107225160ac498040fa20d4ccf9e26ec2703,True,fixed_per_environment_quotas_v2,stress,47,49,False,False,,4,1,True,False,3.881659507751465,2.0100000000000002,1.4026618003845215,0.4291621446609497,2.8072993755340576
/home/donglei/isaac_projects/isaac_drone_racer/.worktrees/stage1-fake-vio/logs/skrl/drone_racer/2026-09-02_20-09-09_ppo_torch_stage1_mixed/checkpoints/agent_50010.pt,8ac5a032a78bb88a568b9cfe2e15e95b0aad6f6d428a9ff04ee77fb9b2073364,150d107225160ac498040fa20d4ccf9e26ec2703,True,fixed_per_environment_quotas_v2,stress,47,50,False,False,,7,2,True,False,6.507551193237305,2.04,1.3010892868041992,0.5620938539505005,3.360090970993042
/home/donglei/isaac_projects/isaac_drone_racer/.worktrees/stage1-fake-vio/logs/skrl/drone_racer/2026-09-02_20-09-09_ppo_torch_stage1_mixed/checkpoints/agent_50010.pt,8ac5a032a78bb88a568b9cfe2e15e95b0aad6f6d428a9ff04ee77fb9b2073364,150d107225160ac498040fa20d4ccf9e26ec2703,True,fixed_per_environment_quotas_v2,stress,47,51,False,False,,4,0,True,False,-2.3704452514648438,1.35,1.0885086059570312,0.49407142400741577,2.583451747894287
/home/donglei/isaac_projects/isaac_drone_racer/.worktrees/stage1-fake-vio/logs/skrl/drone_racer/2026-09-02_20-09-09_ppo_torch_stage1_mixed/checkpoints/agent_50010.pt,8ac5a032a78bb88a568b9cfe2e15e95b0aad6f6d428a9ff04ee77fb9b2073364,150d107225160ac498040fa20d4ccf9e26ec2703,True,fixed_per_environment_quotas_v2,stress,47,52,False,False,,1,2,True,False,6.764970779418945,2.1,1.251554012298584,0.35561245679855347,3.8299732208251953
/home/donglei/isaac_projects/isaac_drone_racer/.worktrees/stage1-fake-vio/logs/skrl/drone_racer/2026-09-02_20-09-09_ppo_torch_stage1_mixed/checkpoints/agent_50010.pt,8ac5a032a78bb88a568b9cfe2e15e95b0aad6f6d428a9ff04ee77fb9b2073364,150d107225160ac498040fa20d4ccf9e26ec2703,True,fixed_per_environment_quotas_v2,stress,47,53,False,False,,7,3,True,False,10.882318496704102,2.11,0.9385103583335876,0.39263463020324707,2.2820773124694824
/home/donglei/isaac_projects/isaac_drone_racer/.worktrees/stage1-fake-vio/logs/skrl/drone_racer/2026-09-02_20-09-09_ppo_torch_stage1_mixed/checkpoints/agent_50010.pt,8ac5a032a78bb88a568b9cfe2e15e95b0aad6f6d428a9ff04ee77fb9b2073364,150d107225160ac498040fa20d4ccf9e26ec2703,True,fixed_per_environment_quotas_v2,stress,47,54,False,False,,6,2,True,False,6.85851526260376,2.14,0.968714714050293,0.4271158277988434,2.576639413833618
/home/donglei/isaac_projects/isaac_drone_racer/.worktrees/stage1-fake-vio/logs/skrl/drone_racer/2026-09-02_20-09-09_ppo_torch_stage1_mixed/checkpoints/agent_50010.pt,8ac5a032a78bb88a568b9cfe2e15e95b0aad6f6d428a9ff04ee77fb9b2073364,150d107225160ac498040fa20d4ccf9e26ec2703,True,fixed_per_environment_quotas_v2,stress,47,55,False,False,,6,2,True,False,0.9365544319152832,2.18,1.1523497104644775,1.354873776435852,3.2059104442596436
/home/donglei/isaac_projects/isaac_drone_racer/.worktrees/stage1-fake-vio/logs/skrl/drone_racer/2026-09-02_20-09-09_ppo_torch_stage1_mixed/checkpoints/agent_50010.pt,8ac5a032a78bb88a568b9cfe2e15e95b0aad6f6d428a9ff04ee77fb9b2073364,150d107225160ac498040fa20d4ccf9e26ec2703,True,fixed_per_environment_quotas_v2,stress,47,56,False,False,,6,3,True,False,10.831850051879883,2.2,0.9246309399604797,0.4636097550392151,2.1681838035583496
/home/donglei/isaac_projects/isaac_drone_racer/.worktrees/stage1-fake-vio/logs/skrl/drone_racer/2026-09-02_20-09-09_ppo_torch_stage1_mixed/checkpoints/agent_50010.pt,8ac5a032a78bb88a568b9cfe2e15e95b0aad6f6d428a9ff04ee77fb9b2073364,150d107225160ac498040fa20d4ccf9e26ec2703,True,fixed_per_environment_quotas_v2,stress,47,57,False,False,,1,0,True,False,-4.202664375305176,1.1,0.6780329942703247,0.5234040021896362,2.3165810108184814
/home/donglei/isaac_projects/isaac_drone_racer/.worktrees/stage1-fake-vio/logs/skrl/drone_racer/2026-09-02_20-09-09_ppo_torch_stage1_mixed/checkpoints/agent_50010.pt,8ac5a032a78bb88a568b9cfe2e15e95b0aad6f6d428a9ff04ee77fb9b2073364,150d107225160ac498040fa20d4ccf9e26ec2703,True,fixed_per_environment_quotas_v2,stress,47,58,False,False,,4,1,True,False,3.8657803535461426,2.21,0.8490408062934875,0.2899664342403412,1.9650863409042358
/home/donglei/isaac_projects/isaac_drone_racer/.worktrees/stage1-fake-vio/logs/skrl/drone_racer/2026-09-02_20-09-09_ppo_torch_stage1_mixed/checkpoints/agent_50010.pt,8ac5a032a78bb88a568b9cfe2e15e95b0aad6f6d428a9ff04ee77fb9b2073364,150d107225160ac498040fa20d4ccf9e26ec2703,True,fixed_per_environment_quotas_v2,stress,47,59,False,False,,4,1,True,False,3.747274398803711,2.27,0.7890309691429138,0.3112005293369293,1.601998209953308
/home/donglei/isaac_projects/isaac_drone_racer/.worktrees/stage1-fake-vio/logs/skrl/drone_racer/2026-09-02_20-09-09_ppo_torch_stage1_mixed/checkpoints/agent_50010.pt,8ac5a032a78bb88a568b9cfe2e15e95b0aad6f6d428a9ff04ee77fb9b2073364,150d107225160ac498040fa20d4ccf9e26ec2703,True,fixed_per_environment_quotas_v2,stress,47,60,False,False,,7,1,False,True,-5.705421447753906,2.3000000000000003,1.4531296491622925,0.7085037231445312,2.4321670532226562
/home/donglei/isaac_projects/isaac_drone_racer/.worktrees/stage1-fake-vio/logs/skrl/drone_racer/2026-09-02_20-09-09_ppo_torch_stage1_mixed/checkpoints/agent_50010.pt,8ac5a032a78bb88a568b9cfe2e15e95b0aad6f6d428a9ff04ee77fb9b2073364,150d107225160ac498040fa20d4ccf9e26ec2703,True,fixed_per_environment_quotas_v2,stress,47,61,False,False,,4,0,True,False,-2.3047869205474854,1.46,1.3962029218673706,0.5294146537780762,3.099397897720337
/home/donglei/isaac_projects/isaac_drone_racer/.worktrees/stage1-fake-vio/logs/skrl/drone_racer/2026-09-02_20-09-09_ppo_torch_stage1_mixed/checkpoints/agent_50010.pt,8ac5a032a78bb88a568b9cfe2e15e95b0aad6f6d428a9ff04ee77fb9b2073364,150d107225160ac498040fa20d4ccf9e26ec2703,True,fixed_per_environment_quotas_v2,stress,47,62,False,False,,6,2,True,False,1.6026644706726074,2.36,1.6101768016815186,0.5917800068855286,3.2636935710906982
/home/donglei/isaac_projects/isaac_drone_racer/.worktrees/stage1-fake-vio/logs/skrl/drone_racer/2026-09-02_20-09-09_ppo_torch_stage1_mixed/checkpoints/agent_50010.pt,8ac5a032a78bb88a568b9cfe2e15e95b0aad6f6d428a9ff04ee77fb9b2073364,150d107225160ac498040fa20d4ccf9e26ec2703,True,fixed_per_environment_quotas_v2,stress,47,63,False,False,,2,2,True,False,7.121388912200928,2.48,1.0549402236938477,0.4671526849269867,2.946171283721924
/home/donglei/isaac_projects/isaac_drone_racer/.worktrees/stage1-fake-vio/logs/skrl/drone_racer/2026-09-02_20-09-09_ppo_torch_stage1_mixed/checkpoints/agent_50010.pt,8ac5a032a78bb88a568b9cfe2e15e95b0aad6f6d428a9ff04ee77fb9b2073364,150d107225160ac498040fa20d4ccf9e26ec2703,True,fixed_per_environment_quotas_v2,stress,47,64,False,False,,2,0,True,False,-3.1241235733032227,1.1300000000000001,1.241897702217102,0.6618778705596924,2.964848041534424
/home/donglei/isaac_projects/isaac_drone_racer/.worktrees/stage1-fake-vio/logs/skrl/drone_racer/2026-09-02_20-09-09_ppo_torch_stage1_mixed/checkpoints/agent_50010.pt,8ac5a032a78bb88a568b9cfe2e15e95b0aad6f6d428a9ff04ee77fb9b2073364,150d107225160ac498040fa20d4ccf9e26ec2703,True,fixed_per_environment_quotas_v2,stress,47,65,False,False,,6,1,True,False,-3.569888114929199,2.2600000000000002,0.9973301291465759,0.4573192298412323,2.1245641708374023
/home/donglei/isaac_projects/isaac_drone_racer/.worktrees/stage1-fake-vio/logs/skrl/drone_racer/2026-09-02_20-09-09_ppo_torch_stage1_mixed/checkpoints/agent_50010.pt,8ac5a032a78bb88a568b9cfe2e15e95b0aad6f6d428a9ff04ee77fb9b2073364,150d107225160ac498040fa20d4ccf9e26ec2703,True,fixed_per_environment_quotas_v2,stress,47,66,False,False,,4,0,True,False,-2.322281837463379,1.29,0.895123302936554,0.38526153564453125,2.0157361030578613
/home/donglei/isaac_projects/isaac_drone_racer/.worktrees/stage1-fake-vio/logs/skrl/drone_racer/2026-09-02_20-09-09_ppo_torch_stage1_mixed/checkpoints/agent_50010.pt,8ac5a032a78bb88a568b9cfe2e15e95b0aad6f6d428a9ff04ee77fb9b2073364,150d107225160ac498040fa20d4ccf9e26ec2703,True,fixed_per_environment_quotas_v2,stress,47,67,False,False,,1,0,True,False,-4.169094562530518,0.81,0.6323378682136536,0.46250230073928833,1.9187957048416138
/home/donglei/isaac_projects/isaac_drone_racer/.worktrees/stage1-fake-vio/logs/skrl/drone_racer/2026-09-02_20-09-09_ppo_torch_stage1_mixed/checkpoints/agent_50010.pt,8ac5a032a78bb88a568b9cfe2e15e95b0aad6f6d428a9ff04ee77fb9b2073364,150d107225160ac498040fa20d4ccf9e26ec2703,True,fixed_per_environment_quotas_v2,stress,47,68,False,False,,6,0,True,False,-3.1199452877044678,1.03,1.2261242866516113,0.5870692133903503,2.7509946823120117
/home/donglei/isaac_projects/isaac_drone_racer/.worktrees/stage1-fake-vio/logs/skrl/drone_racer/2026-09-02_20-09-09_ppo_torch_stage1_mixed/checkpoints/agent_50010.pt,8ac5a032a78bb88a568b9cfe2e15e95b0aad6f6d428a9ff04ee77fb9b2073364,150d107225160ac498040fa20d4ccf9e26ec2703,True,fixed_per_environment_quotas_v2,stress,47,69,False,False,,6,1,True,False,-0.5201210975646973,0.91,0.6746665239334106,0.4273734986782074,2.183656692504883
/home/donglei/isaac_projects/isaac_drone_racer/.worktrees/stage1-fake-vio/logs/skrl/drone_racer/2026-09-02_20-09-09_ppo_torch_stage1_mixed/checkpoints/agent_50010.pt,8ac5a032a78bb88a568b9cfe2e15e95b0aad6f6d428a9ff04ee77fb9b2073364,150d107225160ac498040fa20d4ccf9e26ec2703,True,fixed_per_environment_quotas_v2,stress,47,70,False,False,,4,1,True,False,1.2604360580444336,1.17,1.195894479751587,0.43051445484161377,2.7009177207946777
/home/donglei/isaac_projects/isaac_drone_racer/.worktrees/stage1-fake-vio/logs/skrl/drone_racer/2026-09-02_20-09-09_ppo_torch_stage1_mixed/checkpoints/agent_50010.pt,8ac5a032a78bb88a568b9cfe2e15e95b0aad6f6d428a9ff04ee77fb9b2073364,150d107225160ac498040fa20d4ccf9e26ec2703,True,fixed_per_environment_quotas_v2,stress,47,71,False,False,,6,0,True,False,-7.156253814697266,2.05,1.0041697025299072,0.677972137928009,3.433244466781616
/home/donglei/isaac_projects/isaac_drone_racer/.worktrees/stage1-fake-vio/logs/skrl/drone_racer/2026-09-02_20-09-09_ppo_torch_stage1_mixed/checkpoints/agent_50010.pt,8ac5a032a78bb88a568b9cfe2e15e95b0aad6f6d428a9ff04ee77fb9b2073364,150d107225160ac498040fa20d4ccf9e26ec2703,True,fixed_per_environment_quotas_v2,stress,47,72,False,False,,6,3,True,False,14.072797775268555,3.22,1.0207529067993164,0.3533764183521271,2.3246076107025146
/home/donglei/isaac_projects/isaac_drone_racer/.worktrees/stage1-fake-vio/logs/skrl/drone_racer/2026-09-02_20-09-09_ppo_torch_stage1_mixed/checkpoints/agent_50010.pt,8ac5a032a78bb88a568b9cfe2e15e95b0aad6f6d428a9ff04ee77fb9b2073364,150d107225160ac498040fa20d4ccf9e26ec2703,True,fixed_per_environment_quotas_v2,stress,47,73,False,False,,4,0,True,False,-2.279813528060913,1.21,0.8980737328529358,0.310091108083725,2.0646262168884277
/home/donglei/isaac_projects/isaac_drone_racer/.worktrees/stage1-fake-vio/logs/skrl/drone_racer/2026-09-02_20-09-09_ppo_torch_stage1_mixed/checkpoints/agent_50010.pt,8ac5a032a78bb88a568b9cfe2e15e95b0aad6f6d428a9ff04ee77fb9b2073364,150d107225160ac498040fa20d4ccf9e26ec2703,True,fixed_per_environment_quotas_v2,stress,47,74,False,False,,5,2,True,False,6.215500831604004,3.3000000000000003,1.4636279344558716,1.4701734781265259,3.520807981491089
/home/donglei/isaac_projects/isaac_drone_racer/.worktrees/stage1-fake-vio/logs/skrl/drone_racer/2026-09-02_20-09-09_ppo_torch_stage1_mixed/checkpoints/agent_50010.pt,8ac5a032a78bb88a568b9cfe2e15e95b0aad6f6d428a9ff04ee77fb9b2073364,150d107225160ac498040fa20d4ccf9e26ec2703,True,fixed_per_environment_quotas_v2,stress,47,75,False,False,,5,2,True,False,6.800854206085205,3.0,1.1686334609985352,1.2102372646331787,2.9685425758361816
/home/donglei/isaac_projects/isaac_drone_racer/.worktrees/stage1-fake-vio/logs/skrl/drone_racer/2026-09-02_20-09-09_ppo_torch_stage1_mixed/checkpoints/agent_50010.pt,8ac5a032a78bb88a568b9cfe2e15e95b0aad6f6d428a9ff04ee77fb9b2073364,150d107225160ac498040fa20d4ccf9e26ec2703,True,fixed_per_environment_quotas_v2,stress,47,76,False,False,,2,1,True,False,1.2601866722106934,2.96,0.9094638228416443,0.709736168384552,3.7044529914855957
/home/donglei/isaac_projects/isaac_drone_racer/.worktrees/stage1-fake-vio/logs/skrl/drone_racer/2026-09-02_20-09-09_ppo_torch_stage1_mixed/checkpoints/agent_50010.pt,8ac5a032a78bb88a568b9cfe2e15e95b0aad6f6d428a9ff04ee77fb9b2073364,150d107225160ac498040fa20d4ccf9e26ec2703,True,fixed_per_environment_quotas_v2,stress,47,77,False,False,,2,0,False,True,-12.471275329589844,3.36,1.1348556280136108,1.271289587020874,2.7526378631591797
/home/donglei/isaac_projects/isaac_drone_racer/.worktrees/stage1-fake-vio/logs/skrl/drone_racer/2026-09-02_20-09-09_ppo_torch_stage1_mixed/checkpoints/agent_50010.pt,8ac5a032a78bb88a568b9cfe2e15e95b0aad6f6d428a9ff04ee77fb9b2073364,150d107225160ac498040fa20d4ccf9e26ec2703,True,fixed_per_environment_quotas_v2,stress,47,78,False,False,,1,1,True,False,-1.0312225818634033,3.36,0.8466899991035461,0.8275238871574402,4.5067219734191895
/home/donglei/isaac_projects/isaac_drone_racer/.worktrees/stage1-fake-vio/logs/skrl/drone_racer/2026-09-02_20-09-09_ppo_torch_stage1_mixed/checkpoints/agent_50010.pt,8ac5a032a78bb88a568b9cfe2e15e95b0aad6f6d428a9ff04ee77fb9b2073364,150d107225160ac498040fa20d4ccf9e26ec2703,True,fixed_per_environment_quotas_v2,stress,47,79,False,False,,1,4,True,False,16.24089241027832,3.37,1.3421627283096313,0.5987863540649414,4.082023620605469
/home/donglei/isaac_projects/isaac_drone_racer/.worktrees/stage1-fake-vio/logs/skrl/drone_racer/2026-09-02_20-09-09_ppo_torch_stage1_mixed/checkpoints/agent_50010.pt,8ac5a032a78bb88a568b9cfe2e15e95b0aad6f6d428a9ff04ee77fb9b2073364,150d107225160ac498040fa20d4ccf9e26ec2703,True,fixed_per_environment_quotas_v2,stress,47,80,False,False,,4,0,True,False,-2.452378988265991,1.31,1.0137006044387817,0.4095131456851959,2.073672294616699
/home/donglei/isaac_projects/isaac_drone_racer/.worktrees/stage1-fake-vio/logs/skrl/drone_racer/2026-09-02_20-09-09_ppo_torch_stage1_mixed/checkpoints/agent_50010.pt,8ac5a032a78bb88a568b9cfe2e15e95b0aad6f6d428a9ff04ee77fb9b2073364,150d107225160ac498040fa20d4ccf9e26ec2703,True,fixed_per_environment_quotas_v2,stress,47,81,False,False,,4,0,True,False,-2.212963342666626,1.35,0.7636672854423523,0.3522815704345703,1.8039157390594482
/home/donglei/isaac_projects/isaac_drone_racer/.worktrees/stage1-fake-vio/logs/skrl/drone_racer/2026-09-02_20-09-09_ppo_torch_stage1_mixed/checkpoints/agent_50010.pt,8ac5a032a78bb88a568b9cfe2e15e95b0aad6f6d428a9ff04ee77fb9b2073364,150d107225160ac498040fa20d4ccf9e26ec2703,True,fixed_per_environment_quotas_v2,stress,47,82,False,False,,4,1,True,False,3.7149200439453125,2.41,1.1515111923217773,0.4834352135658264,2.595426321029663
/home/donglei/isaac_projects/isaac_drone_racer/.worktrees/stage1-fake-vio/logs/skrl/drone_racer/2026-09-02_20-09-09_ppo_torch_stage1_mixed/checkpoints/agent_50010.pt,8ac5a032a78bb88a568b9cfe2e15e95b0aad6f6d428a9ff04ee77fb9b2073364,150d107225160ac498040fa20d4ccf9e26ec2703,True,fixed_per_environment_quotas_v2,stress,47,83,False,False,,6,1,True,False,1.1522116661071777,1.57,1.6785762310028076,0.33260661363601685,5.446279048919678
/home/donglei/isaac_projects/isaac_drone_racer/.worktrees/stage1-fake-vio/logs/skrl/drone_racer/2026-09-02_20-09-09_ppo_torch_stage1_mixed/checkpoints/agent_50010.pt,8ac5a032a78bb88a568b9cfe2e15e95b0aad6f6d428a9ff04ee77fb9b2073364,150d107225160ac498040fa20d4ccf9e26ec2703,True,fixed_per_environment_quotas_v2,stress,47,84,False,False,,1,1,True,False,-0.36991405487060547,1.26,1.065321922302246,0.7409186363220215,2.6618103981018066
/home/donglei/isaac_projects/isaac_drone_racer/.worktrees/stage1-fake-vio/logs/skrl/drone_racer/2026-09-02_20-09-09_ppo_torch_stage1_mixed/checkpoints/agent_50010.pt,8ac5a032a78bb88a568b9cfe2e15e95b0aad6f6d428a9ff04ee77fb9b2073364,150d107225160ac498040fa20d4ccf9e26ec2703,True,fixed_per_environment_quotas_v2,stress,47,85,False,False,,7,2,True,False,5.8543901443481445,3.68,0.9936172366142273,0.6206247210502625,4.095526695251465
/home/donglei/isaac_projects/isaac_drone_racer/.worktrees/stage1-fake-vio/logs/skrl/drone_racer/2026-09-02_20-09-09_ppo_torch_stage1_mixed/checkpoints/agent_50010.pt,8ac5a032a78bb88a568b9cfe2e15e95b0aad6f6d428a9ff04ee77fb9b2073364,150d107225160ac498040fa20d4ccf9e26ec2703,True,fixed_per_environment_quotas_v2,stress,47,86,False,False,,6,0,True,False,-3.1244516372680664,1.3,1.1892937421798706,1.1200506687164307,3.104495048522949
/home/donglei/isaac_projects/isaac_drone_racer/.worktrees/stage1-fake-vio/logs/skrl/drone_racer/2026-09-02_20-09-09_ppo_torch_stage1_mixed/checkpoints/agent_50010.pt,8ac5a032a78bb88a568b9cfe2e15e95b0aad6f6d428a9ff04ee77fb9b2073364,150d107225160ac498040fa20d4ccf9e26ec2703,True,fixed_per_environment_quotas_v2,stress,47,87,False,False,,4,2,True,False,4.80659294128418,3.83,1.2350642681121826,0.6929817795753479,3.332115650177002
/home/donglei/isaac_projects/isaac_drone_racer/.worktrees/stage1-fake-vio/logs/skrl/drone_racer/2026-09-02_20-09-09_ppo_torch_stage1_mixed/checkpoints/agent_50010.pt,8ac5a032a78bb88a568b9cfe2e15e95b0aad6f6d428a9ff04ee77fb9b2073364,150d107225160ac498040fa20d4ccf9e26ec2703,True,fixed_per_environment_quotas_v2,stress,47,88,False,False,,1,0,False,True,-11.961463928222656,2.45,1.0256353616714478,1.132962703704834,2.3325588703155518
/home/donglei/isaac_projects/isaac_drone_racer/.worktrees/stage1-fake-vio/logs/skrl/drone_racer/2026-09-02_20-09-09_ppo_torch_stage1_mixed/checkpoints/agent_50010.pt,8ac5a032a78bb88a568b9cfe2e15e95b0aad6f6d428a9ff04ee77fb9b2073364,150d107225160ac498040fa20d4ccf9e26ec2703,True,fixed_per_environment_quotas_v2,stress,47,89,False,False,,7,4,True,False,18.828781127929688,3.94,0.8870140910148621,0.47617554664611816,2.261007070541382
/home/donglei/isaac_projects/isaac_drone_racer/.worktrees/stage1-fake-vio/logs/skrl/drone_racer/2026-09-02_20-09-09_ppo_torch_stage1_mixed/checkpoints/agent_50010.pt,8ac5a032a78bb88a568b9cfe2e15e95b0aad6f6d428a9ff04ee77fb9b2073364,150d107225160ac498040fa20d4ccf9e26ec2703,True,fixed_per_environment_quotas_v2,stress,47,90,False,False,,3,0,False,True,-7.14007568359375,4.12,1.1373775005340576,1.840445876121521,2.988725185394287
/home/donglei/isaac_projects/isaac_drone_racer/.worktrees/stage1-fake-vio/logs/skrl/drone_racer/2026-09-02_20-09-09_ppo_torch_stage1_mixed/checkpoints/agent_50010.pt,8ac5a032a78bb88a568b9cfe2e15e95b0aad6f6d428a9ff04ee77fb9b2073364,150d107225160ac498040fa20d4ccf9e26ec2703,True,fixed_per_environment_quotas_v2,stress,47,91,False,False,,2,0,True,False,-3.4971697330474854,0.93,1.1039897203445435,0.7315467000007629,3.023013114929199
/home/donglei/isaac_projects/isaac_drone_racer/.worktrees/stage1-fake-vio/logs/skrl/drone_racer/2026-09-02_20-09-09_ppo_torch_stage1_mixed/checkpoints/agent_50010.pt,8ac5a032a78bb88a568b9cfe2e15e95b0aad6f6d428a9ff04ee77fb9b2073364,150d107225160ac498040fa20d4ccf9e26ec2703,True,fixed_per_environment_quotas_v2,stress,47,92,False,False,,2,0,True,False,-3.3787190914154053,0.86,1.1115694046020508,0.6594698429107666,2.7540602684020996
/home/donglei/isaac_projects/isaac_drone_racer/.worktrees/stage1-fake-vio/logs/skrl/drone_racer/2026-09-02_20-09-09_ppo_torch_stage1_mixed/checkpoints/agent_50010.pt,8ac5a032a78bb88a568b9cfe2e15e95b0aad6f6d428a9ff04ee77fb9b2073364,150d107225160ac498040fa20d4ccf9e26ec2703,True,fixed_per_environment_quotas_v2,stress,47,93,False,False,,4,0,True,False,-2.334315538406372,1.1500000000000001,1.1193240880966187,0.45158612728118896,2.195477247238159
/home/donglei/isaac_projects/isaac_drone_racer/.worktrees/stage1-fake-vio/logs/skrl/drone_racer/2026-09-02_20-09-09_ppo_torch_stage1_mixed/checkpoints/agent_50010.pt,8ac5a032a78bb88a568b9cfe2e15e95b0aad6f6d428a9ff04ee77fb9b2073364,150d107225160ac498040fa20d4ccf9e26ec2703,True,fixed_per_environment_quotas_v2,stress,47,94,False,False,,4,1,True,False,3.7818708419799805,2.33,1.1505309343338013,0.41867581009864807,2.547018527984619
/home/donglei/isaac_projects/isaac_drone_racer/.worktrees/stage1-fake-vio/logs/skrl/drone_racer/2026-09-02_20-09-09_ppo_torch_stage1_mixed/checkpoints/agent_50010.pt,8ac5a032a78bb88a568b9cfe2e15e95b0aad6f6d428a9ff04ee77fb9b2073364,150d107225160ac498040fa20d4ccf9e26ec2703,True,fixed_per_environment_quotas_v2,stress,47,95,False,False,,4,4,True,False,17.37236213684082,3.84,1.2038992643356323,0.3937997817993164,2.1420176029205322
/home/donglei/isaac_projects/isaac_drone_racer/.worktrees/stage1-fake-vio/logs/skrl/drone_racer/2026-09-02_20-09-09_ppo_torch_stage1_mixed/checkpoints/agent_50010.pt,8ac5a032a78bb88a568b9cfe2e15e95b0aad6f6d428a9ff04ee77fb9b2073364,150d107225160ac498040fa20d4ccf9e26ec2703,True,fixed_per_environment_quotas_v2,stress,47,96,False,False,,2,5,True,False,24.252227783203125,4.8100000000000005,0.9788858294487,0.36512476205825806,2.457559585571289
/home/donglei/isaac_projects/isaac_drone_racer/.worktrees/stage1-fake-vio/logs/skrl/drone_racer/2026-09-02_20-09-09_ppo_torch_stage1_mixed/checkpoints/agent_50010.pt,8ac5a032a78bb88a568b9cfe2e15e95b0aad6f6d428a9ff04ee77fb9b2073364,150d107225160ac498040fa20d4ccf9e26ec2703,True,fixed_per_environment_quotas_v2,stress,47,97,False,False,,7,0,True,False,-4.757230281829834,4.51,1.1491707563400269,1.1808395385742188,3.2832555770874023
/home/donglei/isaac_projects/isaac_drone_racer/.worktrees/stage1-fake-vio/logs/skrl/drone_racer/2026-09-02_20-09-09_ppo_torch_stage1_mixed/checkpoints/agent_50010.pt,8ac5a032a78bb88a568b9cfe2e15e95b0aad6f6d428a9ff04ee77fb9b2073364,150d107225160ac498040fa20d4ccf9e26ec2703,True,fixed_per_environment_quotas_v2,stress,47,98,False,False,,5,2,True,False,6.984623432159424,3.02,0.9413390159606934,1.0951886177062988,2.060180425643921
/home/donglei/isaac_projects/isaac_drone_racer/.worktrees/stage1-fake-vio/logs/skrl/drone_racer/2026-09-02_20-09-09_ppo_torch_stage1_mixed/checkpoints/agent_50010.pt,8ac5a032a78bb88a568b9cfe2e15e95b0aad6f6d428a9ff04ee77fb9b2073364,150d107225160ac498040fa20d4ccf9e26ec2703,True,fixed_per_environment_quotas_v2,stress,47,99,False,False,,2,6,True,False,29.28636360168457,5.41,1.3378874063491821,0.44190719723701477,3.2563211917877197
/home/donglei/isaac_projects/isaac_drone_racer/.worktrees/stage1-fake-vio/logs/skrl/drone_racer/2026-09-02_20-09-09_ppo_torch_stage1_mixed/checkpoints/agent_50010.pt,8ac5a032a78bb88a568b9cfe2e15e95b0aad6f6d428a9ff04ee77fb9b2073364,150d107225160ac498040fa20d4ccf9e26ec2703,True,fixed_per_environment_quotas_v2,stress,47,100,False,False,,4,4,False,True,10.31326961517334,5.44,1.2339674234390259,1.1970489025115967,2.470623016357422
/home/donglei/isaac_projects/isaac_drone_racer/.worktrees/stage1-fake-vio/logs/skrl/drone_racer/2026-09-02_20-09-09_ppo_torch_stage1_mixed/checkpoints/agent_50010.pt,8ac5a032a78bb88a568b9cfe2e15e95b0aad6f6d428a9ff04ee77fb9b2073364,150d107225160ac498040fa20d4ccf9e26ec2703,True,fixed_per_environment_quotas_v2,stress,47,101,False,False,,1,0,True,False,-9.34239387512207,3.66,0.7134581804275513,0.6593949198722839,2.5684778690338135
/home/donglei/isaac_projects/isaac_drone_racer/.worktrees/stage1-fake-vio/logs/skrl/drone_racer/2026-09-02_20-09-09_ppo_torch_stage1_mixed/checkpoints/agent_50010.pt,8ac5a032a78bb88a568b9cfe2e15e95b0aad6f6d428a9ff04ee77fb9b2073364,150d107225160ac498040fa20d4ccf9e26ec2703,True,fixed_per_environment_quotas_v2,stress,47,102,False,False,,4,5,True,False,26.050033569335938,5.78,0.9948546290397644,0.3856421411037445,2.380706787109375
/home/donglei/isaac_projects/isaac_drone_racer/.worktrees/stage1-fake-vio/logs/skrl/drone_racer/2026-09-02_20-09-09_ppo_torch_stage1_mixed/checkpoints/agent_50010.pt,8ac5a032a78bb88a568b9cfe2e15e95b0aad6f6d428a9ff04ee77fb9b2073364,150d107225160ac498040fa20d4ccf9e26ec2703,True,fixed_per_environment_quotas_v2,stress,47,103,False,False,,1,5,True,False,24.374088287353516,5.07,0.9553959369659424,0.3166676163673401,2.7457680702209473
/home/donglei/isaac_projects/isaac_drone_racer/.worktrees/stage1-fake-vio/logs/skrl/drone_racer/2026-09-02_20-09-09_ppo_torch_stage1_mixed/checkpoints/agent_50010.pt,8ac5a032a78bb88a568b9cfe2e15e95b0aad6f6d428a9ff04ee77fb9b2073364,150d107225160ac498040fa20d4ccf9e26ec2703,True,fixed_per_environment_quotas_v2,stress,47,104,False,False,,7,2,True,False,1.8569741249084473,2.87,0.8465230464935303,0.5273188352584839,2.2025198936462402
/home/donglei/isaac_projects/isaac_drone_racer/.worktrees/stage1-fake-vio/logs/skrl/drone_racer/2026-09-02_20-09-09_ppo_torch_stage1_mixed/checkpoints/agent_50010.pt,8ac5a032a78bb88a568b9cfe2e15e95b0aad6f6d428a9ff04ee77fb9b2073364,150d107225160ac498040fa20d4ccf9e26ec2703,True,fixed_per_environment_quotas_v2,stress,47,105,False,False,,2,0,True,False,-3.466218948364258,0.86,1.1900724172592163,0.7004672288894653,2.4997944831848145
/home/donglei/isaac_projects/isaac_drone_racer/.worktrees/stage1-fake-vio/logs/skrl/drone_racer/2026-09-02_20-09-09_ppo_torch_stage1_mixed/checkpoints/agent_50010.pt,8ac5a032a78bb88a568b9cfe2e15e95b0aad6f6d428a9ff04ee77fb9b2073364,150d107225160ac498040fa20d4ccf9e26ec2703,True,fixed_per_environment_quotas_v2,stress,47,106,False,False,,1,1,True,False,-0.16674375534057617,1.55,0.8051912784576416,0.67327481508255,2.3391382694244385
/home/donglei/isaac_projects/isaac_drone_racer/.worktrees/stage1-fake-vio/logs/skrl/drone_racer/2026-09-02_20-09-09_ppo_torch_stage1_mixed/checkpoints/agent_50010.pt,8ac5a032a78bb88a568b9cfe2e15e95b0aad6f6d428a9ff04ee77fb9b2073364,150d107225160ac498040fa20d4ccf9e26ec2703,True,fixed_per_environment_quotas_v2,stress,47,107,False,False,,4,4,True,False,20.11827278137207,5.36,1.0038621425628662,0.40378043055534363,2.4211585521698
/home/donglei/isaac_projects/isaac_drone_racer/.worktrees/stage1-fake-vio/logs/skrl/drone_racer/2026-09-02_20-09-09_ppo_torch_stage1_mixed/checkpoints/agent_50010.pt,8ac5a032a78bb88a568b9cfe2e15e95b0aad6f6d428a9ff04ee77fb9b2073364,150d107225160ac498040fa20d4ccf9e26ec2703,True,fixed_per_environment_quotas_v2,stress,47,108,False,False,,3,5,True,False,19.252450942993164,6.15,1.0290261507034302,0.45403459668159485,2.172807216644287
/home/donglei/isaac_projects/isaac_drone_racer/.worktrees/stage1-fake-vio/logs/skrl/drone_racer/2026-09-02_20-09-09_ppo_torch_stage1_mixed/checkpoints/agent_50010.pt,8ac5a032a78bb88a568b9cfe2e15e95b0aad6f6d428a9ff04ee77fb9b2073364,150d107225160ac498040fa20d4ccf9e26ec2703,True,fixed_per_environment_quotas_v2,stress,47,109,True,True,6.11,,7,False,False,39.74745559692383,6.11,1.1570223569869995,0.32627010345458984,2.6583423614501953
/home/donglei/isaac_projects/isaac_drone_racer/.worktrees/stage1-fake-vio/logs/skrl/drone_racer/2026-09-02_20-09-09_ppo_torch_stage1_mixed/checkpoints/agent_50010.pt,8ac5a032a78bb88a568b9cfe2e15e95b0aad6f6d428a9ff04ee77fb9b2073364,150d107225160ac498040fa20d4ccf9e26ec2703,True,fixed_per_environment_quotas_v2,stress,47,110,False,False,,3,5,True,False,23.88739776611328,5.09,0.7276974320411682,0.2665930688381195,2.097616195678711
/home/donglei/isaac_projects/isaac_drone_racer/.worktrees/stage1-fake-vio/logs/skrl/drone_racer/2026-09-02_20-09-09_ppo_torch_stage1_mixed/checkpoints/agent_50010.pt,8ac5a032a78bb88a568b9cfe2e15e95b0aad6f6d428a9ff04ee77fb9b2073364,150d107225160ac498040fa20d4ccf9e26ec2703,True,fixed_per_environment_quotas_v2,stress,47,111,True,True,5.34,,7,False,False,37.36825942993164,5.34,0.907268226146698,0.341962993144989,2.3246960639953613
/home/donglei/isaac_projects/isaac_drone_racer/.worktrees/stage1-fake-vio/logs/skrl/drone_racer/2026-09-02_20-09-09_ppo_torch_stage1_mixed/checkpoints/agent_50010.pt,8ac5a032a78bb88a568b9cfe2e15e95b0aad6f6d428a9ff04ee77fb9b2073364,150d107225160ac498040fa20d4ccf9e26ec2703,True,fixed_per_environment_quotas_v2,stress,47,112,True,True,5.64,,7,False,False,39.41474533081055,5.64,0.9673687815666199,0.3196670711040497,2.4178881645202637
/home/donglei/isaac_projects/isaac_drone_racer/.worktrees/stage1-fake-vio/logs/skrl/drone_racer/2026-09-02_20-09-09_ppo_torch_stage1_mixed/checkpoints/agent_50010.pt,8ac5a032a78bb88a568b9cfe2e15e95b0aad6f6d428a9ff04ee77fb9b2073364,150d107225160ac498040fa20d4ccf9e26ec2703,True,fixed_per_environment_quotas_v2,stress,47,113,False,False,,6,2,True,False,8.032094955444336,2.66,1.0916646718978882,0.40815863013267517,2.4948854446411133
/home/donglei/isaac_projects/isaac_drone_racer/.worktrees/stage1-fake-vio/logs/skrl/drone_racer/2026-09-02_20-09-09_ppo_torch_stage1_mixed/checkpoints/agent_50010.pt,8ac5a032a78bb88a568b9cfe2e15e95b0aad6f6d428a9ff04ee77fb9b2073364,150d107225160ac498040fa20d4ccf9e26ec2703,True,fixed_per_environment_quotas_v2,stress,47,114,False,False,,4,0,True,False,-2.2485134601593018,1.43,0.8289680480957031,0.36531510949134827,1.9421004056930542
/home/donglei/isaac_projects/isaac_drone_racer/.worktrees/stage1-fake-vio/logs/skrl/drone_racer/2026-09-02_20-09-09_ppo_torch_stage1_mixed/checkpoints/agent_50010.pt,8ac5a032a78bb88a568b9cfe2e15e95b0aad6f6d428a9ff04ee77fb9b2073364,150d107225160ac498040fa20d4ccf9e26ec2703,True,fixed_per_environment_quotas_v2,stress,47,115,False,False,,4,4,True,False,20.137908935546875,5.04,1.0619174242019653,0.39719778299331665,2.762378215789795
/home/donglei/isaac_projects/isaac_drone_racer/.worktrees/stage1-fake-vio/logs/skrl/drone_racer/2026-09-02_20-09-09_ppo_torch_stage1_mixed/checkpoints/agent_50010.pt,8ac5a032a78bb88a568b9cfe2e15e95b0aad6f6d428a9ff04ee77fb9b2073364,150d107225160ac498040fa20d4ccf9e26ec2703,True,fixed_per_environment_quotas_v2,stress,47,116,False,False,,4,1,True,False,3.910820960998535,2.32,0.8953263759613037,0.31050729751586914,2.009148359298706
/home/donglei/isaac_projects/isaac_drone_racer/.worktrees/stage1-fake-vio/logs/skrl/drone_racer/2026-09-02_20-09-09_ppo_torch_stage1_mixed/checkpoints/agent_50010.pt,8ac5a032a78bb88a568b9cfe2e15e95b0aad6f6d428a9ff04ee77fb9b2073364,150d107225160ac498040fa20d4ccf9e26ec2703,True,fixed_per_environment_quotas_v2,stress,47,117,False,False,,2,1,True,False,1.7397613525390625,1.87,1.5718401670455933,0.925848126411438,2.5532498359680176
/home/donglei/isaac_projects/isaac_drone_racer/.worktrees/stage1-fake-vio/logs/skrl/drone_racer/2026-09-02_20-09-09_ppo_torch_stage1_mixed/checkpoints/agent_50010.pt,8ac5a032a78bb88a568b9cfe2e15e95b0aad6f6d428a9ff04ee77fb9b2073364,150d107225160ac498040fa20d4ccf9e26ec2703,True,fixed_per_environment_quotas_v2,stress,47,118,False,False,,5,5,True,False,24.460025787353516,6.05,1.114741563796997,0.406690388917923,2.1331276893615723
/home/donglei/isaac_projects/isaac_drone_racer/.worktrees/stage1-fake-vio/logs/skrl/drone_racer/2026-09-02_20-09-09_ppo_torch_stage1_mixed/checkpoints/agent_50010.pt,8ac5a032a78bb88a568b9cfe2e15e95b0aad6f6d428a9ff04ee77fb9b2073364,150d107225160ac498040fa20d4ccf9e26ec2703,True,fixed_per_environment_quotas_v2,stress,47,119,True,True,6.34,,7,False,False,39.92229080200195,6.34,0.7716546654701233,0.2910078763961792,2.07157301902771
/home/donglei/isaac_projects/isaac_drone_racer/.worktrees/stage1-fake-vio/logs/skrl/drone_racer/2026-09-02_20-09-09_ppo_torch_stage1_mixed/checkpoints/agent_50010.pt,8ac5a032a78bb88a568b9cfe2e15e95b0aad6f6d428a9ff04ee77fb9b2073364,150d107225160ac498040fa20d4ccf9e26ec2703,True,fixed_per_environment_quotas_v2,stress,47,120,True,True,5.68,,7,False,False,38.989383697509766,5.68,0.8475902676582336,0.289520800113678,2.094620704650879
/home/donglei/isaac_projects/isaac_drone_racer/.worktrees/stage1-fake-vio/logs/skrl/drone_racer/2026-09-02_20-09-09_ppo_torch_stage1_mixed/checkpoints/agent_50010.pt,8ac5a032a78bb88a568b9cfe2e15e95b0aad6f6d428a9ff04ee77fb9b2073364,150d107225160ac498040fa20d4ccf9e26ec2703,True,fixed_per_environment_quotas_v2,stress,47,121,False,False,,2,0,True,False,-3.4896931648254395,0.8,1.107317566871643,0.5420549511909485,2.770369291305542
/home/donglei/isaac_projects/isaac_drone_racer/.worktrees/stage1-fake-vio/logs/skrl/drone_racer/2026-09-02_20-09-09_ppo_torch_stage1_mixed/checkpoints/agent_50010.pt,8ac5a032a78bb88a568b9cfe2e15e95b0aad6f6d428a9ff04ee77fb9b2073364,150d107225160ac498040fa20d4ccf9e26ec2703,True,fixed_per_environment_quotas_v2,stress,47,122,True,True,5.93,,7,False,False,39.221927642822266,5.93,0.7951259016990662,0.2899434268474579,2.1302757263183594
/home/donglei/isaac_projects/isaac_drone_racer/.worktrees/stage1-fake-vio/logs/skrl/drone_racer/2026-09-02_20-09-09_ppo_torch_stage1_mixed/checkpoints/agent_50010.pt,8ac5a032a78bb88a568b9cfe2e15e95b0aad6f6d428a9ff04ee77fb9b2073364,150d107225160ac498040fa20d4ccf9e26ec2703,True,fixed_per_environment_quotas_v2,stress,47,123,True,True,6.36,,7,False,False,40.0101432800293,6.36,0.8280372023582458,0.2744849920272827,2.0240235328674316
/home/donglei/isaac_projects/isaac_drone_racer/.worktrees/stage1-fake-vio/logs/skrl/drone_racer/2026-09-02_20-09-09_ppo_torch_stage1_mixed/checkpoints/agent_50010.pt,8ac5a032a78bb88a568b9cfe2e15e95b0aad6f6d428a9ff04ee77fb9b2073364,150d107225160ac498040fa20d4ccf9e26ec2703,True,fixed_per_environment_quotas_v2,stress,47,124,True,True,6.84,,7,False,False,40.02315902709961,6.84,0.9468405246734619,0.3278942108154297,2.160508394241333
/home/donglei/isaac_projects/isaac_drone_racer/.worktrees/stage1-fake-vio/logs/skrl/drone_racer/2026-09-02_20-09-09_ppo_torch_stage1_mixed/checkpoints/agent_50010.pt,8ac5a032a78bb88a568b9cfe2e15e95b0aad6f6d428a9ff04ee77fb9b2073364,150d107225160ac498040fa20d4ccf9e26ec2703,True,fixed_per_environment_quotas_v2,stress,47,125,True,True,6.2,,7,False,False,39.88156509399414,6.2,0.8339294195175171,0.281951367855072,1.9404205083847046
/home/donglei/isaac_projects/isaac_drone_racer/.worktrees/stage1-fake-vio/logs/skrl/drone_racer/2026-09-02_20-09-09_ppo_torch_stage1_mixed/checkpoints/agent_50010.pt,8ac5a032a78bb88a568b9cfe2e15e95b0aad6f6d428a9ff04ee77fb9b2073364,150d107225160ac498040fa20d4ccf9e26ec2703,True,fixed_per_environment_quotas_v2,stress,47,126,False,False,,6,1,True,False,-2.4219765663146973,5.04,0.8533272743225098,0.5306428670883179,2.568767786026001
/home/donglei/isaac_projects/isaac_drone_racer/.worktrees/stage1-fake-vio/logs/skrl/drone_racer/2026-09-02_20-09-09_ppo_torch_stage1_mixed/checkpoints/agent_50010.pt,8ac5a032a78bb88a568b9cfe2e15e95b0aad6f6d428a9ff04ee77fb9b2073364,150d107225160ac498040fa20d4ccf9e26ec2703,True,fixed_per_environment_quotas_v2,stress,47,127,True,True,6.11,,7,False,False,39.77703094482422,6.11,0.8177727460861206,0.3048369884490967,2.0377602577209473
