[INFO] [launch]: All log files can be found below /home/donglei/.ros/log/2026-09-12-17-22-42-145471-donglei-E500-G9-WS760T-177890
[INFO] [launch]: Default logging verbosity is set to INFO
[INFO] [run_subscribe_msckf-1]: process started with pid [177893]
[run_subscribe_msckf-1] [32moverriding node [1m[32mverbosity[0m[32m with value from ROS!
[run_subscribe_msckf-1] [0mSetting printing level to: INFO
[run_subscribe_msckf-1] [32moverriding node [1m[32mmax_cameras[0m[32m with value from ROS!
[run_subscribe_msckf-1] [0m[32moverriding node [1m[32mmax_cameras[0m[32m with value from ROS!
[run_subscribe_msckf-1] [0m[32moverriding node [1m[32muse_stereo[0m[32m with value from ROS!
[run_subscribe_msckf-1] [0mparameter T_imu_cam not found, trying T_cam_imu instead (will return T_imu_cam still)!
[run_subscribe_msckf-1] [32moverriding node [1m[32muse_stereo[0m[32m with value from ROS!
[run_subscribe_msckf-1] [0mparameter T_imu_cam not found, trying T_cam_imu instead (will return T_imu_cam still)!
[run_subscribe_msckf-1] subscribing to IMU: /swift/imu
[run_subscribe_msckf-1] subscribing to cam (mono): /swift/camera/image_raw
[run_subscribe_msckf-1] [34m[TIME]: 0.0013 seconds total (768.6 hz, 0.25 ms behind)
[run_subscribe_msckf-1] [0m[34m[TIME]: 0.0009 seconds total (1157.4 hz, 0.25 ms behind)
[run_subscribe_msckf-1] [0m[34m[TIME]: 0.0008 seconds total (1321.0 hz, 0.25 ms behind)
[run_subscribe_msckf-1] [0m[34m[TIME]: 0.0009 seconds total (1165.5 hz, 0.25 ms behind)
[run_subscribe_msckf-1] [0m[34m[TIME]: 0.0007 seconds total (1362.4 hz, 0.25 ms behind)
[run_subscribe_msckf-1] [0m[34m[TIME]: 0.0006 seconds total (1631.3 hz, 0.25 ms behind)
[run_subscribe_msckf-1] [0m[34m[TIME]: 0.0006 seconds total (1748.3 hz, 0.25 ms behind)
[run_subscribe_msckf-1] [0m[34m[TIME]: 0.0006 seconds total (1742.2 hz, 0.25 ms behind)
[run_subscribe_msckf-1] [0m[34m[TIME]: 0.0006 seconds total (1763.7 hz, 0.25 ms behind)
[run_subscribe_msckf-1] [0m[34m[TIME]: 0.0007 seconds total (1472.8 hz, 0.25 ms behind)
[run_subscribe_msckf-1] [0m[34m[TIME]: 0.0006 seconds total (1582.3 hz, 0.25 ms behind)
[run_subscribe_msckf-1] [0m[34m[TIME]: 0.0006 seconds total (1795.3 hz, 0.25 ms behind)
[run_subscribe_msckf-1] [0m[34m[TIME]: 0.0006 seconds total (1779.4 hz, 0.25 ms behind)
[run_subscribe_msckf-1] [0m[34m[TIME]: 0.0006 seconds total (1700.7 hz, 0.25 ms behind)
[run_subscribe_msckf-1] [0m[34m[TIME]: 0.0006 seconds total (1715.3 hz, 0.25 ms behind)
[run_subscribe_msckf-1] [0m[34m[TIME]: 0.0006 seconds total (1754.4 hz, 0.25 ms behind)
[run_subscribe_msckf-1] [0m[34m[TIME]: 0.0006 seconds total (1760.6 hz, 0.25 ms behind)
[run_subscribe_msckf-1] [0m[34m[TIME]: 0.0006 seconds total (1742.2 hz, 0.25 ms behind)
[run_subscribe_msckf-1] [0m[34m[TIME]: 0.0006 seconds total (1703.6 hz, 0.25 ms behind)
[run_subscribe_msckf-1] [0m[34m[TIME]: 0.0008 seconds total (1302.1 hz, 0.25 ms behind)
[run_subscribe_msckf-1] [0m[34m[TIME]: 0.0006 seconds total (1757.5 hz, 0.25 ms behind)
[run_subscribe_msckf-1] [0m[34m[TIME]: 0.0006 seconds total (1773.0 hz, 0.25 ms behind)
[run_subscribe_msckf-1] [0m[34m[TIME]: 0.0006 seconds total (1748.3 hz, 0.25 ms behind)
[run_subscribe_msckf-1] [0m[34m[TIME]: 0.0005 seconds total (1838.2 hz, 0.25 ms behind)
[run_subscribe_msckf-1] [0m[34m[TIME]: 0.0006 seconds total (1766.8 hz, 0.25 ms behind)
[run_subscribe_msckf-1] [0m[34m[TIME]: 0.0006 seconds total (1788.9 hz, 0.25 ms behind)
[run_subscribe_msckf-1] [0m[34m[TIME]: 0.0006 seconds total (1751.3 hz, 0.25 ms behind)
[run_subscribe_msckf-1] [0m[34m[TIME]: 0.0006 seconds total (1782.5 hz, 0.25 ms behind)
[run_subscribe_msckf-1] [0m[34m[TIME]: 0.0006 seconds total (1658.4 hz, 0.25 ms behind)
[run_subscribe_msckf-1] [0m[34m[TIME]: 0.0006 seconds total (1742.2 hz, 0.25 ms behind)
[run_subscribe_msckf-1] [0m[34m[TIME]: 0.0006 seconds total (1712.3 hz, 0.25 ms behind)
[run_subscribe_msckf-1] [0m[34m[TIME]: 0.0006 seconds total (1773.0 hz, 0.25 ms behind)
[run_subscribe_msckf-1] [0m[34m[TIME]: 0.0006 seconds total (1730.1 hz, 0.25 ms behind)
[run_subscribe_msckf-1] [0m[34m[TIME]: 0.0006 seconds total (1733.1 hz, 0.25 ms behind)
[run_subscribe_msckf-1] [0m[34m[TIME]: 0.0006 seconds total (1675.0 hz, 0.25 ms behind)
[run_subscribe_msckf-1] [0m[34m[TIME]: 0.0006 seconds total (1763.7 hz, 0.25 ms behind)
[run_subscribe_msckf-1] [0m[34m[TIME]: 0.0006 seconds total (1792.1 hz, 0.25 ms behind)
[run_subscribe_msckf-1] [0m[34m[TIME]: 0.0006 seconds total (1730.1 hz, 0.25 ms behind)
[run_subscribe_msckf-1] [0m[34m[TIME]: 0.0006 seconds total (1808.3 hz, 0.25 ms behind)
[run_subscribe_msckf-1] [0m[34m[TIME]: 0.0006 seconds total (1751.3 hz, 0.25 ms behind)
[run_subscribe_msckf-1] [0m[34m[TIME]: 0.0006 seconds total (1751.3 hz, 0.25 ms behind)
[run_subscribe_msckf-1] [0m[34m[TIME]: 0.0006 seconds total (1742.2 hz, 0.25 ms behind)
[run_subscribe_msckf-1] [0m[34m[TIME]: 0.0006 seconds total (1773.0 hz, 0.25 ms behind)
[run_subscribe_msckf-1] [0m[34m[TIME]: 0.0006 seconds total (1766.8 hz, 0.25 ms behind)
[run_subscribe_msckf-1] [0m[34m[TIME]: 0.0006 seconds total (1766.8 hz, 0.25 ms behind)
[run_subscribe_msckf-1] [0m[34m[TIME]: 0.0006 seconds total (1776.2 hz, 0.25 ms behind)
[run_subscribe_msckf-1] [0m[34m[TIME]: 0.0006 seconds total (1808.3 hz, 0.25 ms behind)
[run_subscribe_msckf-1] [0m[34m[TIME]: 0.0006 seconds total (1754.4 hz, 0.25 ms behind)
[run_subscribe_msckf-1] [0m[34m[TIME]: 0.0006 seconds total (1788.9 hz, 0.25 ms behind)
[run_subscribe_msckf-1] [0m[34m[TIME]: 0.0006 seconds total (1779.4 hz, 0.25 ms behind)
[run_subscribe_msckf-1] [0m[34m[TIME]: 0.0006 seconds total (1814.9 hz, 0.25 ms behind)
[run_subscribe_msckf-1] [0m[34m[TIME]: 0.0006 seconds total (1785.7 hz, 0.25 ms behind)
[run_subscribe_msckf-1] [0m[34m[TIME]: 0.0006 seconds total (1697.8 hz, 0.25 ms behind)
[run_subscribe_msckf-1] [0m[34m[TIME]: 0.0006 seconds total (1751.3 hz, 0.25 ms behind)
[run_subscribe_msckf-1] [0m[34m[TIME]: 0.0006 seconds total (1788.9 hz, 0.25 ms behind)
[run_subscribe_msckf-1] [0m[34m[TIME]: 0.0005 seconds total (1865.7 hz, 0.25 ms behind)
[run_subscribe_msckf-1] [0m[34m[TIME]: 0.0005 seconds total (1828.2 hz, 0.25 ms behind)
[run_subscribe_msckf-1] [0m[34m[TIME]: 0.0005 seconds total (1828.2 hz, 0.25 ms behind)
[run_subscribe_msckf-1] [0m[34m[TIME]: 0.0006 seconds total (1798.6 hz, 0.25 ms behind)
[run_subscribe_msckf-1] [0m[34m[TIME]: 0.0005 seconds total (1838.2 hz, 0.25 ms behind)
[run_subscribe_msckf-1] [0m[34m[TIME]: 0.0006 seconds total (1733.1 hz, 0.25 ms behind)
[run_subscribe_msckf-1] [0m[34m[TIME]: 0.0006 seconds total (1808.3 hz, 0.25 ms behind)
[run_subscribe_msckf-1] [0m[34m[TIME]: 0.0006 seconds total (1742.2 hz, 0.25 ms behind)
[run_subscribe_msckf-1] [0m[34m[TIME]: 0.0006 seconds total (1694.9 hz, 0.25 ms behind)
[run_subscribe_msckf-1] [0m[33m[init]: disparity is 7.478,1.964 (3.00 thresh)
[run_subscribe_msckf-1] [0m[33m[init-d]: gyroscope only 2.68 degree change (20.00 thresh)
[run_subscribe_msckf-1] [0m[34m[TIME]: 0.0006 seconds total (1572.3 hz, 0.25 ms behind)
[run_subscribe_msckf-1] [0m[33m[init]: disparity is 7.180,2.305 (3.00 thresh)
[run_subscribe_msckf-1] [0m[31m[init-d]: only 36 valid features of required (48 thresh)!!
[run_subscribe_msckf-1] [0m[34m[TIME]: 0.0006 seconds total (1782.5 hz, 0.25 ms behind)
[run_subscribe_msckf-1] [0m[33m[init]: disparity is 7.213,2.716 (3.00 thresh)
[run_subscribe_msckf-1] [0m[31m[init-d]: only 35 valid features of required (48 thresh)!!
[run_subscribe_msckf-1] [0m[34m[TIME]: 0.0006 seconds total (1773.0 hz, 0.25 ms behind)
[run_subscribe_msckf-1] [0m[33m[init]: disparity is 6.669,2.752 (3.00 thresh)
[run_subscribe_msckf-1] [0m[31m[init-d]: only 35 valid features of required (48 thresh)!!
[run_subscribe_msckf-1] [0m[34m[TIME]: 0.0006 seconds total (1798.6 hz, 0.25 ms behind)
[run_subscribe_msckf-1] [0m[33m[init]: disparity is 6.836,3.174 (3.00 thresh)
[run_subscribe_msckf-1] [0m[31m[init-d]: only 35 valid features of required (48 thresh)!!
[run_subscribe_msckf-1] [0m[34m[TIME]: 0.0006 seconds total (1811.6 hz, 0.25 ms behind)
[run_subscribe_msckf-1] [0m[33m[init]: disparity is 6.248,3.224 (3.00 thresh)
[run_subscribe_msckf-1] [0m[31m[init-d]: only 35 valid features of required (48 thresh)!!
[run_subscribe_msckf-1] [0m[34m[TIME]: 0.0006 seconds total (1792.1 hz, 0.25 ms behind)
[run_subscribe_msckf-1] [0m[33m[init]: disparity is 6.227,3.637 (3.00 thresh)
[run_subscribe_msckf-1] [0m[31m[init-d]: only 33 valid features of required (48 thresh)!!
[run_subscribe_msckf-1] [0m[34m[TIME]: 0.0006 seconds total (1644.7 hz, 0.25 ms behind)
[run_subscribe_msckf-1] [0m[33m[init]: disparity is 5.800,3.557 (3.00 thresh)
[run_subscribe_msckf-1] [0m[31m[init-d]: only 33 valid features of required (48 thresh)!!
[run_subscribe_msckf-1] [0m[34m[TIME]: 0.0006 seconds total (1776.2 hz, 0.25 ms behind)
[run_subscribe_msckf-1] [0m[33m[init]: disparity is 5.610,3.964 (3.00 thresh)
[run_subscribe_msckf-1] [0m[31m[init-d]: only 33 valid features of required (48 thresh)!!
[run_subscribe_msckf-1] [0m[34m[TIME]: 0.0006 seconds total (1636.7 hz, 0.25 ms behind)
[run_subscribe_msckf-1] [0m[33m[init]: disparity is 5.494,3.857 (3.00 thresh)
[run_subscribe_msckf-1] [0m[31m[init-d]: only 33 valid features of required (48 thresh)!!
[run_subscribe_msckf-1] [0m[34m[TIME]: 0.0006 seconds total (1628.7 hz, 0.25 ms behind)
[run_subscribe_msckf-1] [0m[33m[init]: disparity is 4.879,4.243 (3.00 thresh)
[run_subscribe_msckf-1] [0m[31m[init-d]: only 33 valid features of required (48 thresh)!!
[run_subscribe_msckf-1] [0m[34m[TIME]: 0.0006 seconds total (1757.5 hz, 0.25 ms behind)
[run_subscribe_msckf-1] [0m[33m[init]: disparity is 4.487,4.205 (3.00 thresh)
[run_subscribe_msckf-1] [0m[31m[init-d]: only 33 valid features of required (48 thresh)!!
[run_subscribe_msckf-1] [0m[34m[TIME]: 0.0006 seconds total (1805.1 hz, 0.25 ms behind)
[run_subscribe_msckf-1] [0m[33m[init]: disparity is 4.582,4.417 (3.00 thresh)
[run_subscribe_msckf-1] [0m[31m[init-d]: only 33 valid features of required (48 thresh)!!
[run_subscribe_msckf-1] [0m[34m[TIME]: 0.0006 seconds total (1798.6 hz, 0.25 ms behind)
[run_subscribe_msckf-1] [0m[33m[init]: disparity is 4.198,4.489 (3.00 thresh)
[run_subscribe_msckf-1] [0m[31m[init-d]: only 33 valid features of required (48 thresh)!!
[run_subscribe_msckf-1] [0m[34m[TIME]: 0.0006 seconds total (1785.7 hz, 0.25 ms behind)
[run_subscribe_msckf-1] [0m[33m[init]: disparity is 3.895,4.521 (3.00 thresh)
[run_subscribe_msckf-1] [0m[31m[init-d]: only 33 valid features of required (48 thresh)!!
[run_subscribe_msckf-1] [0m[34m[TIME]: 0.0006 seconds total (1769.9 hz, 0.25 ms behind)
[run_subscribe_msckf-1] [0m[33m[init]: disparity is 3.219,4.457 (3.00 thresh)
[run_subscribe_msckf-1] [0m[31m[init-d]: only 33 valid features of required (48 thresh)!!
[run_subscribe_msckf-1] [0m[34m[TIME]: 0.0005 seconds total (1848.4 hz, 0.25 ms behind)
[run_subscribe_msckf-1] [0m[33m[init]: disparity is 3.237,4.611 (3.00 thresh)
[run_subscribe_msckf-1] [0m[31m[init-d]: only 33 valid features of required (48 thresh)!!
[run_subscribe_msckf-1] [0m[34m[TIME]: 0.0006 seconds total (1733.1 hz, 0.25 ms behind)
[run_subscribe_msckf-1] [0m[33m[init]: disparity is 2.821,4.699 (3.00 thresh)
[run_subscribe_msckf-1] [0m[31m[init-d]: only 33 valid features of required (48 thresh)!!
[run_subscribe_msckf-1] [0m[34m[TIME]: 0.0006 seconds total (1745.2 hz, 0.25 ms behind)
[run_subscribe_msckf-1] [0m[33m[init]: disparity is 2.379,4.750 (3.00 thresh)
[run_subscribe_msckf-1] [0m[31m[init-d]: only 33 valid features of required (48 thresh)!!
[run_subscribe_msckf-1] [0m[34m[TIME]: 0.0006 seconds total (1557.6 hz, 0.25 ms behind)
[run_subscribe_msckf-1] [0m[33m[init]: disparity is 2.247,4.704 (3.00 thresh)
[run_subscribe_msckf-1] [0m[31m[init-d]: only 33 valid features of required (48 thresh)!!
[run_subscribe_msckf-1] [0m[34m[TIME]: 0.0006 seconds total (1736.1 hz, 0.25 ms behind)
[run_subscribe_msckf-1] [0m[33m[init]: disparity is 1.557,4.715 (3.00 thresh)
[run_subscribe_msckf-1] [0m[31m[init-d]: only 33 valid features of required (48 thresh)!!
[run_subscribe_msckf-1] [0m[34m[TIME]: 0.0006 seconds total (1639.3 hz, 0.25 ms behind)
[run_subscribe_msckf-1] [0m[33m[init]: disparity is 1.383,4.681 (3.00 thresh)
[run_subscribe_msckf-1] [0m[31m[init-d]: only 33 valid features of required (48 thresh)!!
[run_subscribe_msckf-1] [0m[34m[TIME]: 0.0006 seconds total (1721.2 hz, 0.25 ms behind)
[run_subscribe_msckf-1] [0m[33m[init]: disparity is 1.183,4.674 (3.00 thresh)
[run_subscribe_msckf-1] [0m[31m[init-d]: only 33 valid features of required (48 thresh)!!
[run_subscribe_msckf-1] [0m[34m[TIME]: 0.0006 seconds total (1736.1 hz, 0.25 ms behind)
[run_subscribe_msckf-1] [0m[33m[init]: disparity is 0.917,4.815 (3.00 thresh)
[run_subscribe_msckf-1] [0m[31m[init-d]: only 33 valid features of required (48 thresh)!!
[run_subscribe_msckf-1] [0m[34m[TIME]: 0.0006 seconds total (1675.0 hz, 0.25 ms behind)
[run_subscribe_msckf-1] [0m[33m[init]: disparity is 0.855,4.675 (3.00 thresh)
[run_subscribe_msckf-1] [0m[31m[init-d]: only 33 valid features of required (48 thresh)!!
[run_subscribe_msckf-1] [0m[34m[TIME]: 0.0006 seconds total (1760.6 hz, 0.25 ms behind)
[run_subscribe_msckf-1] [0m[33m[init]: disparity is 0.965,4.738 (3.00 thresh)
[run_subscribe_msckf-1] [0m[31m[init-d]: only 33 valid features of required (48 thresh)!!
[run_subscribe_msckf-1] [0m[34m[TIME]: 0.0006 seconds total (1709.4 hz, 0.25 ms behind)
[run_subscribe_msckf-1] [0m[33m[init]: disparity is 1.010,4.665 (3.00 thresh)
[run_subscribe_msckf-1] [0m[31m[init-d]: only 33 valid features of required (48 thresh)!!
[run_subscribe_msckf-1] [0m[34m[TIME]: 0.0006 seconds total (1736.1 hz, 0.25 ms behind)
[run_subscribe_msckf-1] [0m[33m[init]: disparity is 1.123,4.695 (3.00 thresh)
[run_subscribe_msckf-1] [0m[31m[init-d]: only 33 valid features of required (48 thresh)!!
[run_subscribe_msckf-1] [0m[34m[TIME]: 0.0006 seconds total (1733.1 hz, 0.25 ms behind)
[run_subscribe_msckf-1] [0m[33m[init]: disparity is 1.392,4.649 (3.00 thresh)
[run_subscribe_msckf-1] [0m[31m[init-d]: only 33 valid features of required (48 thresh)!!
[run_subscribe_msckf-1] [0m[34m[TIME]: 0.0006 seconds total (1745.2 hz, 0.25 ms behind)
[run_subscribe_msckf-1] [0m[33m[init]: disparity is 1.630,4.696 (3.00 thresh)
[run_subscribe_msckf-1] [0m[31m[init-d]: only 33 valid features of required (48 thresh)!!
[run_subscribe_msckf-1] [0m[34m[TIME]: 0.0006 seconds total (1730.1 hz, 0.25 ms behind)
[run_subscribe_msckf-1] [0m[33m[init]: disparity is 1.964,4.633 (3.00 thresh)
[run_subscribe_msckf-1] [0m[31m[init-d]: only 33 valid features of required (48 thresh)!!
[run_subscribe_msckf-1] [0m[34m[TIME]: 0.0006 seconds total (1751.3 hz, 0.25 ms behind)
[run_subscribe_msckf-1] [0m[33m[init]: disparity is 2.105,4.651 (3.00 thresh)
[run_subscribe_msckf-1] [0m[31m[init-d]: only 33 valid features of required (48 thresh)!!
[run_subscribe_msckf-1] [0m[34m[TIME]: 0.0006 seconds total (1814.9 hz, 0.25 ms behind)
[run_subscribe_msckf-1] [0m[33m[init]: disparity is 2.542,4.739 (3.00 thresh)
[run_subscribe_msckf-1] [0m[31m[init-d]: only 33 valid features of required (48 thresh)!!
[run_subscribe_msckf-1] [0m[34m[TIME]: 0.0006 seconds total (1745.2 hz, 0.25 ms behind)
[run_subscribe_msckf-1] [0m[33m[init]: disparity is 2.799,4.659 (3.00 thresh)
[run_subscribe_msckf-1] [0m[31m[init-d]: only 33 valid features of required (48 thresh)!!
[run_subscribe_msckf-1] [0m[34m[TIME]: 0.0006 seconds total (1626.0 hz, 0.25 ms behind)
[run_subscribe_msckf-1] [0m[33m[init]: disparity is 2.989,4.613 (3.00 thresh)
[run_subscribe_msckf-1] [0m[31m[init-d]: only 33 valid features of required (48 thresh)!!
[run_subscribe_msckf-1] [0m[34m[TIME]: 0.0006 seconds total (1610.3 hz, 0.25 ms behind)
[run_subscribe_msckf-1] [0m[33m[init]: disparity is 3.334,4.661 (3.00 thresh)
[run_subscribe_msckf-1] [0m[31m[init-d]: only 33 valid features of required (48 thresh)!!
[run_subscribe_msckf-1] [0m[34m[TIME]: 0.0006 seconds total (1760.6 hz, 0.25 ms behind)
[run_subscribe_msckf-1] [0m[33m[init]: disparity is 3.527,4.684 (3.00 thresh)
[run_subscribe_msckf-1] [0m[31m[init-d]: only 33 valid features of required (48 thresh)!!
[run_subscribe_msckf-1] [0m[34m[TIME]: 0.0007 seconds total (1474.9 hz, 0.25 ms behind)
[run_subscribe_msckf-1] [0m[33m[init]: disparity is 3.670,4.704 (3.00 thresh)
[run_subscribe_msckf-1] [0m[31m[init-d]: only 33 valid features of required (48 thresh)!!
[run_subscribe_msckf-1] [0m[34m[TIME]: 0.0006 seconds total (1715.3 hz, 0.25 ms behind)
[run_subscribe_msckf-1] [0m[33m[init]: disparity is 3.856,4.741 (3.00 thresh)
[run_subscribe_msckf-1] [0m[31m[init-d]: only 33 valid features of required (48 thresh)!!
[run_subscribe_msckf-1] [0m[34m[TIME]: 0.0006 seconds total (1776.2 hz, 0.25 ms behind)
[run_subscribe_msckf-1] [0m[33m[init]: disparity is 4.013,4.781 (3.00 thresh)
[run_subscribe_msckf-1] [0m[31m[init-d]: only 33 valid features of required (48 thresh)!!
[run_subscribe_msckf-1] [0m[34m[TIME]: 0.0006 seconds total (1782.5 hz, 0.25 ms behind)
[run_subscribe_msckf-1] [0m[33m[init]: disparity is 4.149,4.672 (3.00 thresh)
[run_subscribe_msckf-1] [0m[31m[init-d]: only 33 valid features of required (48 thresh)!!
[run_subscribe_msckf-1] [0m[34m[TIME]: 0.0006 seconds total (1736.1 hz, 0.25 ms behind)
[run_subscribe_msckf-1] [0m[33m[init]: disparity is 4.381,4.861 (3.00 thresh)
[run_subscribe_msckf-1] [0m[31m[init-d]: only 33 valid features of required (48 thresh)!!
[run_subscribe_msckf-1] [0m[34m[TIME]: 0.0006 seconds total (1733.1 hz, 0.25 ms behind)
[run_subscribe_msckf-1] [0m[33m[init]: disparity is 4.417,4.698 (3.00 thresh)
[run_subscribe_msckf-1] [0m[31m[init-d]: only 33 valid features of required (48 thresh)!!
[run_subscribe_msckf-1] [0m[34m[TIME]: 0.0006 seconds total (1798.6 hz, 0.25 ms behind)
[run_subscribe_msckf-1] [0m[33m[init]: disparity is 4.479,4.914 (3.00 thresh)
[run_subscribe_msckf-1] [0m[31m[init-d]: only 33 valid features of required (48 thresh)!!
[run_subscribe_msckf-1] [0m[34m[TIME]: 0.0005 seconds total (1821.5 hz, 0.25 ms behind)
[run_subscribe_msckf-1] [0m[33m[init]: disparity is 4.698,4.844 (3.00 thresh)
[run_subscribe_msckf-1] [0m[31m[init-d]: only 33 valid features of required (48 thresh)!!
[run_subscribe_msckf-1] [0m[34m[TIME]: 0.0006 seconds total (1763.7 hz, 0.25 ms behind)
[run_subscribe_msckf-1] [0m[33m[init]: disparity is 4.653,4.885 (3.00 thresh)
[run_subscribe_msckf-1] [0m[31m[init-d]: only 33 valid features of required (48 thresh)!!
[run_subscribe_msckf-1] [0m[34m[TIME]: 0.0006 seconds total (1727.1 hz, 0.25 ms behind)
[run_subscribe_msckf-1] [0m[33m[init]: disparity is 4.598,4.792 (3.00 thresh)
[run_subscribe_msckf-1] [0m[31m[init-d]: only 33 valid features of required (48 thresh)!!
[run_subscribe_msckf-1] [0m[34m[TIME]: 0.0006 seconds total (1672.2 hz, 0.25 ms behind)
[run_subscribe_msckf-1] [0m[33m[init]: disparity is 4.849,4.900 (3.00 thresh)
[run_subscribe_msckf-1] [0m[31m[init-d]: only 33 valid features of required (48 thresh)!!
[run_subscribe_msckf-1] [0m[34m[TIME]: 0.0006 seconds total (1564.9 hz, 0.25 ms behind)
[run_subscribe_msckf-1] [0m[33m[init]: disparity is 4.798,4.879 (3.00 thresh)
[run_subscribe_msckf-1] [0m[31m[init-d]: only 33 valid features of required (48 thresh)!!
[run_subscribe_msckf-1] [0m[34m[TIME]: 0.0006 seconds total (1700.7 hz, 0.25 ms behind)
[run_subscribe_msckf-1] [0m[33m[init]: disparity is 4.912,4.765 (3.00 thresh)
[run_subscribe_msckf-1] [0m[31m[init-d]: only 33 valid features of required (48 thresh)!!
[run_subscribe_msckf-1] [0m[34m[TIME]: 0.0006 seconds total (1703.6 hz, 0.25 ms behind)
[run_subscribe_msckf-1] [0m[33m[init]: disparity is 4.774,4.922 (3.00 thresh)
[run_subscribe_msckf-1] [0m[31m[init-d]: only 33 valid features of required (48 thresh)!!
[run_subscribe_msckf-1] [0m[34m[TIME]: 0.0006 seconds total (1730.1 hz, 0.25 ms behind)
[run_subscribe_msckf-1] [0m[33m[init]: disparity is 4.961,4.705 (3.00 thresh)
[run_subscribe_msckf-1] [0m[31m[init-d]: only 33 valid features of required (48 thresh)!!
[run_subscribe_msckf-1] [0m[34m[TIME]: 0.0006 seconds total (1692.0 hz, 0.25 ms behind)
[run_subscribe_msckf-1] [0m[33m[init]: disparity is 4.734,4.868 (3.00 thresh)
[run_subscribe_msckf-1] [0m[31m[init-d]: only 33 valid features of required (48 thresh)!!
[run_subscribe_msckf-1] [0m[34m[TIME]: 0.0006 seconds total (1628.7 hz, 0.25 ms behind)
[run_subscribe_msckf-1] [0m[33m[init]: disparity is 4.964,4.679 (3.00 thresh)
[run_subscribe_msckf-1] [0m[31m[init-d]: only 33 valid features of required (48 thresh)!!
[run_subscribe_msckf-1] [0m[34m[TIME]: 0.0006 seconds total (1760.6 hz, 0.25 ms behind)
[run_subscribe_msckf-1] [0m[33m[init]: disparity is 4.827,4.781 (3.00 thresh)
[run_subscribe_msckf-1] [0m[31m[init-d]: only 33 valid features of required (48 thresh)!!
[run_subscribe_msckf-1] [0m[34m[TIME]: 0.0006 seconds total (1757.5 hz, 0.25 ms behind)
[run_subscribe_msckf-1] [0m[33m[init]: disparity is 4.884,4.560 (3.00 thresh)
[run_subscribe_msckf-1] [0m[31m[init-d]: only 33 valid features of required (48 thresh)!!
[run_subscribe_msckf-1] [0m[34m[TIME]: 0.0006 seconds total (1788.9 hz, 0.25 ms behind)
[run_subscribe_msckf-1] [0m[33m[init]: disparity is 4.817,4.709 (3.00 thresh)
[run_subscribe_msckf-1] [0m[31m[init-d]: only 33 valid features of required (48 thresh)!!
[run_subscribe_msckf-1] [0m[34m[TIME]: 0.0005 seconds total (1824.8 hz, 0.25 ms behind)
[run_subscribe_msckf-1] [0m[33m[init]: disparity is 4.898,4.583 (3.00 thresh)
[run_subscribe_msckf-1] [0m[31m[init-d]: only 33 valid features of required (48 thresh)!!
[run_subscribe_msckf-1] [0m[34m[TIME]: 0.0006 seconds total (1715.3 hz, 0.25 ms behind)
[run_subscribe_msckf-1] [0m[33m[init]: disparity is 4.781,4.500 (3.00 thresh)
[run_subscribe_msckf-1] [0m[31m[init-d]: only 33 valid features of required (48 thresh)!!
[run_subscribe_msckf-1] [0m[34m[TIME]: 0.0006 seconds total (1763.7 hz, 0.25 ms behind)
[run_subscribe_msckf-1] [0m[33m[init]: disparity is 4.844,4.602 (3.00 thresh)
[run_subscribe_msckf-1] [0m[31m[init-d]: only 33 valid features of required (48 thresh)!!
[run_subscribe_msckf-1] [0m[34m[TIME]: 0.0006 seconds total (1709.4 hz, 0.25 ms behind)
[run_subscribe_msckf-1] [0m[33m[init]: disparity is 4.951,4.319 (3.00 thresh)
[run_subscribe_msckf-1] [0m[31m[init-d]: only 33 valid features of required (48 thresh)!!
[run_subscribe_msckf-1] [0m[34m[TIME]: 0.0006 seconds total (1779.4 hz, 0.25 ms behind)
[run_subscribe_msckf-1] [0m[33m[init]: disparity is 5.037,4.410 (3.00 thresh)
[run_subscribe_msckf-1] [0m[31m[init-d]: only 33 valid features of required (48 thresh)!!
[run_subscribe_msckf-1] [0m[34m[TIME]: 0.0006 seconds total (1814.9 hz, 0.25 ms behind)
[run_subscribe_msckf-1] [0m[33m[init]: disparity is 4.958,4.461 (3.00 thresh)
[run_subscribe_msckf-1] [0m[31m[init-d]: only 33 valid features of required (48 thresh)!!
[run_subscribe_msckf-1] [0m[34m[TIME]: 0.0006 seconds total (1801.8 hz, 0.25 ms behind)
[run_subscribe_msckf-1] [0m[33m[init]: disparity is 5.018,4.391 (3.00 thresh)
[run_subscribe_msckf-1] [0m[31m[init-d]: only 33 valid features of required (48 thresh)!!
[run_subscribe_msckf-1] [0m[34m[TIME]: 0.0006 seconds total (1754.4 hz, 0.25 ms behind)
[run_subscribe_msckf-1] [0m[33m[init]: disparity is 4.877,4.250 (3.00 thresh)
[run_subscribe_msckf-1] [0m[31m[init-d]: only 33 valid features of required (48 thresh)!!
[run_subscribe_msckf-1] [0m[34m[TIME]: 0.0006 seconds total (1715.3 hz, 0.25 ms behind)
[run_subscribe_msckf-1] [0m[33m[init]: disparity is 4.678,4.324 (3.00 thresh)
[run_subscribe_msckf-1] [0m[31m[init-d]: only 33 valid features of required (48 thresh)!!
[run_subscribe_msckf-1] [0m[34m[TIME]: 0.0006 seconds total (1760.6 hz, 0.25 ms behind)
[run_subscribe_msckf-1] [0m[33m[init]: disparity is 4.967,4.491 (3.00 thresh)
[run_subscribe_msckf-1] [0m[31m[init-d]: only 33 valid features of required (48 thresh)!!
[run_subscribe_msckf-1] [0m[34m[TIME]: 0.0005 seconds total (1834.9 hz, 0.25 ms behind)
[run_subscribe_msckf-1] [0m[33m[init]: disparity is 5.014,4.230 (3.00 thresh)
[run_subscribe_msckf-1] [0m[31m[init-d]: only 33 valid features of required (48 thresh)!!
[run_subscribe_msckf-1] [0m[34m[TIME]: 0.0006 seconds total (1773.0 hz, 0.25 ms behind)
[run_subscribe_msckf-1] [0m[33m[init]: disparity is 5.064,4.284 (3.00 thresh)
[run_subscribe_msckf-1] [0m[31m[init-d]: only 33 valid features of required (48 thresh)!!
[run_subscribe_msckf-1] [0m[34m[TIME]: 0.0006 seconds total (1721.2 hz, 0.25 ms behind)
[run_subscribe_msckf-1] [0m[33m[init]: disparity is 4.866,4.111 (3.00 thresh)
[run_subscribe_msckf-1] [0m[31m[init-d]: only 33 valid features of required (48 thresh)!!
[run_subscribe_msckf-1] [0m[34m[TIME]: 0.0006 seconds total (1776.2 hz, 0.25 ms behind)
[run_subscribe_msckf-1] [0m[33m[init]: disparity is 4.903,4.219 (3.00 thresh)
[run_subscribe_msckf-1] [0m[31m[init-d]: only 33 valid features of required (48 thresh)!!
[run_subscribe_msckf-1] [0m[34m[TIME]: 0.0006 seconds total (1739.1 hz, 0.25 ms behind)
[run_subscribe_msckf-1] [0m[33m[init]: disparity is 4.974,4.121 (3.00 thresh)
[run_subscribe_msckf-1] [0m[31m[init-d]: only 33 valid features of required (48 thresh)!!
[run_subscribe_msckf-1] [0m[34m[TIME]: 0.0006 seconds total (1763.7 hz, 0.25 ms behind)
[run_subscribe_msckf-1] [0m[33m[init]: disparity is 4.944,4.075 (3.00 thresh)
[run_subscribe_msckf-1] [0m[31m[init-d]: only 33 valid features of required (48 thresh)!!
[run_subscribe_msckf-1] [0m[34m[TIME]: 0.0006 seconds total (1808.3 hz, 0.25 ms behind)
[run_subscribe_msckf-1] [0m[33m[init]: disparity is 4.974,4.108 (3.00 thresh)
[run_subscribe_msckf-1] [0m[31m[init-d]: only 33 valid features of required (48 thresh)!!
[run_subscribe_msckf-1] [0m[34m[TIME]: 0.0006 seconds total (1686.3 hz, 0.25 ms behind)
[run_subscribe_msckf-1] [0m[33m[init]: disparity is 5.047,4.037 (3.00 thresh)
[run_subscribe_msckf-1] [0m[31m[init-d]: only 33 valid features of required (48 thresh)!!
[run_subscribe_msckf-1] [0m[34m[TIME]: 0.0006 seconds total (1694.9 hz, 0.25 ms behind)
[run_subscribe_msckf-1] [0m[33m[init]: disparity is 5.143,4.000 (3.00 thresh)
[run_subscribe_msckf-1] [0m[31m[init-d]: only 33 valid features of required (48 thresh)!!
[run_subscribe_msckf-1] [0m[34m[TIME]: 0.0006 seconds total (1727.1 hz, 0.25 ms behind)
[run_subscribe_msckf-1] [0m[33m[init]: disparity is 5.221,3.960 (3.00 thresh)
[run_subscribe_msckf-1] [0m[31m[init-d]: only 33 valid features of required (48 thresh)!!
[run_subscribe_msckf-1] [0m[34m[TIME]: 0.0006 seconds total (1751.3 hz, 0.25 ms behind)
[run_subscribe_msckf-1] [0m[33m[init]: disparity is 5.059,4.012 (3.00 thresh)
[run_subscribe_msckf-1] [0m[31m[init-d]: only 33 valid features of required (48 thresh)!!
[run_subscribe_msckf-1] [0m[34m[TIME]: 0.0006 seconds total (1788.9 hz, 0.25 ms behind)
[run_subscribe_msckf-1] [0m[33m[init]: disparity is 5.149,3.837 (3.00 thresh)
[run_subscribe_msckf-1] [0m[31m[init-d]: only 33 valid features of required (48 thresh)!!
[run_subscribe_msckf-1] [0m[34m[TIME]: 0.0006 seconds total (1742.2 hz, 0.25 ms behind)
[run_subscribe_msckf-1] [0m[33m[init]: disparity is 4.990,3.789 (3.00 thresh)
[run_subscribe_msckf-1] [0m[31m[init-d]: only 33 valid features of required (48 thresh)!!
[run_subscribe_msckf-1] [0m[34m[TIME]: 0.0006 seconds total (1672.2 hz, 0.25 ms behind)
[run_subscribe_msckf-1] [0m[33m[init]: disparity is 5.012,3.722 (3.00 thresh)
[run_subscribe_msckf-1] [0m[31m[init-d]: only 33 valid features of required (48 thresh)!!
[run_subscribe_msckf-1] [0m[34m[TIME]: 0.0006 seconds total (1736.1 hz, 0.25 ms behind)
[run_subscribe_msckf-1] [0m[33m[init]: disparity is 5.198,3.601 (3.00 thresh)
[run_subscribe_msckf-1] [0m[31m[init-d]: only 33 valid features of required (48 thresh)!!
[run_subscribe_msckf-1] [0m[34m[TIME]: 0.0006 seconds total (1733.1 hz, 0.25 ms behind)
[run_subscribe_msckf-1] [0m[33m[init]: disparity is 4.907,3.639 (3.00 thresh)
[run_subscribe_msckf-1] [0m[31m[init-d]: only 33 valid features of required (48 thresh)!!
[run_subscribe_msckf-1] [0m[34m[TIME]: 0.0006 seconds total (1642.0 hz, 0.25 ms behind)
[run_subscribe_msckf-1] [0m[33m[init]: disparity is 4.962,3.373 (3.00 thresh)
[run_subscribe_msckf-1] [0m[31m[init-d]: only 33 valid features of required (48 thresh)!!
[run_subscribe_msckf-1] [0m[34m[TIME]: 0.0006 seconds total (1754.4 hz, 0.25 ms behind)
[run_subscribe_msckf-1] [0m[33m[init]: disparity is 4.872,3.199 (3.00 thresh)
[run_subscribe_msckf-1] [0m[31m[init-d]: only 33 valid features of required (48 thresh)!!
[run_subscribe_msckf-1] [0m[34m[TIME]: 0.0006 seconds total (1718.2 hz, 0.25 ms behind)
[run_subscribe_msckf-1] [0m[33m[init]: disparity is 4.826,3.073 (3.00 thresh)
[run_subscribe_msckf-1] [0m[31m[init-d]: only 33 valid features of required (48 thresh)!!
[run_subscribe_msckf-1] [0m[34m[TIME]: 0.0006 seconds total (1605.1 hz, 0.25 ms behind)
[run_subscribe_msckf-1] [0m[33m[init]: disparity is 4.896,2.913 (3.00 thresh)
[run_subscribe_msckf-1] [0m[31m[init-d]: only 33 valid features of required (48 thresh)!!
[run_subscribe_msckf-1] [0m[34m[TIME]: 0.0006 seconds total (1763.7 hz, 0.25 ms behind)
[run_subscribe_msckf-1] [0m[33m[init]: disparity is 4.815,2.654 (3.00 thresh)
[run_subscribe_msckf-1] [0m[31m[init-d]: only 33 valid features of required (48 thresh)!!
[run_subscribe_msckf-1] [0m[34m[TIME]: 0.0006 seconds total (1785.7 hz, 0.25 ms behind)
[run_subscribe_msckf-1] [0m[33m[init]: disparity is 4.664,2.625 (3.00 thresh)
[run_subscribe_msckf-1] [0m[31m[init-d]: only 33 valid features of required (48 thresh)!!
[run_subscribe_msckf-1] [0m[34m[TIME]: 0.0006 seconds total (1666.7 hz, 0.25 ms behind)
[run_subscribe_msckf-1] [0m[33m[init]: disparity is 4.705,2.348 (3.00 thresh)
[run_subscribe_msckf-1] [0m[31m[init-d]: only 33 valid features of required (48 thresh)!!
[run_subscribe_msckf-1] [0m[34m[TIME]: 0.0006 seconds total (1733.1 hz, 0.25 ms behind)
[run_subscribe_msckf-1] [0m[33m[init]: disparity is 4.626,2.207 (3.00 thresh)
[run_subscribe_msckf-1] [0m[31m[init-d]: only 33 valid features of required (48 thresh)!!
[run_subscribe_msckf-1] [0m[34m[TIME]: 0.0006 seconds total (1754.4 hz, 0.25 ms behind)
[run_subscribe_msckf-1] [0m[33m[init]: disparity is 4.471,1.893 (3.00 thresh)
[run_subscribe_msckf-1] [0m[31m[init-d]: only 33 valid features of required (48 thresh)!!
[run_subscribe_msckf-1] [0m[34m[TIME]: 0.0006 seconds total (1766.8 hz, 0.25 ms behind)
[run_subscribe_msckf-1] [0m[33m[init]: disparity is 4.461,1.703 (3.00 thresh)
[run_subscribe_msckf-1] [0m[31m[init-d]: only 33 valid features of required (48 thresh)!!
[run_subscribe_msckf-1] [0m[34m[TIME]: 0.0006 seconds total (1715.3 hz, 0.25 ms behind)
[run_subscribe_msckf-1] [0m[33m[init]: disparity is 4.650,1.496 (3.00 thresh)
[run_subscribe_msckf-1] [0m[31m[init-d]: only 33 valid features of required (48 thresh)!!
[run_subscribe_msckf-1] [0m[34m[TIME]: 0.0006 seconds total (1745.2 hz, 0.25 ms behind)
[run_subscribe_msckf-1] [0m[33m[init]: disparity is 4.521,1.206 (3.00 thresh)
[run_subscribe_msckf-1] [0m[31m[init-d]: only 33 valid features of required (48 thresh)!!
[run_subscribe_msckf-1] [0m[34m[TIME]: 0.0006 seconds total (1760.6 hz, 0.25 ms behind)
[run_subscribe_msckf-1] [0m[33m[init]: disparity is 4.357,1.078 (3.00 thresh)
[run_subscribe_msckf-1] [0m[31m[init-d]: only 33 valid features of required (48 thresh)!!
[run_subscribe_msckf-1] [0m[34m[TIME]: 0.0006 seconds total (1703.6 hz, 0.25 ms behind)
[run_subscribe_msckf-1] [0m[33m[init]: disparity is 4.491,0.907 (3.00 thresh)
[run_subscribe_msckf-1] [0m[31m[init-d]: only 33 valid features of required (48 thresh)!!
[run_subscribe_msckf-1] [0m[34m[TIME]: 0.0006 seconds total (1779.4 hz, 0.25 ms behind)
[run_subscribe_msckf-1] [0m[33m[init]: disparity is 4.493,0.748 (3.00 thresh)
[run_subscribe_msckf-1] [0m[31m[init-d]: only 33 valid features of required (48 thresh)!!
[run_subscribe_msckf-1] [0m[34m[TIME]: 0.0006 seconds total (1785.7 hz, 0.25 ms behind)
[run_subscribe_msckf-1] [0m[33m[init]: disparity is 4.451,0.754 (3.00 thresh)
[run_subscribe_msckf-1] [0m[31m[init-d]: only 33 valid features of required (48 thresh)!!
[run_subscribe_msckf-1] [0m[34m[TIME]: 0.0006 seconds total (1675.0 hz, 0.25 ms behind)
[run_subscribe_msckf-1] [0m[33m[init]: disparity is 4.320,0.740 (3.00 thresh)
[run_subscribe_msckf-1] [0m[31m[init-d]: only 33 valid features of required (48 thresh)!!
[run_subscribe_msckf-1] [0m[34m[TIME]: 0.0006 seconds total (1739.1 hz, 0.25 ms behind)
[run_subscribe_msckf-1] [0m[33m[init]: disparity is 4.238,0.797 (3.00 thresh)
[run_subscribe_msckf-1] [0m[31m[init-d]: only 33 valid features of required (48 thresh)!!
[run_subscribe_msckf-1] [0m[34m[TIME]: 0.0006 seconds total (1785.7 hz, 0.25 ms behind)
[run_subscribe_msckf-1] [0m[33m[init]: disparity is 4.373,1.144 (3.00 thresh)
[run_subscribe_msckf-1] [0m[31m[init-d]: only 33 valid features of required (48 thresh)!!
[run_subscribe_msckf-1] [0m[34m[TIME]: 0.0006 seconds total (1724.1 hz, 0.25 ms behind)
[run_subscribe_msckf-1] [0m[33m[init]: disparity is 4.148,1.188 (3.00 thresh)
[run_subscribe_msckf-1] [0m[31m[init-d]: only 33 valid features of required (48 thresh)!!
[run_subscribe_msckf-1] [0m[34m[TIME]: 0.0006 seconds total (1733.1 hz, 0.25 ms behind)
[run_subscribe_msckf-1] [0m[33m[init]: disparity is 4.278,1.484 (3.00 thresh)
[run_subscribe_msckf-1] [0m[31m[init-d]: only 33 valid features of required (48 thresh)!!
[run_subscribe_msckf-1] [0m[34m[TIME]: 0.0006 seconds total (1754.4 hz, 0.25 ms behind)
[run_subscribe_msckf-1] [0m[33m[init]: disparity is 4.114,1.672 (3.00 thresh)
[run_subscribe_msckf-1] [0m[31m[init-d]: only 33 valid features of required (48 thresh)!!
[run_subscribe_msckf-1] [0m[34m[TIME]: 0.0006 seconds total (1562.5 hz, 0.25 ms behind)
[run_subscribe_msckf-1] [0m[33m[init]: disparity is 4.206,1.860 (3.00 thresh)
[run_subscribe_msckf-1] [0m[31m[init-d]: only 33 valid features of required (48 thresh)!!
[run_subscribe_msckf-1] [0m[34m[TIME]: 0.0006 seconds total (1736.1 hz, 0.25 ms behind)
[run_subscribe_msckf-1] [0m[33m[init]: disparity is 4.070,2.186 (3.00 thresh)
[run_subscribe_msckf-1] [0m[31m[init-d]: only 33 valid features of required (48 thresh)!!
[run_subscribe_msckf-1] [0m[34m[TIME]: 0.0006 seconds total (1733.1 hz, 0.25 ms behind)
[run_subscribe_msckf-1] [0m[33m[init]: disparity is 4.012,2.290 (3.00 thresh)
[run_subscribe_msckf-1] [0m[31m[init-d]: only 33 valid features of required (48 thresh)!!
[run_subscribe_msckf-1] [0m[34m[TIME]: 0.0006 seconds total (1760.6 hz, 0.25 ms behind)
[run_subscribe_msckf-1] [0m[33m[init]: disparity is 4.126,2.588 (3.00 thresh)
[run_subscribe_msckf-1] [0m[31m[init-d]: only 33 valid features of required (48 thresh)!!
[run_subscribe_msckf-1] [0m[34m[TIME]: 0.0006 seconds total (1745.2 hz, 0.25 ms behind)
[run_subscribe_msckf-1] [0m[33m[init]: disparity is 3.827,2.656 (3.00 thresh)
[run_subscribe_msckf-1] [0m[31m[init-d]: only 33 valid features of required (48 thresh)!!
[run_subscribe_msckf-1] [0m[34m[TIME]: 0.0006 seconds total (1680.7 hz, 0.25 ms behind)
[run_subscribe_msckf-1] [0m[33m[init]: disparity is 3.903,2.841 (3.00 thresh)
[run_subscribe_msckf-1] [0m[31m[init-d]: only 33 valid features of required (48 thresh)!!
[run_subscribe_msckf-1] [0m[34m[TIME]: 0.0006 seconds total (1751.3 hz, 0.25 ms behind)
[run_subscribe_msckf-1] [0m[33m[init]: disparity is 3.697,3.020 (3.00 thresh)
[run_subscribe_msckf-1] [0m[31m[init-d]: only 33 valid features of required (48 thresh)!!
[run_subscribe_msckf-1] [0m[34m[TIME]: 0.0006 seconds total (1709.4 hz, 0.25 ms behind)
[run_subscribe_msckf-1] [0m[33m[init]: disparity is 3.639,3.038 (3.00 thresh)
[run_subscribe_msckf-1] [0m[31m[init-d]: only 33 valid features of required (48 thresh)!!
[run_subscribe_msckf-1] [0m[34m[TIME]: 0.0006 seconds total (1748.3 hz, 0.25 ms behind)
[run_subscribe_msckf-1] [0m[33m[init]: disparity is 3.655,3.302 (3.00 thresh)
[run_subscribe_msckf-1] [0m[31m[init-d]: only 33 valid features of required (48 thresh)!!
[run_subscribe_msckf-1] [0m[34m[TIME]: 0.0006 seconds total (1811.6 hz, 0.25 ms behind)
[run_subscribe_msckf-1] [0m[33m[init]: disparity is 3.325,3.308 (3.00 thresh)
[run_subscribe_msckf-1] [0m[31m[init-d]: only 33 valid features of required (48 thresh)!!
[run_subscribe_msckf-1] [0m[34m[TIME]: 0.0006 seconds total (1745.2 hz, 0.25 ms behind)
[run_subscribe_msckf-1] [0m[33m[init]: disparity is 3.262,3.367 (3.00 thresh)
[run_subscribe_msckf-1] [0m[31m[init-d]: only 33 valid features of required (48 thresh)!!
[run_subscribe_msckf-1] [0m[34m[TIME]: 0.0006 seconds total (1584.8 hz, 0.25 ms behind)
[run_subscribe_msckf-1] [0m[33m[init]: disparity is 2.989,3.523 (3.00 thresh)
[run_subscribe_msckf-1] [0m[31m[init-d]: only 33 valid features of required (48 thresh)!!
[run_subscribe_msckf-1] [0m[34m[TIME]: 0.0006 seconds total (1733.1 hz, 0.25 ms behind)
[run_subscribe_msckf-1] [0m[33m[init]: disparity is 2.943,3.513 (3.00 thresh)
[run_subscribe_msckf-1] [0m[31m[init-d]: only 33 valid features of required (48 thresh)!!
[run_subscribe_msckf-1] [0m[34m[TIME]: 0.0006 seconds total (1683.5 hz, 0.25 ms behind)
[run_subscribe_msckf-1] [0m[33m[init]: disparity is 2.649,3.611 (3.00 thresh)
[run_subscribe_msckf-1] [0m[31m[init-d]: only 33 valid features of required (48 thresh)!!
[run_subscribe_msckf-1] [0m[34m[TIME]: 0.0006 seconds total (1672.2 hz, 0.25 ms behind)
[run_subscribe_msckf-1] [0m[33m[init]: disparity is 2.499,3.516 (3.00 thresh)
[run_subscribe_msckf-1] [0m[31m[init-d]: only 33 valid features of required (48 thresh)!!
[run_subscribe_msckf-1] [0m[34m[TIME]: 0.0006 seconds total (1672.2 hz, 0.25 ms behind)
[run_subscribe_msckf-1] [0m[33m[init]: disparity is 2.347,3.529 (3.00 thresh)
[run_subscribe_msckf-1] [0m[31m[init-d]: only 33 valid features of required (48 thresh)!!
[run_subscribe_msckf-1] [0m[34m[TIME]: 0.0006 seconds total (1686.3 hz, 0.25 ms behind)
[run_subscribe_msckf-1] [0m[33m[init]: disparity is 2.031,3.489 (3.00 thresh)
[run_subscribe_msckf-1] [0m[31m[init-d]: only 33 valid features of required (48 thresh)!!
[run_subscribe_msckf-1] [0m[34m[TIME]: 0.0006 seconds total (1694.9 hz, 0.25 ms behind)
[run_subscribe_msckf-1] [0m[33m[init]: disparity is 1.874,3.342 (3.00 thresh)
[run_subscribe_msckf-1] [0m[31m[init-d]: only 33 valid features of required (48 thresh)!!
[run_subscribe_msckf-1] [0m[34m[TIME]: 0.0006 seconds total (1805.1 hz, 0.25 ms behind)
[run_subscribe_msckf-1] [0m[33m[init]: disparity is 1.604,3.291 (3.00 thresh)
[run_subscribe_msckf-1] [0m[31m[init-d]: only 33 valid features of required (48 thresh)!!
[run_subscribe_msckf-1] [0m[34m[TIME]: 0.0006 seconds total (1766.8 hz, 0.25 ms behind)
[run_subscribe_msckf-1] [0m[33m[init]: disparity is 1.393,3.186 (3.00 thresh)
[run_subscribe_msckf-1] [0m[31m[init-d]: only 33 valid features of required (48 thresh)!!
[run_subscribe_msckf-1] [0m[34m[TIME]: 0.0006 seconds total (1555.2 hz, 0.25 ms behind)
[run_subscribe_msckf-1] [0m[33m[init]: disparity is 1.139,3.064 (3.00 thresh)
[run_subscribe_msckf-1] [0m[31m[init-d]: only 33 valid features of required (48 thresh)!!
[run_subscribe_msckf-1] [0m[34m[TIME]: 0.0006 seconds total (1785.7 hz, 0.25 ms behind)
[run_subscribe_msckf-1] [0m[33m[init]: disparity is 0.987,2.943 (3.00 thresh)
[run_subscribe_msckf-1] [0m[32m[init]: successful initialization in 0.0003 seconds
[run_subscribe_msckf-1] [0m[32m[init]: orientation = 0.0002, -0.0015, -0.7071, 0.7071
[run_subscribe_msckf-1] [0m[32m[init]: bias gyro = 0.0035, 0.0028, -0.0008
[run_subscribe_msckf-1] [0m[32m[init]: velocity = 0.0000, 0.0000, 0.0000
[run_subscribe_msckf-1] [0m[32m[init]: bias accel = 0.0000, 0.0000, 0.0015
[run_subscribe_msckf-1] [0m[32m[init]: position = 0.0000, 0.0000, 0.0000
[run_subscribe_msckf-1] [0m[34m[TIME]: 0.0027 seconds total (365.6 hz, 0.25 ms behind)
[run_subscribe_msckf-1] [0m[36m[ZUPT]: passed disparity (0.091 < 0.500, 54 features)
[run_subscribe_msckf-1] [0m[36m[ZUPT]: accepted |v_IinG| = 0.124 (chi2 2.689 < 16.919)
[run_subscribe_msckf-1] [0m[34m[TIME]: 0.0009 seconds total (1083.4 hz, 0.25 ms behind)
[run_subscribe_msckf-1] [0m[36m[ZUPT]: passed disparity (0.132 < 0.500, 56 features)
[run_subscribe_msckf-1] [0m[36m[ZUPT]: accepted |v_IinG| = 0.031 (chi2 9.430 < 16.919)
[run_subscribe_msckf-1] [0m[34m[TIME]: 0.0010 seconds total (1046.0 hz, 0.25 ms behind)
[run_subscribe_msckf-1] [0m[36m[ZUPT]: passed disparity (0.160 < 0.500, 58 features)
[run_subscribe_msckf-1] [0m[36m[ZUPT]: accepted |v_IinG| = 0.034 (chi2 20.380 < 16.919)
[run_subscribe_msckf-1] [0m[34m[TIME]: 0.0010 seconds total (1051.5 hz, 0.25 ms behind)
[run_subscribe_msckf-1] [0m[36m[ZUPT]: passed disparity (0.130 < 0.500, 61 features)
[run_subscribe_msckf-1] [0m[36m[ZUPT]: accepted |v_IinG| = 0.077 (chi2 6.751 < 16.919)
[run_subscribe_msckf-1] [0m[34m[TIME]: 0.0008 seconds total (1210.7 hz, 0.25 ms behind)
[run_subscribe_msckf-1] [0m[36m[ZUPT]: passed disparity (0.186 < 0.500, 61 features)
[run_subscribe_msckf-1] [0m[36m[ZUPT]: accepted |v_IinG| = 0.047 (chi2 7.563 < 16.919)
[run_subscribe_msckf-1] [0m[34m[TIME]: 0.0009 seconds total (1065.0 hz, 0.25 ms behind)
[run_subscribe_msckf-1] [0m[36m[ZUPT]: passed disparity (0.151 < 0.500, 66 features)
[run_subscribe_msckf-1] [0m[36m[ZUPT]: accepted |v_IinG| = 0.052 (chi2 10.419 < 16.919)
[run_subscribe_msckf-1] [0m[34m[TIME]: 0.0009 seconds total (1164.1 hz, 0.25 ms behind)
[run_subscribe_msckf-1] [0m[36m[ZUPT]: passed disparity (0.484 < 0.500, 65 features)
[run_subscribe_msckf-1] [0m[36m[ZUPT]: accepted |v_IinG| = 0.075 (chi2 13.399 < 16.919)
[run_subscribe_msckf-1] [0m[34m[TIME]: 0.0009 seconds total (1052.6 hz, 0.25 ms behind)
[run_subscribe_msckf-1] [0m[36m[ZUPT]: passed disparity (0.202 < 0.500, 64 features)
[run_subscribe_msckf-1] [0m[36m[ZUPT]: accepted |v_IinG| = 0.057 (chi2 9.724 < 16.919)
[run_subscribe_msckf-1] [0m[34m[TIME]: 0.0009 seconds total (1136.4 hz, 0.25 ms behind)
[run_subscribe_msckf-1] [0m[36m[ZUPT]: passed disparity (0.439 < 0.500, 64 features)
[run_subscribe_msckf-1] [0m[36m[ZUPT]: accepted |v_IinG| = 0.073 (chi2 7.009 < 16.919)
[run_subscribe_msckf-1] [0m[34m[TIME]: 0.0009 seconds total (1145.5 hz, 0.25 ms behind)
[run_subscribe_msckf-1] [0m[36m[ZUPT]: passed disparity (0.212 < 0.500, 65 features)
[run_subscribe_msckf-1] [0m[36m[ZUPT]: accepted |v_IinG| = 0.070 (chi2 9.906 < 16.919)
[run_subscribe_msckf-1] [0m[34m[TIME]: 0.0009 seconds total (1137.7 hz, 0.25 ms behind)
[run_subscribe_msckf-1] [0m[36m[ZUPT]: passed disparity (0.231 < 0.500, 66 features)
[run_subscribe_msckf-1] [0m[36m[ZUPT]: accepted |v_IinG| = 0.066 (chi2 12.035 < 16.919)
[run_subscribe_msckf-1] [0m[34m[TIME]: 0.0008 seconds total (1230.0 hz, 0.25 ms behind)
[run_subscribe_msckf-1] [0m[36m[ZUPT]: passed disparity (0.187 < 0.500, 66 features)
[run_subscribe_msckf-1] [0m[36m[ZUPT]: accepted |v_IinG| = 0.079 (chi2 14.470 < 16.919)
[run_subscribe_msckf-1] [0m[34m[TIME]: 0.0009 seconds total (1113.6 hz, 0.25 ms behind)
[run_subscribe_msckf-1] [0m[36m[ZUPT]: passed disparity (0.293 < 0.500, 68 features)
[run_subscribe_msckf-1] [0m[36m[ZUPT]: accepted |v_IinG| = 0.068 (chi2 5.625 < 16.919)
[run_subscribe_msckf-1] [0m[34m[TIME]: 0.0009 seconds total (1150.7 hz, 0.25 ms behind)
[run_subscribe_msckf-1] [0m[36m[ZUPT]: passed disparity (0.163 < 0.500, 68 features)
[run_subscribe_msckf-1] [0m[36m[ZUPT]: accepted |v_IinG| = 0.073 (chi2 9.574 < 16.919)
[run_subscribe_msckf-1] [0m[34m[TIME]: 0.0009 seconds total (1124.9 hz, 0.25 ms behind)
[run_subscribe_msckf-1] [0m[36m[ZUPT]: passed disparity (0.344 < 0.500, 68 features)
[run_subscribe_msckf-1] [0m[36m[ZUPT]: accepted |v_IinG| = 0.078 (chi2 17.989 < 16.919)
[run_subscribe_msckf-1] [0m[34m[TIME]: 0.0009 seconds total (1069.5 hz, 0.25 ms behind)
[run_subscribe_msckf-1] [0m[36m[ZUPT]: passed disparity (0.244 < 0.500, 68 features)
[run_subscribe_msckf-1] [0m[36m[ZUPT]: accepted |v_IinG| = 0.069 (chi2 10.165 < 16.919)
[run_subscribe_msckf-1] [0m[34m[TIME]: 0.0009 seconds total (1105.0 hz, 0.25 ms behind)
[run_subscribe_msckf-1] [0m[36m[ZUPT]: passed disparity (0.128 < 0.500, 67 features)
[run_subscribe_msckf-1] [0m[36m[ZUPT]: accepted |v_IinG| = 0.076 (chi2 12.156 < 16.919)
[run_subscribe_msckf-1] [0m[34m[TIME]: 0.0009 seconds total (1084.6 hz, 0.25 ms behind)
[run_subscribe_msckf-1] [0m[36m[ZUPT]: accepted |v_IinG| = 0.073 (chi2 13.293 < 16.919)
[run_subscribe_msckf-1] [0m[34m[TIME]: 0.0009 seconds total (1135.1 hz, 0.25 ms behind)
[run_subscribe_msckf-1] [0m[36m[ZUPT]: passed disparity (0.221 < 0.500, 69 features)
[run_subscribe_msckf-1] [0m[36m[ZUPT]: accepted |v_IinG| = 0.070 (chi2 14.999 < 16.919)
[run_subscribe_msckf-1] [0m[34m[TIME]: 0.0009 seconds total (1145.5 hz, 0.25 ms behind)
[run_subscribe_msckf-1] [0m[36m[ZUPT]: passed disparity (0.143 < 0.500, 70 features)
[run_subscribe_msckf-1] [0m[36m[ZUPT]: accepted |v_IinG| = 0.075 (chi2 22.520 < 16.919)
[run_subscribe_msckf-1] [0m[34m[TIME]: 0.0008 seconds total (1183.4 hz, 0.25 ms behind)
[run_subscribe_msckf-1] [0m[36m[ZUPT]: passed disparity (0.340 < 0.500, 69 features)
[run_subscribe_msckf-1] [0m[36m[ZUPT]: accepted |v_IinG| = 0.070 (chi2 10.647 < 16.919)
[run_subscribe_msckf-1] [0m[34m[TIME]: 0.0009 seconds total (1113.6 hz, 0.25 ms behind)
[run_subscribe_msckf-1] [0m[36m[ZUPT]: passed disparity (0.132 < 0.500, 69 features)
[run_subscribe_msckf-1] [0m[36m[ZUPT]: accepted |v_IinG| = 0.072 (chi2 20.137 < 16.919)
[run_subscribe_msckf-1] [0m[34m[TIME]: 0.0008 seconds total (1212.1 hz, 0.25 ms behind)
[run_subscribe_msckf-1] [0m[36m[ZUPT]: passed disparity (0.139 < 0.500, 69 features)
[run_subscribe_msckf-1] [0m[36m[ZUPT]: accepted |v_IinG| = 0.072 (chi2 26.975 < 16.919)
[run_subscribe_msckf-1] [0m[34m[TIME]: 0.0009 seconds total (1153.4 hz, 0.25 ms behind)
[run_subscribe_msckf-1] [0m[36m[ZUPT]: passed disparity (0.261 < 0.500, 69 features)
[run_subscribe_msckf-1] [0m[36m[ZUPT]: accepted |v_IinG| = 0.069 (chi2 17.261 < 16.919)
[run_subscribe_msckf-1] [0m[34m[TIME]: 0.0010 seconds total (1022.5 hz, 0.25 ms behind)
[run_subscribe_msckf-1] [0m[36m[ZUPT]: passed disparity (0.112 < 0.500, 69 features)
[run_subscribe_msckf-1] [0m[36m[ZUPT]: accepted |v_IinG| = 0.072 (chi2 30.010 < 16.919)
[run_subscribe_msckf-1] [0m[34m[TIME]: 0.0009 seconds total (1111.1 hz, 0.25 ms behind)
[run_subscribe_msckf-1] [0m[36m[ZUPT]: passed disparity (0.167 < 0.500, 70 features)
[run_subscribe_msckf-1] [0m[36m[ZUPT]: accepted |v_IinG| = 0.071 (chi2 20.584 < 16.919)
[run_subscribe_msckf-1] [0m[34m[TIME]: 0.0011 seconds total (947.9 hz, 0.25 ms behind)
[run_subscribe_msckf-1] [0m[36m[ZUPT]: passed disparity (0.273 < 0.500, 72 features)
[run_subscribe_msckf-1] [0m[36m[ZUPT]: accepted |v_IinG| = 0.070 (chi2 31.629 < 16.919)
[run_subscribe_msckf-1] [0m[34m[TIME]: 0.0010 seconds total (1022.5 hz, 0.25 ms behind)
[run_subscribe_msckf-1] [0m[36m[ZUPT]: passed disparity (0.116 < 0.500, 74 features)
[run_subscribe_msckf-1] [0m[36m[ZUPT]: accepted |v_IinG| = 0.072 (chi2 40.228 < 16.919)
[run_subscribe_msckf-1] [0m[34m[TIME]: 0.0008 seconds total (1182.0 hz, 0.25 ms behind)
[run_subscribe_msckf-1] [0m[36m[ZUPT]: passed disparity (0.209 < 0.500, 74 features)
[run_subscribe_msckf-1] [0m[36m[ZUPT]: accepted |v_IinG| = 0.071 (chi2 15.137 < 16.919)
[run_subscribe_msckf-1] [0m[34m[TIME]: 0.0010 seconds total (1037.3 hz, 0.25 ms behind)
[run_subscribe_msckf-1] [0m[36m[ZUPT]: passed disparity (0.183 < 0.500, 74 features)
[run_subscribe_msckf-1] [0m[36m[ZUPT]: accepted |v_IinG| = 0.072 (chi2 47.924 < 16.919)
[run_subscribe_msckf-1] [0m[34m[TIME]: 0.0009 seconds total (1172.3 hz, 0.25 ms behind)
[run_subscribe_msckf-1] [0m[36m[ZUPT]: passed disparity (0.191 < 0.500, 74 features)
[run_subscribe_msckf-1] [0m[36m[ZUPT]: accepted |v_IinG| = 0.073 (chi2 40.783 < 16.919)
[run_subscribe_msckf-1] [0m[34m[TIME]: 0.0009 seconds total (1166.9 hz, 0.25 ms behind)
[run_subscribe_msckf-1] [0m[36m[ZUPT]: passed disparity (0.293 < 0.500, 76 features)
[run_subscribe_msckf-1] [0m[36m[ZUPT]: accepted |v_IinG| = 0.073 (chi2 19.049 < 16.919)
[run_subscribe_msckf-1] [0m[34m[TIME]: 0.0009 seconds total (1145.5 hz, 0.25 ms behind)
[run_subscribe_msckf-1] [0m[36m[ZUPT]: passed disparity (0.218 < 0.500, 75 features)
[run_subscribe_msckf-1] [0m[36m[ZUPT]: accepted |v_IinG| = 0.074 (chi2 61.093 < 16.919)
[run_subscribe_msckf-1] [0m[34m[TIME]: 0.0009 seconds total (1124.9 hz, 0.25 ms behind)
[run_subscribe_msckf-1] [0m[36m[ZUPT]: passed disparity (0.100 < 0.500, 76 features)
[run_subscribe_msckf-1] [0m[36m[ZUPT]: accepted |v_IinG| = 0.075 (chi2 32.926 < 16.919)
[run_subscribe_msckf-1] [0m[34m[TIME]: 0.0008 seconds total (1233.0 hz, 0.25 ms behind)
[run_subscribe_msckf-1] [0m[36m[ZUPT]: passed disparity (0.325 < 0.500, 76 features)
[run_subscribe_msckf-1] [0m[36m[ZUPT]: accepted |v_IinG| = 0.076 (chi2 31.895 < 16.919)
[run_subscribe_msckf-1] [0m[34m[TIME]: 0.0009 seconds total (1090.5 hz, 0.25 ms behind)
[run_subscribe_msckf-1] [0m[36m[ZUPT]: passed disparity (0.241 < 0.500, 75 features)
[run_subscribe_msckf-1] [0m[36m[ZUPT]: accepted |v_IinG| = 0.076 (chi2 69.825 < 16.919)
[run_subscribe_msckf-1] [0m[34m[TIME]: 0.0009 seconds total (1119.8 hz, 0.25 ms behind)
[run_subscribe_msckf-1] [0m[36m[ZUPT]: passed disparity (0.198 < 0.500, 76 features)
[run_subscribe_msckf-1] [0m[36m[ZUPT]: accepted |v_IinG| = 0.078 (chi2 22.921 < 16.919)
[run_subscribe_msckf-1] [0m[34m[TIME]: 0.0009 seconds total (1108.6 hz, 0.25 ms behind)
[run_subscribe_msckf-1] [0m[36m[ZUPT]: passed disparity (0.179 < 0.500, 76 features)
[run_subscribe_msckf-1] [0m[36m[ZUPT]: accepted |v_IinG| = 0.078 (chi2 44.832 < 16.919)
[run_subscribe_msckf-1] [0m[34m[TIME]: 0.0010 seconds total (1039.5 hz, 0.25 ms behind)
[run_subscribe_msckf-1] [0m[36m[ZUPT]: passed disparity (0.174 < 0.500, 75 features)
[run_subscribe_msckf-1] [0m[36m[ZUPT]: accepted |v_IinG| = 0.079 (chi2 66.855 < 16.919)
[run_subscribe_msckf-1] [0m[34m[TIME]: 0.0008 seconds total (1179.2 hz, 0.25 ms behind)
[run_subscribe_msckf-1] [0m[36m[ZUPT]: passed disparity (0.161 < 0.500, 75 features)
[run_subscribe_msckf-1] [0m[36m[ZUPT]: accepted |v_IinG| = 0.080 (chi2 21.133 < 16.919)
[run_subscribe_msckf-1] [0m[34m[TIME]: 0.0009 seconds total (1169.6 hz, 0.25 ms behind)
[run_subscribe_msckf-1] [0m[36m[ZUPT]: passed disparity (0.215 < 0.500, 75 features)
[run_subscribe_msckf-1] [0m[36m[ZUPT]: accepted |v_IinG| = 0.081 (chi2 51.799 < 16.919)
[run_subscribe_msckf-1] [0m[34m[TIME]: 0.0009 seconds total (1103.8 hz, 0.25 ms behind)
[run_subscribe_msckf-1] [0m[36m[ZUPT]: passed disparity (0.205 < 0.500, 77 features)
[run_subscribe_msckf-1] [0m[36m[ZUPT]: accepted |v_IinG| = 0.081 (chi2 57.060 < 16.919)
[run_subscribe_msckf-1] [0m[34m[TIME]: 0.0008 seconds total (1194.7 hz, 0.25 ms behind)
[run_subscribe_msckf-1] [0m[36m[ZUPT]: passed disparity (0.244 < 0.500, 76 features)
[run_subscribe_msckf-1] [0m[36m[ZUPT]: accepted |v_IinG| = 0.083 (chi2 26.225 < 16.919)
[run_subscribe_msckf-1] [0m[34m[TIME]: 0.0009 seconds total (1074.1 hz, 0.25 ms behind)
[run_subscribe_msckf-1] [0m[36m[ZUPT]: passed disparity (0.213 < 0.500, 76 features)
[run_subscribe_msckf-1] [0m[36m[ZUPT]: accepted |v_IinG| = 0.082 (chi2 51.871 < 16.919)
[run_subscribe_msckf-1] [0m[34m[TIME]: 0.0008 seconds total (1203.4 hz, 0.25 ms behind)
[run_subscribe_msckf-1] [0m[34m[TIME]: 0.0010 seconds total (962.5 hz, 0.25 ms behind)
[run_subscribe_msckf-1] [0m[36m[ZUPT]: passed disparity (0.248 < 0.500, 79 features)
[run_subscribe_msckf-1] [0m[36m[ZUPT]: accepted |v_IinG| = 0.082 (chi2 35.004 < 16.919)
[run_subscribe_msckf-1] [0m[34m[TIME]: 0.0009 seconds total (1108.6 hz, 0.25 ms behind)
[run_subscribe_msckf-1] [0m[36m[ZUPT]: passed disparity (0.218 < 0.500, 79 features)
[run_subscribe_msckf-1] [0m[36m[ZUPT]: accepted |v_IinG| = 0.081 (chi2 48.136 < 16.919)
[run_subscribe_msckf-1] [0m[34m[TIME]: 0.0009 seconds total (1133.8 hz, 0.25 ms behind)
[run_subscribe_msckf-1] [0m[36m[ZUPT]: passed disparity (0.225 < 0.500, 80 features)
[run_subscribe_msckf-1] [0m[36m[ZUPT]: accepted |v_IinG| = 0.081 (chi2 28.555 < 16.919)
[run_subscribe_msckf-1] [0m[34m[TIME]: 0.0009 seconds total (1058.2 hz, 0.25 ms behind)
[run_subscribe_msckf-1] [0m[36m[ZUPT]: passed disparity (0.474 < 0.500, 79 features)
[run_subscribe_msckf-1] [0m[36m[ZUPT]: accepted |v_IinG| = 0.082 (chi2 38.512 < 16.919)
[run_subscribe_msckf-1] [0m[34m[TIME]: 0.0010 seconds total (1015.2 hz, 0.25 ms behind)
[run_subscribe_msckf-1] [0m[36m[ZUPT]: passed disparity (0.269 < 0.500, 79 features)
[run_subscribe_msckf-1] [0m[36m[ZUPT]: accepted |v_IinG| = 0.080 (chi2 40.233 < 16.919)
[run_subscribe_msckf-1] [0m[34m[TIME]: 0.0009 seconds total (1095.3 hz, 0.25 ms behind)
[run_subscribe_msckf-1] [0m[36m[ZUPT]: passed disparity (0.174 < 0.500, 79 features)
[run_subscribe_msckf-1] [0m[36m[ZUPT]: accepted |v_IinG| = 0.080 (chi2 20.599 < 16.919)
[run_subscribe_msckf-1] [0m[34m[TIME]: 0.0009 seconds total (1165.5 hz, 0.25 ms behind)
[run_subscribe_msckf-1] [0m[36m[ZUPT]: passed disparity (0.226 < 0.500, 80 features)
[run_subscribe_msckf-1] [0m[36m[ZUPT]: accepted |v_IinG| = 0.080 (chi2 36.687 < 16.919)
[run_subscribe_msckf-1] [0m[34m[TIME]: 0.0009 seconds total (1128.7 hz, 0.25 ms behind)
[run_subscribe_msckf-1] [0m[36m[ZUPT]: passed disparity (0.234 < 0.500, 80 features)
[run_subscribe_msckf-1] [0m[36m[ZUPT]: accepted |v_IinG| = 0.078 (chi2 30.782 < 16.919)
[run_subscribe_msckf-1] [0m[34m[TIME]: 0.0009 seconds total (1171.0 hz, 0.25 ms behind)
[run_subscribe_msckf-1] [0m[36m[ZUPT]: passed disparity (0.240 < 0.500, 79 features)
[run_subscribe_msckf-1] [0m[36m[ZUPT]: accepted |v_IinG| = 0.078 (chi2 19.017 < 16.919)
[run_subscribe_msckf-1] [0m[34m[TIME]: 0.0009 seconds total (1121.1 hz, 0.25 ms behind)
[run_subscribe_msckf-1] [0m[36m[ZUPT]: passed disparity (0.262 < 0.500, 79 features)
[run_subscribe_msckf-1] [0m[36m[ZUPT]: accepted |v_IinG| = 0.077 (chi2 30.581 < 16.919)
[run_subscribe_msckf-1] [0m[34m[TIME]: 0.0009 seconds total (1119.8 hz, 0.25 ms behind)
[run_subscribe_msckf-1] [0m[36m[ZUPT]: passed disparity (0.161 < 0.500, 79 features)
[run_subscribe_msckf-1] [0m[36m[ZUPT]: accepted |v_IinG| = 0.075 (chi2 23.193 < 16.919)
[run_subscribe_msckf-1] [0m[34m[TIME]: 0.0009 seconds total (1089.3 hz, 0.25 ms behind)
[run_subscribe_msckf-1] [0m[36m[ZUPT]: passed disparity (0.161 < 0.500, 79 features)
[run_subscribe_msckf-1] [0m[36m[ZUPT]: accepted |v_IinG| = 0.075 (chi2 24.014 < 16.919)
[run_subscribe_msckf-1] [0m[34m[TIME]: 0.0009 seconds total (1107.4 hz, 0.25 ms behind)
[run_subscribe_msckf-1] [0m[36m[ZUPT]: passed disparity (0.322 < 0.500, 79 features)
[run_subscribe_msckf-1] [0m[36m[ZUPT]: accepted |v_IinG| = 0.073 (chi2 23.519 < 16.919)
[run_subscribe_msckf-1] [0m[34m[TIME]: 0.0009 seconds total (1139.0 hz, 0.25 ms behind)
[run_subscribe_msckf-1] [0m[36m[ZUPT]: passed disparity (0.281 < 0.500, 79 features)
[run_subscribe_msckf-1] [0m[36m[ZUPT]: accepted |v_IinG| = 0.071 (chi2 19.374 < 16.919)
[run_subscribe_msckf-1] [0m[34m[TIME]: 0.0009 seconds total (1087.0 hz, 0.25 ms behind)
[run_subscribe_msckf-1] [0m[36m[ZUPT]: passed disparity (0.177 < 0.500, 79 features)
[run_subscribe_msckf-1] [0m[36m[ZUPT]: accepted |v_IinG| = 0.071 (chi2 27.681 < 16.919)
[run_subscribe_msckf-1] [0m[34m[TIME]: 0.0009 seconds total (1083.4 hz, 0.25 ms behind)
[run_subscribe_msckf-1] [0m[36m[ZUPT]: passed disparity (0.258 < 0.500, 78 features)
[run_subscribe_msckf-1] [0m[36m[ZUPT]: accepted |v_IinG| = 0.068 (chi2 17.873 < 16.919)
[run_subscribe_msckf-1] [0m[34m[TIME]: 0.0009 seconds total (1087.0 hz, 0.25 ms behind)
[run_subscribe_msckf-1] [0m[36m[ZUPT]: passed disparity (0.122 < 0.500, 78 features)
[run_subscribe_msckf-1] [0m[36m[ZUPT]: accepted |v_IinG| = 0.067 (chi2 19.438 < 16.919)
[run_subscribe_msckf-1] [0m[34m[TIME]: 0.0009 seconds total (1075.3 hz, 0.25 ms behind)
[run_subscribe_msckf-1] [0m[36m[ZUPT]: passed disparity (0.128 < 0.500, 78 features)
[run_subscribe_msckf-1] [0m[36m[ZUPT]: accepted |v_IinG| = 0.067 (chi2 32.509 < 16.919)
[run_subscribe_msckf-1] [0m[34m[TIME]: 0.0009 seconds total (1121.1 hz, 0.25 ms behind)
[run_subscribe_msckf-1] [0m[36m[ZUPT]: passed disparity (0.181 < 0.500, 78 features)
[run_subscribe_msckf-1] [0m[36m[ZUPT]: accepted |v_IinG| = 0.063 (chi2 14.927 < 16.919)
[run_subscribe_msckf-1] [0m[34m[TIME]: 0.0009 seconds total (1061.6 hz, 0.25 ms behind)
[run_subscribe_msckf-1] [0m[36m[ZUPT]: passed disparity (0.113 < 0.500, 78 features)
[run_subscribe_msckf-1] [0m[36m[ZUPT]: accepted |v_IinG| = 0.062 (chi2 22.826 < 16.919)
[run_subscribe_msckf-1] [0m[34m[TIME]: 0.0009 seconds total (1131.2 hz, 0.25 ms behind)
[run_subscribe_msckf-1] [0m[36m[ZUPT]: passed disparity (0.152 < 0.500, 78 features)
[run_subscribe_msckf-1] [0m[36m[ZUPT]: accepted |v_IinG| = 0.061 (chi2 35.352 < 16.919)
[run_subscribe_msckf-1] [0m[34m[TIME]: 0.0009 seconds total (1128.7 hz, 0.25 ms behind)
[run_subscribe_msckf-1] [0m[36m[ZUPT]: passed disparity (0.155 < 0.500, 78 features)
[run_subscribe_msckf-1] [0m[36m[ZUPT]: accepted |v_IinG| = 0.058 (chi2 15.413 < 16.919)
[run_subscribe_msckf-1] [0m[34m[TIME]: 0.0009 seconds total (1071.8 hz, 0.25 ms behind)
[run_subscribe_msckf-1] [0m[36m[ZUPT]: passed disparity (0.131 < 0.500, 78 features)
[run_subscribe_msckf-1] [0m[36m[ZUPT]: accepted |v_IinG| = 0.057 (chi2 28.234 < 16.919)
[run_subscribe_msckf-1] [0m[34m[TIME]: 0.0010 seconds total (1003.0 hz, 0.25 ms behind)
[run_subscribe_msckf-1] [0m[36m[ZUPT]: passed disparity (0.140 < 0.500, 79 features)
[run_subscribe_msckf-1] [0m[36m[ZUPT]: accepted |v_IinG| = 0.056 (chi2 35.667 < 16.919)
[run_subscribe_msckf-1] [0m[34m[TIME]: 0.0009 seconds total (1133.8 hz, 0.25 ms behind)
[run_subscribe_msckf-1] [0m[36m[ZUPT]: passed disparity (0.142 < 0.500, 79 features)
[run_subscribe_msckf-1] [0m[36m[ZUPT]: accepted |v_IinG| = 0.053 (chi2 17.374 < 16.919)
[run_subscribe_msckf-1] [0m[34m[TIME]: 0.0009 seconds total (1148.1 hz, 0.25 ms behind)
[run_subscribe_msckf-1] [0m[36m[ZUPT]: passed disparity (0.171 < 0.500, 79 features)
[run_subscribe_msckf-1] [0m[36m[ZUPT]: accepted |v_IinG| = 0.053 (chi2 33.773 < 16.919)
[run_subscribe_msckf-1] [0m[34m[TIME]: 0.0008 seconds total (1177.9 hz, 0.25 ms behind)
[run_subscribe_msckf-1] [0m[36m[ZUPT]: passed disparity (0.146 < 0.500, 79 features)
[run_subscribe_msckf-1] [0m[36m[ZUPT]: accepted |v_IinG| = 0.052 (chi2 34.752 < 16.919)
[run_subscribe_msckf-1] [0m[34m[TIME]: 0.0009 seconds total (1054.9 hz, 0.25 ms behind)
[run_subscribe_msckf-1] [0m[36m[ZUPT]: passed disparity (0.153 < 0.500, 80 features)
[run_subscribe_msckf-1] [0m[36m[ZUPT]: accepted |v_IinG| = 0.049 (chi2 21.117 < 16.919)
[run_subscribe_msckf-1] [0m[34m[TIME]: 0.0009 seconds total (1094.1 hz, 0.25 ms behind)
[run_subscribe_msckf-1] [0m[36m[ZUPT]: passed disparity (0.242 < 0.500, 79 features)
[run_subscribe_msckf-1] [0m[36m[ZUPT]: accepted |v_IinG| = 0.049 (chi2 38.146 < 16.919)
[run_subscribe_msckf-1] [0m[34m[TIME]: 0.0009 seconds total (1073.0 hz, 0.25 ms behind)
[run_subscribe_msckf-1] [0m[36m[ZUPT]: passed disparity (0.355 < 0.500, 79 features)
[run_subscribe_msckf-1] [0m[36m[ZUPT]: accepted |v_IinG| = 0.048 (chi2 31.598 < 16.919)
[run_subscribe_msckf-1] [0m[34m[TIME]: 0.0009 seconds total (1122.3 hz, 0.25 ms behind)
[run_subscribe_msckf-1] [0m[36m[ZUPT]: passed disparity (0.221 < 0.500, 79 features)
[run_subscribe_msckf-1] [0m[36m[ZUPT]: accepted |v_IinG| = 0.046 (chi2 24.323 < 16.919)
[run_subscribe_msckf-1] [0m[34m[TIME]: 0.0009 seconds total (1135.1 hz, 0.25 ms behind)
[run_subscribe_msckf-1] [0m[36m[ZUPT]: passed disparity (0.288 < 0.500, 79 features)
[run_subscribe_msckf-1] [0m[36m[ZUPT]: accepted |v_IinG| = 0.046 (chi2 40.103 < 16.919)
[run_subscribe_msckf-1] [0m[34m[TIME]: 0.0009 seconds total (1126.1 hz, 0.25 ms behind)
[run_subscribe_msckf-1] [0m[36m[ZUPT]: passed disparity (0.246 < 0.500, 80 features)
[run_subscribe_msckf-1] [0m[36m[ZUPT]: accepted |v_IinG| = 0.045 (chi2 28.333 < 16.919)
[run_subscribe_msckf-1] [0m[34m[TIME]: 0.0009 seconds total (1119.8 hz, 0.25 ms behind)
[run_subscribe_msckf-1] [0m[36m[ZUPT]: passed disparity (0.280 < 0.500, 80 features)
[run_subscribe_msckf-1] [0m[36m[ZUPT]: accepted |v_IinG| = 0.044 (chi2 27.093 < 16.919)
[run_subscribe_msckf-1] [0m[34m[TIME]: 0.0009 seconds total (1126.1 hz, 0.25 ms behind)
[run_subscribe_msckf-1] [0m[36m[ZUPT]: passed disparity (0.269 < 0.500, 80 features)
[run_subscribe_msckf-1] [0m[36m[ZUPT]: accepted |v_IinG| = 0.044 (chi2 39.484 < 16.919)
[run_subscribe_msckf-1] [0m[34m[TIME]: 0.0009 seconds total (1139.0 hz, 0.25 ms behind)
[run_subscribe_msckf-1] [0m[36m[ZUPT]: passed disparity (0.284 < 0.500, 80 features)
[run_subscribe_msckf-1] [0m[36m[ZUPT]: accepted |v_IinG| = 0.044 (chi2 24.578 < 16.919)
[run_subscribe_msckf-1] [0m[34m[TIME]: 0.0009 seconds total (1106.2 hz, 0.25 ms behind)
[run_subscribe_msckf-1] [0m[36m[ZUPT]: passed disparity (0.301 < 0.500, 80 features)
[run_subscribe_msckf-1] [0m[36m[ZUPT]: accepted |v_IinG| = 0.044 (chi2 28.378 < 16.919)
[run_subscribe_msckf-1] [0m[34m[TIME]: 0.0010 seconds total (978.5 hz, 0.25 ms behind)
[run_subscribe_msckf-1] [0m[36m[ZUPT]: passed disparity (0.268 < 0.500, 83 features)
[run_subscribe_msckf-1] [0m[36m[ZUPT]: accepted |v_IinG| = 0.044 (chi2 36.745 < 16.919)
[run_subscribe_msckf-1] [0m[34m[TIME]: 0.0010 seconds total (977.5 hz, 0.25 ms behind)
[run_subscribe_msckf-1] [0m[36m[ZUPT]: passed disparity (0.374 < 0.500, 83 features)
[run_subscribe_msckf-1] [0m[36m[ZUPT]: accepted |v_IinG| = 0.044 (chi2 21.105 < 16.919)
[run_subscribe_msckf-1] [0m[34m[TIME]: 0.0009 seconds total (1092.9 hz, 0.25 ms behind)
[run_subscribe_msckf-1] [0m[36m[ZUPT]: passed disparity (0.261 < 0.500, 81 features)
[run_subscribe_msckf-1] [0m[36m[ZUPT]: accepted |v_IinG| = 0.045 (chi2 28.124 < 16.919)
[run_subscribe_msckf-1] [0m[34m[TIME]: 0.0009 seconds total (1111.1 hz, 0.25 ms behind)
[run_subscribe_msckf-1] [0m[36m[ZUPT]: passed disparity (0.274 < 0.500, 81 features)
[run_subscribe_msckf-1] [0m[36m[ZUPT]: accepted |v_IinG| = 0.045 (chi2 32.429 < 16.919)
[run_subscribe_msckf-1] [0m[34m[TIME]: 0.0009 seconds total (1095.3 hz, 0.25 ms behind)
[run_subscribe_msckf-1] [0m[36m[ZUPT]: passed disparity (0.309 < 0.500, 82 features)
[run_subscribe_msckf-1] [0m[36m[ZUPT]: accepted |v_IinG| = 0.046 (chi2 19.378 < 16.919)
[run_subscribe_msckf-1] [0m[34m[TIME]: 0.0009 seconds total (1129.9 hz, 0.25 ms behind)
[run_subscribe_msckf-1] [0m[36m[ZUPT]: passed disparity (0.304 < 0.500, 82 features)
[run_subscribe_msckf-1] [0m[36m[ZUPT]: accepted |v_IinG| = 0.047 (chi2 28.354 < 16.919)
[run_subscribe_msckf-1] [0m[34m[TIME]: 0.0010 seconds total (961.5 hz, 0.25 ms behind)
[run_subscribe_msckf-1] [0m[36m[ZUPT]: passed disparity (0.302 < 0.500, 81 features)
[run_subscribe_msckf-1] [0m[36m[ZUPT]: accepted |v_IinG| = 0.048 (chi2 28.071 < 16.919)
[run_subscribe_msckf-1] [0m[34m[TIME]: 0.0009 seconds total (1148.1 hz, 0.25 ms behind)
[run_subscribe_msckf-1] [0m[36m[ZUPT]: passed disparity (0.252 < 0.500, 80 features)
[run_subscribe_msckf-1] [0m[36m[ZUPT]: accepted |v_IinG| = 0.048 (chi2 17.752 < 16.919)
[run_subscribe_msckf-1] [0m[34m[TIME]: 0.0009 seconds total (1113.6 hz, 0.25 ms behind)
[run_subscribe_msckf-1] [0m[36m[ZUPT]: passed disparity (0.187 < 0.500, 81 features)
[run_subscribe_msckf-1] [0m[36m[ZUPT]: accepted |v_IinG| = 0.049 (chi2 28.351 < 16.919)
[run_subscribe_msckf-1] [0m[34m[TIME]: 0.0010 seconds total (1021.5 hz, 0.25 ms behind)
[run_subscribe_msckf-1] [0m[36m[ZUPT]: passed disparity (0.283 < 0.500, 82 features)
[run_subscribe_msckf-1] [0m[36m[ZUPT]: accepted |v_IinG| = 0.050 (chi2 24.247 < 16.919)
[run_subscribe_msckf-1] [0m[34m[TIME]: 0.0009 seconds total (1132.5 hz, 0.25 ms behind)
[run_subscribe_msckf-1] [0m[36m[ZUPT]: passed disparity (0.208 < 0.500, 82 features)
[run_subscribe_msckf-1] [0m[36m[ZUPT]: accepted |v_IinG| = 0.051 (chi2 19.313 < 16.919)
[run_subscribe_msckf-1] [0m[34m[TIME]: 0.0009 seconds total (1128.7 hz, 0.25 ms behind)
[run_subscribe_msckf-1] [0m[36m[ZUPT]: passed disparity (0.184 < 0.500, 81 features)
[run_subscribe_msckf-1] [0m[36m[ZUPT]: accepted |v_IinG| = 0.052 (chi2 29.157 < 16.919)
[run_subscribe_msckf-1] [0m[34m[TIME]: 0.0009 seconds total (1084.6 hz, 0.25 ms behind)
[run_subscribe_msckf-1] [0m[36m[ZUPT]: passed disparity (0.202 < 0.500, 81 features)
[run_subscribe_msckf-1] [0m[36m[ZUPT]: accepted |v_IinG| = 0.053 (chi2 20.959 < 16.919)
[run_subscribe_msckf-1] [0m[34m[TIME]: 0.0009 seconds total (1085.8 hz, 0.25 ms behind)
[run_subscribe_msckf-1] [0m[36m[ZUPT]: passed disparity (0.147 < 0.500, 81 features)
[run_subscribe_msckf-1] [0m[36m[ZUPT]: accepted |v_IinG| = 0.054 (chi2 22.772 < 16.919)
[run_subscribe_msckf-1] [0m[34m[TIME]: 0.0009 seconds total (1067.2 hz, 0.25 ms behind)
[run_subscribe_msckf-1] [0m[36m[ZUPT]: passed disparity (0.152 < 0.500, 81 features)
[run_subscribe_msckf-1] [0m[36m[ZUPT]: accepted |v_IinG| = 0.055 (chi2 30.427 < 16.919)
[run_subscribe_msckf-1] [0m[34m[TIME]: 0.0009 seconds total (1083.4 hz, 0.25 ms behind)
[run_subscribe_msckf-1] [0m[36m[ZUPT]: passed disparity (0.207 < 0.500, 82 features)
[run_subscribe_msckf-1] [0m[36m[ZUPT]: accepted |v_IinG| = 0.056 (chi2 19.207 < 16.919)
[run_subscribe_msckf-1] [0m[34m[TIME]: 0.0009 seconds total (1129.9 hz, 0.25 ms behind)
[run_subscribe_msckf-1] [0m[36m[ZUPT]: passed disparity (0.120 < 0.500, 82 features)
[run_subscribe_msckf-1] [0m[36m[ZUPT]: accepted |v_IinG| = 0.057 (chi2 27.411 < 16.919)
[run_subscribe_msckf-1] [0m[34m[TIME]: 0.0009 seconds total (1153.4 hz, 0.25 ms behind)
[run_subscribe_msckf-1] [0m[36m[ZUPT]: passed disparity (0.131 < 0.500, 81 features)
[run_subscribe_msckf-1] [0m[36m[ZUPT]: accepted |v_IinG| = 0.058 (chi2 33.399 < 16.919)
[run_subscribe_msckf-1] [0m[34m[TIME]: 0.0009 seconds total (1061.6 hz, 0.25 ms behind)
[run_subscribe_msckf-1] [0m[36m[ZUPT]: passed disparity (0.139 < 0.500, 82 features)
[run_subscribe_msckf-1] [0m[36m[ZUPT]: accepted |v_IinG| = 0.059 (chi2 18.946 < 16.919)
[run_subscribe_msckf-1] [0m[34m[TIME]: 0.0009 seconds total (1103.8 hz, 0.25 ms behind)
[run_subscribe_msckf-1] [0m[36m[ZUPT]: passed disparity (0.145 < 0.500, 83 features)
[run_subscribe_msckf-1] [0m[36m[ZUPT]: accepted |v_IinG| = 0.060 (chi2 33.104 < 16.919)
[run_subscribe_msckf-1] [0m[34m[TIME]: 0.0009 seconds total (1117.3 hz, 0.25 ms behind)
[run_subscribe_msckf-1] [0m[36m[ZUPT]: passed disparity (0.085 < 0.500, 83 features)
[run_subscribe_msckf-1] [0m[36m[ZUPT]: accepted |v_IinG| = 0.061 (chi2 38.109 < 16.919)
[run_subscribe_msckf-1] [0m[34m[TIME]: 0.0009 seconds total (1091.7 hz, 0.25 ms behind)
[run_subscribe_msckf-1] [0m[36m[ZUPT]: passed disparity (0.114 < 0.500, 83 features)
[run_subscribe_msckf-1] [0m[36m[ZUPT]: accepted |v_IinG| = 0.062 (chi2 19.845 < 16.919)
[run_subscribe_msckf-1] [0m[34m[TIME]: 0.0010 seconds total (1019.4 hz, 0.25 ms behind)
[run_subscribe_msckf-1] [0m[36m[ZUPT]: passed disparity (0.135 < 0.500, 82 features)
[run_subscribe_msckf-1] [0m[36m[ZUPT]: accepted |v_IinG| = 0.062 (chi2 38.025 < 16.919)
[run_subscribe_msckf-1] [0m[34m[TIME]: 0.0009 seconds total (1067.2 hz, 0.25 ms behind)
[run_subscribe_msckf-1] [0m[36m[ZUPT]: passed disparity (0.264 < 0.500, 81 features)
[run_subscribe_msckf-1] [0m[36m[ZUPT]: accepted |v_IinG| = 0.063 (chi2 42.335 < 16.919)
[run_subscribe_msckf-1] [0m[34m[TIME]: 0.0009 seconds total (1076.4 hz, 0.25 ms behind)
[run_subscribe_msckf-1] [0m[36m[ZUPT]: passed disparity (0.071 < 0.500, 80 features)
[run_subscribe_msckf-1] [0m[36m[ZUPT]: accepted |v_IinG| = 0.064 (chi2 22.070 < 16.919)
[run_subscribe_msckf-1] [0m[34m[TIME]: 0.0009 seconds total (1114.8 hz, 0.25 ms behind)
[run_subscribe_msckf-1] [0m[36m[ZUPT]: passed disparity (0.200 < 0.500, 80 features)
[run_subscribe_msckf-1] [0m[36m[ZUPT]: accepted |v_IinG| = 0.064 (chi2 41.403 < 16.919)
[run_subscribe_msckf-1] [0m[34m[TIME]: 0.0009 seconds total (1160.1 hz, 0.25 ms behind)
[run_subscribe_msckf-1] [0m[36m[ZUPT]: passed disparity (0.169 < 0.500, 80 features)
[run_subscribe_msckf-1] [0m[36m[ZUPT]: accepted |v_IinG| = 0.065 (chi2 46.804 < 16.919)
[run_subscribe_msckf-1] [0m[34m[TIME]: 0.0010 seconds total (981.4 hz, 0.25 ms behind)
[run_subscribe_msckf-1] [0m[36m[ZUPT]: passed disparity (0.253 < 0.500, 81 features)
[run_subscribe_msckf-1] [0m[36m[ZUPT]: accepted |v_IinG| = 0.065 (chi2 24.877 < 16.919)
[run_subscribe_msckf-1] [0m[34m[TIME]: 0.0009 seconds total (1054.9 hz, 0.25 ms behind)
[run_subscribe_msckf-1] [0m[36m[ZUPT]: passed disparity (0.474 < 0.500, 80 features)
[run_subscribe_msckf-1] [0m[36m[ZUPT]: accepted |v_IinG| = 0.066 (chi2 42.778 < 16.919)
[run_subscribe_msckf-1] [0m[34m[TIME]: 0.0010 seconds total (972.8 hz, 0.25 ms behind)
[run_subscribe_msckf-1] [0m[36m[ZUPT]: passed disparity (0.351 < 0.500, 82 features)
[run_subscribe_msckf-1] [0m[36m[ZUPT]: accepted |v_IinG| = 0.066 (chi2 50.017 < 16.919)
[run_subscribe_msckf-1] [0m[34m[TIME]: 0.0009 seconds total (1092.9 hz, 0.25 ms behind)
[run_subscribe_msckf-1] [0m[36m[ZUPT]: passed disparity (0.202 < 0.500, 80 features)
[run_subscribe_msckf-1] [0m[36m[ZUPT]: accepted |v_IinG| = 0.066 (chi2 28.715 < 16.919)
[run_subscribe_msckf-1] [0m[34m[TIME]: 0.0009 seconds total (1057.1 hz, 0.25 ms behind)
[run_subscribe_msckf-1] [0m[36m[ZUPT]: passed disparity (0.244 < 0.500, 80 features)
[run_subscribe_msckf-1] [0m[36m[ZUPT]: accepted |v_IinG| = 0.067 (chi2 41.867 < 16.919)
[run_subscribe_msckf-1] [0m[34m[TIME]: 0.0010 seconds total (983.3 hz, 0.25 ms behind)
[run_subscribe_msckf-1] [0m[36m[ZUPT]: passed disparity (0.415 < 0.500, 81 features)
[run_subscribe_msckf-1] [0m[36m[ZUPT]: accepted |v_IinG| = 0.067 (chi2 52.234 < 16.919)
[run_subscribe_msckf-1] [0m[34m[TIME]: 0.0009 seconds total (1085.8 hz, 0.25 ms behind)
[run_subscribe_msckf-1] [0m[36m[ZUPT]: passed disparity (0.193 < 0.500, 81 features)
[run_subscribe_msckf-1] [0m[36m[ZUPT]: accepted |v_IinG| = 0.067 (chi2 32.899 < 16.919)
[run_subscribe_msckf-1] [0m[34m[TIME]: 0.0009 seconds total (1129.9 hz, 0.25 ms behind)
[run_subscribe_msckf-1] [0m[36m[ZUPT]: passed disparity (0.287 < 0.500, 82 features)
[run_subscribe_msckf-1] [0m[36m[ZUPT]: accepted |v_IinG| = 0.067 (chi2 39.524 < 16.919)
[run_subscribe_msckf-1] [0m[34m[TIME]: 0.0010 seconds total (996.0 hz, 0.25 ms behind)
[run_subscribe_msckf-1] [0m[36m[ZUPT]: passed disparity (0.283 < 0.500, 83 features)
[run_subscribe_msckf-1] [0m[36m[ZUPT]: accepted |v_IinG| = 0.067 (chi2 51.833 < 16.919)
[run_subscribe_msckf-1] [0m[34m[TIME]: 0.0010 seconds total (1012.1 hz, 0.25 ms behind)
[run_subscribe_msckf-1] [0m[36m[ZUPT]: passed disparity (0.252 < 0.500, 84 features)
[run_subscribe_msckf-1] [0m[36m[ZUPT]: accepted |v_IinG| = 0.067 (chi2 36.486 < 16.919)
[run_subscribe_msckf-1] [0m[34m[TIME]: 0.0010 seconds total (1034.1 hz, 0.25 ms behind)
[run_subscribe_msckf-1] [0m[34m[TIME]: 0.0011 seconds total (944.3 hz, 0.25 ms behind)
[run_subscribe_msckf-1] [0m[36m[ZUPT]: passed disparity (0.309 < 0.500, 85 features)
[run_subscribe_msckf-1] [0m[36m[ZUPT]: accepted |v_IinG| = 0.069 (chi2 51.199 < 16.919)
[run_subscribe_msckf-1] [0m[34m[TIME]: 0.0010 seconds total (990.1 hz, 0.25 ms behind)
[run_subscribe_msckf-1] [0m[36m[ZUPT]: passed disparity (0.301 < 0.500, 85 features)
[run_subscribe_msckf-1] [0m[36m[ZUPT]: accepted |v_IinG| = 0.069 (chi2 38.752 < 16.919)
[run_subscribe_msckf-1] [0m[34m[TIME]: 0.0010 seconds total (1033.1 hz, 0.25 ms behind)
[run_subscribe_msckf-1] [0m[36m[ZUPT]: passed disparity (0.423 < 0.500, 85 features)
[run_subscribe_msckf-1] [0m[36m[ZUPT]: accepted |v_IinG| = 0.069 (chi2 33.010 < 16.919)
[run_subscribe_msckf-1] [0m[34m[TIME]: 0.0011 seconds total (920.0 hz, 0.25 ms behind)
[run_subscribe_msckf-1] [0m[36m[ZUPT]: passed disparity (0.417 < 0.500, 86 features)
[run_subscribe_msckf-1] [0m[36m[ZUPT]: accepted |v_IinG| = 0.068 (chi2 47.293 < 16.919)
[run_subscribe_msckf-1] [0m[34m[TIME]: 0.0011 seconds total (945.2 hz, 0.25 ms behind)
[run_subscribe_msckf-1] [0m[36m[ZUPT]: passed disparity (0.285 < 0.500, 85 features)
[run_subscribe_msckf-1] [0m[36m[ZUPT]: accepted |v_IinG| = 0.067 (chi2 39.404 < 16.919)
[run_subscribe_msckf-1] [0m[34m[TIME]: 0.0010 seconds total (1010.1 hz, 0.25 ms behind)
[run_subscribe_msckf-1] [0m[36m[ZUPT]: passed disparity (0.305 < 0.500, 84 features)
[run_subscribe_msckf-1] [0m[36m[ZUPT]: accepted |v_IinG| = 0.067 (chi2 32.676 < 16.919)
[run_subscribe_msckf-1] [0m[34m[TIME]: 0.0011 seconds total (926.8 hz, 0.25 ms behind)
[run_subscribe_msckf-1] [0m[34m[TIME]: 0.0010 seconds total (997.0 hz, 0.25 ms behind)
[run_subscribe_msckf-1] [0m[36m[ZUPT]: passed disparity (0.280 < 0.500, 84 features)
[run_subscribe_msckf-1] [0m[36m[ZUPT]: accepted |v_IinG| = 0.069 (chi2 38.042 < 16.919)
[run_subscribe_msckf-1] [0m[34m[TIME]: 0.0009 seconds total (1078.7 hz, 0.25 ms behind)
[run_subscribe_msckf-1] [0m[36m[ZUPT]: passed disparity (0.278 < 0.500, 83 features)
[run_subscribe_msckf-1] [0m[36m[ZUPT]: accepted |v_IinG| = 0.068 (chi2 32.452 < 16.919)
[run_subscribe_msckf-1] [0m[34m[TIME]: 0.0009 seconds total (1066.1 hz, 0.25 ms behind)
[run_subscribe_msckf-1] [0m[36m[ZUPT]: passed disparity (0.222 < 0.500, 83 features)
[run_subscribe_msckf-1] [0m[36m[ZUPT]: accepted |v_IinG| = 0.068 (chi2 38.346 < 16.919)
[run_subscribe_msckf-1] [0m[34m[TIME]: 0.0009 seconds total (1074.1 hz, 0.25 ms behind)
[run_subscribe_msckf-1] [0m[36m[ZUPT]: passed disparity (0.208 < 0.500, 83 features)
[run_subscribe_msckf-1] [0m[36m[ZUPT]: accepted |v_IinG| = 0.067 (chi2 34.663 < 16.919)
[run_subscribe_msckf-1] [0m[34m[TIME]: 0.0009 seconds total (1060.4 hz, 0.25 ms behind)
[run_subscribe_msckf-1] [0m[36m[ZUPT]: passed disparity (0.225 < 0.500, 81 features)
[run_subscribe_msckf-1] [0m[36m[ZUPT]: accepted |v_IinG| = 0.066 (chi2 33.006 < 16.919)
[run_subscribe_msckf-1] [0m[34m[TIME]: 0.0010 seconds total (973.7 hz, 0.25 ms behind)
[run_subscribe_msckf-1] [0m[36m[ZUPT]: passed disparity (0.276 < 0.500, 82 features)
[run_subscribe_msckf-1] [0m[36m[ZUPT]: accepted |v_IinG| = 0.065 (chi2 33.877 < 16.919)
[run_subscribe_msckf-1] [0m[34m[TIME]: 0.0009 seconds total (1091.7 hz, 0.25 ms behind)
[run_subscribe_msckf-1] [0m[36m[ZUPT]: passed disparity (0.225 < 0.500, 81 features)
[run_subscribe_msckf-1] [0m[36m[ZUPT]: accepted |v_IinG| = 0.064 (chi2 31.184 < 16.919)
[run_subscribe_msckf-1] [0m[34m[TIME]: 0.0009 seconds total (1060.4 hz, 0.25 ms behind)
[run_subscribe_msckf-1] [0m[36m[ZUPT]: passed disparity (0.202 < 0.500, 81 features)
[run_subscribe_msckf-1] [0m[36m[ZUPT]: accepted |v_IinG| = 0.063 (chi2 32.982 < 16.919)
[run_subscribe_msckf-1] [0m[34m[TIME]: 0.0010 seconds total (1009.1 hz, 0.25 ms behind)
[run_subscribe_msckf-1] [0m[36m[ZUPT]: passed disparity (0.127 < 0.500, 81 features)
[run_subscribe_msckf-1] [0m[36m[ZUPT]: accepted |v_IinG| = 0.063 (chi2 31.834 < 16.919)
[run_subscribe_msckf-1] [0m[34m[TIME]: 0.0010 seconds total (979.4 hz, 0.25 ms behind)
[run_subscribe_msckf-1] [0m[36m[ZUPT]: passed disparity (0.129 < 0.500, 81 features)
[run_subscribe_msckf-1] [0m[36m[ZUPT]: accepted |v_IinG| = 0.062 (chi2 29.346 < 16.919)
[run_subscribe_msckf-1] [0m[34m[TIME]: 0.0010 seconds total (1049.3 hz, 0.25 ms behind)
[run_subscribe_msckf-1] [0m[36m[ZUPT]: passed disparity (0.154 < 0.500, 82 features)
[run_subscribe_msckf-1] [0m[36m[ZUPT]: accepted |v_IinG| = 0.061 (chi2 30.710 < 16.919)
[run_subscribe_msckf-1] [0m[34m[TIME]: 0.0010 seconds total (993.0 hz, 0.25 ms behind)
[run_subscribe_msckf-1] [0m[36m[ZUPT]: passed disparity (0.101 < 0.500, 82 features)
[run_subscribe_msckf-1] [0m[36m[ZUPT]: accepted |v_IinG| = 0.060 (chi2 31.114 < 16.919)
[run_subscribe_msckf-1] [0m[34m[TIME]: 0.0010 seconds total (1036.3 hz, 0.25 ms behind)
[run_subscribe_msckf-1] [0m[36m[ZUPT]: passed disparity (0.121 < 0.500, 81 features)
[run_subscribe_msckf-1] [0m[36m[ZUPT]: accepted |v_IinG| = 0.059 (chi2 29.045 < 16.919)
[run_subscribe_msckf-1] [0m[34m[TIME]: 0.0010 seconds total (1049.3 hz, 0.25 ms behind)
[run_subscribe_msckf-1] [0m[36m[ZUPT]: passed disparity (0.172 < 0.500, 81 features)
[run_subscribe_msckf-1] [0m[36m[ZUPT]: accepted |v_IinG| = 0.058 (chi2 26.180 < 16.919)
[run_subscribe_msckf-1] [0m[34m[TIME]: 0.0010 seconds total (1005.0 hz, 0.25 ms behind)
[run_subscribe_msckf-1] [0m[36m[ZUPT]: passed disparity (0.147 < 0.500, 81 features)
[run_subscribe_msckf-1] [0m[36m[ZUPT]: accepted |v_IinG| = 0.057 (chi2 32.054 < 16.919)
[run_subscribe_msckf-1] [0m[34m[TIME]: 0.0011 seconds total (944.3 hz, 0.25 ms behind)
[run_subscribe_msckf-1] [0m[36m[ZUPT]: passed disparity (0.209 < 0.500, 81 features)
[run_subscribe_msckf-1] [0m[36m[ZUPT]: accepted |v_IinG| = 0.057 (chi2 31.720 < 16.919)
[run_subscribe_msckf-1] [0m[34m[TIME]: 0.0010 seconds total (1012.1 hz, 0.25 ms behind)
[run_subscribe_msckf-1] [0m[36m[ZUPT]: passed disparity (0.224 < 0.500, 81 features)
[run_subscribe_msckf-1] [0m[36m[ZUPT]: accepted |v_IinG| = 0.056 (chi2 23.135 < 16.919)
[run_subscribe_msckf-1] [0m[34m[TIME]: 0.0010 seconds total (989.1 hz, 0.25 ms behind)
[run_subscribe_msckf-1] [0m[36m[ZUPT]: passed disparity (0.239 < 0.500, 80 features)
[run_subscribe_msckf-1] [0m[36m[ZUPT]: accepted |v_IinG| = 0.055 (chi2 33.179 < 16.919)
[run_subscribe_msckf-1] [0m[34m[TIME]: 0.0010 seconds total (1032.0 hz, 0.25 ms behind)
[run_subscribe_msckf-1] [0m[36m[ZUPT]: passed disparity (0.168 < 0.500, 78 features)
[run_subscribe_msckf-1] [0m[36m[ZUPT]: accepted |v_IinG| = 0.055 (chi2 37.340 < 16.919)
[run_subscribe_msckf-1] [0m[34m[TIME]: 0.0010 seconds total (956.9 hz, 0.25 ms behind)
[run_subscribe_msckf-1] [0m[36m[ZUPT]: passed disparity (0.159 < 0.500, 79 features)
[run_subscribe_msckf-1] [0m[36m[ZUPT]: accepted |v_IinG| = 0.054 (chi2 24.914 < 16.919)
[run_subscribe_msckf-1] [0m[34m[TIME]: 0.0010 seconds total (1006.0 hz, 0.25 ms behind)
[run_subscribe_msckf-1] [0m[36m[ZUPT]: passed disparity (0.254 < 0.500, 79 features)
[run_subscribe_msckf-1] [0m[36m[ZUPT]: accepted |v_IinG| = 0.053 (chi2 31.400 < 16.919)
[run_subscribe_msckf-1] [0m[34m[TIME]: 0.0010 seconds total (992.1 hz, 0.25 ms behind)
[run_subscribe_msckf-1] [0m[36m[ZUPT]: passed disparity (0.238 < 0.500, 79 features)
[run_subscribe_msckf-1] [0m[36m[ZUPT]: accepted |v_IinG| = 0.053 (chi2 42.657 < 16.919)
[run_subscribe_msckf-1] [0m[34m[TIME]: 0.0010 seconds total (1020.4 hz, 0.25 ms behind)
[run_subscribe_msckf-1] [0m[36m[ZUPT]: passed disparity (0.214 < 0.500, 79 features)
[run_subscribe_msckf-1] [0m[36m[ZUPT]: accepted |v_IinG| = 0.053 (chi2 33.000 < 16.919)
[run_subscribe_msckf-1] [0m[34m[TIME]: 0.0010 seconds total (963.4 hz, 0.25 ms behind)
[run_subscribe_msckf-1] [0m[36m[ZUPT]: passed disparity (0.283 < 0.500, 79 features)
[run_subscribe_msckf-1] [0m[36m[ZUPT]: accepted |v_IinG| = 0.052 (chi2 27.080 < 16.919)
[run_subscribe_msckf-1] [0m[34m[TIME]: 0.0009 seconds total (1067.2 hz, 0.25 ms behind)
[run_subscribe_msckf-1] [0m[36m[ZUPT]: passed disparity (0.324 < 0.500, 79 features)
[run_subscribe_msckf-1] [0m[36m[ZUPT]: accepted |v_IinG| = 0.052 (chi2 46.104 < 16.919)
[run_subscribe_msckf-1] [0m[34m[TIME]: 0.0010 seconds total (956.9 hz, 0.25 ms behind)
[run_subscribe_msckf-1] [0m[36m[ZUPT]: passed disparity (0.332 < 0.500, 79 features)
[run_subscribe_msckf-1] [0m[36m[ZUPT]: accepted |v_IinG| = 0.052 (chi2 45.008 < 16.919)
[run_subscribe_msckf-1] [0m[34m[TIME]: 0.0009 seconds total (1066.1 hz, 0.25 ms behind)
[run_subscribe_msckf-1] [0m[36m[ZUPT]: passed disparity (0.264 < 0.500, 79 features)
[run_subscribe_msckf-1] [0m[36m[ZUPT]: accepted |v_IinG| = 0.052 (chi2 23.438 < 16.919)
[run_subscribe_msckf-1] [0m[34m[TIME]: 0.0010 seconds total (1016.3 hz, 0.25 ms behind)
[run_subscribe_msckf-1] [0m[36m[ZUPT]: passed disparity (0.302 < 0.500, 79 features)
[run_subscribe_msckf-1] [0m[36m[ZUPT]: accepted |v_IinG| = 0.052 (chi2 45.798 < 16.919)
[run_subscribe_msckf-1] [0m[34m[TIME]: 0.0009 seconds total (1071.8 hz, 0.25 ms behind)
[run_subscribe_msckf-1] [0m[36m[ZUPT]: passed disparity (0.373 < 0.500, 80 features)
[run_subscribe_msckf-1] [0m[36m[ZUPT]: accepted |v_IinG| = 0.053 (chi2 57.357 < 16.919)
[run_subscribe_msckf-1] [0m[34m[TIME]: 0.0010 seconds total (982.3 hz, 0.25 ms behind)
[run_subscribe_msckf-1] [0m[36m[ZUPT]: passed disparity (0.244 < 0.500, 81 features)
[run_subscribe_msckf-1] [0m[36m[ZUPT]: accepted |v_IinG| = 0.053 (chi2 24.808 < 16.919)
[run_subscribe_msckf-1] [0m[34m[TIME]: 0.0010 seconds total (984.3 hz, 0.25 ms behind)
[run_subscribe_msckf-1] [0m[36m[ZUPT]: passed disparity (0.301 < 0.500, 82 features)
[run_subscribe_msckf-1] [0m[36m[ZUPT]: accepted |v_IinG| = 0.053 (chi2 40.739 < 16.919)
[run_subscribe_msckf-1] [0m[34m[TIME]: 0.0010 seconds total (992.1 hz, 0.25 ms behind)
[run_subscribe_msckf-1] [0m[36m[ZUPT]: passed disparity (0.369 < 0.500, 82 features)
[run_subscribe_msckf-1] [0m[36m[ZUPT]: accepted |v_IinG| = 0.054 (chi2 64.636 < 16.919)
[run_subscribe_msckf-1] [0m[34m[TIME]: 0.0009 seconds total (1089.3 hz, 0.25 ms behind)
[run_subscribe_msckf-1] [0m[36m[ZUPT]: passed disparity (0.288 < 0.500, 83 features)
[run_subscribe_msckf-1] [0m[36m[ZUPT]: accepted |v_IinG| = 0.054 (chi2 31.080 < 16.919)
[run_subscribe_msckf-1] [0m[34m[TIME]: 0.0010 seconds total (1013.2 hz, 0.25 ms behind)
[run_subscribe_msckf-1] [0m[36m[ZUPT]: passed disparity (0.307 < 0.500, 83 features)
[run_subscribe_msckf-1] [0m[36m[ZUPT]: accepted |v_IinG| = 0.055 (chi2 34.780 < 16.919)
[run_subscribe_msckf-1] [0m[34m[TIME]: 0.0009 seconds total (1054.9 hz, 0.25 ms behind)
[run_subscribe_msckf-1] [0m[36m[ZUPT]: passed disparity (0.432 < 0.500, 84 features)
[run_subscribe_msckf-1] [0m[36m[ZUPT]: accepted |v_IinG| = 0.055 (chi2 65.072 < 16.919)
[run_subscribe_msckf-1] [0m[34m[TIME]: 0.0010 seconds total (1047.1 hz, 0.25 ms behind)
[run_subscribe_msckf-1] [0m[36m[ZUPT]: passed disparity (0.245 < 0.500, 85 features)
[run_subscribe_msckf-1] [0m[36m[ZUPT]: accepted |v_IinG| = 0.056 (chi2 37.821 < 16.919)
[run_subscribe_msckf-1] [0m[34m[TIME]: 0.0010 seconds total (1029.9 hz, 0.25 ms behind)
[run_subscribe_msckf-1] [0m[36m[ZUPT]: passed disparity (0.255 < 0.500, 84 features)
[run_subscribe_msckf-1] [0m[36m[ZUPT]: accepted |v_IinG| = 0.057 (chi2 30.934 < 16.919)
[run_subscribe_msckf-1] [0m[34m[TIME]: 0.0010 seconds total (1038.4 hz, 0.25 ms behind)
[run_subscribe_msckf-1] [0m[36m[ZUPT]: passed disparity (0.353 < 0.500, 85 features)
[run_subscribe_msckf-1] [0m[36m[ZUPT]: accepted |v_IinG| = 0.058 (chi2 59.801 < 16.919)
[run_subscribe_msckf-1] [0m[34m[TIME]: 0.0010 seconds total (1011.1 hz, 0.25 ms behind)
[run_subscribe_msckf-1] [0m[36m[ZUPT]: passed disparity (0.275 < 0.500, 85 features)
[run_subscribe_msckf-1] [0m[36m[ZUPT]: accepted |v_IinG| = 0.059 (chi2 39.790 < 16.919)
[run_subscribe_msckf-1] [0m[34m[TIME]: 0.0010 seconds total (1022.5 hz, 0.25 ms behind)
[run_subscribe_msckf-1] [0m[36m[ZUPT]: passed disparity (0.230 < 0.500, 85 features)
[run_subscribe_msckf-1] [0m[36m[ZUPT]: accepted |v_IinG| = 0.059 (chi2 31.132 < 16.919)
[run_subscribe_msckf-1] [0m[34m[TIME]: 0.0010 seconds total (1034.1 hz, 0.25 ms behind)
[run_subscribe_msckf-1] [0m[36m[ZUPT]: passed disparity (0.242 < 0.500, 85 features)
[run_subscribe_msckf-1] [0m[36m[ZUPT]: accepted |v_IinG| = 0.060 (chi2 50.580 < 16.919)
[run_subscribe_msckf-1] [0m[34m[TIME]: 0.0010 seconds total (1042.8 hz, 0.25 ms behind)
[run_subscribe_msckf-1] [0m[36m[ZUPT]: passed disparity (0.253 < 0.500, 85 features)
[run_subscribe_msckf-1] [0m[36m[ZUPT]: accepted |v_IinG| = 0.061 (chi2 36.784 < 16.919)
[run_subscribe_msckf-1] [0m[34m[TIME]: 0.0010 seconds total (1017.3 hz, 0.25 ms behind)
[run_subscribe_msckf-1] [0m[36m[ZUPT]: passed disparity (0.168 < 0.500, 85 features)
[run_subscribe_msckf-1] [0m[36m[ZUPT]: accepted |v_IinG| = 0.062 (chi2 31.250 < 16.919)
[run_subscribe_msckf-1] [0m[34m[TIME]: 0.0010 seconds total (1043.8 hz, 0.25 ms behind)
[run_subscribe_msckf-1] [0m[36m[ZUPT]: passed disparity (0.193 < 0.500, 86 features)
[run_subscribe_msckf-1] [0m[36m[ZUPT]: accepted |v_IinG| = 0.062 (chi2 43.947 < 16.919)
[run_subscribe_msckf-1] [0m[34m[TIME]: 0.0011 seconds total (923.4 hz, 0.25 ms behind)
[run_subscribe_msckf-1] [0m[36m[ZUPT]: passed disparity (0.218 < 0.500, 86 features)
[run_subscribe_msckf-1] [0m[36m[ZUPT]: accepted |v_IinG| = 0.063 (chi2 33.417 < 16.919)
[run_subscribe_msckf-1] [0m[34m[TIME]: 0.0010 seconds total (991.1 hz, 0.25 ms behind)
[run_subscribe_msckf-1] [0m[36m[ZUPT]: passed disparity (0.182 < 0.500, 86 features)
[run_subscribe_msckf-1] [0m[36m[ZUPT]: accepted |v_IinG| = 0.064 (chi2 27.158 < 16.919)
[run_subscribe_msckf-1] [0m[34m[TIME]: 0.0010 seconds total (996.0 hz, 0.25 ms behind)
[run_subscribe_msckf-1] [0m[36m[ZUPT]: passed disparity (0.134 < 0.500, 86 features)
[run_subscribe_msckf-1] [0m[36m[ZUPT]: accepted |v_IinG| = 0.065 (chi2 41.563 < 16.919)
[run_subscribe_msckf-1] [0m[34m[TIME]: 0.0010 seconds total (1014.2 hz, 0.25 ms behind)
[run_subscribe_msckf-1] [0m[36m[ZUPT]: passed disparity (0.130 < 0.500, 86 features)
[run_subscribe_msckf-1] [0m[36m[ZUPT]: accepted |v_IinG| = 0.065 (chi2 31.910 < 16.919)
[run_subscribe_msckf-1] [0m[34m[TIME]: 0.0010 seconds total (975.6 hz, 0.25 ms behind)
[run_subscribe_msckf-1] [0m[36m[ZUPT]: passed disparity (0.118 < 0.500, 86 features)
[run_subscribe_msckf-1] [0m[36m[ZUPT]: accepted |v_IinG| = 0.066 (chi2 21.938 < 16.919)
[run_subscribe_msckf-1] [0m[34m[TIME]: 0.0011 seconds total (932.0 hz, 0.25 ms behind)
[run_subscribe_msckf-1] [0m[36m[ZUPT]: passed disparity (0.229 < 0.500, 87 features)
[run_subscribe_msckf-1] [0m[36m[ZUPT]: accepted |v_IinG| = 0.067 (chi2 38.499 < 16.919)
[run_subscribe_msckf-1] [0m[34m[TIME]: 0.0010 seconds total (964.3 hz, 0.25 ms behind)
[run_subscribe_msckf-1] [0m[36m[ZUPT]: passed disparity (0.152 < 0.500, 87 features)
[run_subscribe_msckf-1] [0m[36m[ZUPT]: accepted |v_IinG| = 0.067 (chi2 34.844 < 16.919)
[run_subscribe_msckf-1] [0m[34m[TIME]: 0.0012 seconds total (825.8 hz, 0.25 ms behind)
[run_subscribe_msckf-1] [0m[36m[ZUPT]: passed disparity (0.176 < 0.500, 88 features)
[run_subscribe_msckf-1] [0m[36m[ZUPT]: accepted |v_IinG| = 0.068 (chi2 23.697 < 16.919)
[run_subscribe_msckf-1] [0m[34m[TIME]: 0.0010 seconds total (994.0 hz, 0.25 ms behind)
[run_subscribe_msckf-1] [0m[36m[ZUPT]: passed disparity (0.211 < 0.500, 88 features)
[run_subscribe_msckf-1] [0m[36m[ZUPT]: accepted |v_IinG| = 0.068 (chi2 32.224 < 16.919)
[run_subscribe_msckf-1] [0m[34m[TIME]: 0.0010 seconds total (995.0 hz, 0.25 ms behind)
[run_subscribe_msckf-1] [0m[36m[ZUPT]: passed disparity (0.161 < 0.500, 87 features)
[run_subscribe_msckf-1] [0m[36m[ZUPT]: accepted |v_IinG| = 0.068 (chi2 40.996 < 16.919)
[run_subscribe_msckf-1] [0m[34m[TIME]: 0.0011 seconds total (885.0 hz, 0.25 ms behind)
[run_subscribe_msckf-1] [0mq_GtoI = -0.000,-0.001,-0.705,0.709 | p_IinG = -0.040,-0.028,-0.000 | dist = 0.00 (meters)
[run_subscribe_msckf-1] bg = 0.0005,0.0029,0.0004 | ba = -0.0056,-0.0016,0.0006
[run_subscribe_msckf-1] [34m[TIME]: 0.0018 seconds total (552.8 hz, 0.25 ms behind)
[run_subscribe_msckf-1] [0mq_GtoI = -0.000,-0.002,-0.705,0.709 | p_IinG = -0.043,-0.029,-0.000 | dist = 0.00 (meters)
[run_subscribe_msckf-1] bg = 0.0005,0.0029,0.0004 | ba = -0.0056,-0.0016,0.0006
[run_subscribe_msckf-1] [34m[TIME]: 0.0021 seconds total (483.6 hz, 0.25 ms behind)
[run_subscribe_msckf-1] [0mq_GtoI = -0.001,-0.002,-0.705,0.709 | p_IinG = -0.045,-0.030,-0.001 | dist = 0.00 (meters)
[run_subscribe_msckf-1] bg = 0.0005,0.0029,0.0004 | ba = -0.0056,-0.0016,0.0006
[run_subscribe_msckf-1] [34m[TIME]: 0.0015 seconds total (677.0 hz, 0.25 ms behind)
[run_subscribe_msckf-1] [0mq_GtoI = -0.001,-0.003,-0.705,0.709 | p_IinG = -0.047,-0.030,-0.001 | dist = 0.01 (meters)
[run_subscribe_msckf-1] bg = 0.0005,0.0029,0.0004 | ba = -0.0056,-0.0016,0.0006
[run_subscribe_msckf-1] [34m[TIME]: 0.0015 seconds total (657.5 hz, 0.25 ms behind)
[run_subscribe_msckf-1] [0mq_GtoI = -0.001,-0.003,-0.705,0.709 | p_IinG = -0.050,-0.031,-0.001 | dist = 0.01 (meters)
[run_subscribe_msckf-1] bg = 0.0005,0.0029,0.0004 | ba = -0.0056,-0.0016,0.0006
[run_subscribe_msckf-1] [34m[TIME]: 0.0014 seconds total (699.3 hz, 0.25 ms behind)
[run_subscribe_msckf-1] [0mq_GtoI = -0.001,-0.003,-0.705,0.709 | p_IinG = -0.052,-0.032,-0.001 | dist = 0.01 (meters)
[run_subscribe_msckf-1] bg = 0.0005,0.0029,0.0004 | ba = -0.0056,-0.0016,0.0006
[run_subscribe_msckf-1] [34m[TIME]: 0.0014 seconds total (698.8 hz, 0.25 ms behind)
[run_subscribe_msckf-1] [0mq_GtoI = -0.001,-0.004,-0.705,0.709 | p_IinG = -0.055,-0.033,-0.001 | dist = 0.01 (meters)
[run_subscribe_msckf-1] bg = 0.0005,0.0029,0.0004 | ba = -0.0056,-0.0016,0.0006
[run_subscribe_msckf-1] [34m[TIME]: 0.0014 seconds total (725.7 hz, 0.25 ms behind)
[run_subscribe_msckf-1] [0mq_GtoI = -0.002,-0.004,-0.705,0.709 | p_IinG = -0.058,-0.034,-0.001 | dist = 0.02 (meters)
[run_subscribe_msckf-1] bg = 0.0005,0.0029,0.0004 | ba = -0.0056,-0.0016,0.0006
[run_subscribe_msckf-1] [34m[TIME]: 0.0014 seconds total (708.7 hz, 0.25 ms behind)
[run_subscribe_msckf-1] [0mq_GtoI = -0.002,-0.005,-0.705,0.709 | p_IinG = -0.060,-0.035,-0.001 | dist = 0.02 (meters)
[run_subscribe_msckf-1] bg = 0.0005,0.0029,0.0004 | ba = -0.0056,-0.0016,0.0006
[run_subscribe_msckf-1] [34m[TIME]: 0.0017 seconds total (586.2 hz, 0.25 ms behind)
[run_subscribe_msckf-1] [0mq_GtoI = -0.002,-0.005,-0.705,0.709 | p_IinG = -0.063,-0.035,-0.001 | dist = 0.02 (meters)
[run_subscribe_msckf-1] bg = 0.0005,0.0029,0.0004 | ba = -0.0056,-0.0016,0.0006
[run_subscribe_msckf-1] [34m[TIME]: 0.0016 seconds total (643.5 hz, 0.25 ms behind)
[run_subscribe_msckf-1] [0mq_GtoI = -0.003,-0.006,-0.705,0.709 | p_IinG = -0.066,-0.036,-0.001 | dist = 0.03 (meters)
[run_subscribe_msckf-1] bg = 0.0005,0.0029,0.0004 | ba = -0.0056,-0.0016,0.0006
[run_subscribe_msckf-1] [34m[TIME]: 0.0015 seconds total (679.3 hz, 0.25 ms behind)
[run_subscribe_msckf-1] [0mq_GtoI = -0.003,-0.006,-0.705,0.709 | p_IinG = -0.069,-0.036,-0.001 | dist = 0.03 (meters)
[run_subscribe_msckf-1] bg = 0.0005,0.0029,0.0004 | ba = -0.0056,-0.0016,0.0006
[run_subscribe_msckf-1] [34m[TIME]: 0.0016 seconds total (614.6 hz, 0.25 ms behind)
[run_subscribe_msckf-1] [0mq_GtoI = -0.003,-0.006,-0.705,0.709 | p_IinG = -0.071,-0.036,-0.001 | dist = 0.03 (meters)
[run_subscribe_msckf-1] bg = 0.0005,0.0029,0.0004 | ba = -0.0056,-0.0016,0.0006
[run_subscribe_msckf-1] [34m[TIME]: 0.0014 seconds total (709.2 hz, 0.25 ms behind)
[run_subscribe_msckf-1] [0mq_GtoI = -0.004,-0.007,-0.705,0.709 | p_IinG = -0.075,-0.037,-0.001 | dist = 0.04 (meters)
[run_subscribe_msckf-1] bg = 0.0005,0.0029,0.0004 | ba = -0.0056,-0.0016,0.0006
[run_subscribe_msckf-1] [34m[TIME]: 0.0022 seconds total (461.5 hz, 0.25 ms behind)
[run_subscribe_msckf-1] [0mq_GtoI = -0.004,-0.007,-0.705,0.709 | p_IinG = -0.078,-0.037,-0.001 | dist = 0.04 (meters)
[run_subscribe_msckf-1] bg = 0.0005,0.0029,0.0004 | ba = -0.0056,-0.0016,0.0006
[run_subscribe_msckf-1] [34m[TIME]: 0.0016 seconds total (613.9 hz, 0.25 ms behind)
[run_subscribe_msckf-1] [0mq_GtoI = -0.005,-0.007,-0.705,0.709 | p_IinG = -0.081,-0.037,-0.001 | dist = 0.04 (meters)
[run_subscribe_msckf-1] bg = 0.0005,0.0029,0.0004 | ba = -0.0056,-0.0016,0.0006
[run_subscribe_msckf-1] [34m[TIME]: 0.0015 seconds total (674.8 hz, 0.25 ms behind)
[run_subscribe_msckf-1] [0mq_GtoI = -0.006,-0.008,-0.705,0.709 | p_IinG = -0.085,-0.036,-0.001 | dist = 0.05 (meters)
[run_subscribe_msckf-1] bg = 0.0005,0.0029,0.0004 | ba = -0.0056,-0.0016,0.0006
[run_subscribe_msckf-1] [34m[TIME]: 0.0016 seconds total (638.6 hz, 0.25 ms behind)
[run_subscribe_msckf-1] [0mq_GtoI = -0.006,-0.008,-0.705,0.709 | p_IinG = -0.088,-0.036,-0.001 | dist = 0.05 (meters)
[run_subscribe_msckf-1] bg = 0.0005,0.0029,0.0004 | ba = -0.0056,-0.0016,0.0006
[run_subscribe_msckf-1] [34m[TIME]: 0.0015 seconds total (672.5 hz, 0.25 ms behind)
[run_subscribe_msckf-1] [0mq_GtoI = -0.007,-0.008,-0.705,0.709 | p_IinG = -0.091,-0.035,-0.001 | dist = 0.05 (meters)
[run_subscribe_msckf-1] bg = 0.0005,0.0029,0.0004 | ba = -0.0056,-0.0016,0.0006
[run_subscribe_msckf-1] [34m[TIME]: 0.0015 seconds total (686.8 hz, 0.25 ms behind)
[run_subscribe_msckf-1] [0mq_GtoI = -0.007,-0.008,-0.705,0.709 | p_IinG = -0.096,-0.034,-0.001 | dist = 0.06 (meters)
[run_subscribe_msckf-1] bg = 0.0005,0.0029,0.0004 | ba = -0.0056,-0.0016,0.0006
[run_subscribe_msckf-1] [34m[TIME]: 0.0015 seconds total (669.3 hz, 0.25 ms behind)
[run_subscribe_msckf-1] [0mq_GtoI = -0.008,-0.008,-0.705,0.709 | p_IinG = -0.099,-0.032,-0.001 | dist = 0.06 (meters)
[run_subscribe_msckf-1] bg = 0.0005,0.0029,0.0004 | ba = -0.0056,-0.0016,0.0006
[run_subscribe_msckf-1] [34m[TIME]: 0.0018 seconds total (568.2 hz, 0.25 ms behind)
[run_subscribe_msckf-1] [0mq_GtoI = -0.008,-0.008,-0.705,0.709 | p_IinG = -0.102,-0.031,-0.001 | dist = 0.06 (meters)
[run_subscribe_msckf-1] bg = 0.0005,0.0029,0.0004 | ba = -0.0056,-0.0016,0.0006
[run_subscribe_msckf-1] [34m[TIME]: 0.0015 seconds total (661.8 hz, 0.25 ms behind)
[run_subscribe_msckf-1] [0mq_GtoI = -0.009,-0.008,-0.705,0.709 | p_IinG = -0.106,-0.029,-0.001 | dist = 0.07 (meters)
[run_subscribe_msckf-1] bg = 0.0005,0.0029,0.0004 | ba = -0.0056,-0.0016,0.0006
[run_subscribe_msckf-1] [34m[TIME]: 0.0015 seconds total (647.7 hz, 0.25 ms behind)
[run_subscribe_msckf-1] [0mq_GtoI = -0.009,-0.008,-0.705,0.709 | p_IinG = -0.110,-0.027,-0.001 | dist = 0.07 (meters)
[run_subscribe_msckf-1] bg = 0.0005,0.0029,0.0004 | ba = -0.0056,-0.0016,0.0006
[run_subscribe_msckf-1] [34m[TIME]: 0.0016 seconds total (628.5 hz, 0.25 ms behind)
[run_subscribe_msckf-1] [0mq_GtoI = -0.010,-0.009,-0.705,0.709 | p_IinG = -0.113,-0.024,-0.001 | dist = 0.08 (meters)
[run_subscribe_msckf-1] bg = 0.0005,0.0029,0.0004 | ba = -0.0056,-0.0016,0.0006
[run_subscribe_msckf-1] [34m[TIME]: 0.0014 seconds total (698.8 hz, 0.25 ms behind)
[run_subscribe_msckf-1] [0mq_GtoI = -0.011,-0.009,-0.705,0.709 | p_IinG = -0.117,-0.021,-0.001 | dist = 0.08 (meters)
[run_subscribe_msckf-1] bg = 0.0005,0.0029,0.0004 | ba = -0.0056,-0.0016,0.0006
[run_subscribe_msckf-1] [34m[TIME]: 0.0022 seconds total (445.6 hz, 0.25 ms behind)
[run_subscribe_msckf-1] [0mq_GtoI = -0.011,-0.008,-0.705,0.709 | p_IinG = -0.121,-0.018,-0.001 | dist = 0.09 (meters)
[run_subscribe_msckf-1] bg = 0.0005,0.0029,0.0004 | ba = -0.0056,-0.0016,0.0006
[run_subscribe_msckf-1] [34m[TIME]: 0.0015 seconds total (649.8 hz, 0.25 ms behind)
[run_subscribe_msckf-1] [0mq_GtoI = -0.011,-0.008,-0.705,0.709 | p_IinG = -0.124,-0.015,-0.001 | dist = 0.09 (meters)
[run_subscribe_msckf-1] bg = 0.0005,0.0029,0.0004 | ba = -0.0056,-0.0016,0.0006
[run_subscribe_msckf-1] [34m[TIME]: 0.0015 seconds total (685.9 hz, 0.25 ms behind)
[run_subscribe_msckf-1] [0mq_GtoI = -0.012,-0.008,-0.705,0.709 | p_IinG = -0.128,-0.010,-0.001 | dist = 0.10 (meters)
[run_subscribe_msckf-1] bg = 0.0005,0.0029,0.0004 | ba = -0.0056,-0.0016,0.0006
[run_subscribe_msckf-1] [34m[TIME]: 0.0016 seconds total (641.0 hz, 0.25 ms behind)
[run_subscribe_msckf-1] [0mq_GtoI = -0.012,-0.008,-0.705,0.710 | p_IinG = -0.131,-0.006,-0.001 | dist = 0.10 (meters)
[run_subscribe_msckf-1] bg = 0.0005,0.0029,0.0004 | ba = -0.0056,-0.0016,0.0006
[run_subscribe_msckf-1] [34m[TIME]: 0.0014 seconds total (724.6 hz, 0.25 ms behind)
[run_subscribe_msckf-1] [0mq_GtoI = -0.013,-0.008,-0.705,0.710 | p_IinG = -0.134,-0.002,-0.001 | dist = 0.11 (meters)
[run_subscribe_msckf-1] bg = 0.0005,0.0029,0.0004 | ba = -0.0056,-0.0016,0.0006
[run_subscribe_msckf-1] [34m[TIME]: 0.0014 seconds total (706.7 hz, 0.25 ms behind)
[run_subscribe_msckf-1] [0mq_GtoI = -0.013,-0.008,-0.704,0.710 | p_IinG = -0.138,0.005,-0.002 | dist = 0.12 (meters)
[run_subscribe_msckf-1] bg = 0.0005,0.0029,0.0004 | ba = -0.0056,-0.0016,0.0006
[run_subscribe_msckf-1] [34m[TIME]: 0.0016 seconds total (643.5 hz, 0.25 ms behind)
[run_subscribe_msckf-1] [0mq_GtoI = -0.013,-0.007,-0.704,0.710 | p_IinG = -0.141,0.010,-0.002 | dist = 0.12 (meters)
[run_subscribe_msckf-1] bg = 0.0005,0.0029,0.0004 | ba = -0.0056,-0.0016,0.0006
[run_subscribe_msckf-1] [34m[TIME]: 0.0018 seconds total (548.2 hz, 0.25 ms behind)
[run_subscribe_msckf-1] [0mq_GtoI = -0.013,-0.007,-0.704,0.710 | p_IinG = -0.144,0.015,-0.002 | dist = 0.13 (meters)
[run_subscribe_msckf-1] bg = 0.0005,0.0029,0.0004 | ba = -0.0056,-0.0016,0.0006
[run_subscribe_msckf-1] [34m[TIME]: 0.0016 seconds total (631.3 hz, 0.25 ms behind)
[run_subscribe_msckf-1] [0mq_GtoI = -0.014,-0.007,-0.704,0.710 | p_IinG = -0.148,0.022,-0.002 | dist = 0.14 (meters)
[run_subscribe_msckf-1] bg = 0.0005,0.0029,0.0004 | ba = -0.0056,-0.0016,0.0006
[run_subscribe_msckf-1] [34m[TIME]: 0.0014 seconds total (703.7 hz, 0.25 ms behind)
[run_subscribe_msckf-1] [0mq_GtoI = -0.014,-0.006,-0.704,0.710 | p_IinG = -0.150,0.028,-0.002 | dist = 0.14 (meters)
[run_subscribe_msckf-1] bg = 0.0005,0.0029,0.0004 | ba = -0.0056,-0.0016,0.0006
[run_subscribe_msckf-1] [34m[TIME]: 0.0016 seconds total (615.4 hz, 0.25 ms behind)
[run_subscribe_msckf-1] [0mq_GtoI = -0.014,-0.006,-0.704,0.710 | p_IinG = -0.153,0.035,-0.002 | dist = 0.15 (meters)
[run_subscribe_msckf-1] bg = 0.0005,0.0029,0.0004 | ba = -0.0056,-0.0016,0.0006
[run_subscribe_msckf-1] [34m[TIME]: 0.0015 seconds total (684.9 hz, 0.25 ms behind)
[run_subscribe_msckf-1] [0mq_GtoI = -0.014,-0.006,-0.704,0.710 | p_IinG = -0.156,0.043,-0.002 | dist = 0.16 (meters)
[run_subscribe_msckf-1] bg = 0.0005,0.0029,0.0004 | ba = -0.0056,-0.0016,0.0006
[run_subscribe_msckf-1] [34m[TIME]: 0.0022 seconds total (459.6 hz, 0.25 ms behind)
[run_subscribe_msckf-1] [0mq_GtoI = -0.014,-0.005,-0.704,0.710 | p_IinG = -0.158,0.050,-0.002 | dist = 0.17 (meters)
[run_subscribe_msckf-1] bg = 0.0005,0.0029,0.0004 | ba = -0.0056,-0.0016,0.0006
[run_subscribe_msckf-1] [34m[TIME]: 0.0016 seconds total (626.2 hz, 0.25 ms behind)
[run_subscribe_msckf-1] [0mq_GtoI = -0.014,-0.005,-0.704,0.710 | p_IinG = -0.160,0.058,-0.002 | dist = 0.17 (meters)
[run_subscribe_msckf-1] bg = 0.0005,0.0029,0.0004 | ba = -0.0056,-0.0016,0.0006
[run_subscribe_msckf-1] [34m[TIME]: 0.0015 seconds total (662.7 hz, 0.25 ms behind)
[run_subscribe_msckf-1] [0mq_GtoI = -0.013,-0.005,-0.704,0.710 | p_IinG = -0.162,0.068,-0.003 | dist = 0.18 (meters)
[run_subscribe_msckf-1] bg = 0.0005,0.0029,0.0004 | ba = -0.0056,-0.0016,0.0006
[run_subscribe_msckf-1] [34m[TIME]: 0.0016 seconds total (642.3 hz, 0.25 ms behind)
[run_subscribe_msckf-1] [0mq_GtoI = -0.013,-0.004,-0.704,0.710 | p_IinG = -0.164,0.076,-0.003 | dist = 0.19 (meters)
[run_subscribe_msckf-1] bg = 0.0005,0.0029,0.0004 | ba = -0.0056,-0.0016,0.0006
[run_subscribe_msckf-1] [34m[TIME]: 0.0015 seconds total (683.1 hz, 0.25 ms behind)
[run_subscribe_msckf-1] [0mq_GtoI = -0.013,-0.004,-0.704,0.710 | p_IinG = -0.166,0.084,-0.003 | dist = 0.20 (meters)
[run_subscribe_msckf-1] bg = 0.0005,0.0029,0.0004 | ba = -0.0056,-0.0016,0.0006
[run_subscribe_msckf-1] [34m[TIME]: 0.0015 seconds total (660.9 hz, 0.25 ms behind)
[run_subscribe_msckf-1] [0mq_GtoI = -0.013,-0.003,-0.704,0.710 | p_IinG = -0.167,0.095,-0.003 | dist = 0.21 (meters)
[run_subscribe_msckf-1] bg = 0.0005,0.0029,0.0004 | ba = -0.0056,-0.0016,0.0006
[run_subscribe_msckf-1] [34m[TIME]: 0.0015 seconds total (657.5 hz, 0.25 ms behind)
[run_subscribe_msckf-1] [0mq_GtoI = -0.012,-0.003,-0.704,0.710 | p_IinG = -0.169,0.104,-0.003 | dist = 0.22 (meters)
[run_subscribe_msckf-1] bg = 0.0005,0.0029,0.0004 | ba = -0.0056,-0.0016,0.0006
[run_subscribe_msckf-1] [34m[TIME]: 0.0018 seconds total (565.6 hz, 0.25 ms behind)
[run_subscribe_msckf-1] [0mq_GtoI = -0.012,-0.003,-0.704,0.710 | p_IinG = -0.170,0.113,-0.003 | dist = 0.23 (meters)
[run_subscribe_msckf-1] bg = 0.0005,0.0029,0.0004 | ba = -0.0056,-0.0016,0.0006
[run_subscribe_msckf-1] [34m[TIME]: 0.0016 seconds total (639.8 hz, 0.25 ms behind)
[run_subscribe_msckf-1] [0mq_GtoI = -0.011,-0.002,-0.704,0.710 | p_IinG = -0.171,0.125,-0.004 | dist = 0.24 (meters)
[run_subscribe_msckf-1] bg = 0.0005,0.0029,0.0004 | ba = -0.0056,-0.0016,0.0006
[run_subscribe_msckf-1] [34m[TIME]: 0.0015 seconds total (680.7 hz, 0.25 ms behind)
[run_subscribe_msckf-1] [0mq_GtoI = -0.011,-0.002,-0.704,0.710 | p_IinG = -0.172,0.134,-0.004 | dist = 0.25 (meters)
[run_subscribe_msckf-1] bg = 0.0005,0.0029,0.0004 | ba = -0.0056,-0.0016,0.0006
[run_subscribe_msckf-1] [34m[TIME]: 0.0016 seconds total (626.6 hz, 0.25 ms behind)
[run_subscribe_msckf-1] [0mq_GtoI = -0.011,-0.002,-0.704,0.710 | p_IinG = -0.172,0.144,-0.004 | dist = 0.26 (meters)
[run_subscribe_msckf-1] bg = 0.0005,0.0029,0.0004 | ba = -0.0056,-0.0016,0.0006
[run_subscribe_msckf-1] [34m[TIME]: 0.0016 seconds total (629.3 hz, 0.25 ms behind)
[run_subscribe_msckf-1] [0mq_GtoI = -0.010,-0.001,-0.704,0.710 | p_IinG = -0.172,0.156,-0.004 | dist = 0.27 (meters)
[run_subscribe_msckf-1] bg = 0.0005,0.0029,0.0004 | ba = -0.0056,-0.0016,0.0006
[run_subscribe_msckf-1] [34m[TIME]: 0.0022 seconds total (458.9 hz, 0.25 ms behind)
[run_subscribe_msckf-1] [0mq_GtoI = -0.010,-0.001,-0.704,0.710 | p_IinG = -0.173,0.166,-0.004 | dist = 0.28 (meters)
[run_subscribe_msckf-1] bg = 0.0005,0.0029,0.0004 | ba = -0.0056,-0.0016,0.0006
[run_subscribe_msckf-1] [34m[TIME]: 0.0016 seconds total (614.3 hz, 0.25 ms behind)
[run_subscribe_msckf-1] [0mq_GtoI = -0.009,-0.001,-0.704,0.710 | p_IinG = -0.173,0.176,-0.004 | dist = 0.29 (meters)
[run_subscribe_msckf-1] bg = 0.0005,0.0029,0.0004 | ba = -0.0056,-0.0016,0.0006
[run_subscribe_msckf-1] [34m[TIME]: 0.0015 seconds total (676.1 hz, 0.25 ms behind)
[run_subscribe_msckf-1] [0mq_GtoI = -0.008,-0.000,-0.704,0.710 | p_IinG = -0.173,0.190,-0.005 | dist = 0.31 (meters)
[run_subscribe_msckf-1] bg = 0.0005,0.0029,0.0004 | ba = -0.0056,-0.0016,0.0006
[run_subscribe_msckf-1] [34m[TIME]: 0.0015 seconds total (675.2 hz, 0.25 ms behind)
[run_subscribe_msckf-1] [0mq_GtoI = -0.008,-0.000,-0.704,0.710 | p_IinG = -0.172,0.200,-0.005 | dist = 0.32 (meters)
[run_subscribe_msckf-1] bg = 0.0005,0.0029,0.0004 | ba = -0.0056,-0.0016,0.0006
[run_subscribe_msckf-1] [34m[TIME]: 0.0015 seconds total (688.7 hz, 0.25 ms behind)
[run_subscribe_msckf-1] [0mq_GtoI = -0.007,-0.000,-0.704,0.710 | p_IinG = -0.172,0.210,-0.005 | dist = 0.33 (meters)
[run_subscribe_msckf-1] bg = 0.0005,0.0029,0.0004 | ba = -0.0056,-0.0016,0.0006
[run_subscribe_msckf-1] [34m[TIME]: 0.0014 seconds total (696.4 hz, 0.25 ms behind)
[run_subscribe_msckf-1] [0mq_GtoI = -0.007,0.000,-0.704,0.710 | p_IinG = -0.171,0.224,-0.005 | dist = 0.34 (meters)
[run_subscribe_msckf-1] bg = 0.0005,0.0029,0.0004 | ba = -0.0056,-0.0016,0.0006
[run_subscribe_msckf-1] [34m[TIME]: 0.0015 seconds total (688.7 hz, 0.25 ms behind)
[run_subscribe_msckf-1] [0mq_GtoI = -0.006,0.000,-0.704,0.710 | p_IinG = -0.171,0.234,-0.005 | dist = 0.35 (meters)
[run_subscribe_msckf-1] bg = 0.0005,0.0029,0.0004 | ba = -0.0056,-0.0016,0.0006
[run_subscribe_msckf-1] [34m[TIME]: 0.0019 seconds total (531.9 hz, 0.25 ms behind)
[run_subscribe_msckf-1] [0mq_GtoI = -0.005,0.000,-0.704,0.710 | p_IinG = -0.170,0.244,-0.005 | dist = 0.36 (meters)
[run_subscribe_msckf-1] bg = 0.0005,0.0029,0.0004 | ba = -0.0056,-0.0016,0.0006
[run_subscribe_msckf-1] [34m[TIME]: 0.0015 seconds total (646.0 hz, 0.25 ms behind)
[run_subscribe_msckf-1] [0mq_GtoI = -0.005,0.000,-0.704,0.710 | p_IinG = -0.169,0.258,-0.006 | dist = 0.37 (meters)
[run_subscribe_msckf-1] bg = 0.0005,0.0029,0.0004 | ba = -0.0056,-0.0016,0.0006
[run_subscribe_msckf-1] [34m[TIME]: 0.0015 seconds total (659.2 hz, 0.25 ms behind)
[run_subscribe_msckf-1] [0mq_GtoI = -0.004,0.000,-0.704,0.710 | p_IinG = -0.168,0.269,-0.006 | dist = 0.39 (meters)
[run_subscribe_msckf-1] bg = 0.0005,0.0029,0.0004 | ba = -0.0056,-0.0016,0.0006
[run_subscribe_msckf-1] [34m[TIME]: 0.0016 seconds total (616.5 hz, 0.25 ms behind)
[run_subscribe_msckf-1] [0mq_GtoI = -0.004,0.000,-0.704,0.710 | p_IinG = -0.167,0.279,-0.006 | dist = 0.40 (meters)
[run_subscribe_msckf-1] bg = 0.0005,0.0029,0.0004 | ba = -0.0056,-0.0016,0.0006
[run_subscribe_msckf-1] [34m[TIME]: 0.0014 seconds total (694.0 hz, 0.25 ms behind)
[run_subscribe_msckf-1] [0mq_GtoI = -0.003,0.000,-0.705,0.710 | p_IinG = -0.165,0.293,-0.006 | dist = 0.41 (meters)
[run_subscribe_msckf-1] bg = 0.0005,0.0029,0.0004 | ba = -0.0056,-0.0016,0.0006
[run_subscribe_msckf-1] [34m[TIME]: 0.0022 seconds total (444.8 hz, 0.25 ms behind)
[run_subscribe_msckf-1] [0mq_GtoI = -0.003,0.000,-0.705,0.710 | p_IinG = -0.164,0.303,-0.006 | dist = 0.42 (meters)
[run_subscribe_msckf-1] bg = 0.0005,0.0029,0.0004 | ba = -0.0056,-0.0016,0.0006
[run_subscribe_msckf-1] [34m[TIME]: 0.0016 seconds total (616.9 hz, 0.25 ms behind)
[run_subscribe_msckf-1] [0mq_GtoI = -0.002,-0.000,-0.705,0.710 | p_IinG = -0.163,0.314,-0.007 | dist = 0.43 (meters)
[run_subscribe_msckf-1] bg = 0.0005,0.0029,0.0004 | ba = -0.0056,-0.0016,0.0006
[run_subscribe_msckf-1] [34m[TIME]: 0.0016 seconds total (631.3 hz, 0.25 ms behind)
[run_subscribe_msckf-1] [0mq_GtoI = -0.002,-0.000,-0.705,0.710 | p_IinG = -0.162,0.327,-0.007 | dist = 0.44 (meters)
[run_subscribe_msckf-1] bg = 0.0005,0.0029,0.0004 | ba = -0.0056,-0.0016,0.0006
[run_subscribe_msckf-1] [34m[TIME]: 0.0015 seconds total (655.7 hz, 0.25 ms behind)
[run_subscribe_msckf-1] [0mq_GtoI = -0.002,-0.000,-0.705,0.710 | p_IinG = -0.160,0.337,-0.007 | dist = 0.45 (meters)
[run_subscribe_msckf-1] bg = 0.0005,0.0029,0.0004 | ba = -0.0056,-0.0016,0.0006
[run_subscribe_msckf-1] [34m[TIME]: 0.0015 seconds total (672.9 hz, 0.25 ms behind)
[run_subscribe_msckf-1] [0mq_GtoI = -0.001,-0.001,-0.705,0.710 | p_IinG = -0.159,0.348,-0.007 | dist = 0.46 (meters)
[run_subscribe_msckf-1] bg = 0.0005,0.0029,0.0004 | ba = -0.0056,-0.0016,0.0006
[run_subscribe_msckf-1] [34m[TIME]: 0.0015 seconds total (667.1 hz, 0.25 ms behind)
[run_subscribe_msckf-1] [0mq_GtoI = -0.001,-0.001,-0.705,0.710 | p_IinG = -0.158,0.361,-0.007 | dist = 0.48 (meters)
[run_subscribe_msckf-1] bg = 0.0005,0.0029,0.0004 | ba = -0.0056,-0.0016,0.0006
[run_subscribe_msckf-1] [34m[TIME]: 0.0015 seconds total (658.8 hz, 0.25 ms behind)
[run_subscribe_msckf-1] [0mq_GtoI = -0.001,-0.001,-0.705,0.710 | p_IinG = -0.157,0.371,-0.007 | dist = 0.49 (meters)
[run_subscribe_msckf-1] bg = 0.0005,0.0029,0.0004 | ba = -0.0056,-0.0016,0.0006
[run_subscribe_msckf-1] [34m[TIME]: 0.0018 seconds total (544.1 hz, 0.25 ms behind)
[run_subscribe_msckf-1] [0mq_GtoI = -0.001,-0.002,-0.705,0.710 | p_IinG = -0.155,0.381,-0.008 | dist = 0.50 (meters)
[run_subscribe_msckf-1] bg = 0.0005,0.0029,0.0004 | ba = -0.0056,-0.0016,0.0006
[run_subscribe_msckf-1] [34m[TIME]: 0.0018 seconds total (560.5 hz, 0.25 ms behind)
[run_subscribe_msckf-1] [0mq_GtoI = -0.001,-0.002,-0.705,0.710 | p_IinG = -0.154,0.394,-0.008 | dist = 0.51 (meters)
[run_subscribe_msckf-1] bg = 0.0005,0.0029,0.0004 | ba = -0.0056,-0.0016,0.0006
[run_subscribe_msckf-1] [34m[TIME]: 0.0015 seconds total (668.0 hz, 0.25 ms behind)
[run_subscribe_msckf-1] [0mq_GtoI = -0.001,-0.002,-0.705,0.710 | p_IinG = -0.153,0.404,-0.008 | dist = 0.52 (meters)
[run_subscribe_msckf-1] bg = 0.0005,0.0029,0.0004 | ba = -0.0056,-0.0016,0.0006
[run_subscribe_msckf-1] [34m[TIME]: 0.0016 seconds total (612.0 hz, 0.25 ms behind)
[run_subscribe_msckf-1] [0mq_GtoI = -0.001,-0.003,-0.705,0.710 | p_IinG = -0.152,0.414,-0.008 | dist = 0.53 (meters)
[run_subscribe_msckf-1] bg = 0.0005,0.0029,0.0004 | ba = -0.0056,-0.0016,0.0006
[run_subscribe_msckf-1] [34m[TIME]: 0.0015 seconds total (646.4 hz, 0.25 ms behind)
[run_subscribe_msckf-1] [0mq_GtoI = -0.001,-0.003,-0.705,0.710 | p_IinG = -0.151,0.427,-0.008 | dist = 0.54 (meters)
[run_subscribe_msckf-1] bg = 0.0005,0.0029,0.0004 | ba = -0.0056,-0.0016,0.0006
[run_subscribe_msckf-1] [34m[TIME]: 0.0022 seconds total (449.0 hz, 0.25 ms behind)
[run_subscribe_msckf-1] [0mq_GtoI = -0.001,-0.004,-0.705,0.710 | p_IinG = -0.150,0.437,-0.008 | dist = 0.55 (meters)
[run_subscribe_msckf-1] bg = 0.0005,0.0029,0.0004 | ba = -0.0056,-0.0016,0.0006
[run_subscribe_msckf-1] [34m[TIME]: 0.0016 seconds total (611.6 hz, 0.25 ms behind)
[run_subscribe_msckf-1] [0mq_GtoI = -0.001,-0.004,-0.705,0.710 | p_IinG = -0.149,0.447,-0.009 | dist = 0.56 (meters)
[run_subscribe_msckf-1] bg = 0.0005,0.0029,0.0004 | ba = -0.0056,-0.0016,0.0006
[run_subscribe_msckf-1] [34m[TIME]: 0.0016 seconds total (634.9 hz, 0.25 ms behind)
[run_subscribe_msckf-1] [0mq_GtoI = -0.002,-0.004,-0.705,0.710 | p_IinG = -0.148,0.460,-0.009 | dist = 0.58 (meters)
[run_subscribe_msckf-1] bg = 0.0005,0.0029,0.0004 | ba = -0.0056,-0.0016,0.0006
[run_subscribe_msckf-1] [34m[TIME]: 0.0016 seconds total (629.3 hz, 0.25 ms behind)
[run_subscribe_msckf-1] [0mq_GtoI = -0.002,-0.005,-0.705,0.710 | p_IinG = -0.147,0.470,-0.009 | dist = 0.59 (meters)
[run_subscribe_msckf-1] bg = 0.0005,0.0029,0.0004 | ba = -0.0056,-0.0016,0.0006
[run_subscribe_msckf-1] [34m[TIME]: 0.0016 seconds total (634.1 hz, 0.25 ms behind)
[run_subscribe_msckf-1] [0mq_GtoI = -0.003,-0.005,-0.705,0.710 | p_IinG = -0.147,0.480,-0.009 | dist = 0.60 (meters)
[run_subscribe_msckf-1] bg = 0.0005,0.0029,0.0004 | ba = -0.0056,-0.0016,0.0006
[run_subscribe_msckf-1] [34m[TIME]: 0.0016 seconds total (644.3 hz, 0.25 ms behind)
[run_subscribe_msckf-1] [0mq_GtoI = -0.003,-0.006,-0.705,0.710 | p_IinG = -0.146,0.493,-0.009 | dist = 0.61 (meters)
[run_subscribe_msckf-1] bg = 0.0005,0.0029,0.0004 | ba = -0.0056,-0.0016,0.0006
[run_subscribe_msckf-1] [34m[TIME]: 0.0016 seconds total (612.0 hz, 0.25 ms behind)
[run_subscribe_msckf-1] [0mq_GtoI = -0.004,-0.006,-0.705,0.710 | p_IinG = -0.146,0.503,-0.009 | dist = 0.62 (meters)
[run_subscribe_msckf-1] bg = 0.0005,0.0029,0.0004 | ba = -0.0056,-0.0016,0.0006
[run_subscribe_msckf-1] [34m[TIME]: 0.0018 seconds total (540.5 hz, 0.25 ms behind)
[run_subscribe_msckf-1] [0mq_GtoI = -0.004,-0.007,-0.705,0.710 | p_IinG = -0.145,0.513,-0.009 | dist = 0.63 (meters)
[run_subscribe_msckf-1] bg = 0.0005,0.0029,0.0004 | ba = -0.0056,-0.0016,0.0006
[run_subscribe_msckf-1] [34m[TIME]: 0.0016 seconds total (612.7 hz, 0.25 ms behind)
[run_subscribe_msckf-1] [0mq_GtoI = -0.005,-0.007,-0.705,0.710 | p_IinG = -0.145,0.527,-0.010 | dist = 0.64 (meters)
[run_subscribe_msckf-1] bg = 0.0005,0.0029,0.0004 | ba = -0.0056,-0.0016,0.0006
[run_subscribe_msckf-1] [34m[TIME]: 0.0015 seconds total (651.0 hz, 0.25 ms behind)
[run_subscribe_msckf-1] [0mq_GtoI = -0.005,-0.008,-0.705,0.710 | p_IinG = -0.145,0.537,-0.010 | dist = 0.65 (meters)
[run_subscribe_msckf-1] bg = 0.0005,0.0029,0.0004 | ba = -0.0056,-0.0016,0.0006
[run_subscribe_msckf-1] [34m[TIME]: 0.0017 seconds total (602.0 hz, 0.25 ms behind)
[run_subscribe_msckf-1] [0mq_GtoI = -0.006,-0.008,-0.705,0.710 | p_IinG = -0.145,0.548,-0.010 | dist = 0.67 (meters)
[run_subscribe_msckf-1] bg = 0.0005,0.0029,0.0004 | ba = -0.0056,-0.0016,0.0006
[run_subscribe_msckf-1] [34m[TIME]: 0.0015 seconds total (674.8 hz, 0.25 ms behind)
[run_subscribe_msckf-1] [0mq_GtoI = -0.007,-0.008,-0.705,0.710 | p_IinG = -0.144,0.562,-0.010 | dist = 0.68 (meters)
[run_subscribe_msckf-1] bg = 0.0005,0.0029,0.0004 | ba = -0.0056,-0.0016,0.0006
[run_subscribe_msckf-1] [34m[TIME]: 0.0023 seconds total (437.8 hz, 0.25 ms behind)
[run_subscribe_msckf-1] [0mq_GtoI = -0.008,-0.009,-0.705,0.710 | p_IinG = -0.145,0.573,-0.010 | dist = 0.69 (meters)
[run_subscribe_msckf-1] bg = 0.0005,0.0029,0.0004 | ba = -0.0056,-0.0016,0.0006
[run_subscribe_msckf-1] [34m[TIME]: 0.0016 seconds total (633.3 hz, 0.25 ms behind)
[run_subscribe_msckf-1] [0mq_GtoI = -0.008,-0.009,-0.705,0.710 | p_IinG = -0.145,0.584,-0.010 | dist = 0.70 (meters)
[run_subscribe_msckf-1] bg = 0.0005,0.0029,0.0004 | ba = -0.0056,-0.0016,0.0006
[run_subscribe_msckf-1] [34m[TIME]: 0.0015 seconds total (660.1 hz, 0.25 ms behind)
[run_subscribe_msckf-1] [0mq_GtoI = -0.009,-0.009,-0.705,0.710 | p_IinG = -0.145,0.599,-0.011 | dist = 0.72 (meters)
[run_subscribe_msckf-1] bg = 0.0005,0.0029,0.0004 | ba = -0.0056,-0.0016,0.0006
[run_subscribe_msckf-1] [34m[TIME]: 0.0016 seconds total (641.0 hz, 0.25 ms behind)
[run_subscribe_msckf-1] [0mq_GtoI = -0.010,-0.010,-0.705,0.710 | p_IinG = -0.145,0.611,-0.011 | dist = 0.73 (meters)
[run_subscribe_msckf-1] bg = 0.0005,0.0029,0.0004 | ba = -0.0056,-0.0016,0.0006
[run_subscribe_msckf-1] [34m[TIME]: 0.0015 seconds total (679.3 hz, 0.25 ms behind)
[run_subscribe_msckf-1] [0mq_GtoI = -0.011,-0.010,-0.704,0.710 | p_IinG = -0.145,0.623,-0.011 | dist = 0.74 (meters)
[run_subscribe_msckf-1] bg = 0.0005,0.0029,0.0004 | ba = -0.0056,-0.0016,0.0006
[run_subscribe_msckf-1] [34m[TIME]: 0.0015 seconds total (672.5 hz, 0.25 ms behind)
[run_subscribe_msckf-1] [0mq_GtoI = -0.012,-0.010,-0.704,0.710 | p_IinG = -0.145,0.640,-0.011 | dist = 0.76 (meters)
[run_subscribe_msckf-1] bg = 0.0005,0.0029,0.0004 | ba = -0.0056,-0.0016,0.0006
[run_subscribe_msckf-1] [34m[TIME]: 0.0015 seconds total (676.6 hz, 0.25 ms behind)
[run_subscribe_msckf-1] [0mq_GtoI = -0.012,-0.010,-0.704,0.710 | p_IinG = -0.145,0.652,-0.011 | dist = 0.77 (meters)
[run_subscribe_msckf-1] bg = 0.0005,0.0029,0.0004 | ba = -0.0056,-0.0016,0.0006
[run_subscribe_msckf-1] [34m[TIME]: 0.0018 seconds total (543.2 hz, 0.25 ms behind)
[run_subscribe_msckf-1] [0mq_GtoI = -0.013,-0.011,-0.704,0.710 | p_IinG = -0.145,0.665,-0.011 | dist = 0.78 (meters)
[run_subscribe_msckf-1] bg = 0.0005,0.0029,0.0004 | ba = -0.0056,-0.0016,0.0006
[run_subscribe_msckf-1] [34m[TIME]: 0.0015 seconds total (648.9 hz, 0.25 ms behind)
[run_subscribe_msckf-1] [0mq_GtoI = -0.014,-0.011,-0.704,0.710 | p_IinG = -0.146,0.683,-0.012 | dist = 0.80 (meters)
[run_subscribe_msckf-1] bg = 0.0005,0.0029,0.0004 | ba = -0.0056,-0.0016,0.0006
[run_subscribe_msckf-1] [34m[TIME]: 0.0015 seconds total (682.1 hz, 0.25 ms behind)
[run_subscribe_msckf-1] [0mq_GtoI = -0.015,-0.011,-0.704,0.710 | p_IinG = -0.146,0.697,-0.012 | dist = 0.81 (meters)
[run_subscribe_msckf-1] bg = 0.0005,0.0029,0.0004 | ba = -0.0056,-0.0016,0.0006
[run_subscribe_msckf-1] [34m[TIME]: 0.0016 seconds total (621.1 hz, 0.25 ms behind)
[run_subscribe_msckf-1] [0mq_GtoI = -0.015,-0.011,-0.704,0.710 | p_IinG = -0.146,0.711,-0.012 | dist = 0.83 (meters)
[run_subscribe_msckf-1] bg = 0.0005,0.0029,0.0004 | ba = -0.0056,-0.0016,0.0006
[run_subscribe_msckf-1] [34m[TIME]: 0.0014 seconds total (706.7 hz, 0.25 ms behind)
[run_subscribe_msckf-1] [0mq_GtoI = -0.016,-0.011,-0.704,0.710 | p_IinG = -0.146,0.731,-0.012 | dist = 0.85 (meters)
[run_subscribe_msckf-1] bg = 0.0005,0.0029,0.0004 | ba = -0.0056,-0.0016,0.0006
[run_subscribe_msckf-1] [34m[TIME]: 0.0022 seconds total (464.9 hz, 0.25 ms behind)
[run_subscribe_msckf-1] [0mq_GtoI = -0.016,-0.011,-0.704,0.710 | p_IinG = -0.146,0.746,-0.013 | dist = 0.86 (meters)
[run_subscribe_msckf-1] bg = 0.0005,0.0029,0.0004 | ba = -0.0056,-0.0016,0.0006
[run_subscribe_msckf-1] [34m[TIME]: 0.0015 seconds total (654.5 hz, 0.25 ms behind)
[run_subscribe_msckf-1] [0mq_GtoI = -0.017,-0.011,-0.704,0.710 | p_IinG = -0.145,0.762,-0.013 | dist = 0.88 (meters)
[run_subscribe_msckf-1] bg = 0.0005,0.0029,0.0004 | ba = -0.0056,-0.0016,0.0006
[run_subscribe_msckf-1] [34m[TIME]: 0.0014 seconds total (689.7 hz, 0.25 ms behind)
[run_subscribe_msckf-1] [0mq_GtoI = -0.018,-0.011,-0.704,0.710 | p_IinG = -0.145,0.783,-0.013 | dist = 0.90 (meters)
[run_subscribe_msckf-1] bg = 0.0005,0.0029,0.0004 | ba = -0.0056,-0.0016,0.0006
[run_subscribe_msckf-1] [34m[TIME]: 0.0015 seconds total (674.8 hz, 0.25 ms behind)
[run_subscribe_msckf-1] [0mq_GtoI = -0.018,-0.011,-0.704,0.709 | p_IinG = -0.145,0.800,-0.013 | dist = 0.92 (meters)
[run_subscribe_msckf-1] bg = 0.0005,0.0029,0.0004 | ba = -0.0056,-0.0016,0.0006
[run_subscribe_msckf-1] [34m[TIME]: 0.0015 seconds total (688.2 hz, 0.25 ms behind)
[run_subscribe_msckf-1] [0mq_GtoI = -0.018,-0.011,-0.704,0.709 | p_IinG = -0.144,0.817,-0.014 | dist = 0.93 (meters)
[run_subscribe_msckf-1] bg = 0.0005,0.0029,0.0004 | ba = -0.0056,-0.0016,0.0006
[run_subscribe_msckf-1] [34m[TIME]: 0.0014 seconds total (706.2 hz, 0.25 ms behind)
[run_subscribe_msckf-1] [0mq_GtoI = -0.019,-0.010,-0.704,0.709 | p_IinG = -0.143,0.840,-0.014 | dist = 0.96 (meters)
[run_subscribe_msckf-1] bg = 0.0005,0.0029,0.0004 | ba = -0.0056,-0.0016,0.0006
[run_subscribe_msckf-1] [34m[TIME]: 0.0015 seconds total (681.7 hz, 0.25 ms behind)
[run_subscribe_msckf-1] [0mq_GtoI = -0.019,-0.010,-0.704,0.709 | p_IinG = -0.142,0.858,-0.014 | dist = 0.98 (meters)
[run_subscribe_msckf-1] bg = 0.0005,0.0029,0.0004 | ba = -0.0056,-0.0016,0.0006
[run_subscribe_msckf-1] [34m[TIME]: 0.0017 seconds total (578.4 hz, 0.25 ms behind)
[run_subscribe_msckf-1] [0mq_GtoI = -0.019,-0.010,-0.704,0.709 | p_IinG = -0.142,0.877,-0.014 | dist = 0.99 (meters)
[run_subscribe_msckf-1] bg = 0.0005,0.0029,0.0004 | ba = -0.0056,-0.0016,0.0006
[run_subscribe_msckf-1] [34m[TIME]: 0.0015 seconds total (656.6 hz, 0.25 ms behind)
[run_subscribe_msckf-1] [0mq_GtoI = -0.019,-0.010,-0.704,0.709 | p_IinG = -0.140,0.902,-0.015 | dist = 1.02 (meters)
[run_subscribe_msckf-1] bg = 0.0005,0.0029,0.0004 | ba = -0.0056,-0.0016,0.0006
[run_subscribe_msckf-1] [34m[TIME]: 0.0015 seconds total (675.7 hz, 0.25 ms behind)
[run_subscribe_msckf-1] [0mq_GtoI = -0.019,-0.009,-0.704,0.709 | p_IinG = -0.139,0.921,-0.015 | dist = 1.04 (meters)
[run_subscribe_msckf-1] bg = 0.0005,0.0029,0.0004 | ba = -0.0056,-0.0016,0.0006
[run_subscribe_msckf-1] [34m[TIME]: 0.0016 seconds total (640.6 hz, 0.25 ms behind)
[run_subscribe_msckf-1] [0mq_GtoI = -0.019,-0.009,-0.704,0.709 | p_IinG = -0.137,0.941,-0.015 | dist = 1.06 (meters)
[run_subscribe_msckf-1] bg = 0.0005,0.0029,0.0004 | ba = -0.0056,-0.0016,0.0006
[run_subscribe_msckf-1] [34m[TIME]: 0.0014 seconds total (707.2 hz, 0.25 ms behind)
[run_subscribe_msckf-1] [0mq_GtoI = -0.019,-0.009,-0.704,0.709 | p_IinG = -0.135,0.968,-0.016 | dist = 1.09 (meters)
[run_subscribe_msckf-1] bg = 0.0005,0.0029,0.0004 | ba = -0.0056,-0.0016,0.0006
[run_subscribe_msckf-1] [34m[TIME]: 0.0021 seconds total (472.4 hz, 0.25 ms behind)
[run_subscribe_msckf-1] [0mq_GtoI = -0.019,-0.008,-0.704,0.709 | p_IinG = -0.133,0.989,-0.016 | dist = 1.11 (meters)
[run_subscribe_msckf-1] bg = 0.0005,0.0029,0.0004 | ba = -0.0056,-0.0016,0.0006
[run_subscribe_msckf-1] [34m[TIME]: 0.0016 seconds total (639.4 hz, 0.25 ms behind)
[run_subscribe_msckf-1] [0mq_GtoI = -0.019,-0.008,-0.704,0.709 | p_IinG = -0.131,1.011,-0.017 | dist = 1.13 (meters)
[run_subscribe_msckf-1] bg = 0.0005,0.0029,0.0004 | ba = -0.0056,-0.0016,0.0006
[run_subscribe_msckf-1] [34m[TIME]: 0.0014 seconds total (696.9 hz, 0.25 ms behind)
[run_subscribe_msckf-1] [0mq_GtoI = -0.018,-0.007,-0.705,0.709 | p_IinG = -0.129,1.040,-0.017 | dist = 1.16 (meters)
[run_subscribe_msckf-1] bg = 0.0005,0.0029,0.0004 | ba = -0.0056,-0.0016,0.0006
[run_subscribe_msckf-1] [34m[TIME]: 0.0015 seconds total (664.5 hz, 0.25 ms behind)
[run_subscribe_msckf-1] [0mq_GtoI = -0.018,-0.007,-0.705,0.709 | p_IinG = -0.126,1.062,-0.017 | dist = 1.18 (meters)
[run_subscribe_msckf-1] bg = 0.0005,0.0029,0.0004 | ba = -0.0056,-0.0016,0.0006
[run_subscribe_msckf-1] [34m[TIME]: 0.0014 seconds total (704.7 hz, 0.25 ms behind)
[run_subscribe_msckf-1] [0mq_GtoI = -0.017,-0.007,-0.705,0.709 | p_IinG = -0.124,1.084,-0.018 | dist = 1.20 (meters)
[run_subscribe_msckf-1] bg = 0.0005,0.0029,0.0004 | ba = -0.0056,-0.0016,0.0006
[run_subscribe_msckf-1] [34m[TIME]: 0.0014 seconds total (732.6 hz, 0.25 ms behind)
[run_subscribe_msckf-1] [0mq_GtoI = -0.017,-0.006,-0.705,0.709 | p_IinG = -0.120,1.115,-0.018 | dist = 1.23 (meters)
[run_subscribe_msckf-1] bg = 0.0005,0.0029,0.0004 | ba = -0.0056,-0.0016,0.0006
[run_subscribe_msckf-1] [34m[TIME]: 0.0015 seconds total (647.7 hz, 0.25 ms behind)
[run_subscribe_msckf-1] [0mq_GtoI = -0.016,-0.006,-0.705,0.709 | p_IinG = -0.117,1.138,-0.019 | dist = 1.26 (meters)
[run_subscribe_msckf-1] bg = 0.0005,0.0029,0.0004 | ba = -0.0056,-0.0016,0.0006
[run_subscribe_msckf-1] [34m[TIME]: 0.0018 seconds total (565.9 hz, 0.25 ms behind)
[run_subscribe_msckf-1] [0mq_GtoI = -0.016,-0.005,-0.705,0.709 | p_IinG = -0.114,1.162,-0.019 | dist = 1.28 (meters)
[run_subscribe_msckf-1] bg = 0.0005,0.0029,0.0004 | ba = -0.0056,-0.0016,0.0006
[run_subscribe_msckf-1] [34m[TIME]: 0.0015 seconds total (653.2 hz, 0.25 ms behind)
[run_subscribe_msckf-1] [0mq_GtoI = -0.015,-0.005,-0.705,0.709 | p_IinG = -0.109,1.194,-0.019 | dist = 1.31 (meters)
[run_subscribe_msckf-1] bg = 0.0005,0.0029,0.0004 | ba = -0.0056,-0.0016,0.0006
[run_subscribe_msckf-1] [34m[TIME]: 0.0014 seconds total (694.4 hz, 0.25 ms behind)
[run_subscribe_msckf-1] [0mq_GtoI = -0.014,-0.005,-0.705,0.709 | p_IinG = -0.106,1.218,-0.020 | dist = 1.34 (meters)
[run_subscribe_msckf-1] bg = 0.0005,0.0029,0.0004 | ba = -0.0056,-0.0016,0.0006
[run_subscribe_msckf-1] [34m[TIME]: 0.0017 seconds total (575.0 hz, 0.25 ms behind)
[run_subscribe_msckf-1] [0mq_GtoI = -0.013,-0.004,-0.705,0.709 | p_IinG = -0.102,1.243,-0.020 | dist = 1.36 (meters)
[run_subscribe_msckf-1] bg = 0.0005,0.0029,0.0004 | ba = -0.0056,-0.0016,0.0006
[run_subscribe_msckf-1] [34m[TIME]: 0.0014 seconds total (693.0 hz, 0.25 ms behind)
[run_subscribe_msckf-1] [0mq_GtoI = -0.013,-0.004,-0.705,0.709 | p_IinG = -0.097,1.276,-0.021 | dist = 1.40 (meters)
[run_subscribe_msckf-1] bg = 0.0005,0.0029,0.0004 | ba = -0.0056,-0.0016,0.0006
[run_subscribe_msckf-1] [34m[TIME]: 0.0022 seconds total (445.6 hz, 0.25 ms behind)
[run_subscribe_msckf-1] [0mq_GtoI = -0.012,-0.003,-0.705,0.709 | p_IinG = -0.093,1.301,-0.021 | dist = 1.42 (meters)
[run_subscribe_msckf-1] bg = 0.0005,0.0029,0.0004 | ba = -0.0056,-0.0016,0.0006
[run_subscribe_msckf-1] [34m[TIME]: 0.0016 seconds total (636.5 hz, 0.25 ms behind)
[run_subscribe_msckf-1] [0mq_GtoI = -0.011,-0.003,-0.705,0.709 | p_IinG = -0.089,1.326,-0.022 | dist = 1.45 (meters)
[run_subscribe_msckf-1] bg = 0.0005,0.0029,0.0004 | ba = -0.0056,-0.0016,0.0006
[run_subscribe_msckf-1] [34m[TIME]: 0.0014 seconds total (699.8 hz, 0.25 ms behind)
[run_subscribe_msckf-1] [0mq_GtoI = -0.010,-0.003,-0.705,0.709 | p_IinG = -0.083,1.360,-0.022 | dist = 1.48 (meters)
[run_subscribe_msckf-1] bg = 0.0005,0.0029,0.0004 | ba = -0.0056,-0.0016,0.0006
[run_subscribe_msckf-1] [34m[TIME]: 0.0015 seconds total (651.9 hz, 0.25 ms behind)
[run_subscribe_msckf-1] [0mq_GtoI = -0.009,-0.002,-0.705,0.709 | p_IinG = -0.079,1.385,-0.023 | dist = 1.51 (meters)
[run_subscribe_msckf-1] bg = 0.0005,0.0029,0.0004 | ba = -0.0056,-0.0016,0.0006
[run_subscribe_msckf-1] [34m[TIME]: 0.0014 seconds total (703.2 hz, 0.25 ms behind)
[run_subscribe_msckf-1] [0mq_GtoI = -0.009,-0.002,-0.705,0.709 | p_IinG = -0.074,1.411,-0.023 | dist = 1.53 (meters)
[run_subscribe_msckf-1] bg = 0.0005,0.0029,0.0004 | ba = -0.0056,-0.0016,0.0006
[run_subscribe_msckf-1] [34m[TIME]: 0.0014 seconds total (705.7 hz, 0.25 ms behind)
[run_subscribe_msckf-1] [0mq_GtoI = -0.008,-0.002,-0.705,0.709 | p_IinG = -0.068,1.445,-0.024 | dist = 1.57 (meters)
[run_subscribe_msckf-1] bg = 0.0005,0.0029,0.0004 | ba = -0.0056,-0.0016,0.0006
[run_subscribe_msckf-1] [34m[TIME]: 0.0016 seconds total (621.1 hz, 0.25 ms behind)
[run_subscribe_msckf-1] [0mq_GtoI = -0.007,-0.002,-0.705,0.709 | p_IinG = -0.063,1.471,-0.024 | dist = 1.59 (meters)
[run_subscribe_msckf-1] bg = 0.0005,0.0029,0.0004 | ba = -0.0056,-0.0016,0.0006
[run_subscribe_msckf-1] [34m[TIME]: 0.0018 seconds total (551.9 hz, 0.25 ms behind)
[run_subscribe_msckf-1] [0mq_GtoI = -0.006,-0.002,-0.705,0.709 | p_IinG = -0.059,1.497,-0.024 | dist = 1.62 (meters)
[run_subscribe_msckf-1] bg = 0.0005,0.0029,0.0004 | ba = -0.0056,-0.0016,0.0006
[run_subscribe_msckf-1] [34m[TIME]: 0.0016 seconds total (634.9 hz, 0.25 ms behind)
[run_subscribe_msckf-1] [0mq_GtoI = -0.005,-0.001,-0.705,0.709 | p_IinG = -0.052,1.531,-0.025 | dist = 1.66 (meters)
[run_subscribe_msckf-1] bg = 0.0005,0.0029,0.0004 | ba = -0.0056,-0.0016,0.0006
[run_subscribe_msckf-1] [34m[TIME]: 0.0016 seconds total (644.3 hz, 0.25 ms behind)
[run_subscribe_msckf-1] [0mq_GtoI = -0.005,-0.001,-0.705,0.709 | p_IinG = -0.047,1.557,-0.025 | dist = 1.68 (meters)
[run_subscribe_msckf-1] bg = 0.0005,0.0029,0.0004 | ba = -0.0056,-0.0016,0.0006
[run_subscribe_msckf-1] [34m[TIME]: 0.0016 seconds total (636.1 hz, 0.25 ms behind)
[run_subscribe_msckf-1] [0mq_GtoI = -0.004,-0.001,-0.705,0.709 | p_IinG = -0.042,1.583,-0.026 | dist = 1.71 (meters)
[run_subscribe_msckf-1] bg = 0.0005,0.0029,0.0004 | ba = -0.0056,-0.0016,0.0006
[run_subscribe_msckf-1] [34m[TIME]: 0.0014 seconds total (698.8 hz, 0.25 ms behind)
[run_subscribe_msckf-1] [0mq_GtoI = -0.003,-0.001,-0.705,0.709 | p_IinG = -0.036,1.618,-0.026 | dist = 1.74 (meters)
[run_subscribe_msckf-1] bg = 0.0005,0.0029,0.0004 | ba = -0.0056,-0.0016,0.0006
[run_subscribe_msckf-1] [34m[TIME]: 0.0022 seconds total (450.7 hz, 0.25 ms behind)
[run_subscribe_msckf-1] [0mq_GtoI = -0.003,-0.001,-0.705,0.709 | p_IinG = -0.031,1.643,-0.027 | dist = 1.77 (meters)
[run_subscribe_msckf-1] bg = 0.0005,0.0029,0.0004 | ba = -0.0056,-0.0016,0.0006
[run_subscribe_msckf-1] [34m[TIME]: 0.0016 seconds total (610.9 hz, 0.25 ms behind)
[run_subscribe_msckf-1] [0mq_GtoI = -0.002,-0.001,-0.705,0.709 | p_IinG = -0.025,1.669,-0.027 | dist = 1.80 (meters)
[run_subscribe_msckf-1] bg = 0.0005,0.0029,0.0004 | ba = -0.0056,-0.0016,0.0006
[run_subscribe_msckf-1] [34m[TIME]: 0.0016 seconds total (633.7 hz, 0.25 ms behind)
[run_subscribe_msckf-1] [0mq_GtoI = -0.002,-0.001,-0.705,0.709 | p_IinG = -0.019,1.703,-0.028 | dist = 1.83 (meters)
[run_subscribe_msckf-1] bg = 0.0005,0.0029,0.0004 | ba = -0.0056,-0.0016,0.0006
[run_subscribe_msckf-1] [34m[TIME]: 0.0016 seconds total (630.5 hz, 0.25 ms behind)
[run_subscribe_msckf-1] [0mq_GtoI = -0.001,-0.001,-0.705,0.709 | p_IinG = -0.014,1.729,-0.028 | dist = 1.86 (meters)
[run_subscribe_msckf-1] bg = 0.0005,0.0029,0.0004 | ba = -0.0056,-0.0016,0.0006
[run_subscribe_msckf-1] [34m[TIME]: 0.0016 seconds total (609.0 hz, 0.25 ms behind)
[run_subscribe_msckf-1] [0mq_GtoI = -0.001,-0.002,-0.705,0.709 | p_IinG = -0.009,1.755,-0.028 | dist = 1.88 (meters)
[run_subscribe_msckf-1] bg = 0.0005,0.0029,0.0004 | ba = -0.0056,-0.0016,0.0006
[run_subscribe_msckf-1] [34m[TIME]: 0.0015 seconds total (664.5 hz, 0.25 ms behind)
[run_subscribe_msckf-1] [0mq_GtoI = -0.001,-0.002,-0.705,0.709 | p_IinG = -0.002,1.789,-0.029 | dist = 1.92 (meters)
[run_subscribe_msckf-1] bg = 0.0005,0.0029,0.0004 | ba = -0.0056,-0.0016,0.0006
[run_subscribe_msckf-1] [34m[TIME]: 0.0016 seconds total (630.5 hz, 0.25 ms behind)
[run_subscribe_msckf-1] [0mq_GtoI = -0.001,-0.002,-0.705,0.709 | p_IinG = 0.003,1.814,-0.029 | dist = 1.94 (meters)
[run_subscribe_msckf-1] bg = 0.0005,0.0029,0.0004 | ba = -0.0056,-0.0016,0.0006
[run_subscribe_msckf-1] [34m[TIME]: 0.0019 seconds total (538.5 hz, 0.25 ms behind)
[run_subscribe_msckf-1] [0mq_GtoI = -0.001,-0.002,-0.705,0.709 | p_IinG = 0.007,1.839,-0.030 | dist = 1.97 (meters)
[run_subscribe_msckf-1] bg = 0.0005,0.0029,0.0004 | ba = -0.0056,-0.0016,0.0006
[run_subscribe_msckf-1] [34m[TIME]: 0.0016 seconds total (608.6 hz, 0.25 ms behind)
[run_subscribe_msckf-1] [0mq_GtoI = -0.001,-0.003,-0.705,0.709 | p_IinG = 0.014,1.873,-0.030 | dist = 2.00 (meters)
[run_subscribe_msckf-1] bg = 0.0005,0.0029,0.0004 | ba = -0.0056,-0.0016,0.0006
[run_subscribe_msckf-1] [34m[TIME]: 0.0017 seconds total (590.7 hz, 0.25 ms behind)
[run_subscribe_msckf-1] [0mq_GtoI = -0.001,-0.003,-0.705,0.709 | p_IinG = 0.019,1.898,-0.030 | dist = 2.03 (meters)
[run_subscribe_msckf-1] bg = 0.0005,0.0029,0.0004 | ba = -0.0056,-0.0016,0.0006
[run_subscribe_msckf-1] [34m[TIME]: 0.0016 seconds total (613.9 hz, 0.25 ms behind)
[run_subscribe_msckf-1] [0mq_GtoI = -0.001,-0.003,-0.705,0.709 | p_IinG = 0.023,1.923,-0.031 | dist = 2.05 (meters)
[run_subscribe_msckf-1] bg = 0.0005,0.0029,0.0004 | ba = -0.0056,-0.0016,0.0006
[run_subscribe_msckf-1] [34m[TIME]: 0.0016 seconds total (630.5 hz, 0.25 ms behind)
[run_subscribe_msckf-1] [0mq_GtoI = -0.001,-0.004,-0.705,0.709 | p_IinG = 0.029,1.957,-0.031 | dist = 2.09 (meters)
[run_subscribe_msckf-1] bg = 0.0005,0.0029,0.0004 | ba = -0.0056,-0.0016,0.0006
[run_subscribe_msckf-1] [34m[TIME]: 0.0024 seconds total (413.9 hz, 0.25 ms behind)
[run_subscribe_msckf-1] [0mq_GtoI = -0.002,-0.004,-0.705,0.709 | p_IinG = 0.034,1.982,-0.032 | dist = 2.11 (meters)
[run_subscribe_msckf-1] bg = 0.0005,0.0029,0.0004 | ba = -0.0056,-0.0016,0.0006
[run_subscribe_msckf-1] [34m[TIME]: 0.0017 seconds total (576.7 hz, 0.25 ms behind)
[run_subscribe_msckf-1] [0mq_GtoI = -0.002,-0.005,-0.705,0.709 | p_IinG = 0.038,2.007,-0.032 | dist = 2.14 (meters)
[run_subscribe_msckf-1] bg = 0.0005,0.0029,0.0004 | ba = -0.0056,-0.0016,0.0006
[run_subscribe_msckf-1] [34m[TIME]: 0.0016 seconds total (609.8 hz, 0.25 ms behind)
[run_subscribe_msckf-1] [0mq_GtoI = -0.003,-0.005,-0.705,0.709 | p_IinG = 0.044,2.040,-0.033 | dist = 2.17 (meters)
[run_subscribe_msckf-1] bg = 0.0005,0.0029,0.0004 | ba = -0.0056,-0.0016,0.0006
[run_subscribe_msckf-1] [34m[TIME]: 0.0018 seconds total (553.4 hz, 0.25 ms behind)
[run_subscribe_msckf-1] [0mq_GtoI = -0.003,-0.006,-0.705,0.709 | p_IinG = 0.048,2.065,-0.033 | dist = 2.20 (meters)
[run_subscribe_msckf-1] bg = 0.0005,0.0029,0.0004 | ba = -0.0056,-0.0016,0.0006
[run_subscribe_msckf-1] [34m[TIME]: 0.0016 seconds total (609.8 hz, 0.25 ms behind)
[run_subscribe_msckf-1] [0mq_GtoI = -0.004,-0.006,-0.705,0.709 | p_IinG = 0.052,2.091,-0.033 | dist = 2.22 (meters)
[run_subscribe_msckf-1] bg = 0.0005,0.0029,0.0004 | ba = -0.0056,-0.0016,0.0006
[run_subscribe_msckf-1] [34m[TIME]: 0.0018 seconds total (569.2 hz, 0.25 ms behind)
[run_subscribe_msckf-1] [0mq_GtoI = -0.005,-0.007,-0.705,0.709 | p_IinG = 0.058,2.124,-0.034 | dist = 2.26 (meters)
[run_subscribe_msckf-1] bg = 0.0005,0.0029,0.0004 | ba = -0.0056,-0.0016,0.0006
[run_subscribe_msckf-1] [34m[TIME]: 0.0017 seconds total (595.9 hz, 0.25 ms behind)
[run_subscribe_msckf-1] [0mq_GtoI = -0.005,-0.007,-0.705,0.709 | p_IinG = 0.062,2.149,-0.034 | dist = 2.28 (meters)
[run_subscribe_msckf-1] bg = 0.0005,0.0029,0.0004 | ba = -0.0056,-0.0016,0.0006
[run_subscribe_msckf-1] [34m[TIME]: 0.0020 seconds total (510.5 hz, 0.25 ms behind)
[run_subscribe_msckf-1] [0mq_GtoI = -0.006,-0.008,-0.705,0.709 | p_IinG = 0.065,2.175,-0.034 | dist = 2.31 (meters)
[run_subscribe_msckf-1] bg = 0.0005,0.0029,0.0004 | ba = -0.0056,-0.0016,0.0006
[run_subscribe_msckf-1] [34m[TIME]: 0.0018 seconds total (559.9 hz, 0.25 ms behind)
[run_subscribe_msckf-1] [0mq_GtoI = -0.007,-0.008,-0.705,0.709 | p_IinG = 0.071,2.209,-0.035 | dist = 2.34 (meters)
[run_subscribe_msckf-1] bg = 0.0005,0.0029,0.0004 | ba = -0.0056,-0.0016,0.0006
[run_subscribe_msckf-1] [34m[TIME]: 0.0016 seconds total (620.0 hz, 0.25 ms behind)
[run_subscribe_msckf-1] [0mq_GtoI = -0.008,-0.009,-0.705,0.709 | p_IinG = 0.074,2.235,-0.035 | dist = 2.37 (meters)
[run_subscribe_msckf-1] bg = 0.0005,0.0029,0.0004 | ba = -0.0056,-0.0016,0.0006
[run_subscribe_msckf-1] [34m[TIME]: 0.0016 seconds total (606.8 hz, 0.25 ms behind)
[run_subscribe_msckf-1] [0mq_GtoI = -0.009,-0.009,-0.705,0.709 | p_IinG = 0.078,2.260,-0.035 | dist = 2.40 (meters)
[run_subscribe_msckf-1] bg = 0.0005,0.0029,0.0004 | ba = -0.0056,-0.0016,0.0006
[run_subscribe_msckf-1] [34m[TIME]: 0.0015 seconds total (647.7 hz, 0.25 ms behind)
[run_subscribe_msckf-1] [0mq_GtoI = -0.010,-0.010,-0.705,0.709 | p_IinG = 0.083,2.295,-0.036 | dist = 2.43 (meters)
[run_subscribe_msckf-1] bg = 0.0005,0.0029,0.0004 | ba = -0.0056,-0.0016,0.0006
[run_subscribe_msckf-1] [34m[TIME]: 0.0023 seconds total (437.1 hz, 0.25 ms behind)
[run_subscribe_msckf-1] [0mq_GtoI = -0.011,-0.010,-0.705,0.709 | p_IinG = 0.087,2.322,-0.036 | dist = 2.46 (meters)
[run_subscribe_msckf-1] bg = 0.0005,0.0029,0.0004 | ba = -0.0056,-0.0016,0.0006
[run_subscribe_msckf-1] [34m[TIME]: 0.0017 seconds total (578.0 hz, 0.25 ms behind)
[run_subscribe_msckf-1] [0mq_GtoI = -0.012,-0.011,-0.705,0.709 | p_IinG = 0.091,2.348,-0.037 | dist = 2.49 (meters)
[run_subscribe_msckf-1] bg = 0.0005,0.0029,0.0004 | ba = -0.0056,-0.0016,0.0006
[run_subscribe_msckf-1] [34m[TIME]: 0.0016 seconds total (643.9 hz, 0.25 ms behind)
[run_subscribe_msckf-1] [0mq_GtoI = -0.013,-0.011,-0.705,0.709 | p_IinG = 0.096,2.385,-0.037 | dist = 2.52 (meters)
[run_subscribe_msckf-1] bg = 0.0005,0.0029,0.0004 | ba = -0.0056,-0.0016,0.0006
[run_subscribe_msckf-1] [34m[TIME]: 0.0017 seconds total (594.9 hz, 0.25 ms behind)
[run_subscribe_msckf-1] [0mq_GtoI = -0.014,-0.012,-0.705,0.709 | p_IinG = 0.099,2.412,-0.037 | dist = 2.55 (meters)
[run_subscribe_msckf-1] bg = 0.0005,0.0029,0.0004 | ba = -0.0056,-0.0016,0.0006
[run_subscribe_msckf-1] [34m[TIME]: 0.0016 seconds total (614.6 hz, 0.25 ms behind)
[run_subscribe_msckf-1] [0mq_GtoI = -0.015,-0.012,-0.705,0.709 | p_IinG = 0.103,2.440,-0.038 | dist = 2.58 (meters)
[run_subscribe_msckf-1] bg = 0.0005,0.0029,0.0004 | ba = -0.0056,-0.0016,0.0006
[run_subscribe_msckf-1] [34m[TIME]: 0.0016 seconds total (614.6 hz, 0.25 ms behind)
[run_subscribe_msckf-1] [0mq_GtoI = -0.017,-0.012,-0.705,0.709 | p_IinG = 0.108,2.478,-0.038 | dist = 2.62 (meters)
[run_subscribe_msckf-1] bg = 0.0005,0.0029,0.0004 | ba = -0.0056,-0.0016,0.0006
[run_subscribe_msckf-1] [34m[TIME]: 0.0016 seconds total (628.1 hz, 0.25 ms behind)
[run_subscribe_msckf-1] [0mq_GtoI = -0.018,-0.013,-0.705,0.709 | p_IinG = 0.112,2.506,-0.039 | dist = 2.64 (meters)
[run_subscribe_msckf-1] bg = 0.0005,0.0029,0.0004 | ba = -0.0056,-0.0016,0.0006
[run_subscribe_msckf-1] [34m[TIME]: 0.0018 seconds total (564.3 hz, 0.25 ms behind)
[run_subscribe_msckf-1] [0mq_GtoI = -0.018,-0.013,-0.705,0.709 | p_IinG = 0.116,2.535,-0.039 | dist = 2.67 (meters)
[run_subscribe_msckf-1] bg = 0.0005,0.0029,0.0004 | ba = -0.0056,-0.0016,0.0006
[run_subscribe_msckf-1] [34m[TIME]: 0.0016 seconds total (621.9 hz, 0.25 ms behind)
[run_subscribe_msckf-1] [0mq_GtoI = -0.020,-0.013,-0.705,0.709 | p_IinG = 0.121,2.575,-0.040 | dist = 2.71 (meters)
[run_subscribe_msckf-1] bg = 0.0005,0.0029,0.0004 | ba = -0.0056,-0.0016,0.0006
[run_subscribe_msckf-1] [34m[TIME]: 0.0016 seconds total (641.0 hz, 0.25 ms behind)
[run_subscribe_msckf-1] [0mq_GtoI = -0.020,-0.014,-0.705,0.709 | p_IinG = 0.125,2.605,-0.040 | dist = 2.74 (meters)
[run_subscribe_msckf-1] bg = 0.0005,0.0029,0.0004 | ba = -0.0056,-0.0016,0.0006
[run_subscribe_msckf-1] [34m[TIME]: 0.0016 seconds total (611.6 hz, 0.25 ms behind)
[run_subscribe_msckf-1] [0mq_GtoI = -0.021,-0.014,-0.705,0.709 | p_IinG = 0.129,2.636,-0.040 | dist = 2.78 (meters)
[run_subscribe_msckf-1] bg = 0.0005,0.0029,0.0004 | ba = -0.0056,-0.0016,0.0006
[run_subscribe_msckf-1] [34m[TIME]: 0.0015 seconds total (675.7 hz, 0.25 ms behind)
[run_subscribe_msckf-1] [0mq_GtoI = -0.022,-0.014,-0.705,0.709 | p_IinG = 0.135,2.678,-0.041 | dist = 2.82 (meters)
[run_subscribe_msckf-1] bg = 0.0005,0.0029,0.0004 | ba = -0.0056,-0.0016,0.0006
[run_subscribe_msckf-1] [34m[TIME]: 0.0022 seconds total (455.0 hz, 0.25 ms behind)
[run_subscribe_msckf-1] [0mq_GtoI = -0.023,-0.014,-0.705,0.709 | p_IinG = 0.140,2.710,-0.041 | dist = 2.85 (meters)
[run_subscribe_msckf-1] bg = 0.0005,0.0029,0.0004 | ba = -0.0056,-0.0016,0.0006
[run_subscribe_msckf-1] [34m[TIME]: 0.0017 seconds total (604.6 hz, 0.25 ms behind)
[run_subscribe_msckf-1] [0mq_GtoI = -0.023,-0.014,-0.705,0.709 | p_IinG = 0.144,2.743,-0.042 | dist = 2.88 (meters)
[run_subscribe_msckf-1] bg = 0.0005,0.0029,0.0004 | ba = -0.0056,-0.0016,0.0006
[run_subscribe_msckf-1] [34m[TIME]: 0.0015 seconds total (659.6 hz, 0.25 ms behind)
[run_subscribe_msckf-1] [0mq_GtoI = -0.024,-0.014,-0.705,0.709 | p_IinG = 0.150,2.787,-0.043 | dist = 2.93 (meters)
[run_subscribe_msckf-1] bg = 0.0005,0.0029,0.0004 | ba = -0.0056,-0.0016,0.0006
[run_subscribe_msckf-1] [34m[TIME]: 0.0016 seconds total (632.1 hz, 0.25 ms behind)
[run_subscribe_msckf-1] [0mq_GtoI = -0.024,-0.014,-0.705,0.709 | p_IinG = 0.155,2.821,-0.043 | dist = 2.96 (meters)
[run_subscribe_msckf-1] bg = 0.0005,0.0029,0.0004 | ba = -0.0056,-0.0016,0.0006
[run_subscribe_msckf-1] [34m[TIME]: 0.0015 seconds total (686.8 hz, 0.25 ms behind)
[run_subscribe_msckf-1] [0mq_GtoI = -0.025,-0.014,-0.705,0.709 | p_IinG = 0.160,2.855,-0.044 | dist = 3.00 (meters)
[run_subscribe_msckf-1] bg = 0.0005,0.0029,0.0004 | ba = -0.0056,-0.0016,0.0006
[run_subscribe_msckf-1] [34m[TIME]: 0.0014 seconds total (705.2 hz, 0.25 ms behind)
[run_subscribe_msckf-1] [0mq_GtoI = -0.025,-0.014,-0.705,0.709 | p_IinG = 0.167,2.902,-0.044 | dist = 3.04 (meters)
[run_subscribe_msckf-1] bg = 0.0005,0.0029,0.0004 | ba = -0.0056,-0.0016,0.0006
[run_subscribe_msckf-1] [34m[TIME]: 0.0015 seconds total (660.5 hz, 0.25 ms behind)
[run_subscribe_msckf-1] [0mq_GtoI = -0.025,-0.014,-0.705,0.709 | p_IinG = 0.173,2.938,-0.045 | dist = 3.08 (meters)
[run_subscribe_msckf-1] bg = 0.0005,0.0029,0.0004 | ba = -0.0056,-0.0016,0.0006
[run_subscribe_msckf-1] [34m[TIME]: 0.0017 seconds total (589.3 hz, 0.25 ms behind)
[run_subscribe_msckf-1] [0mq_GtoI = -0.025,-0.014,-0.705,0.709 | p_IinG = 0.178,2.975,-0.046 | dist = 3.12 (meters)
[run_subscribe_msckf-1] bg = 0.0005,0.0029,0.0004 | ba = -0.0056,-0.0016,0.0006
[run_subscribe_msckf-1] [34m[TIME]: 0.0016 seconds total (637.8 hz, 0.25 ms behind)
[run_subscribe_msckf-1] [0mq_GtoI = -0.025,-0.013,-0.705,0.709 | p_IinG = 0.186,3.024,-0.046 | dist = 3.17 (meters)
[run_subscribe_msckf-1] bg = 0.0005,0.0029,0.0004 | ba = -0.0056,-0.0016,0.0006
[run_subscribe_msckf-1] [34m[TIME]: 0.0015 seconds total (665.8 hz, 0.25 ms behind)
[run_subscribe_msckf-1] [0mq_GtoI = -0.025,-0.013,-0.705,0.709 | p_IinG = 0.192,3.062,-0.047 | dist = 3.21 (meters)
[run_subscribe_msckf-1] bg = 0.0005,0.0029,0.0004 | ba = -0.0056,-0.0016,0.0006
[run_subscribe_msckf-1] [34m[TIME]: 0.0017 seconds total (578.7 hz, 0.25 ms behind)
[run_subscribe_msckf-1] [0mq_GtoI = -0.025,-0.013,-0.705,0.709 | p_IinG = 0.199,3.100,-0.048 | dist = 3.25 (meters)
[run_subscribe_msckf-1] bg = 0.0005,0.0029,0.0004 | ba = -0.0056,-0.0016,0.0006
[run_subscribe_msckf-1] [34m[TIME]: 0.0015 seconds total (676.6 hz, 0.25 ms behind)
[run_subscribe_msckf-1] [0mq_GtoI = -0.024,-0.012,-0.705,0.709 | p_IinG = 0.207,3.153,-0.048 | dist = 3.30 (meters)
[run_subscribe_msckf-1] bg = 0.0005,0.0029,0.0004 | ba = -0.0056,-0.0016,0.0006
[run_subscribe_msckf-1] [34m[TIME]: 0.0022 seconds total (463.0 hz, 0.25 ms behind)
[run_subscribe_msckf-1] [0mq_GtoI = -0.024,-0.012,-0.705,0.709 | p_IinG = 0.214,3.192,-0.049 | dist = 3.34 (meters)
[run_subscribe_msckf-1] bg = 0.0005,0.0029,0.0004 | ba = -0.0056,-0.0016,0.0006
[run_subscribe_msckf-1] [34m[TIME]: 0.0016 seconds total (620.3 hz, 0.25 ms behind)
[run_subscribe_msckf-1] [0mq_GtoI = -0.023,-0.011,-0.705,0.709 | p_IinG = 0.221,3.233,-0.050 | dist = 3.38 (meters)
[run_subscribe_msckf-1] bg = 0.0005,0.0029,0.0004 | ba = -0.0056,-0.0016,0.0006
[run_subscribe_msckf-1] [34m[TIME]: 0.0015 seconds total (663.1 hz, 0.25 ms behind)
[run_subscribe_msckf-1] [0mq_GtoI = -0.022,-0.011,-0.705,0.709 | p_IinG = 0.230,3.287,-0.051 | dist = 3.43 (meters)
[run_subscribe_msckf-1] bg = 0.0005,0.0029,0.0004 | ba = -0.0056,-0.0016,0.0006
[run_subscribe_msckf-1] [34m[TIME]: 0.0017 seconds total (598.4 hz, 0.25 ms behind)
[run_subscribe_msckf-1] [0mq_GtoI = -0.022,-0.010,-0.705,0.709 | p_IinG = 0.238,3.329,-0.052 | dist = 3.48 (meters)
[run_subscribe_msckf-1] bg = 0.0005,0.0029,0.0004 | ba = -0.0056,-0.0016,0.0006
[run_subscribe_msckf-1] [34m[TIME]: 0.0015 seconds total (662.3 hz, 0.25 ms behind)
[run_subscribe_msckf-1] [0mq_GtoI = -0.021,-0.010,-0.705,0.709 | p_IinG = 0.245,3.370,-0.052 | dist = 3.52 (meters)
[run_subscribe_msckf-1] bg = 0.0005,0.0029,0.0004 | ba = -0.0056,-0.0016,0.0006
[run_subscribe_msckf-1] [34m[TIME]: 0.0015 seconds total (671.1 hz, 0.25 ms behind)
[run_subscribe_msckf-1] [0mq_GtoI = -0.020,-0.009,-0.705,0.709 | p_IinG = 0.256,3.427,-0.053 | dist = 3.58 (meters)
[run_subscribe_msckf-1] bg = 0.0005,0.0029,0.0004 | ba = -0.0056,-0.0016,0.0006
[run_subscribe_msckf-1] [34m[TIME]: 0.0016 seconds total (614.3 hz, 0.25 ms behind)
[run_subscribe_msckf-1] [0mq_GtoI = -0.019,-0.008,-0.705,0.709 | p_IinG = 0.264,3.470,-0.054 | dist = 3.62 (meters)
[run_subscribe_msckf-1] bg = 0.0005,0.0029,0.0004 | ba = -0.0056,-0.0016,0.0006
[run_subscribe_msckf-1] [34m[TIME]: 0.0018 seconds total (554.6 hz, 0.25 ms behind)
[run_subscribe_msckf-1] [0mq_GtoI = -0.018,-0.008,-0.705,0.709 | p_IinG = 0.272,3.513,-0.055 | dist = 3.66 (meters)
[run_subscribe_msckf-1] bg = 0.0005,0.0029,0.0004 | ba = -0.0056,-0.0016,0.0006
[run_subscribe_msckf-1] [34m[TIME]: 0.0016 seconds total (630.9 hz, 0.25 ms behind)
[run_subscribe_msckf-1] [0mq_GtoI = -0.017,-0.007,-0.705,0.709 | p_IinG = 0.283,3.571,-0.056 | dist = 3.72 (meters)
[run_subscribe_msckf-1] bg = 0.0005,0.0029,0.0004 | ba = -0.0056,-0.0016,0.0006
[run_subscribe_msckf-1] [34m[TIME]: 0.0015 seconds total (645.6 hz, 0.25 ms behind)
[run_subscribe_msckf-1] [0mq_GtoI = -0.015,-0.006,-0.705,0.709 | p_IinG = 0.292,3.615,-0.057 | dist = 3.77 (meters)
[run_subscribe_msckf-1] bg = 0.0005,0.0029,0.0004 | ba = -0.0056,-0.0016,0.0006
[run_subscribe_msckf-1] [34m[TIME]: 0.0017 seconds total (594.2 hz, 0.25 ms behind)
[run_subscribe_msckf-1] [0mq_GtoI = -0.014,-0.006,-0.705,0.709 | p_IinG = 0.300,3.660,-0.057 | dist = 3.81 (meters)
[run_subscribe_msckf-1] bg = 0.0005,0.0029,0.0004 | ba = -0.0056,-0.0016,0.0006
[run_subscribe_msckf-1] [34m[TIME]: 0.0015 seconds total (662.7 hz, 0.25 ms behind)
[run_subscribe_msckf-1] [0mq_GtoI = -0.013,-0.005,-0.705,0.709 | p_IinG = 0.312,3.719,-0.058 | dist = 3.87 (meters)
[run_subscribe_msckf-1] bg = 0.0005,0.0029,0.0004 | ba = -0.0056,-0.0016,0.0006
[run_subscribe_msckf-1] [34m[TIME]: 0.0023 seconds total (439.0 hz, 0.25 ms behind)
[run_subscribe_msckf-1] [0mq_GtoI = -0.012,-0.004,-0.705,0.709 | p_IinG = 0.321,3.764,-0.059 | dist = 3.92 (meters)
[run_subscribe_msckf-1] bg = 0.0005,0.0029,0.0004 | ba = -0.0056,-0.0016,0.0006
[run_subscribe_msckf-1] [34m[TIME]: 0.0018 seconds total (541.1 hz, 0.25 ms behind)
[run_subscribe_msckf-1] [0mq_GtoI = -0.010,-0.003,-0.705,0.709 | p_IinG = 0.330,3.809,-0.060 | dist = 3.97 (meters)
[run_subscribe_msckf-1] bg = 0.0005,0.0029,0.0004 | ba = -0.0056,-0.0016,0.0006
[run_subscribe_msckf-1] [34m[TIME]: 0.0016 seconds total (613.5 hz, 0.25 ms behind)
[run_subscribe_msckf-1] [0mq_GtoI = -0.009,-0.003,-0.706,0.709 | p_IinG = 0.342,3.869,-0.061 | dist = 4.03 (meters)
[run_subscribe_msckf-1] bg = 0.0005,0.0029,0.0004 | ba = -0.0056,-0.0016,0.0006
[run_subscribe_msckf-1] [34m[TIME]: 0.0017 seconds total (604.2 hz, 0.25 ms behind)
[run_subscribe_msckf-1] [0mq_GtoI = -0.008,-0.002,-0.706,0.709 | p_IinG = 0.352,3.914,-0.062 | dist = 4.07 (meters)
[run_subscribe_msckf-1] bg = 0.0005,0.0029,0.0004 | ba = -0.0056,-0.0016,0.0006
[run_subscribe_msckf-1] [34m[TIME]: 0.0016 seconds total (635.7 hz, 0.25 ms behind)
[run_subscribe_msckf-1] [0mq_GtoI = -0.007,-0.002,-0.706,0.709 | p_IinG = 0.361,3.959,-0.062 | dist = 4.12 (meters)
[run_subscribe_msckf-1] bg = 0.0005,0.0029,0.0004 | ba = -0.0056,-0.0016,0.0006
[run_subscribe_msckf-1] [34m[TIME]: 0.0016 seconds total (610.9 hz, 0.25 ms behind)
[run_subscribe_msckf-1] [0mq_GtoI = -0.005,-0.001,-0.706,0.709 | p_IinG = 0.374,4.019,-0.063 | dist = 4.18 (meters)
[run_subscribe_msckf-1] bg = 0.0005,0.0029,0.0004 | ba = -0.0056,-0.0016,0.0006
[run_subscribe_msckf-1] [34m[TIME]: 0.0017 seconds total (584.8 hz, 0.25 ms behind)
[run_subscribe_msckf-1] [0mq_GtoI = -0.004,-0.000,-0.706,0.709 | p_IinG = 0.383,4.064,-0.064 | dist = 4.23 (meters)
[run_subscribe_msckf-1] bg = 0.0005,0.0029,0.0004 | ba = -0.0056,-0.0016,0.0006
[run_subscribe_msckf-1] [34m[TIME]: 0.0019 seconds total (536.8 hz, 0.25 ms behind)
[run_subscribe_msckf-1] [0mq_GtoI = -0.003,0.000,-0.706,0.709 | p_IinG = 0.393,4.110,-0.065 | dist = 4.27 (meters)
[run_subscribe_msckf-1] bg = 0.0005,0.0029,0.0004 | ba = -0.0056,-0.0016,0.0006
[run_subscribe_msckf-1] [34m[TIME]: 0.0017 seconds total (596.7 hz, 0.25 ms behind)
[run_subscribe_msckf-1] [0mq_GtoI = -0.002,0.001,-0.706,0.709 | p_IinG = 0.405,4.170,-0.066 | dist = 4.33 (meters)
[run_subscribe_msckf-1] bg = 0.0005,0.0029,0.0004 | ba = -0.0056,-0.0016,0.0006
[run_subscribe_msckf-1] [34m[TIME]: 0.0017 seconds total (592.4 hz, 0.25 ms behind)
[run_subscribe_msckf-1] [0mq_GtoI = -0.001,0.001,-0.706,0.709 | p_IinG = 0.415,4.214,-0.067 | dist = 4.38 (meters)
[run_subscribe_msckf-1] bg = 0.0005,0.0029,0.0004 | ba = -0.0056,-0.0016,0.0006
[run_subscribe_msckf-1] [34m[TIME]: 0.0017 seconds total (600.6 hz, 0.25 ms behind)
[run_subscribe_msckf-1] [0mq_GtoI = 0.000,0.001,-0.706,0.709 | p_IinG = 0.425,4.259,-0.067 | dist = 4.43 (meters)
[run_subscribe_msckf-1] bg = 0.0005,0.0029,0.0004 | ba = -0.0056,-0.0016,0.0006
[run_subscribe_msckf-1] [34m[TIME]: 0.0016 seconds total (642.7 hz, 0.25 ms behind)
[run_subscribe_msckf-1] [0mq_GtoI = 0.001,0.002,-0.706,0.709 | p_IinG = 0.437,4.318,-0.068 | dist = 4.49 (meters)
[run_subscribe_msckf-1] bg = 0.0005,0.0029,0.0004 | ba = -0.0056,-0.0016,0.0006
[run_subscribe_msckf-1] [34m[TIME]: 0.0022 seconds total (448.0 hz, 0.25 ms behind)
[run_subscribe_msckf-1] [0mq_GtoI = 0.002,0.002,-0.706,0.708 | p_IinG = 0.447,4.363,-0.069 | dist = 4.53 (meters)
[run_subscribe_msckf-1] bg = 0.0005,0.0029,0.0004 | ba = -0.0056,-0.0016,0.0006
[run_subscribe_msckf-1] [34m[TIME]: 0.0017 seconds total (590.3 hz, 0.25 ms behind)
[run_subscribe_msckf-1] [0mq_GtoI = 0.003,0.002,-0.706,0.708 | p_IinG = 0.457,4.407,-0.070 | dist = 4.58 (meters)
[run_subscribe_msckf-1] bg = 0.0005,0.0029,0.0004 | ba = -0.0056,-0.0016,0.0006
[run_subscribe_msckf-1] [34m[TIME]: 0.0016 seconds total (638.6 hz, 0.25 ms behind)
[run_subscribe_msckf-1] [0mq_GtoI = 0.003,0.002,-0.706,0.708 | p_IinG = 0.469,4.465,-0.071 | dist = 4.64 (meters)
[run_subscribe_msckf-1] bg = 0.0005,0.0029,0.0004 | ba = -0.0056,-0.0016,0.0006
[run_subscribe_msckf-1] [34m[TIME]: 0.0016 seconds total (609.8 hz, 0.25 ms behind)
[run_subscribe_msckf-1] [0mq_GtoI = 0.004,0.002,-0.706,0.708 | p_IinG = 0.479,4.509,-0.071 | dist = 4.68 (meters)
[run_subscribe_msckf-1] bg = 0.0005,0.0029,0.0004 | ba = -0.0056,-0.0016,0.0006
[run_subscribe_msckf-1] [34m[TIME]: 0.0017 seconds total (605.3 hz, 0.25 ms behind)
[run_subscribe_msckf-1] [0mq_GtoI = 0.004,0.002,-0.706,0.708 | p_IinG = 0.488,4.552,-0.072 | dist = 4.73 (meters)
[run_subscribe_msckf-1] bg = 0.0005,0.0029,0.0004 | ba = -0.0056,-0.0016,0.0006
[run_subscribe_msckf-1] [34m[TIME]: 0.0016 seconds total (610.9 hz, 0.25 ms behind)
[run_subscribe_msckf-1] [0mq_GtoI = 0.004,0.002,-0.706,0.708 | p_IinG = 0.500,4.609,-0.073 | dist = 4.78 (meters)
[run_subscribe_msckf-1] bg = 0.0005,0.0029,0.0004 | ba = -0.0056,-0.0016,0.0006
[run_subscribe_msckf-1] [34m[TIME]: 0.0017 seconds total (602.0 hz, 0.25 ms behind)
[run_subscribe_msckf-1] [0mq_GtoI = 0.004,0.002,-0.706,0.708 | p_IinG = 0.510,4.652,-0.074 | dist = 4.83 (meters)
[run_subscribe_msckf-1] bg = 0.0005,0.0029,0.0004 | ba = -0.0056,-0.0016,0.0006
[run_subscribe_msckf-1] [34m[TIME]: 0.0018 seconds total (545.9 hz, 0.25 ms behind)
[run_subscribe_msckf-1] [0mq_GtoI = 0.004,0.002,-0.706,0.708 | p_IinG = 0.519,4.694,-0.074 | dist = 4.87 (meters)
[run_subscribe_msckf-1] bg = 0.0005,0.0029,0.0004 | ba = -0.0056,-0.0016,0.0006
[run_subscribe_msckf-1] [34m[TIME]: 0.0017 seconds total (586.9 hz, 0.25 ms behind)
[run_subscribe_msckf-1] [0mq_GtoI = 0.004,0.002,-0.706,0.708 | p_IinG = 0.531,4.750,-0.075 | dist = 4.93 (meters)
[run_subscribe_msckf-1] bg = 0.0005,0.0029,0.0004 | ba = -0.0056,-0.0016,0.0006
[run_subscribe_msckf-1] [34m[TIME]: 0.0016 seconds total (633.7 hz, 0.25 ms behind)
[run_subscribe_msckf-1] [0mq_GtoI = 0.004,0.001,-0.706,0.708 | p_IinG = 0.540,4.792,-0.076 | dist = 4.97 (meters)
[run_subscribe_msckf-1] bg = 0.0005,0.0029,0.0004 | ba = -0.0056,-0.0016,0.0006
[run_subscribe_msckf-1] [34m[TIME]: 0.0018 seconds total (559.3 hz, 0.25 ms behind)
[run_subscribe_msckf-1] [0mq_GtoI = 0.003,0.001,-0.706,0.708 | p_IinG = 0.549,4.833,-0.077 | dist = 5.01 (meters)
[run_subscribe_msckf-1] bg = 0.0005,0.0029,0.0004 | ba = -0.0056,-0.0016,0.0006
[run_subscribe_msckf-1] [34m[TIME]: 0.0016 seconds total (625.8 hz, 0.25 ms behind)
[run_subscribe_msckf-1] [0mq_GtoI = 0.003,0.000,-0.706,0.708 | p_IinG = 0.561,4.888,-0.078 | dist = 5.07 (meters)
[run_subscribe_msckf-1] bg = 0.0005,0.0029,0.0004 | ba = -0.0056,-0.0016,0.0006
[run_subscribe_msckf-1] [34m[TIME]: 0.0024 seconds total (418.4 hz, 0.25 ms behind)
[run_subscribe_msckf-1] [0mq_GtoI = 0.002,-0.000,-0.706,0.708 | p_IinG = 0.569,4.929,-0.078 | dist = 5.11 (meters)
[run_subscribe_msckf-1] bg = 0.0005,0.0029,0.0004 | ba = -0.0056,-0.0016,0.0006
[run_subscribe_msckf-1] [34m[TIME]: 0.0017 seconds total (577.4 hz, 0.25 ms behind)
[run_subscribe_msckf-1] [0mq_GtoI = 0.001,-0.001,-0.706,0.708 | p_IinG = 0.578,4.970,-0.079 | dist = 5.15 (meters)
[run_subscribe_msckf-1] bg = 0.0005,0.0029,0.0004 | ba = -0.0056,-0.0016,0.0006
[run_subscribe_msckf-1] [34m[TIME]: 0.0016 seconds total (614.6 hz, 0.25 ms behind)
[run_subscribe_msckf-1] [0mq_GtoI = 0.000,-0.001,-0.706,0.708 | p_IinG = 0.589,5.024,-0.080 | dist = 5.21 (meters)
[run_subscribe_msckf-1] bg = 0.0005,0.0029,0.0004 | ba = -0.0056,-0.0016,0.0006
[run_subscribe_msckf-1] [34m[TIME]: 0.0016 seconds total (619.2 hz, 0.25 ms behind)
[run_subscribe_msckf-1] [0mq_GtoI = -0.001,-0.002,-0.706,0.708 | p_IinG = 0.598,5.064,-0.080 | dist = 5.25 (meters)
[run_subscribe_msckf-1] bg = 0.0005,0.0029,0.0004 | ba = -0.0056,-0.0016,0.0006
[run_subscribe_msckf-1] [34m[TIME]: 0.0016 seconds total (635.3 hz, 0.25 ms behind)
[run_subscribe_msckf-1] [0mq_GtoI = -0.002,-0.003,-0.706,0.709 | p_IinG = 0.606,5.104,-0.081 | dist = 5.29 (meters)
[run_subscribe_msckf-1] bg = 0.0005,0.0029,0.0004 | ba = -0.0056,-0.0016,0.0006
[run_subscribe_msckf-1] [34m[TIME]: 0.0016 seconds total (612.7 hz, 0.25 ms behind)
[run_subscribe_msckf-1] [0mq_GtoI = -0.003,-0.004,-0.706,0.709 | p_IinG = 0.617,5.158,-0.081 | dist = 5.35 (meters)
[run_subscribe_msckf-1] bg = 0.0005,0.0029,0.0004 | ba = -0.0056,-0.0016,0.0006
[run_subscribe_msckf-1] [34m[TIME]: 0.0016 seconds total (606.4 hz, 0.25 ms behind)
[run_subscribe_msckf-1] [0mq_GtoI = -0.004,-0.004,-0.706,0.709 | p_IinG = 0.626,5.198,-0.082 | dist = 5.39 (meters)
[run_subscribe_msckf-1] bg = 0.0005,0.0029,0.0004 | ba = -0.0056,-0.0016,0.0006
[run_subscribe_msckf-1] [34m[TIME]: 0.0019 seconds total (530.2 hz, 0.25 ms behind)
[run_subscribe_msckf-1] [0mq_GtoI = -0.006,-0.005,-0.706,0.709 | p_IinG = 0.634,5.238,-0.083 | dist = 5.43 (meters)
[run_subscribe_msckf-1] bg = 0.0005,0.0029,0.0004 | ba = -0.0056,-0.0016,0.0006
[run_subscribe_msckf-1] [34m[TIME]: 0.0018 seconds total (549.1 hz, 0.25 ms behind)
[run_subscribe_msckf-1] [0mq_GtoI = -0.007,-0.006,-0.706,0.709 | p_IinG = 0.645,5.292,-0.083 | dist = 5.48 (meters)
[run_subscribe_msckf-1] bg = 0.0005,0.0029,0.0004 | ba = -0.0056,-0.0016,0.0006
[run_subscribe_msckf-1] [34m[TIME]: 0.0017 seconds total (599.9 hz, 0.25 ms behind)
[run_subscribe_msckf-1] [0mq_GtoI = -0.009,-0.007,-0.706,0.709 | p_IinG = 0.653,5.332,-0.084 | dist = 5.52 (meters)
[run_subscribe_msckf-1] bg = 0.0005,0.0029,0.0004 | ba = -0.0056,-0.0016,0.0006
[run_subscribe_msckf-1] [34m[TIME]: 0.0017 seconds total (585.1 hz, 0.25 ms behind)
[run_subscribe_msckf-1] [0mq_GtoI = -0.010,-0.008,-0.706,0.709 | p_IinG = 0.662,5.373,-0.084 | dist = 5.56 (meters)
[run_subscribe_msckf-1] bg = 0.0005,0.0029,0.0004 | ba = -0.0056,-0.0016,0.0006
[run_subscribe_msckf-1] [34m[TIME]: 0.0017 seconds total (586.5 hz, 0.25 ms behind)
[run_subscribe_msckf-1] [0mq_GtoI = -0.012,-0.009,-0.706,0.709 | p_IinG = 0.673,5.427,-0.085 | dist = 5.62 (meters)
[run_subscribe_msckf-1] bg = 0.0005,0.0029,0.0004 | ba = -0.0056,-0.0016,0.0006
[run_subscribe_msckf-1] [34m[TIME]: 0.0023 seconds total (433.1 hz, 0.25 ms behind)
[run_subscribe_msckf-1] [0mq_GtoI = -0.014,-0.010,-0.706,0.709 | p_IinG = 0.681,5.468,-0.085 | dist = 5.66 (meters)
[run_subscribe_msckf-1] bg = 0.0005,0.0029,0.0004 | ba = -0.0056,-0.0016,0.0006
[run_subscribe_msckf-1] [34m[TIME]: 0.0017 seconds total (571.8 hz, 0.25 ms behind)
[run_subscribe_msckf-1] [0mq_GtoI = -0.015,-0.011,-0.705,0.708 | p_IinG = 0.689,5.509,-0.086 | dist = 5.70 (meters)
[run_subscribe_msckf-1] bg = 0.0005,0.0029,0.0004 | ba = -0.0056,-0.0016,0.0006
[run_subscribe_msckf-1] [34m[TIME]: 0.0016 seconds total (621.9 hz, 0.25 ms behind)
[run_subscribe_msckf-1] [0mq_GtoI = -0.017,-0.012,-0.705,0.708 | p_IinG = 0.701,5.564,-0.087 | dist = 5.76 (meters)
[run_subscribe_msckf-1] bg = 0.0005,0.0029,0.0004 | ba = -0.0056,-0.0016,0.0006
[run_subscribe_msckf-1] [34m[TIME]: 0.0016 seconds total (628.5 hz, 0.25 ms behind)
[run_subscribe_msckf-1] [0mq_GtoI = -0.019,-0.013,-0.705,0.708 | p_IinG = 0.709,5.606,-0.087 | dist = 5.80 (meters)
[run_subscribe_msckf-1] bg = 0.0005,0.0029,0.0004 | ba = -0.0056,-0.0016,0.0006
[run_subscribe_msckf-1] [34m[TIME]: 0.0016 seconds total (634.1 hz, 0.25 ms behind)
[run_subscribe_msckf-1] [0mq_GtoI = -0.020,-0.013,-0.705,0.708 | p_IinG = 0.718,5.649,-0.087 | dist = 5.85 (meters)
[run_subscribe_msckf-1] bg = 0.0005,0.0029,0.0004 | ba = -0.0056,-0.0016,0.0006
[run_subscribe_msckf-1] [34m[TIME]: 0.0016 seconds total (641.0 hz, 0.25 ms behind)
[run_subscribe_msckf-1] [0mq_GtoI = -0.022,-0.014,-0.705,0.708 | p_IinG = 0.729,5.706,-0.088 | dist = 5.90 (meters)
[run_subscribe_msckf-1] bg = 0.0005,0.0029,0.0004 | ba = -0.0056,-0.0016,0.0006
[run_subscribe_msckf-1] [34m[TIME]: 0.0016 seconds total (616.1 hz, 0.25 ms behind)
[run_subscribe_msckf-1] [0mq_GtoI = -0.023,-0.015,-0.705,0.708 | p_IinG = 0.738,5.750,-0.089 | dist = 5.95 (meters)
[run_subscribe_msckf-1] bg = 0.0005,0.0029,0.0004 | ba = -0.0056,-0.0016,0.0006
[run_subscribe_msckf-1] [34m[TIME]: 0.0018 seconds total (554.0 hz, 0.25 ms behind)
[run_subscribe_msckf-1] [0mq_GtoI = -0.025,-0.016,-0.705,0.708 | p_IinG = 0.747,5.794,-0.089 | dist = 5.99 (meters)
[run_subscribe_msckf-1] bg = 0.0005,0.0029,0.0004 | ba = -0.0056,-0.0016,0.0006
[run_subscribe_msckf-1] [34m[TIME]: 0.0018 seconds total (568.5 hz, 0.25 ms behind)
[run_subscribe_msckf-1] [0mq_GtoI = -0.026,-0.017,-0.705,0.708 | p_IinG = 0.759,5.854,-0.090 | dist = 6.06 (meters)
[run_subscribe_msckf-1] bg = 0.0005,0.0029,0.0004 | ba = -0.0056,-0.0016,0.0006
[run_subscribe_msckf-1] [34m[TIME]: 0.0016 seconds total (641.0 hz, 0.25 ms behind)
[run_subscribe_msckf-1] [0mq_GtoI = -0.027,-0.017,-0.705,0.708 | p_IinG = 0.768,5.899,-0.090 | dist = 6.10 (meters)
[run_subscribe_msckf-1] bg = 0.0005,0.0029,0.0004 | ba = -0.0056,-0.0016,0.0006
[run_subscribe_msckf-1] [34m[TIME]: 0.0016 seconds total (623.1 hz, 0.25 ms behind)
[run_subscribe_msckf-1] [0mq_GtoI = -0.029,-0.018,-0.705,0.708 | p_IinG = 0.778,5.946,-0.091 | dist = 6.15 (meters)
[run_subscribe_msckf-1] bg = 0.0005,0.0029,0.0004 | ba = -0.0056,-0.0016,0.0006
[run_subscribe_msckf-1] [34m[TIME]: 0.0015 seconds total (650.6 hz, 0.25 ms behind)
[run_subscribe_msckf-1] [0mq_GtoI = -0.030,-0.019,-0.705,0.708 | p_IinG = 0.790,6.008,-0.092 | dist = 6.21 (meters)
[run_subscribe_msckf-1] bg = 0.0005,0.0029,0.0004 | ba = -0.0056,-0.0016,0.0006
[run_subscribe_msckf-1] [34m[TIME]: 0.0022 seconds total (445.4 hz, 0.25 ms behind)
[run_subscribe_msckf-1] [0mq_GtoI = -0.031,-0.019,-0.705,0.708 | p_IinG = 0.800,6.056,-0.092 | dist = 6.26 (meters)
[run_subscribe_msckf-1] bg = 0.0005,0.0029,0.0004 | ba = -0.0056,-0.0016,0.0006
[run_subscribe_msckf-1] [34m[TIME]: 0.0016 seconds total (621.1 hz, 0.25 ms behind)
[run_subscribe_msckf-1] [0mq_GtoI = -0.032,-0.019,-0.705,0.708 | p_IinG = 0.810,6.105,-0.093 | dist = 6.31 (meters)
[run_subscribe_msckf-1] bg = 0.0005,0.0029,0.0004 | ba = -0.0056,-0.0016,0.0006
[run_subscribe_msckf-1] [34m[TIME]: 0.0014 seconds total (695.4 hz, 0.25 ms behind)
[run_subscribe_msckf-1] [0mq_GtoI = -0.033,-0.020,-0.705,0.708 | p_IinG = 0.824,6.171,-0.094 | dist = 6.38 (meters)
[run_subscribe_msckf-1] bg = 0.0005,0.0029,0.0004 | ba = -0.0056,-0.0016,0.0006
[run_subscribe_msckf-1] [34m[TIME]: 0.0016 seconds total (613.1 hz, 0.25 ms behind)
[run_subscribe_msckf-1] [0mq_GtoI = -0.033,-0.020,-0.705,0.708 | p_IinG = 0.834,6.222,-0.095 | dist = 6.43 (meters)
[run_subscribe_msckf-1] bg = 0.0005,0.0029,0.0004 | ba = -0.0056,-0.0016,0.0006
[run_subscribe_msckf-1] [34m[TIME]: 0.0015 seconds total (656.2 hz, 0.25 ms behind)
[run_subscribe_msckf-1] [0mq_GtoI = -0.034,-0.020,-0.705,0.708 | p_IinG = 0.845,6.274,-0.096 | dist = 6.48 (meters)
[run_subscribe_msckf-1] bg = 0.0005,0.0029,0.0004 | ba = -0.0056,-0.0016,0.0006
[run_subscribe_msckf-1] [34m[TIME]: 0.0015 seconds total (662.7 hz, 0.25 ms behind)
[run_subscribe_msckf-1] [0mq_GtoI = -0.034,-0.021,-0.705,0.708 | p_IinG = 0.859,6.343,-0.097 | dist = 6.56 (meters)
[run_subscribe_msckf-1] bg = 0.0005,0.0029,0.0004 | ba = -0.0056,-0.0016,0.0006
[run_subscribe_msckf-1] [34m[TIME]: 0.0015 seconds total (663.1 hz, 0.25 ms behind)
[run_subscribe_msckf-1] [0mq_GtoI = -0.034,-0.021,-0.705,0.708 | p_IinG = 0.870,6.397,-0.097 | dist = 6.61 (meters)
[run_subscribe_msckf-1] bg = 0.0005,0.0029,0.0004 | ba = -0.0056,-0.0016,0.0006
[run_subscribe_msckf-1] [34m[TIME]: 0.0016 seconds total (614.3 hz, 0.25 ms behind)
[run_subscribe_msckf-1] [0mq_GtoI = -0.034,-0.020,-0.705,0.708 | p_IinG = 0.882,6.451,-0.098 | dist = 6.67 (meters)
[run_subscribe_msckf-1] bg = 0.0005,0.0029,0.0004 | ba = -0.0056,-0.0016,0.0006
[run_subscribe_msckf-1] [34m[TIME]: 0.0015 seconds total (668.9 hz, 0.25 ms behind)
[run_subscribe_msckf-1] [0mq_GtoI = -0.034,-0.020,-0.705,0.708 | p_IinG = 0.897,6.525,-0.100 | dist = 6.74 (meters)
[run_subscribe_msckf-1] bg = 0.0005,0.0029,0.0004 | ba = -0.0056,-0.0016,0.0006
[run_subscribe_msckf-1] [34m[TIME]: 0.0014 seconds total (699.8 hz, 0.25 ms behind)
[run_subscribe_msckf-1] [0mq_GtoI = -0.034,-0.020,-0.705,0.708 | p_IinG = 0.909,6.581,-0.101 | dist = 6.80 (meters)
[run_subscribe_msckf-1] bg = 0.0005,0.0029,0.0004 | ba = -0.0056,-0.0016,0.0006
[run_subscribe_msckf-1] [34m[TIME]: 0.0015 seconds total (664.9 hz, 0.25 ms behind)
[run_subscribe_msckf-1] [0mq_GtoI = -0.033,-0.020,-0.705,0.708 | p_IinG = 0.921,6.638,-0.102 | dist = 6.86 (meters)
[run_subscribe_msckf-1] bg = 0.0005,0.0029,0.0004 | ba = -0.0056,-0.0016,0.0006
[run_subscribe_msckf-1] [34m[TIME]: 0.0014 seconds total (708.2 hz, 0.25 ms behind)
[run_subscribe_msckf-1] [0mq_GtoI = -0.033,-0.020,-0.705,0.708 | p_IinG = 0.938,6.716,-0.103 | dist = 6.94 (meters)
[run_subscribe_msckf-1] bg = 0.0005,0.0029,0.0004 | ba = -0.0056,-0.0016,0.0006
[run_subscribe_msckf-1] [34m[TIME]: 0.0022 seconds total (450.0 hz, 0.25 ms behind)
[run_subscribe_msckf-1] [0mq_GtoI = -0.032,-0.019,-0.705,0.708 | p_IinG = 0.950,6.775,-0.104 | dist = 7.00 (meters)
[run_subscribe_msckf-1] bg = 0.0005,0.0029,0.0004 | ba = -0.0056,-0.0016,0.0006
[run_subscribe_msckf-1] [34m[TIME]: 0.0016 seconds total (614.3 hz, 0.25 ms behind)
[run_subscribe_msckf-1] [0mq_GtoI = -0.031,-0.019,-0.705,0.708 | p_IinG = 0.963,6.835,-0.105 | dist = 7.06 (meters)
[run_subscribe_msckf-1] bg = 0.0005,0.0029,0.0004 | ba = -0.0056,-0.0016,0.0006
[run_subscribe_msckf-1] [34m[TIME]: 0.0016 seconds total (615.8 hz, 0.25 ms behind)
[run_subscribe_msckf-1] [0mq_GtoI = -0.030,-0.018,-0.705,0.708 | p_IinG = 0.980,6.916,-0.106 | dist = 7.14 (meters)
[run_subscribe_msckf-1] bg = 0.0005,0.0029,0.0004 | ba = -0.0056,-0.0016,0.0006
[run_subscribe_msckf-1] [34m[TIME]: 0.0016 seconds total (628.1 hz, 0.25 ms behind)
[run_subscribe_msckf-1] [0mq_GtoI = -0.029,-0.017,-0.705,0.708 | p_IinG = 0.994,6.977,-0.108 | dist = 7.20 (meters)
[run_subscribe_msckf-1] bg = 0.0005,0.0029,0.0004 | ba = -0.0056,-0.0016,0.0006
[run_subscribe_msckf-1] [34m[TIME]: 0.0015 seconds total (677.0 hz, 0.25 ms behind)
[run_subscribe_msckf-1] [0mq_GtoI = -0.028,-0.017,-0.705,0.708 | p_IinG = 1.007,7.040,-0.109 | dist = 7.27 (meters)
[run_subscribe_msckf-1] bg = 0.0005,0.0029,0.0004 | ba = -0.0056,-0.0016,0.0006
[run_subscribe_msckf-1] [34m[TIME]: 0.0016 seconds total (643.1 hz, 0.25 ms behind)
[run_subscribe_msckf-1] [0mq_GtoI = -0.026,-0.016,-0.705,0.708 | p_IinG = 1.025,7.124,-0.110 | dist = 7.35 (meters)
[run_subscribe_msckf-1] bg = 0.0005,0.0029,0.0004 | ba = -0.0056,-0.0016,0.0006
[run_subscribe_msckf-1] [34m[TIME]: 0.0016 seconds total (623.8 hz, 0.25 ms behind)
[run_subscribe_msckf-1] [0mq_GtoI = -0.025,-0.015,-0.705,0.708 | p_IinG = 1.039,7.188,-0.111 | dist = 7.42 (meters)
[run_subscribe_msckf-1] bg = 0.0005,0.0029,0.0004 | ba = -0.0056,-0.0016,0.0006
[run_subscribe_msckf-1] [34m[TIME]: 0.0018 seconds total (567.2 hz, 0.25 ms behind)
[run_subscribe_msckf-1] [0mq_GtoI = -0.024,-0.014,-0.705,0.708 | p_IinG = 1.053,7.252,-0.113 | dist = 7.48 (meters)
[run_subscribe_msckf-1] bg = 0.0005,0.0029,0.0004 | ba = -0.0056,-0.0016,0.0006
[run_subscribe_msckf-1] [34m[TIME]: 0.0016 seconds total (617.7 hz, 0.25 ms behind)
[run_subscribe_msckf-1] [0mq_GtoI = -0.022,-0.013,-0.705,0.708 | p_IinG = 1.072,7.339,-0.114 | dist = 7.57 (meters)
[run_subscribe_msckf-1] bg = 0.0005,0.0029,0.0004 | ba = -0.0056,-0.0016,0.0006
[run_subscribe_msckf-1] [34m[TIME]: 0.0015 seconds total (660.9 hz, 0.25 ms behind)
[run_subscribe_msckf-1] [0mq_GtoI = -0.020,-0.012,-0.705,0.708 | p_IinG = 1.086,7.405,-0.115 | dist = 7.64 (meters)
[run_subscribe_msckf-1] bg = 0.0005,0.0029,0.0004 | ba = -0.0056,-0.0016,0.0006
[run_subscribe_msckf-1] [34m[TIME]: 0.0018 seconds total (569.2 hz, 0.25 ms behind)
[run_subscribe_msckf-1] [0mq_GtoI = -0.019,-0.011,-0.706,0.708 | p_IinG = 1.101,7.471,-0.117 | dist = 7.71 (meters)
[run_subscribe_msckf-1] bg = 0.0005,0.0029,0.0004 | ba = -0.0056,-0.0016,0.0006
[run_subscribe_msckf-1] [34m[TIME]: 0.0015 seconds total (684.5 hz, 0.25 ms behind)
[run_subscribe_msckf-1] [0mq_GtoI = -0.017,-0.010,-0.706,0.708 | p_IinG = 1.120,7.559,-0.118 | dist = 7.80 (meters)
[run_subscribe_msckf-1] bg = 0.0005,0.0029,0.0004 | ba = -0.0056,-0.0016,0.0006
[run_subscribe_msckf-1] [34m[TIME]: 0.0023 seconds total (435.5 hz, 0.25 ms behind)
[run_subscribe_msckf-1] [0mq_GtoI = -0.015,-0.009,-0.706,0.708 | p_IinG = 1.135,7.626,-0.120 | dist = 7.87 (meters)
[run_subscribe_msckf-1] bg = 0.0005,0.0029,0.0004 | ba = -0.0056,-0.0016,0.0006
[run_subscribe_msckf-1] [34m[TIME]: 0.0016 seconds total (631.3 hz, 0.25 ms behind)
[run_subscribe_msckf-1] [0mq_GtoI = -0.014,-0.008,-0.706,0.708 | p_IinG = 1.149,7.694,-0.121 | dist = 7.94 (meters)
[run_subscribe_msckf-1] bg = 0.0005,0.0029,0.0004 | ba = -0.0056,-0.0016,0.0006
[run_subscribe_msckf-1] [34m[TIME]: 0.0016 seconds total (643.9 hz, 0.25 ms behind)
[run_subscribe_msckf-1] [0mq_GtoI = -0.011,-0.007,-0.706,0.708 | p_IinG = 1.169,7.784,-0.122 | dist = 8.03 (meters)
[run_subscribe_msckf-1] bg = 0.0005,0.0029,0.0004 | ba = -0.0056,-0.0016,0.0006
[run_subscribe_msckf-1] [34m[TIME]: 0.0015 seconds total (652.7 hz, 0.25 ms behind)
[run_subscribe_msckf-1] [0mq_GtoI = -0.010,-0.006,-0.706,0.708 | p_IinG = 1.184,7.851,-0.124 | dist = 8.10 (meters)
[run_subscribe_msckf-1] bg = 0.0005,0.0029,0.0004 | ba = -0.0056,-0.0016,0.0006
[run_subscribe_msckf-1] [34m[TIME]: 0.0017 seconds total (597.7 hz, 0.25 ms behind)
[run_subscribe_msckf-1] [0mq_GtoI = -0.008,-0.005,-0.706,0.708 | p_IinG = 1.199,7.919,-0.125 | dist = 8.17 (meters)
[run_subscribe_msckf-1] bg = 0.0005,0.0029,0.0004 | ba = -0.0056,-0.0016,0.0006
[run_subscribe_msckf-1] [34m[TIME]: 0.0015 seconds total (672.0 hz, 0.25 ms behind)
[run_subscribe_msckf-1] [0mq_GtoI = -0.006,-0.004,-0.706,0.708 | p_IinG = 1.219,8.010,-0.126 | dist = 8.26 (meters)
[run_subscribe_msckf-1] bg = 0.0005,0.0029,0.0004 | ba = -0.0056,-0.0016,0.0006
[run_subscribe_msckf-1] [34m[TIME]: 0.0016 seconds total (613.1 hz, 0.25 ms behind)
[run_subscribe_msckf-1] [0mq_GtoI = -0.005,-0.003,-0.706,0.708 | p_IinG = 1.234,8.078,-0.128 | dist = 8.33 (meters)
[run_subscribe_msckf-1] bg = 0.0005,0.0029,0.0004 | ba = -0.0056,-0.0016,0.0006
[run_subscribe_msckf-1] [34m[TIME]: 0.0017 seconds total (572.7 hz, 0.25 ms behind)
[run_subscribe_msckf-1] [0mq_GtoI = -0.003,-0.002,-0.706,0.708 | p_IinG = 1.249,8.146,-0.129 | dist = 8.40 (meters)
[run_subscribe_msckf-1] bg = 0.0005,0.0029,0.0004 | ba = -0.0056,-0.0016,0.0006
[run_subscribe_msckf-1] [34m[TIME]: 0.0017 seconds total (595.2 hz, 0.25 ms behind)
[run_subscribe_msckf-1] [0mq_GtoI = -0.002,-0.001,-0.706,0.708 | p_IinG = 1.269,8.236,-0.130 | dist = 8.49 (meters)
[run_subscribe_msckf-1] bg = 0.0005,0.0029,0.0004 | ba = -0.0056,-0.0016,0.0006
[run_subscribe_msckf-1] [34m[TIME]: 0.0016 seconds total (639.4 hz, 0.25 ms behind)
[run_subscribe_msckf-1] [0mq_GtoI = -0.001,-0.001,-0.706,0.708 | p_IinG = 1.284,8.304,-0.132 | dist = 8.56 (meters)
[run_subscribe_msckf-1] bg = 0.0005,0.0029,0.0004 | ba = -0.0056,-0.0016,0.0006
[run_subscribe_msckf-1] [34m[TIME]: 0.0017 seconds total (573.1 hz, 0.25 ms behind)
[run_subscribe_msckf-1] [0mq_GtoI = 0.001,-0.000,-0.706,0.708 | p_IinG = 1.298,8.372,-0.133 | dist = 8.63 (meters)
[run_subscribe_msckf-1] bg = 0.0005,0.0029,0.0004 | ba = -0.0056,-0.0016,0.0006
[run_subscribe_msckf-1] [34m[TIME]: 0.0016 seconds total (642.7 hz, 0.25 ms behind)
[run_subscribe_msckf-1] [0mq_GtoI = 0.002,0.001,-0.706,0.708 | p_IinG = 1.318,8.462,-0.134 | dist = 8.72 (meters)
[run_subscribe_msckf-1] bg = 0.0005,0.0029,0.0004 | ba = -0.0056,-0.0016,0.0006
[run_subscribe_msckf-1] [34m[TIME]: 0.0022 seconds total (445.6 hz, 0.25 ms behind)
[run_subscribe_msckf-1] [0mq_GtoI = 0.003,0.001,-0.706,0.708 | p_IinG = 1.333,8.529,-0.135 | dist = 8.79 (meters)
[run_subscribe_msckf-1] bg = 0.0005,0.0029,0.0004 | ba = -0.0056,-0.0016,0.0006
[run_subscribe_msckf-1] [34m[TIME]: 0.0017 seconds total (601.0 hz, 0.25 ms behind)
[run_subscribe_msckf-1] [0mq_GtoI = 0.004,0.002,-0.706,0.708 | p_IinG = 1.348,8.596,-0.137 | dist = 8.86 (meters)
[run_subscribe_msckf-1] bg = 0.0005,0.0029,0.0004 | ba = -0.0056,-0.0016,0.0006
[run_subscribe_msckf-1] [34m[TIME]: 0.0016 seconds total (633.7 hz, 0.25 ms behind)
[run_subscribe_msckf-1] [0mq_GtoI = 0.004,0.002,-0.706,0.708 | p_IinG = 1.367,8.684,-0.138 | dist = 8.95 (meters)
[run_subscribe_msckf-1] bg = 0.0005,0.0029,0.0004 | ba = -0.0056,-0.0016,0.0006
[run_subscribe_msckf-1] [34m[TIME]: 0.0017 seconds total (599.2 hz, 0.25 ms behind)
[run_subscribe_msckf-1] [0mq_GtoI = 0.005,0.002,-0.706,0.708 | p_IinG = 1.382,8.751,-0.139 | dist = 9.02 (meters)
[run_subscribe_msckf-1] bg = 0.0005,0.0029,0.0004 | ba = -0.0056,-0.0016,0.0006
[run_subscribe_msckf-1] [34m[TIME]: 0.0016 seconds total (632.9 hz, 0.25 ms behind)
[run_subscribe_msckf-1] [0mq_GtoI = 0.005,0.003,-0.706,0.708 | p_IinG = 1.396,8.816,-0.140 | dist = 9.09 (meters)
[run_subscribe_msckf-1] bg = 0.0005,0.0029,0.0004 | ba = -0.0056,-0.0016,0.0006
[run_subscribe_msckf-1] [34m[TIME]: 0.0017 seconds total (595.6 hz, 0.25 ms behind)
[run_subscribe_msckf-1] [0mq_GtoI = 0.005,0.003,-0.706,0.708 | p_IinG = 1.415,8.904,-0.142 | dist = 9.18 (meters)
[run_subscribe_msckf-1] bg = 0.0005,0.0029,0.0004 | ba = -0.0056,-0.0016,0.0006
[run_subscribe_msckf-1] [34m[TIME]: 0.0017 seconds total (602.4 hz, 0.25 ms behind)
[run_subscribe_msckf-1] [0mq_GtoI = 0.006,0.003,-0.706,0.708 | p_IinG = 1.429,8.969,-0.143 | dist = 9.24 (meters)
[run_subscribe_msckf-1] bg = 0.0005,0.0029,0.0004 | ba = -0.0056,-0.0016,0.0006
[run_subscribe_msckf-1] [34m[TIME]: 0.0018 seconds total (569.5 hz, 0.25 ms behind)
[run_subscribe_msckf-1] [0mq_GtoI = 0.005,0.003,-0.706,0.708 | p_IinG = 1.443,9.034,-0.144 | dist = 9.31 (meters)
[run_subscribe_msckf-1] bg = 0.0005,0.0029,0.0004 | ba = -0.0056,-0.0016,0.0006
[run_subscribe_msckf-1] [34m[TIME]: 0.0017 seconds total (594.2 hz, 0.25 ms behind)
[run_subscribe_msckf-1] [0mq_GtoI = 0.005,0.003,-0.706,0.708 | p_IinG = 1.462,9.120,-0.146 | dist = 9.40 (meters)
[run_subscribe_msckf-1] bg = 0.0005,0.0029,0.0004 | ba = -0.0056,-0.0016,0.0006
[run_subscribe_msckf-1] [34m[TIME]: 0.0016 seconds total (616.5 hz, 0.25 ms behind)
[run_subscribe_msckf-1] [0mq_GtoI = 0.005,0.002,-0.706,0.708 | p_IinG = 1.476,9.184,-0.147 | dist = 9.46 (meters)
[run_subscribe_msckf-1] bg = 0.0005,0.0029,0.0004 | ba = -0.0056,-0.0016,0.0006
[run_subscribe_msckf-1] [34m[TIME]: 0.0017 seconds total (585.5 hz, 0.25 ms behind)
[run_subscribe_msckf-1] [0mq_GtoI = 0.004,0.002,-0.706,0.708 | p_IinG = 1.490,9.247,-0.148 | dist = 9.53 (meters)
[run_subscribe_msckf-1] bg = 0.0005,0.0029,0.0004 | ba = -0.0056,-0.0016,0.0006
[run_subscribe_msckf-1] [34m[TIME]: 0.0016 seconds total (610.1 hz, 0.25 ms behind)
[run_subscribe_msckf-1] [0mq_GtoI = 0.003,0.002,-0.706,0.708 | p_IinG = 1.508,9.332,-0.149 | dist = 9.61 (meters)
[run_subscribe_msckf-1] bg = 0.0005,0.0029,0.0004 | ba = -0.0056,-0.0016,0.0006
[run_subscribe_msckf-1] [34m[TIME]: 0.0023 seconds total (432.2 hz, 0.25 ms behind)
[run_subscribe_msckf-1] [0mq_GtoI = 0.002,0.001,-0.706,0.708 | p_IinG = 1.522,9.395,-0.150 | dist = 9.68 (meters)
[run_subscribe_msckf-1] bg = 0.0005,0.0029,0.0004 | ba = -0.0056,-0.0016,0.0006
[run_subscribe_msckf-1] [34m[TIME]: 0.0017 seconds total (582.8 hz, 0.25 ms behind)
[run_subscribe_msckf-1] [0mq_GtoI = 0.001,0.000,-0.706,0.708 | p_IinG = 1.536,9.458,-0.151 | dist = 9.74 (meters)
[run_subscribe_msckf-1] bg = 0.0005,0.0029,0.0004 | ba = -0.0056,-0.0016,0.0006
[run_subscribe_msckf-1] [34m[TIME]: 0.0017 seconds total (573.1 hz, 0.25 ms behind)
[run_subscribe_msckf-1] [0mq_GtoI = -0.000,-0.000,-0.706,0.708 | p_IinG = 1.554,9.541,-0.152 | dist = 9.83 (meters)
[run_subscribe_msckf-1] bg = 0.0005,0.0029,0.0004 | ba = -0.0056,-0.0016,0.0006
[run_subscribe_msckf-1] [34m[TIME]: 0.0017 seconds total (590.3 hz, 0.25 ms behind)
[run_subscribe_msckf-1] [0mq_GtoI = -0.002,-0.001,-0.706,0.708 | p_IinG = 1.567,9.603,-0.153 | dist = 9.89 (meters)
[run_subscribe_msckf-1] bg = 0.0005,0.0029,0.0004 | ba = -0.0056,-0.0016,0.0006
[run_subscribe_msckf-1] [34m[TIME]: 0.0018 seconds total (569.2 hz, 0.25 ms behind)
[run_subscribe_msckf-1] [0mq_GtoI = -0.003,-0.002,-0.706,0.708 | p_IinG = 1.581,9.666,-0.154 | dist = 9.96 (meters)
[run_subscribe_msckf-1] bg = 0.0005,0.0029,0.0004 | ba = -0.0056,-0.0016,0.0006
[run_subscribe_msckf-1] [34m[TIME]: 0.0017 seconds total (577.4 hz, 0.25 ms behind)
[run_subscribe_msckf-1] [0mq_GtoI = -0.005,-0.003,-0.706,0.708 | p_IinG = 1.599,9.748,-0.155 | dist = 10.04 (meters)
[run_subscribe_msckf-1] bg = 0.0005,0.0029,0.0004 | ba = -0.0056,-0.0016,0.0006
[run_subscribe_msckf-1] [34m[TIME]: 0.0019 seconds total (525.5 hz, 0.25 ms behind)
[run_subscribe_msckf-1] [0mq_GtoI = -0.007,-0.004,-0.706,0.708 | p_IinG = 1.612,9.811,-0.156 | dist = 10.10 (meters)
[run_subscribe_msckf-1] bg = 0.0005,0.0029,0.0004 | ba = -0.0056,-0.0016,0.0006
[run_subscribe_msckf-1] [34m[TIME]: 0.0018 seconds total (544.4 hz, 0.25 ms behind)
[run_subscribe_msckf-1] [0mq_GtoI = -0.008,-0.005,-0.706,0.708 | p_IinG = 1.626,9.873,-0.157 | dist = 10.17 (meters)
[run_subscribe_msckf-1] bg = 0.0005,0.0029,0.0004 | ba = -0.0056,-0.0016,0.0006
[run_subscribe_msckf-1] [34m[TIME]: 0.0017 seconds total (572.1 hz, 0.25 ms behind)
[run_subscribe_msckf-1] [0mq_GtoI = -0.011,-0.007,-0.706,0.708 | p_IinG = 1.644,9.956,-0.158 | dist = 10.25 (meters)
[run_subscribe_msckf-1] bg = 0.0005,0.0029,0.0004 | ba = -0.0056,-0.0016,0.0006
[run_subscribe_msckf-1] [34m[TIME]: 0.0018 seconds total (566.9 hz, 0.25 ms behind)
[run_subscribe_msckf-1] [0mq_GtoI = -0.013,-0.008,-0.706,0.708 | p_IinG = 1.658,10.018,-0.159 | dist = 10.32 (meters)
[run_subscribe_msckf-1] bg = 0.0005,0.0029,0.0004 | ba = -0.0056,-0.0016,0.0006
[run_subscribe_msckf-1] [34m[TIME]: 0.0018 seconds total (571.1 hz, 0.25 ms behind)
[run_subscribe_msckf-1] [0mq_GtoI = -0.014,-0.009,-0.706,0.708 | p_IinG = 1.671,10.080,-0.160 | dist = 10.38 (meters)
[run_subscribe_msckf-1] bg = 0.0005,0.0029,0.0004 | ba = -0.0056,-0.0016,0.0006
[run_subscribe_msckf-1] [34m[TIME]: 0.0016 seconds total (607.2 hz, 0.25 ms behind)
[run_subscribe_msckf-1] [0mq_GtoI = -0.017,-0.010,-0.706,0.708 | p_IinG = 1.690,10.164,-0.161 | dist = 10.47 (meters)
[run_subscribe_msckf-1] bg = 0.0005,0.0029,0.0004 | ba = -0.0056,-0.0016,0.0006
[run_subscribe_msckf-1] [34m[TIME]: 0.0023 seconds total (433.1 hz, 0.25 ms behind)
[run_subscribe_msckf-1] [0mq_GtoI = -0.019,-0.012,-0.706,0.708 | p_IinG = 1.703,10.227,-0.162 | dist = 10.53 (meters)
[run_subscribe_msckf-1] bg = 0.0005,0.0029,0.0004 | ba = -0.0056,-0.0016,0.0006
[run_subscribe_msckf-1] [34m[TIME]: 0.0017 seconds total (582.8 hz, 0.25 ms behind)
[run_subscribe_msckf-1] [0mq_GtoI = -0.021,-0.013,-0.706,0.708 | p_IinG = 1.717,10.291,-0.163 | dist = 10.60 (meters)
[run_subscribe_msckf-1] bg = 0.0005,0.0029,0.0004 | ba = -0.0056,-0.0016,0.0006
[run_subscribe_msckf-1] [34m[TIME]: 0.0017 seconds total (599.5 hz, 0.25 ms behind)
[run_subscribe_msckf-1] [0mq_GtoI = -0.023,-0.014,-0.705,0.708 | p_IinG = 1.736,10.376,-0.164 | dist = 10.68 (meters)
[run_subscribe_msckf-1] bg = 0.0005,0.0029,0.0004 | ba = -0.0056,-0.0016,0.0006
[run_subscribe_msckf-1] [34m[TIME]: 0.0018 seconds total (544.1 hz, 0.25 ms behind)
[run_subscribe_msckf-1] [0mq_GtoI = -0.025,-0.016,-0.705,0.708 | p_IinG = 1.750,10.441,-0.165 | dist = 10.75 (meters)
[run_subscribe_msckf-1] bg = 0.0005,0.0029,0.0004 | ba = -0.0056,-0.0016,0.0006
[run_subscribe_msckf-1] [34m[TIME]: 0.0016 seconds total (633.3 hz, 0.25 ms behind)
[run_subscribe_msckf-1] [0mq_GtoI = -0.027,-0.017,-0.705,0.708 | p_IinG = 1.765,10.506,-0.166 | dist = 10.82 (meters)
[run_subscribe_msckf-1] bg = 0.0005,0.0029,0.0004 | ba = -0.0056,-0.0016,0.0006
[run_subscribe_msckf-1] [34m[TIME]: 0.0017 seconds total (581.4 hz, 0.25 ms behind)
[run_subscribe_msckf-1] [0mq_GtoI = -0.030,-0.018,-0.705,0.708 | p_IinG = 1.784,10.594,-0.167 | dist = 10.91 (meters)
[run_subscribe_msckf-1] bg = 0.0005,0.0029,0.0004 | ba = -0.0056,-0.0016,0.0006
[run_subscribe_msckf-1] [34m[TIME]: 0.0017 seconds total (583.4 hz, 0.25 ms behind)
[run_subscribe_msckf-1] [0mq_GtoI = -0.031,-0.020,-0.705,0.708 | p_IinG = 1.799,10.661,-0.168 | dist = 10.97 (meters)
[run_subscribe_msckf-1] bg = 0.0005,0.0029,0.0004 | ba = -0.0056,-0.0016,0.0006
[run_subscribe_msckf-1] [34m[TIME]: 0.0019 seconds total (537.9 hz, 0.25 ms behind)
[run_subscribe_msckf-1] [0mq_GtoI = -0.033,-0.021,-0.705,0.708 | p_IinG = 1.814,10.728,-0.169 | dist = 11.04 (meters)
[run_subscribe_msckf-1] bg = 0.0005,0.0029,0.0004 | ba = -0.0056,-0.0016,0.0006
[run_subscribe_msckf-1] [34m[TIME]: 0.0016 seconds total (606.8 hz, 0.25 ms behind)
[run_subscribe_msckf-1] [0mq_GtoI = -0.035,-0.022,-0.705,0.708 | p_IinG = 1.834,10.820,-0.170 | dist = 11.14 (meters)
[run_subscribe_msckf-1] bg = 0.0005,0.0029,0.0004 | ba = -0.0056,-0.0016,0.0006
[run_subscribe_msckf-1] [34m[TIME]: 0.0015 seconds total (645.6 hz, 0.25 ms behind)
[run_subscribe_msckf-1] [0mq_GtoI = -0.037,-0.023,-0.705,0.708 | p_IinG = 1.849,10.889,-0.171 | dist = 11.21 (meters)
[run_subscribe_msckf-1] bg = 0.0005,0.0029,0.0004 | ba = -0.0056,-0.0016,0.0006
[run_subscribe_msckf-1] [34m[TIME]: 0.0016 seconds total (619.6 hz, 0.25 ms behind)
[run_subscribe_msckf-1] [0mq_GtoI = -0.038,-0.024,-0.705,0.708 | p_IinG = 1.865,10.960,-0.172 | dist = 11.28 (meters)
[run_subscribe_msckf-1] bg = 0.0005,0.0029,0.0004 | ba = -0.0056,-0.0016,0.0006
[run_subscribe_msckf-1] [34m[TIME]: 0.0016 seconds total (643.1 hz, 0.25 ms behind)
[run_subscribe_msckf-1] [0mq_GtoI = -0.040,-0.025,-0.705,0.708 | p_IinG = 1.886,11.055,-0.173 | dist = 11.38 (meters)
[run_subscribe_msckf-1] bg = 0.0005,0.0029,0.0004 | ba = -0.0056,-0.0016,0.0006
[run_subscribe_msckf-1] [34m[TIME]: 0.0022 seconds total (444.4 hz, 0.25 ms behind)
[run_subscribe_msckf-1] [0mq_GtoI = -0.041,-0.026,-0.705,0.708 | p_IinG = 1.902,11.128,-0.175 | dist = 11.45 (meters)
[run_subscribe_msckf-1] bg = 0.0005,0.0029,0.0004 | ba = -0.0056,-0.0016,0.0006
[run_subscribe_msckf-1] [34m[TIME]: 0.0015 seconds total (663.6 hz, 0.25 ms behind)
[run_subscribe_msckf-1] [0mq_GtoI = -0.042,-0.027,-0.705,0.708 | p_IinG = 1.919,11.202,-0.176 | dist = 11.53 (meters)
[run_subscribe_msckf-1] bg = 0.0005,0.0029,0.0004 | ba = -0.0056,-0.0016,0.0006
[run_subscribe_msckf-1] [34m[TIME]: 0.0016 seconds total (635.3 hz, 0.25 ms behind)
[run_subscribe_msckf-1] [0mq_GtoI = -0.043,-0.027,-0.705,0.708 | p_IinG = 1.941,11.302,-0.177 | dist = 11.63 (meters)
[run_subscribe_msckf-1] bg = 0.0005,0.0029,0.0004 | ba = -0.0056,-0.0016,0.0006
[run_subscribe_msckf-1] [34m[TIME]: 0.0016 seconds total (625.0 hz, 0.25 ms behind)
[run_subscribe_msckf-1] [0mq_GtoI = -0.043,-0.028,-0.705,0.708 | p_IinG = 1.958,11.378,-0.179 | dist = 11.71 (meters)
[run_subscribe_msckf-1] bg = 0.0005,0.0029,0.0004 | ba = -0.0056,-0.0016,0.0006
[run_subscribe_msckf-1] [34m[TIME]: 0.0015 seconds total (684.5 hz, 0.25 ms behind)
[run_subscribe_msckf-1] [0mq_GtoI = -0.044,-0.028,-0.705,0.708 | p_IinG = 1.975,11.456,-0.180 | dist = 11.79 (meters)
[run_subscribe_msckf-1] bg = 0.0005,0.0029,0.0004 | ba = -0.0056,-0.0016,0.0006
[run_subscribe_msckf-1] [34m[TIME]: 0.0015 seconds total (654.9 hz, 0.25 ms behind)
[run_subscribe_msckf-1] [0mq_GtoI = -0.044,-0.029,-0.705,0.708 | p_IinG = 1.998,11.561,-0.182 | dist = 11.90 (meters)
[run_subscribe_msckf-1] bg = 0.0005,0.0029,0.0004 | ba = -0.0056,-0.0016,0.0006
[run_subscribe_msckf-1] [34m[TIME]: 0.0016 seconds total (636.5 hz, 0.25 ms behind)
[run_subscribe_msckf-1] [0mq_GtoI = -0.044,-0.029,-0.705,0.707 | p_IinG = 2.016,11.641,-0.184 | dist = 11.98 (meters)
[run_subscribe_msckf-1] bg = 0.0005,0.0029,0.0004 | ba = -0.0056,-0.0016,0.0006
[run_subscribe_msckf-1] [34m[TIME]: 0.0017 seconds total (572.7 hz, 0.25 ms behind)
[run_subscribe_msckf-1] [0mq_GtoI = -0.044,-0.029,-0.705,0.707 | p_IinG = 2.034,11.723,-0.185 | dist = 12.06 (meters)
[run_subscribe_msckf-1] bg = 0.0005,0.0029,0.0004 | ba = -0.0056,-0.0016,0.0006
[run_subscribe_msckf-1] [34m[TIME]: 0.0016 seconds total (637.8 hz, 0.25 ms behind)
[run_subscribe_msckf-1] [0mq_GtoI = -0.044,-0.029,-0.705,0.707 | p_IinG = 2.059,11.833,-0.187 | dist = 12.17 (meters)
[run_subscribe_msckf-1] bg = 0.0005,0.0029,0.0004 | ba = -0.0056,-0.0016,0.0006
[run_subscribe_msckf-1] [34m[TIME]: 0.0016 seconds total (643.1 hz, 0.25 ms behind)
[run_subscribe_msckf-1] [0mq_GtoI = -0.043,-0.029,-0.705,0.707 | p_IinG = 2.077,11.917,-0.189 | dist = 12.26 (meters)
[run_subscribe_msckf-1] bg = 0.0005,0.0029,0.0004 | ba = -0.0056,-0.0016,0.0006
[run_subscribe_msckf-1] [34m[TIME]: 0.0016 seconds total (621.1 hz, 0.25 ms behind)
[run_subscribe_msckf-1] [0mq_GtoI = -0.042,-0.028,-0.705,0.707 | p_IinG = 2.096,12.002,-0.191 | dist = 12.35 (meters)
[run_subscribe_msckf-1] bg = 0.0005,0.0029,0.0004 | ba = -0.0056,-0.0016,0.0006
[run_subscribe_msckf-1] [34m[TIME]: 0.0015 seconds total (668.0 hz, 0.25 ms behind)
[run_subscribe_msckf-1] [0mq_GtoI = -0.041,-0.028,-0.705,0.708 | p_IinG = 2.121,12.118,-0.193 | dist = 12.47 (meters)
[run_subscribe_msckf-1] bg = 0.0005,0.0029,0.0004 | ba = -0.0056,-0.0016,0.0006
[run_subscribe_msckf-1] [34m[TIME]: 0.0022 seconds total (450.7 hz, 0.25 ms behind)
[run_subscribe_msckf-1] [0mq_GtoI = -0.040,-0.028,-0.705,0.708 | p_IinG = 2.141,12.206,-0.195 | dist = 12.56 (meters)
[run_subscribe_msckf-1] bg = 0.0005,0.0029,0.0004 | ba = -0.0056,-0.0016,0.0006
[run_subscribe_msckf-1] [34m[TIME]: 0.0016 seconds total (625.4 hz, 0.25 ms behind)
[run_subscribe_msckf-1] [0mq_GtoI = -0.039,-0.027,-0.705,0.708 | p_IinG = 2.160,12.295,-0.197 | dist = 12.65 (meters)
[run_subscribe_msckf-1] bg = 0.0005,0.0029,0.0004 | ba = -0.0056,-0.0016,0.0006
[run_subscribe_msckf-1] [34m[TIME]: 0.0016 seconds total (642.3 hz, 0.25 ms behind)
[run_subscribe_msckf-1] [0mq_GtoI = -0.038,-0.026,-0.705,0.708 | p_IinG = 2.186,12.415,-0.199 | dist = 12.77 (meters)
[run_subscribe_msckf-1] bg = 0.0005,0.0029,0.0004 | ba = -0.0056,-0.0016,0.0006
[run_subscribe_msckf-1] [34m[TIME]: 0.0015 seconds total (650.6 hz, 0.25 ms behind)
[run_subscribe_msckf-1] [0mq_GtoI = -0.036,-0.025,-0.705,0.708 | p_IinG = 2.206,12.506,-0.201 | dist = 12.86 (meters)
[run_subscribe_msckf-1] bg = 0.0005,0.0029,0.0004 | ba = -0.0056,-0.0016,0.0006
[run_subscribe_msckf-1] [34m[TIME]: 0.0014 seconds total (690.1 hz, 0.25 ms behind)
[run_subscribe_msckf-1] [0mq_GtoI = -0.035,-0.024,-0.705,0.708 | p_IinG = 2.226,12.598,-0.203 | dist = 12.96 (meters)
[run_subscribe_msckf-1] bg = 0.0005,0.0029,0.0004 | ba = -0.0056,-0.0016,0.0006
[run_subscribe_msckf-1] [34m[TIME]: 0.0016 seconds total (641.4 hz, 0.25 ms behind)
[run_subscribe_msckf-1] [0mq_GtoI = -0.032,-0.023,-0.705,0.708 | p_IinG = 2.254,12.723,-0.206 | dist = 13.09 (meters)
[run_subscribe_msckf-1] bg = 0.0005,0.0029,0.0004 | ba = -0.0056,-0.0016,0.0006
[run_subscribe_msckf-1] [34m[TIME]: 0.0015 seconds total (664.9 hz, 0.25 ms behind)
[run_subscribe_msckf-1] [0mq_GtoI = -0.031,-0.022,-0.705,0.708 | p_IinG = 2.274,12.817,-0.208 | dist = 13.18 (meters)
[run_subscribe_msckf-1] bg = 0.0005,0.0029,0.0004 | ba = -0.0056,-0.0016,0.0006
[run_subscribe_msckf-1] [34m[TIME]: 0.0016 seconds total (628.1 hz, 0.25 ms behind)
[run_subscribe_msckf-1] [0mq_GtoI = -0.029,-0.021,-0.706,0.708 | p_IinG = 2.294,12.912,-0.210 | dist = 13.28 (meters)
[run_subscribe_msckf-1] bg = 0.0005,0.0029,0.0004 | ba = -0.0056,-0.0016,0.0006
[run_subscribe_msckf-1] [34m[TIME]: 0.0015 seconds total (651.5 hz, 0.25 ms behind)
[run_subscribe_msckf-1] [0mq_GtoI = -0.026,-0.019,-0.706,0.708 | p_IinG = 2.322,13.040,-0.213 | dist = 13.41 (meters)
[run_subscribe_msckf-1] bg = 0.0005,0.0029,0.0004 | ba = -0.0056,-0.0016,0.0006
[run_subscribe_msckf-1] [34m[TIME]: 0.0015 seconds total (662.3 hz, 0.25 ms behind)
[run_subscribe_msckf-1] [0mq_GtoI = -0.024,-0.018,-0.706,0.708 | p_IinG = 2.343,13.137,-0.215 | dist = 13.51 (meters)
[run_subscribe_msckf-1] bg = 0.0005,0.0029,0.0004 | ba = -0.0056,-0.0016,0.0006
[run_subscribe_msckf-1] [34m[TIME]: 0.0015 seconds total (655.7 hz, 0.25 ms behind)
[run_subscribe_msckf-1] [0mq_GtoI = -0.022,-0.017,-0.706,0.708 | p_IinG = 2.364,13.234,-0.217 | dist = 13.61 (meters)
[run_subscribe_msckf-1] bg = 0.0005,0.0029,0.0004 | ba = -0.0056,-0.0016,0.0006
[run_subscribe_msckf-1] [34m[TIME]: 0.0017 seconds total (595.9 hz, 0.25 ms behind)
[run_subscribe_msckf-1] [0mq_GtoI = -0.019,-0.015,-0.706,0.708 | p_IinG = 2.392,13.365,-0.220 | dist = 13.74 (meters)
[run_subscribe_msckf-1] bg = 0.0005,0.0029,0.0004 | ba = -0.0056,-0.0016,0.0006
[run_subscribe_msckf-1] [34m[TIME]: 0.0021 seconds total (468.8 hz, 0.25 ms behind)
[run_subscribe_msckf-1] [0mq_GtoI = -0.017,-0.013,-0.706,0.708 | p_IinG = 2.413,13.464,-0.222 | dist = 13.84 (meters)
[run_subscribe_msckf-1] bg = 0.0005,0.0029,0.0004 | ba = -0.0056,-0.0016,0.0006
[run_subscribe_msckf-1] [34m[TIME]: 0.0016 seconds total (617.7 hz, 0.25 ms behind)
[run_subscribe_msckf-1] [0mq_GtoI = -0.015,-0.012,-0.706,0.708 | p_IinG = 2.434,13.562,-0.224 | dist = 13.95 (meters)
[run_subscribe_msckf-1] bg = 0.0005,0.0029,0.0004 | ba = -0.0056,-0.0016,0.0006
[run_subscribe_msckf-1] [34m[TIME]: 0.0015 seconds total (663.1 hz, 0.25 ms behind)
[run_subscribe_msckf-1] [0mq_GtoI = -0.012,-0.010,-0.706,0.708 | p_IinG = 2.462,13.695,-0.227 | dist = 14.08 (meters)
[run_subscribe_msckf-1] bg = 0.0005,0.0029,0.0004 | ba = -0.0056,-0.0016,0.0006
[run_subscribe_msckf-1] [34m[TIME]: 0.0017 seconds total (600.2 hz, 0.25 ms behind)
[run_subscribe_msckf-1] [0mq_GtoI = -0.010,-0.009,-0.706,0.708 | p_IinG = 2.483,13.794,-0.229 | dist = 14.18 (meters)
[run_subscribe_msckf-1] bg = 0.0005,0.0029,0.0004 | ba = -0.0056,-0.0016,0.0006
[run_subscribe_msckf-1] [34m[TIME]: 0.0016 seconds total (639.0 hz, 0.25 ms behind)
[run_subscribe_msckf-1] [0mq_GtoI = -0.008,-0.007,-0.706,0.708 | p_IinG = 2.504,13.894,-0.231 | dist = 14.28 (meters)
[run_subscribe_msckf-1] bg = 0.0005,0.0029,0.0004 | ba = -0.0056,-0.0016,0.0006
[run_subscribe_msckf-1] [34m[TIME]: 0.0016 seconds total (620.7 hz, 0.25 ms behind)
[run_subscribe_msckf-1] [0mq_GtoI = -0.005,-0.005,-0.706,0.708 | p_IinG = 2.532,14.027,-0.234 | dist = 14.42 (meters)
[run_subscribe_msckf-1] bg = 0.0005,0.0029,0.0004 | ba = -0.0056,-0.0016,0.0006
[run_subscribe_msckf-1] [34m[TIME]: 0.0016 seconds total (623.8 hz, 0.25 ms behind)
[run_subscribe_msckf-1] [0mq_GtoI = -0.003,-0.004,-0.706,0.708 | p_IinG = 2.553,14.126,-0.236 | dist = 14.52 (meters)
[run_subscribe_msckf-1] bg = 0.0005,0.0029,0.0004 | ba = -0.0056,-0.0016,0.0006
[run_subscribe_msckf-1] [34m[TIME]: 0.0018 seconds total (566.3 hz, 0.25 ms behind)
[run_subscribe_msckf-1] [0mq_GtoI = -0.001,-0.003,-0.706,0.708 | p_IinG = 2.574,14.226,-0.238 | dist = 14.62 (meters)
[run_subscribe_msckf-1] bg = 0.0005,0.0029,0.0004 | ba = -0.0056,-0.0016,0.0006
[run_subscribe_msckf-1] [34m[TIME]: 0.0017 seconds total (596.3 hz, 0.25 ms behind)
[run_subscribe_msckf-1] [0mq_GtoI = 0.001,-0.001,-0.706,0.708 | p_IinG = 2.601,14.358,-0.240 | dist = 14.76 (meters)
[run_subscribe_msckf-1] bg = 0.0005,0.0029,0.0004 | ba = -0.0056,-0.0016,0.0006
[run_subscribe_msckf-1] [34m[TIME]: 0.0016 seconds total (623.8 hz, 0.25 ms behind)
[run_subscribe_msckf-1] [0mq_GtoI = 0.002,0.000,-0.706,0.708 | p_IinG = 2.622,14.458,-0.242 | dist = 14.86 (meters)
[run_subscribe_msckf-1] bg = 0.0005,0.0029,0.0004 | ba = -0.0056,-0.0016,0.0006
[run_subscribe_msckf-1] [34m[TIME]: 0.0018 seconds total (540.5 hz, 0.25 ms behind)
[run_subscribe_msckf-1] [0mq_GtoI = 0.004,0.002,-0.706,0.708 | p_IinG = 2.643,14.557,-0.244 | dist = 14.96 (meters)
[run_subscribe_msckf-1] bg = 0.0005,0.0029,0.0004 | ba = -0.0056,-0.0016,0.0006
[run_subscribe_msckf-1] [34m[TIME]: 0.0018 seconds total (554.3 hz, 0.25 ms behind)
[run_subscribe_msckf-1] [0mq_GtoI = 0.005,0.003,-0.706,0.708 | p_IinG = 2.670,14.688,-0.247 | dist = 15.10 (meters)
[run_subscribe_msckf-1] bg = 0.0005,0.0029,0.0004 | ba = -0.0056,-0.0016,0.0006
[run_subscribe_msckf-1] [34m[TIME]: 0.0024 seconds total (414.8 hz, 0.25 ms behind)
[run_subscribe_msckf-1] [0mq_GtoI = 0.007,0.004,-0.706,0.708 | p_IinG = 2.691,14.786,-0.249 | dist = 15.20 (meters)
[run_subscribe_msckf-1] bg = 0.0005,0.0029,0.0004 | ba = -0.0056,-0.0016,0.0006
[run_subscribe_msckf-1] [34m[TIME]: 0.0018 seconds total (551.9 hz, 0.25 ms behind)
[run_subscribe_msckf-1] [0mq_GtoI = 0.008,0.005,-0.706,0.708 | p_IinG = 2.711,14.884,-0.251 | dist = 15.30 (meters)
[run_subscribe_msckf-1] bg = 0.0005,0.0029,0.0004 | ba = -0.0056,-0.0016,0.0006
[run_subscribe_msckf-1] [34m[TIME]: 0.0017 seconds total (591.4 hz, 0.25 ms behind)
[run_subscribe_msckf-1] [0mq_GtoI = 0.009,0.006,-0.706,0.708 | p_IinG = 2.738,15.014,-0.253 | dist = 15.43 (meters)
[run_subscribe_msckf-1] bg = 0.0005,0.0029,0.0004 | ba = -0.0056,-0.0016,0.0006
[run_subscribe_msckf-1] [34m[TIME]: 0.0017 seconds total (572.4 hz, 0.25 ms behind)
[run_subscribe_msckf-1] [0mq_GtoI = 0.009,0.006,-0.706,0.708 | p_IinG = 2.758,15.111,-0.255 | dist = 15.53 (meters)
[run_subscribe_msckf-1] bg = 0.0005,0.0029,0.0004 | ba = -0.0056,-0.0016,0.0006
[run_subscribe_msckf-1] [34m[TIME]: 0.0016 seconds total (615.4 hz, 0.25 ms behind)
[run_subscribe_msckf-1] [0mq_GtoI = 0.010,0.007,-0.706,0.708 | p_IinG = 2.778,15.207,-0.257 | dist = 15.63 (meters)
[run_subscribe_msckf-1] bg = 0.0005,0.0029,0.0004 | ba = -0.0056,-0.0016,0.0006
[run_subscribe_msckf-1] [34m[TIME]: 0.0019 seconds total (534.2 hz, 0.25 ms behind)
[run_subscribe_msckf-1] [0mq_GtoI = 0.010,0.007,-0.706,0.708 | p_IinG = 2.805,15.334,-0.259 | dist = 15.76 (meters)
[run_subscribe_msckf-1] bg = 0.0005,0.0029,0.0004 | ba = -0.0056,-0.0016,0.0006
[run_subscribe_msckf-1] [34m[TIME]: 0.0017 seconds total (578.7 hz, 0.25 ms behind)
[run_subscribe_msckf-1] [0mq_GtoI = 0.010,0.008,-0.706,0.708 | p_IinG = 2.825,15.429,-0.261 | dist = 15.85 (meters)
[run_subscribe_msckf-1] bg = 0.0005,0.0029,0.0004 | ba = -0.0056,-0.0016,0.0006
[run_subscribe_msckf-1] [34m[TIME]: 0.0019 seconds total (526.3 hz, 0.25 ms behind)
[run_subscribe_msckf-1] [0mq_GtoI = 0.009,0.008,-0.706,0.708 | p_IinG = 2.845,15.524,-0.263 | dist = 15.95 (meters)
[run_subscribe_msckf-1] bg = 0.0005,0.0029,0.0004 | ba = -0.0056,-0.0016,0.0006
[run_subscribe_msckf-1] [34m[TIME]: 0.0018 seconds total (548.2 hz, 0.25 ms behind)
[run_subscribe_msckf-1] [0mq_GtoI = 0.009,0.008,-0.706,0.708 | p_IinG = 2.871,15.649,-0.265 | dist = 16.08 (meters)
[run_subscribe_msckf-1] bg = 0.0005,0.0029,0.0004 | ba = -0.0056,-0.0016,0.0006
[run_subscribe_msckf-1] [34m[TIME]: 0.0019 seconds total (519.2 hz, 0.25 ms behind)
[run_subscribe_msckf-1] [0mq_GtoI = 0.008,0.007,-0.706,0.708 | p_IinG = 2.891,15.742,-0.267 | dist = 16.17 (meters)
[run_subscribe_msckf-1] bg = 0.0005,0.0029,0.0004 | ba = -0.0056,-0.0016,0.0006
[run_subscribe_msckf-1] [34m[TIME]: 0.0019 seconds total (528.5 hz, 0.25 ms behind)
[run_subscribe_msckf-1] [0mq_GtoI = 0.007,0.007,-0.706,0.708 | p_IinG = 2.910,15.835,-0.269 | dist = 16.27 (meters)
[run_subscribe_msckf-1] bg = 0.0005,0.0029,0.0004 | ba = -0.0056,-0.0016,0.0006
[run_subscribe_msckf-1] [34m[TIME]: 0.0017 seconds total (583.1 hz, 0.25 ms behind)
[run_subscribe_msckf-1] [0mq_GtoI = 0.006,0.007,-0.706,0.708 | p_IinG = 2.936,15.958,-0.271 | dist = 16.39 (meters)
[run_subscribe_msckf-1] bg = 0.0005,0.0029,0.0004 | ba = -0.0056,-0.0016,0.0006
[run_subscribe_msckf-1] [34m[TIME]: 0.0024 seconds total (415.8 hz, 0.25 ms behind)
[run_subscribe_msckf-1] [0mq_GtoI = 0.005,0.006,-0.706,0.708 | p_IinG = 2.956,16.050,-0.273 | dist = 16.49 (meters)
[run_subscribe_msckf-1] bg = 0.0005,0.0029,0.0004 | ba = -0.0056,-0.0016,0.0006
[run_subscribe_msckf-1] [34m[TIME]: 0.0019 seconds total (532.2 hz, 0.25 ms behind)
[run_subscribe_msckf-1] [0mq_GtoI = 0.003,0.005,-0.706,0.708 | p_IinG = 2.975,16.141,-0.274 | dist = 16.58 (meters)
[run_subscribe_msckf-1] bg = 0.0005,0.0029,0.0004 | ba = -0.0056,-0.0016,0.0006
[run_subscribe_msckf-1] [34m[TIME]: 0.0018 seconds total (552.8 hz, 0.25 ms behind)
[run_subscribe_msckf-1] [0mq_GtoI = 0.001,0.004,-0.706,0.708 | p_IinG = 3.001,16.262,-0.277 | dist = 16.70 (meters)
[run_subscribe_msckf-1] bg = 0.0005,0.0029,0.0004 | ba = -0.0056,-0.0016,0.0006
[run_subscribe_msckf-1] [34m[TIME]: 0.0018 seconds total (547.3 hz, 0.25 ms behind)
[run_subscribe_msckf-1] [0mq_GtoI = -0.000,0.003,-0.706,0.708 | p_IinG = 3.021,16.352,-0.278 | dist = 16.80 (meters)
[run_subscribe_msckf-1] bg = 0.0005,0.0029,0.0004 | ba = -0.0056,-0.0016,0.0006
[run_subscribe_msckf-1] [34m[TIME]: 0.0017 seconds total (592.1 hz, 0.25 ms behind)
[run_subscribe_msckf-1] [0mq_GtoI = -0.002,0.002,-0.706,0.708 | p_IinG = 3.040,16.443,-0.280 | dist = 16.89 (meters)
[run_subscribe_msckf-1] bg = 0.0005,0.0029,0.0004 | ba = -0.0056,-0.0016,0.0006
[run_subscribe_msckf-1] [34m[TIME]: 0.0018 seconds total (565.9 hz, 0.25 ms behind)
[run_subscribe_msckf-1] [0mq_GtoI = -0.005,0.000,-0.706,0.708 | p_IinG = 3.066,16.562,-0.282 | dist = 17.01 (meters)
[run_subscribe_msckf-1] bg = 0.0005,0.0029,0.0004 | ba = -0.0056,-0.0016,0.0006
[run_subscribe_msckf-1] [34m[TIME]: 0.0018 seconds total (565.0 hz, 0.25 ms behind)
[run_subscribe_msckf-1] [0mq_GtoI = -0.007,-0.001,-0.706,0.708 | p_IinG = 3.086,16.652,-0.283 | dist = 17.10 (meters)
[run_subscribe_msckf-1] bg = 0.0005,0.0029,0.0004 | ba = -0.0056,-0.0016,0.0006
[run_subscribe_msckf-1] [34m[TIME]: 0.0018 seconds total (565.3 hz, 0.25 ms behind)
[run_subscribe_msckf-1] [0mq_GtoI = -0.009,-0.002,-0.706,0.708 | p_IinG = 3.105,16.742,-0.285 | dist = 17.20 (meters)
[run_subscribe_msckf-1] bg = 0.0005,0.0029,0.0004 | ba = -0.0056,-0.0016,0.0006
[run_subscribe_msckf-1] [34m[TIME]: 0.0018 seconds total (566.6 hz, 0.25 ms behind)
[run_subscribe_msckf-1] [0mq_GtoI = -0.013,-0.005,-0.706,0.708 | p_IinG = 3.132,16.861,-0.287 | dist = 17.32 (meters)
[run_subscribe_msckf-1] bg = 0.0005,0.0029,0.0004 | ba = -0.0056,-0.0016,0.0006
[run_subscribe_msckf-1] [34m[TIME]: 0.0017 seconds total (589.6 hz, 0.25 ms behind)
[run_subscribe_msckf-1] [0mq_GtoI = -0.015,-0.006,-0.706,0.708 | p_IinG = 3.152,16.951,-0.288 | dist = 17.41 (meters)
[run_subscribe_msckf-1] bg = 0.0005,0.0029,0.0004 | ba = -0.0056,-0.0016,0.0006
[run_subscribe_msckf-1] [34m[TIME]: 0.0018 seconds total (545.0 hz, 0.25 ms behind)
[run_subscribe_msckf-1] [0mq_GtoI = -0.018,-0.008,-0.706,0.708 | p_IinG = 3.172,17.041,-0.289 | dist = 17.50 (meters)
[run_subscribe_msckf-1] bg = 0.0005,0.0029,0.0004 | ba = -0.0056,-0.0016,0.0006
[run_subscribe_msckf-1] [34m[TIME]: 0.0017 seconds total (577.0 hz, 0.25 ms behind)
[run_subscribe_msckf-1] [0mq_GtoI = -0.021,-0.010,-0.706,0.708 | p_IinG = 3.199,17.162,-0.291 | dist = 17.63 (meters)
[run_subscribe_msckf-1] bg = 0.0005,0.0029,0.0004 | ba = -0.0056,-0.0016,0.0006
[run_subscribe_msckf-1] [34m[TIME]: 0.0023 seconds total (428.8 hz, 0.25 ms behind)
[run_subscribe_msckf-1] [0mq_GtoI = -0.023,-0.012,-0.706,0.708 | p_IinG = 3.219,17.252,-0.293 | dist = 17.72 (meters)
[run_subscribe_msckf-1] bg = 0.0005,0.0029,0.0004 | ba = -0.0056,-0.0016,0.0006
[run_subscribe_msckf-1] [34m[TIME]: 0.0017 seconds total (573.7 hz, 0.25 ms behind)
[run_subscribe_msckf-1] [0mq_GtoI = -0.026,-0.014,-0.706,0.708 | p_IinG = 3.240,17.343,-0.294 | dist = 17.81 (meters)
[run_subscribe_msckf-1] bg = 0.0005,0.0029,0.0004 | ba = -0.0056,-0.0016,0.0006
[run_subscribe_msckf-1] [34m[TIME]: 0.0017 seconds total (575.4 hz, 0.25 ms behind)
[run_subscribe_msckf-1] [0mq_GtoI = -0.029,-0.016,-0.706,0.708 | p_IinG = 3.267,17.466,-0.296 | dist = 17.94 (meters)
[run_subscribe_msckf-1] bg = 0.0005,0.0029,0.0004 | ba = -0.0056,-0.0016,0.0006
[run_subscribe_msckf-1] [34m[TIME]: 0.0019 seconds total (535.0 hz, 0.25 ms behind)
[run_subscribe_msckf-1] [0mq_GtoI = -0.032,-0.018,-0.706,0.708 | p_IinG = 3.288,17.558,-0.297 | dist = 18.03 (meters)
[run_subscribe_msckf-1] bg = 0.0005,0.0029,0.0004 | ba = -0.0056,-0.0016,0.0006
[run_subscribe_msckf-1] [34m[TIME]: 0.0016 seconds total (625.4 hz, 0.25 ms behind)
[run_subscribe_msckf-1] [0mq_GtoI = -0.034,-0.020,-0.705,0.708 | p_IinG = 3.309,17.651,-0.299 | dist = 18.13 (meters)
[run_subscribe_msckf-1] bg = 0.0005,0.0029,0.0004 | ba = -0.0056,-0.0016,0.0006
[run_subscribe_msckf-1] [34m[TIME]: 0.0017 seconds total (591.7 hz, 0.25 ms behind)
[run_subscribe_msckf-1] [0mq_GtoI = -0.037,-0.022,-0.705,0.708 | p_IinG = 3.338,17.777,-0.300 | dist = 18.26 (meters)
[run_subscribe_msckf-1] bg = 0.0005,0.0029,0.0004 | ba = -0.0056,-0.0016,0.0006
[run_subscribe_msckf-1] [34m[TIME]: 0.0016 seconds total (615.0 hz, 0.25 ms behind)
[run_subscribe_msckf-1] [0mq_GtoI = -0.039,-0.024,-0.705,0.707 | p_IinG = 3.360,17.872,-0.302 | dist = 18.35 (meters)
[run_subscribe_msckf-1] bg = 0.0005,0.0029,0.0004 | ba = -0.0056,-0.0016,0.0006
[run_subscribe_msckf-1] [34m[TIME]: 0.0018 seconds total (555.2 hz, 0.25 ms behind)
[run_subscribe_msckf-1] [0mq_GtoI = -0.042,-0.026,-0.705,0.707 | p_IinG = 3.382,17.968,-0.303 | dist = 18.45 (meters)
[run_subscribe_msckf-1] bg = 0.0005,0.0029,0.0004 | ba = -0.0056,-0.0016,0.0006
[run_subscribe_msckf-1] [34m[TIME]: 0.0017 seconds total (605.0 hz, 0.25 ms behind)
[run_subscribe_msckf-1] [0mq_GtoI = -0.044,-0.028,-0.705,0.707 | p_IinG = 3.412,18.098,-0.305 | dist = 18.59 (meters)
[run_subscribe_msckf-1] bg = 0.0005,0.0029,0.0004 | ba = -0.0056,-0.0016,0.0006
[run_subscribe_msckf-1] [34m[TIME]: 0.0016 seconds total (613.1 hz, 0.25 ms behind)
[run_subscribe_msckf-1] [0mq_GtoI = -0.046,-0.029,-0.705,0.707 | p_IinG = 3.434,18.196,-0.307 | dist = 18.69 (meters)
[run_subscribe_msckf-1] bg = 0.0005,0.0029,0.0004 | ba = -0.0056,-0.0016,0.0006
[run_subscribe_msckf-1] [34m[TIME]: 0.0018 seconds total (554.9 hz, 0.25 ms behind)
[run_subscribe_msckf-1] [0mq_GtoI = -0.048,-0.031,-0.705,0.707 | p_IinG = 3.457,18.296,-0.309 | dist = 18.79 (meters)
[run_subscribe_msckf-1] bg = 0.0005,0.0029,0.0004 | ba = -0.0056,-0.0016,0.0006
[run_subscribe_msckf-1] [34m[TIME]: 0.0016 seconds total (609.4 hz, 0.25 ms behind)
[run_subscribe_msckf-1] [0mq_GtoI = -0.050,-0.033,-0.705,0.707 | p_IinG = 3.488,18.431,-0.311 | dist = 18.93 (meters)
[run_subscribe_msckf-1] bg = 0.0005,0.0029,0.0004 | ba = -0.0056,-0.0016,0.0006
[run_subscribe_msckf-1] [34m[TIME]: 0.0023 seconds total (433.3 hz, 0.25 ms behind)
[run_subscribe_msckf-1] [0mq_GtoI = -0.051,-0.034,-0.705,0.707 | p_IinG = 3.511,18.534,-0.313 | dist = 19.03 (meters)
[run_subscribe_msckf-1] bg = 0.0005,0.0029,0.0004 | ba = -0.0056,-0.0016,0.0006
[run_subscribe_msckf-1] [34m[TIME]: 0.0019 seconds total (513.3 hz, 0.25 ms behind)
[run_subscribe_msckf-1] [0mq_GtoI = -0.052,-0.035,-0.705,0.707 | p_IinG = 3.535,18.638,-0.314 | dist = 19.14 (meters)
[run_subscribe_msckf-1] bg = 0.0005,0.0029,0.0004 | ba = -0.0056,-0.0016,0.0006
[run_subscribe_msckf-1] [34m[TIME]: 0.0016 seconds total (612.0 hz, 0.25 ms behind)
[run_subscribe_msckf-1] [0mq_GtoI = -0.053,-0.036,-0.705,0.707 | p_IinG = 3.567,18.779,-0.317 | dist = 19.28 (meters)
[run_subscribe_msckf-1] bg = 0.0005,0.0029,0.0004 | ba = -0.0056,-0.0016,0.0006
[run_subscribe_msckf-1] [34m[TIME]: 0.0016 seconds total (627.0 hz, 0.25 ms behind)
[run_subscribe_msckf-1] [0mq_GtoI = -0.054,-0.037,-0.704,0.707 | p_IinG = 3.592,18.886,-0.319 | dist = 19.39 (meters)
[run_subscribe_msckf-1] bg = 0.0005,0.0029,0.0004 | ba = -0.0056,-0.0016,0.0006
[run_subscribe_msckf-1] [34m[TIME]: 0.0015 seconds total (645.2 hz, 0.25 ms behind)
[run_subscribe_msckf-1] [0mq_GtoI = -0.055,-0.038,-0.704,0.707 | p_IinG = 3.617,18.995,-0.321 | dist = 19.51 (meters)
[run_subscribe_msckf-1] bg = 0.0005,0.0029,0.0004 | ba = -0.0056,-0.0016,0.0006
[run_subscribe_msckf-1] [34m[TIME]: 0.0016 seconds total (631.3 hz, 0.25 ms behind)
[run_subscribe_msckf-1] [0mq_GtoI = -0.055,-0.039,-0.704,0.707 | p_IinG = 3.650,19.143,-0.324 | dist = 19.66 (meters)
[run_subscribe_msckf-1] bg = 0.0005,0.0029,0.0004 | ba = -0.0056,-0.0016,0.0006
[run_subscribe_msckf-1] [34m[TIME]: 0.0015 seconds total (650.2 hz, 0.25 ms behind)
[run_subscribe_msckf-1] [0mq_GtoI = -0.055,-0.039,-0.704,0.707 | p_IinG = 3.675,19.255,-0.327 | dist = 19.77 (meters)
[run_subscribe_msckf-1] bg = 0.0005,0.0029,0.0004 | ba = -0.0056,-0.0016,0.0006
[run_subscribe_msckf-1] [34m[TIME]: 0.0015 seconds total (651.0 hz, 0.25 ms behind)
[run_subscribe_msckf-1] [0mq_GtoI = -0.055,-0.039,-0.704,0.707 | p_IinG = 3.701,19.370,-0.329 | dist = 19.89 (meters)
[run_subscribe_msckf-1] bg = 0.0005,0.0029,0.0004 | ba = -0.0056,-0.0016,0.0006
[run_subscribe_msckf-1] [34m[TIME]: 0.0014 seconds total (698.3 hz, 0.25 ms behind)
[run_subscribe_msckf-1] [0mq_GtoI = -0.054,-0.040,-0.704,0.707 | p_IinG = 3.735,19.524,-0.333 | dist = 20.05 (meters)
[run_subscribe_msckf-1] bg = 0.0005,0.0029,0.0004 | ba = -0.0056,-0.0016,0.0006
[run_subscribe_msckf-1] [34m[TIME]: 0.0015 seconds total (650.2 hz, 0.25 ms behind)
[run_subscribe_msckf-1] [0mq_GtoI = -0.053,-0.039,-0.704,0.707 | p_IinG = 3.761,19.642,-0.335 | dist = 20.17 (meters)
[run_subscribe_msckf-1] bg = 0.0005,0.0029,0.0004 | ba = -0.0056,-0.0016,0.0006
[run_subscribe_msckf-1] [34m[TIME]: 0.0015 seconds total (654.0 hz, 0.25 ms behind)
[run_subscribe_msckf-1] [0mq_GtoI = -0.053,-0.039,-0.705,0.707 | p_IinG = 3.788,19.761,-0.338 | dist = 20.29 (meters)
[run_subscribe_msckf-1] bg = 0.0005,0.0029,0.0004 | ba = -0.0056,-0.0016,0.0006
[run_subscribe_msckf-1] [34m[TIME]: 0.0015 seconds total (669.3 hz, 0.25 ms behind)
[run_subscribe_msckf-1] [0mq_GtoI = -0.051,-0.039,-0.705,0.707 | p_IinG = 3.823,19.922,-0.342 | dist = 20.46 (meters)
[run_subscribe_msckf-1] bg = 0.0005,0.0029,0.0004 | ba = -0.0056,-0.0016,0.0006
[run_subscribe_msckf-1] [34m[TIME]: 0.0020 seconds total (511.0 hz, 0.25 ms behind)
[run_subscribe_msckf-1] [0mq_GtoI = -0.050,-0.038,-0.705,0.707 | p_IinG = 3.850,20.045,-0.345 | dist = 20.58 (meters)
[run_subscribe_msckf-1] bg = 0.0005,0.0029,0.0004 | ba = -0.0056,-0.0016,0.0006
[run_subscribe_msckf-1] [34m[TIME]: 0.0016 seconds total (617.3 hz, 0.25 ms behind)
[run_subscribe_msckf-1] [0mq_GtoI = -0.048,-0.037,-0.705,0.707 | p_IinG = 3.877,20.169,-0.348 | dist = 20.71 (meters)
[run_subscribe_msckf-1] bg = 0.0005,0.0029,0.0004 | ba = -0.0056,-0.0016,0.0006
[run_subscribe_msckf-1] [34m[TIME]: 0.0015 seconds total (687.8 hz, 0.25 ms behind)
[run_subscribe_msckf-1] [0mq_GtoI = -0.046,-0.036,-0.705,0.707 | p_IinG = 3.913,20.336,-0.352 | dist = 20.88 (meters)
[run_subscribe_msckf-1] bg = 0.0005,0.0029,0.0004 | ba = -0.0056,-0.0016,0.0006
[run_subscribe_msckf-1] [34m[TIME]: 0.0015 seconds total (673.4 hz, 0.25 ms behind)
[run_subscribe_msckf-1] [0mq_GtoI = -0.044,-0.035,-0.705,0.707 | p_IinG = 3.940,20.463,-0.355 | dist = 21.01 (meters)
[run_subscribe_msckf-1] bg = 0.0005,0.0029,0.0004 | ba = -0.0056,-0.0016,0.0006
[run_subscribe_msckf-1] [34m[TIME]: 0.0014 seconds total (738.0 hz, 0.25 ms behind)
[run_subscribe_msckf-1] [0mq_GtoI = -0.042,-0.033,-0.705,0.707 | p_IinG = 3.968,20.592,-0.358 | dist = 21.14 (meters)
[run_subscribe_msckf-1] bg = 0.0005,0.0029,0.0004 | ba = -0.0056,-0.0016,0.0006
[run_subscribe_msckf-1] [34m[TIME]: 0.0016 seconds total (643.5 hz, 0.25 ms behind)
[run_subscribe_msckf-1] [0mq_GtoI = -0.039,-0.032,-0.705,0.707 | p_IinG = 4.005,20.765,-0.363 | dist = 21.32 (meters)
[run_subscribe_msckf-1] bg = 0.0005,0.0029,0.0004 | ba = -0.0056,-0.0016,0.0006
[run_subscribe_msckf-1] [34m[TIME]: 0.0015 seconds total (673.4 hz, 0.25 ms behind)
[run_subscribe_msckf-1] [0mq_GtoI = -0.036,-0.030,-0.705,0.707 | p_IinG = 4.032,20.896,-0.366 | dist = 21.45 (meters)
[run_subscribe_msckf-1] bg = 0.0005,0.0029,0.0004 | ba = -0.0056,-0.0016,0.0006
[run_subscribe_msckf-1] [34m[TIME]: 0.0016 seconds total (627.4 hz, 0.25 ms behind)
[run_subscribe_msckf-1] [0mq_GtoI = -0.034,-0.028,-0.706,0.707 | p_IinG = 4.060,21.028,-0.369 | dist = 21.59 (meters)
[run_subscribe_msckf-1] bg = 0.0005,0.0029,0.0004 | ba = -0.0056,-0.0016,0.0006
[run_subscribe_msckf-1] [34m[TIME]: 0.0015 seconds total (666.2 hz, 0.25 ms behind)
[run_subscribe_msckf-1] [0mq_GtoI = -0.030,-0.026,-0.706,0.707 | p_IinG = 4.097,21.206,-0.373 | dist = 21.77 (meters)
[run_subscribe_msckf-1] bg = 0.0005,0.0029,0.0004 | ba = -0.0056,-0.0016,0.0006
[run_subscribe_msckf-1] [34m[TIME]: 0.0016 seconds total (636.5 hz, 0.25 ms behind)
[run_subscribe_msckf-1] [0mq_GtoI = -0.028,-0.024,-0.706,0.707 | p_IinG = 4.125,21.340,-0.377 | dist = 21.91 (meters)
[run_subscribe_msckf-1] bg = 0.0005,0.0029,0.0004 | ba = -0.0056,-0.0016,0.0006
[run_subscribe_msckf-1] [34m[TIME]: 0.0017 seconds total (590.7 hz, 0.25 ms behind)
[run_subscribe_msckf-1] [0mq_GtoI = -0.025,-0.022,-0.706,0.707 | p_IinG = 4.153,21.475,-0.380 | dist = 22.04 (meters)
[run_subscribe_msckf-1] bg = 0.0005,0.0029,0.0004 | ba = -0.0056,-0.0016,0.0006
[run_subscribe_msckf-1] [34m[TIME]: 0.0016 seconds total (637.8 hz, 0.25 ms behind)
[run_subscribe_msckf-1] [0mq_GtoI = -0.021,-0.019,-0.706,0.708 | p_IinG = 4.190,21.656,-0.384 | dist = 22.23 (meters)
[run_subscribe_msckf-1] bg = 0.0005,0.0029,0.0004 | ba = -0.0056,-0.0016,0.0006
[run_subscribe_msckf-1] [34m[TIME]: 0.0021 seconds total (481.5 hz, 0.25 ms behind)
[run_subscribe_msckf-1] [0mq_GtoI = -0.018,-0.017,-0.706,0.708 | p_IinG = 4.218,21.792,-0.388 | dist = 22.37 (meters)
[run_subscribe_msckf-1] bg = 0.0005,0.0029,0.0004 | ba = -0.0056,-0.0016,0.0006
[run_subscribe_msckf-1] [34m[TIME]: 0.0017 seconds total (587.9 hz, 0.25 ms behind)
[run_subscribe_msckf-1] [0mq_GtoI = -0.015,-0.015,-0.706,0.708 | p_IinG = 4.246,21.929,-0.391 | dist = 22.51 (meters)
[run_subscribe_msckf-1] bg = 0.0005,0.0029,0.0004 | ba = -0.0056,-0.0016,0.0006
[run_subscribe_msckf-1] [34m[TIME]: 0.0017 seconds total (571.8 hz, 0.25 ms behind)
[run_subscribe_msckf-1] [0mq_GtoI = -0.012,-0.012,-0.706,0.708 | p_IinG = 4.283,22.112,-0.395 | dist = 22.69 (meters)
[run_subscribe_msckf-1] bg = 0.0005,0.0029,0.0004 | ba = -0.0056,-0.0016,0.0006
[run_subscribe_msckf-1] [34m[TIME]: 0.0016 seconds total (627.4 hz, 0.25 ms behind)
[run_subscribe_msckf-1] [0mq_GtoI = -0.009,-0.010,-0.706,0.708 | p_IinG = 4.311,22.249,-0.398 | dist = 22.83 (meters)
[run_subscribe_msckf-1] bg = 0.0005,0.0029,0.0004 | ba = -0.0056,-0.0016,0.0006
[run_subscribe_msckf-1] [34m[TIME]: 0.0016 seconds total (619.6 hz, 0.25 ms behind)
[run_subscribe_msckf-1] [0mq_GtoI = -0.006,-0.008,-0.706,0.708 | p_IinG = 4.338,22.387,-0.402 | dist = 22.97 (meters)
[run_subscribe_msckf-1] bg = 0.0005,0.0029,0.0004 | ba = -0.0056,-0.0016,0.0006
[run_subscribe_msckf-1] [34m[TIME]: 0.0016 seconds total (611.6 hz, 0.25 ms behind)
[run_subscribe_msckf-1] [0mq_GtoI = -0.003,-0.005,-0.706,0.708 | p_IinG = 4.375,22.570,-0.406 | dist = 23.16 (meters)
[run_subscribe_msckf-1] bg = 0.0005,0.0029,0.0004 | ba = -0.0056,-0.0016,0.0006
[run_subscribe_msckf-1] [34m[TIME]: 0.0017 seconds total (589.3 hz, 0.25 ms behind)
[run_subscribe_msckf-1] [0mq_GtoI = -0.000,-0.003,-0.706,0.708 | p_IinG = 4.403,22.708,-0.409 | dist = 23.30 (meters)
[run_subscribe_msckf-1] bg = 0.0005,0.0029,0.0004 | ba = -0.0056,-0.0016,0.0006
[run_subscribe_msckf-1] [34m[TIME]: 0.0017 seconds total (590.0 hz, 0.25 ms behind)
[run_subscribe_msckf-1] [0mq_GtoI = 0.002,-0.001,-0.707,0.708 | p_IinG = 4.430,22.845,-0.412 | dist = 23.44 (meters)
[run_subscribe_msckf-1] bg = 0.0005,0.0029,0.0004 | ba = -0.0056,-0.0016,0.0006
[run_subscribe_msckf-1] [34m[TIME]: 0.0017 seconds total (583.8 hz, 0.25 ms behind)
[run_subscribe_msckf-1] [0mq_GtoI = 0.005,0.002,-0.707,0.708 | p_IinG = 4.467,23.028,-0.416 | dist = 23.63 (meters)
[run_subscribe_msckf-1] bg = 0.0005,0.0029,0.0004 | ba = -0.0056,-0.0016,0.0006
[run_subscribe_msckf-1] [34m[TIME]: 0.0018 seconds total (564.0 hz, 0.25 ms behind)
[run_subscribe_msckf-1] [0mq_GtoI = 0.007,0.004,-0.707,0.708 | p_IinG = 4.494,23.164,-0.419 | dist = 23.77 (meters)
[run_subscribe_msckf-1] bg = 0.0005,0.0029,0.0004 | ba = -0.0056,-0.0016,0.0006
[run_subscribe_msckf-1] [34m[TIME]: 0.0018 seconds total (544.4 hz, 0.25 ms behind)
[run_subscribe_msckf-1] [0mq_GtoI = 0.009,0.005,-0.707,0.708 | p_IinG = 4.521,23.301,-0.422 | dist = 23.91 (meters)
[run_subscribe_msckf-1] bg = 0.0005,0.0029,0.0004 | ba = -0.0056,-0.0016,0.0006
[run_subscribe_msckf-1] [34m[TIME]: 0.0016 seconds total (618.4 hz, 0.25 ms behind)
[run_subscribe_msckf-1] [0mq_GtoI = 0.011,0.008,-0.706,0.708 | p_IinG = 4.557,23.481,-0.426 | dist = 24.09 (meters)
[run_subscribe_msckf-1] bg = 0.0005,0.0029,0.0004 | ba = -0.0056,-0.0016,0.0006
[run_subscribe_msckf-1] [34m[TIME]: 0.0020 seconds total (500.3 hz, 0.25 ms behind)
[run_subscribe_msckf-1] [0mq_GtoI = 0.012,0.009,-0.706,0.708 | p_IinG = 4.584,23.616,-0.429 | dist = 24.23 (meters)
[run_subscribe_msckf-1] bg = 0.0005,0.0029,0.0004 | ba = -0.0056,-0.0016,0.0006
[run_subscribe_msckf-1] [34m[TIME]: 0.0017 seconds total (583.8 hz, 0.25 ms behind)
[run_subscribe_msckf-1] [0mq_GtoI = 0.013,0.010,-0.706,0.708 | p_IinG = 4.610,23.751,-0.432 | dist = 24.37 (meters)
[run_subscribe_msckf-1] bg = 0.0005,0.0029,0.0004 | ba = -0.0056,-0.0016,0.0006
[run_subscribe_msckf-1] [34m[TIME]: 0.0017 seconds total (573.1 hz, 0.25 ms behind)
[run_subscribe_msckf-1] [0mq_GtoI = 0.014,0.012,-0.706,0.708 | p_IinG = 4.646,23.929,-0.436 | dist = 24.55 (meters)
[run_subscribe_msckf-1] bg = 0.0005,0.0029,0.0004 | ba = -0.0056,-0.0016,0.0006
[run_subscribe_msckf-1] [34m[TIME]: 0.0017 seconds total (597.4 hz, 0.25 ms behind)
[run_subscribe_msckf-1] [0mq_GtoI = 0.015,0.013,-0.706,0.708 | p_IinG = 4.672,24.062,-0.439 | dist = 24.68 (meters)
[run_subscribe_msckf-1] bg = 0.0005,0.0029,0.0004 | ba = -0.0056,-0.0016,0.0006
[run_subscribe_msckf-1] [34m[TIME]: 0.0018 seconds total (560.2 hz, 0.25 ms behind)
[run_subscribe_msckf-1] [0mq_GtoI = 0.015,0.014,-0.706,0.708 | p_IinG = 4.699,24.193,-0.442 | dist = 24.82 (meters)
[run_subscribe_msckf-1] bg = 0.0005,0.0029,0.0004 | ba = -0.0056,-0.0016,0.0006
[run_subscribe_msckf-1] [34m[TIME]: 0.0018 seconds total (565.9 hz, 0.25 ms behind)
[run_subscribe_msckf-1] [0mq_GtoI = 0.015,0.014,-0.706,0.708 | p_IinG = 4.734,24.368,-0.446 | dist = 25.00 (meters)
[run_subscribe_msckf-1] bg = 0.0005,0.0029,0.0004 | ba = -0.0056,-0.0016,0.0006
[run_subscribe_msckf-1] [34m[TIME]: 0.0017 seconds total (602.0 hz, 0.25 ms behind)
[run_subscribe_msckf-1] [0mq_GtoI = 0.015,0.015,-0.706,0.708 | p_IinG = 4.760,24.498,-0.448 | dist = 25.13 (meters)
[run_subscribe_msckf-1] bg = 0.0005,0.0029,0.0004 | ba = -0.0056,-0.0016,0.0006
[run_subscribe_msckf-1] [34m[TIME]: 0.0018 seconds total (558.0 hz, 0.25 ms behind)
[run_subscribe_msckf-1] [0mq_GtoI = 0.015,0.015,-0.706,0.708 | p_IinG = 4.786,24.628,-0.451 | dist = 25.26 (meters)
[run_subscribe_msckf-1] bg = 0.0005,0.0029,0.0004 | ba = -0.0056,-0.0016,0.0006
[run_subscribe_msckf-1] [34m[TIME]: 0.0017 seconds total (599.5 hz, 0.25 ms behind)
[run_subscribe_msckf-1] [0mq_GtoI = 0.014,0.015,-0.706,0.708 | p_IinG = 4.821,24.799,-0.455 | dist = 25.44 (meters)
[run_subscribe_msckf-1] bg = 0.0005,0.0029,0.0004 | ba = -0.0056,-0.0016,0.0006
[run_subscribe_msckf-1] [34m[TIME]: 0.0017 seconds total (575.7 hz, 0.25 ms behind)
[run_subscribe_msckf-1] [0mq_GtoI = 0.013,0.014,-0.706,0.708 | p_IinG = 4.847,24.926,-0.458 | dist = 25.57 (meters)
[run_subscribe_msckf-1] bg = 0.0005,0.0029,0.0004 | ba = -0.0056,-0.0016,0.0006
[run_subscribe_msckf-1] [34m[TIME]: 0.0016 seconds total (610.9 hz, 0.25 ms behind)
[run_subscribe_msckf-1] [0mq_GtoI = 0.011,0.014,-0.706,0.708 | p_IinG = 4.874,25.053,-0.460 | dist = 25.69 (meters)
[run_subscribe_msckf-1] bg = 0.0005,0.0029,0.0004 | ba = -0.0056,-0.0016,0.0006
[run_subscribe_msckf-1] [34m[TIME]: 0.0016 seconds total (608.6 hz, 0.25 ms behind)
[run_subscribe_msckf-1] [0mq_GtoI = 0.009,0.013,-0.706,0.708 | p_IinG = 4.908,25.221,-0.464 | dist = 25.87 (meters)
[run_subscribe_msckf-1] bg = 0.0005,0.0029,0.0004 | ba = -0.0056,-0.0016,0.0006
[run_subscribe_msckf-1] [34m[TIME]: 0.0020 seconds total (488.5 hz, 0.25 ms behind)
[run_subscribe_msckf-1] [0mq_GtoI = 0.007,0.012,-0.706,0.708 | p_IinG = 4.935,25.346,-0.467 | dist = 25.99 (meters)
[run_subscribe_msckf-1] bg = 0.0005,0.0029,0.0004 | ba = -0.0056,-0.0016,0.0006
[run_subscribe_msckf-1] [34m[TIME]: 0.0020 seconds total (506.3 hz, 0.25 ms behind)
[run_subscribe_msckf-1] [0mq_GtoI = 0.005,0.011,-0.706,0.708 | p_IinG = 4.961,25.470,-0.469 | dist = 26.12 (meters)
[run_subscribe_msckf-1] bg = 0.0005,0.0029,0.0004 | ba = -0.0056,-0.0016,0.0006
[run_subscribe_msckf-1] [34m[TIME]: 0.0018 seconds total (546.1 hz, 0.25 ms behind)
[run_subscribe_msckf-1] [0mq_GtoI = 0.002,0.009,-0.706,0.708 | p_IinG = 4.996,25.635,-0.472 | dist = 26.29 (meters)
[run_subscribe_msckf-1] bg = 0.0005,0.0029,0.0004 | ba = -0.0056,-0.0016,0.0006
[run_subscribe_msckf-1] [34m[TIME]: 0.0018 seconds total (547.3 hz, 0.25 ms behind)
[run_subscribe_msckf-1] [0mq_GtoI = -0.000,0.007,-0.706,0.708 | p_IinG = 5.022,25.759,-0.475 | dist = 26.42 (meters)
[run_subscribe_msckf-1] bg = 0.0005,0.0029,0.0004 | ba = -0.0056,-0.0016,0.0006
[run_subscribe_msckf-1] [34m[TIME]: 0.0017 seconds total (601.3 hz, 0.25 ms behind)
[run_subscribe_msckf-1] [0mq_GtoI = -0.003,0.006,-0.706,0.708 | p_IinG = 5.049,25.882,-0.477 | dist = 26.54 (meters)
[run_subscribe_msckf-1] bg = 0.0005,0.0029,0.0004 | ba = -0.0056,-0.0016,0.0006
[run_subscribe_msckf-1] [34m[TIME]: 0.0018 seconds total (566.9 hz, 0.25 ms behind)
[run_subscribe_msckf-1] [0mq_GtoI = -0.006,0.003,-0.706,0.708 | p_IinG = 5.084,26.045,-0.480 | dist = 26.71 (meters)
[run_subscribe_msckf-1] bg = 0.0005,0.0029,0.0004 | ba = -0.0056,-0.0016,0.0006
[run_subscribe_msckf-1] [34m[TIME]: 0.0017 seconds total (596.3 hz, 0.25 ms behind)
[run_subscribe_msckf-1] [0mq_GtoI = -0.009,0.001,-0.706,0.708 | p_IinG = 5.111,26.167,-0.483 | dist = 26.83 (meters)
[run_subscribe_msckf-1] bg = 0.0005,0.0029,0.0004 | ba = -0.0056,-0.0016,0.0006
[run_subscribe_msckf-1] [34m[TIME]: 0.0019 seconds total (531.6 hz, 0.25 ms behind)
[run_subscribe_msckf-1] [0mq_GtoI = -0.013,-0.001,-0.706,0.708 | p_IinG = 5.138,26.289,-0.485 | dist = 26.96 (meters)
[run_subscribe_msckf-1] bg = 0.0005,0.0029,0.0004 | ba = -0.0056,-0.0016,0.0006
[run_subscribe_msckf-1] [34m[TIME]: 0.0016 seconds total (614.3 hz, 0.25 ms behind)
[run_subscribe_msckf-1] [0mq_GtoI = -0.017,-0.004,-0.706,0.708 | p_IinG = 5.174,26.452,-0.488 | dist = 27.13 (meters)
[run_subscribe_msckf-1] bg = 0.0005,0.0029,0.0004 | ba = -0.0056,-0.0016,0.0006
[run_subscribe_msckf-1] [34m[TIME]: 0.0017 seconds total (598.4 hz, 0.25 ms behind)
[run_subscribe_msckf-1] [0mq_GtoI = -0.020,-0.007,-0.706,0.708 | p_IinG = 5.201,26.575,-0.490 | dist = 27.25 (meters)
[run_subscribe_msckf-1] bg = 0.0005,0.0029,0.0004 | ba = -0.0056,-0.0016,0.0006
[run_subscribe_msckf-1] [34m[TIME]: 0.0017 seconds total (603.5 hz, 0.25 ms behind)
[run_subscribe_msckf-1] [0mq_GtoI = -0.023,-0.009,-0.706,0.708 | p_IinG = 5.228,26.697,-0.492 | dist = 27.38 (meters)
[run_subscribe_msckf-1] bg = 0.0005,0.0029,0.0004 | ba = -0.0056,-0.0016,0.0006
[run_subscribe_msckf-1] [34m[TIME]: 0.0016 seconds total (623.4 hz, 0.25 ms behind)
[run_subscribe_msckf-1] [0mq_GtoI = -0.028,-0.013,-0.706,0.708 | p_IinG = 5.265,26.861,-0.495 | dist = 27.55 (meters)
[run_subscribe_msckf-1] bg = 0.0005,0.0029,0.0004 | ba = -0.0056,-0.0016,0.0006
[run_subscribe_msckf-1] [34m[TIME]: 0.0020 seconds total (497.0 hz, 0.25 ms behind)
[run_subscribe_msckf-1] [0mq_GtoI = -0.031,-0.016,-0.706,0.708 | p_IinG = 5.293,26.985,-0.497 | dist = 27.67 (meters)
[run_subscribe_msckf-1] bg = 0.0005,0.0029,0.0004 | ba = -0.0056,-0.0016,0.0006
[run_subscribe_msckf-1] [34m[TIME]: 0.0017 seconds total (588.6 hz, 0.25 ms behind)
[run_subscribe_msckf-1] [0mq_GtoI = -0.035,-0.018,-0.706,0.707 | p_IinG = 5.322,27.109,-0.499 | dist = 27.80 (meters)
[run_subscribe_msckf-1] bg = 0.0005,0.0029,0.0004 | ba = -0.0056,-0.0016,0.0006
[run_subscribe_msckf-1] [34m[TIME]: 0.0017 seconds total (573.1 hz, 0.25 ms behind)
[run_subscribe_msckf-1] [0mq_GtoI = -0.039,-0.022,-0.705,0.707 | p_IinG = 5.360,27.276,-0.502 | dist = 27.97 (meters)
[run_subscribe_msckf-1] bg = 0.0005,0.0029,0.0004 | ba = -0.0056,-0.0016,0.0006
[run_subscribe_msckf-1] [34m[TIME]: 0.0017 seconds total (600.2 hz, 0.25 ms behind)
[run_subscribe_msckf-1] [0mq_GtoI = -0.043,-0.025,-0.705,0.707 | p_IinG = 5.389,27.402,-0.504 | dist = 28.10 (meters)
[run_subscribe_msckf-1] bg = 0.0005,0.0029,0.0004 | ba = -0.0056,-0.0016,0.0006
[run_subscribe_msckf-1] [34m[TIME]: 0.0018 seconds total (546.7 hz, 0.25 ms behind)
[run_subscribe_msckf-1] [0mq_GtoI = -0.046,-0.028,-0.705,0.707 | p_IinG = 5.418,27.529,-0.506 | dist = 28.23 (meters)
[run_subscribe_msckf-1] bg = 0.0005,0.0029,0.0004 | ba = -0.0056,-0.0016,0.0006
[run_subscribe_msckf-1] [34m[TIME]: 0.0020 seconds total (512.0 hz, 0.25 ms behind)
[run_subscribe_msckf-1] [0mq_GtoI = -0.050,-0.031,-0.705,0.707 | p_IinG = 5.457,27.701,-0.509 | dist = 28.41 (meters)
[run_subscribe_msckf-1] bg = 0.0005,0.0029,0.0004 | ba = -0.0056,-0.0016,0.0006
[run_subscribe_msckf-1] [34m[TIME]: 0.0016 seconds total (628.5 hz, 0.25 ms behind)
[run_subscribe_msckf-1] [0mq_GtoI = -0.053,-0.034,-0.705,0.707 | p_IinG = 5.487,27.831,-0.511 | dist = 28.54 (meters)
[run_subscribe_msckf-1] bg = 0.0005,0.0029,0.0004 | ba = -0.0056,-0.0016,0.0006
[run_subscribe_msckf-1] [34m[TIME]: 0.0017 seconds total (588.2 hz, 0.25 ms behind)
[run_subscribe_msckf-1] [0mq_GtoI = -0.055,-0.037,-0.705,0.707 | p_IinG = 5.517,27.962,-0.513 | dist = 28.67 (meters)
[run_subscribe_msckf-1] bg = 0.0005,0.0029,0.0004 | ba = -0.0056,-0.0016,0.0006
[run_subscribe_msckf-1] [34m[TIME]: 0.0017 seconds total (589.6 hz, 0.25 ms behind)
[run_subscribe_msckf-1] [0mq_GtoI = -0.059,-0.040,-0.704,0.706 | p_IinG = 5.558,28.139,-0.517 | dist = 28.86 (meters)
[run_subscribe_msckf-1] bg = 0.0005,0.0029,0.0004 | ba = -0.0056,-0.0016,0.0006
[run_subscribe_msckf-1] [34m[TIME]: 0.0016 seconds total (615.8 hz, 0.25 ms behind)
[run_subscribe_msckf-1] [0mq_GtoI = -0.061,-0.042,-0.704,0.706 | p_IinG = 5.589,28.274,-0.519 | dist = 28.99 (meters)
[run_subscribe_msckf-1] bg = 0.0005,0.0029,0.0004 | ba = -0.0056,-0.0016,0.0006
[run_subscribe_msckf-1] [34m[TIME]: 0.0016 seconds total (634.5 hz, 0.25 ms behind)
[run_subscribe_msckf-1] [0mq_GtoI = -0.063,-0.044,-0.704,0.706 | p_IinG = 5.620,28.411,-0.522 | dist = 29.13 (meters)
[run_subscribe_msckf-1] bg = 0.0005,0.0029,0.0004 | ba = -0.0056,-0.0016,0.0006
[run_subscribe_msckf-1] [34m[TIME]: 0.0015 seconds total (659.6 hz, 0.25 ms behind)
[run_subscribe_msckf-1] [0mq_GtoI = -0.066,-0.047,-0.704,0.706 | p_IinG = 5.662,28.595,-0.526 | dist = 29.32 (meters)
[run_subscribe_msckf-1] bg = 0.0005,0.0029,0.0004 | ba = -0.0056,-0.0016,0.0006
[run_subscribe_msckf-1] [34m[TIME]: 0.0018 seconds total (563.1 hz, 0.25 ms behind)
[run_subscribe_msckf-1] [0mq_GtoI = -0.067,-0.049,-0.704,0.706 | p_IinG = 5.694,28.736,-0.528 | dist = 29.47 (meters)
[run_subscribe_msckf-1] bg = 0.0005,0.0029,0.0004 | ba = -0.0056,-0.0016,0.0006
[run_subscribe_msckf-1] [34m[TIME]: 0.0015 seconds total (654.9 hz, 0.25 ms behind)
[run_subscribe_msckf-1] [0mq_GtoI = -0.069,-0.051,-0.703,0.706 | p_IinG = 5.726,28.879,-0.532 | dist = 29.62 (meters)
[run_subscribe_msckf-1] bg = 0.0005,0.0029,0.0004 | ba = -0.0056,-0.0016,0.0006
[run_subscribe_msckf-1] [34m[TIME]: 0.0014 seconds total (714.8 hz, 0.25 ms behind)
[run_subscribe_msckf-1] [0mq_GtoI = -0.070,-0.053,-0.703,0.705 | p_IinG = 5.769,29.072,-0.536 | dist = 29.81 (meters)
[run_subscribe_msckf-1] bg = 0.0005,0.0029,0.0004 | ba = -0.0056,-0.0016,0.0006
[run_subscribe_msckf-1] [34m[TIME]: 0.0015 seconds total (655.7 hz, 0.25 ms behind)
[run_subscribe_msckf-1] [0mq_GtoI = -0.071,-0.054,-0.703,0.705 | p_IinG = 5.802,29.219,-0.539 | dist = 29.96 (meters)
[run_subscribe_msckf-1] bg = 0.0005,0.0029,0.0004 | ba = -0.0056,-0.0016,0.0006
[run_subscribe_msckf-1] [34m[TIME]: 0.0015 seconds total (653.2 hz, 0.25 ms behind)
[run_subscribe_msckf-1] [0mq_GtoI = -0.071,-0.055,-0.703,0.705 | p_IinG = 5.835,29.369,-0.543 | dist = 30.12 (meters)
[run_subscribe_msckf-1] bg = 0.0005,0.0029,0.0004 | ba = -0.0056,-0.0016,0.0006
[run_subscribe_msckf-1] [34m[TIME]: 0.0016 seconds total (633.7 hz, 0.25 ms behind)
[run_subscribe_msckf-1] [0mq_GtoI = -0.071,-0.056,-0.703,0.705 | p_IinG = 5.880,29.571,-0.548 | dist = 30.32 (meters)
[run_subscribe_msckf-1] bg = 0.0005,0.0029,0.0004 | ba = -0.0056,-0.0016,0.0006
[run_subscribe_msckf-1] [34m[TIME]: 0.0015 seconds total (668.9 hz, 0.25 ms behind)
[run_subscribe_msckf-1] [0mq_GtoI = -0.071,-0.056,-0.703,0.705 | p_IinG = 5.913,29.726,-0.552 | dist = 30.48 (meters)
[run_subscribe_msckf-1] bg = 0.0005,0.0029,0.0004 | ba = -0.0056,-0.0016,0.0006
[run_subscribe_msckf-1] [34m[TIME]: 0.0016 seconds total (639.8 hz, 0.25 ms behind)
[run_subscribe_msckf-1] [0mq_GtoI = -0.071,-0.057,-0.703,0.705 | p_IinG = 5.947,29.882,-0.556 | dist = 30.64 (meters)
[run_subscribe_msckf-1] bg = 0.0005,0.0029,0.0004 | ba = -0.0056,-0.0016,0.0006
[run_subscribe_msckf-1] [34m[TIME]: 0.0014 seconds total (693.0 hz, 0.25 ms behind)
[run_subscribe_msckf-1] [0mq_GtoI = -0.070,-0.056,-0.703,0.705 | p_IinG = 5.993,30.094,-0.562 | dist = 30.86 (meters)
[run_subscribe_msckf-1] bg = 0.0005,0.0029,0.0004 | ba = -0.0056,-0.0016,0.0006
[run_subscribe_msckf-1] [34m[TIME]: 0.0016 seconds total (606.4 hz, 0.25 ms behind)
[run_subscribe_msckf-1] [0mq_GtoI = -0.069,-0.056,-0.703,0.705 | p_IinG = 6.027,30.256,-0.566 | dist = 31.03 (meters)
[run_subscribe_msckf-1] bg = 0.0005,0.0029,0.0004 | ba = -0.0056,-0.0016,0.0006
[run_subscribe_msckf-1] [34m[TIME]: 0.0016 seconds total (623.8 hz, 0.25 ms behind)
[run_subscribe_msckf-1] [0mq_GtoI = -0.067,-0.056,-0.703,0.705 | p_IinG = 6.062,30.419,-0.571 | dist = 31.19 (meters)
[run_subscribe_msckf-1] bg = 0.0005,0.0029,0.0004 | ba = -0.0056,-0.0016,0.0006
[run_subscribe_msckf-1] [34m[TIME]: 0.0015 seconds total (674.3 hz, 0.25 ms behind)
[run_subscribe_msckf-1] [0mq_GtoI = -0.065,-0.054,-0.704,0.706 | p_IinG = 6.108,30.641,-0.577 | dist = 31.42 (meters)
[run_subscribe_msckf-1] bg = 0.0005,0.0029,0.0004 | ba = -0.0056,-0.0016,0.0006
[run_subscribe_msckf-1] [34m[TIME]: 0.0018 seconds total (551.9 hz, 0.25 ms behind)
[run_subscribe_msckf-1] [0mq_GtoI = -0.063,-0.053,-0.704,0.706 | p_IinG = 6.143,30.809,-0.582 | dist = 31.59 (meters)
[run_subscribe_msckf-1] bg = 0.0005,0.0029,0.0004 | ba = -0.0056,-0.0016,0.0006
[run_subscribe_msckf-1] [34m[TIME]: 0.0016 seconds total (638.6 hz, 0.25 ms behind)
[run_subscribe_msckf-1] [0mq_GtoI = -0.060,-0.052,-0.704,0.706 | p_IinG = 6.178,30.979,-0.587 | dist = 31.76 (meters)
[run_subscribe_msckf-1] bg = 0.0005,0.0029,0.0004 | ba = -0.0056,-0.0016,0.0006
[run_subscribe_msckf-1] [34m[TIME]: 0.0016 seconds total (644.7 hz, 0.25 ms behind)
[run_subscribe_msckf-1] [0mq_GtoI = -0.057,-0.050,-0.704,0.706 | p_IinG = 6.225,31.209,-0.594 | dist = 32.00 (meters)
[run_subscribe_msckf-1] bg = 0.0005,0.0029,0.0004 | ba = -0.0056,-0.0016,0.0006
[run_subscribe_msckf-1] [34m[TIME]: 0.0014 seconds total (732.6 hz, 0.25 ms behind)
[run_subscribe_msckf-1] [0mq_GtoI = -0.054,-0.048,-0.704,0.706 | p_IinG = 6.260,31.384,-0.599 | dist = 32.18 (meters)
[run_subscribe_msckf-1] bg = 0.0005,0.0029,0.0004 | ba = -0.0056,-0.0016,0.0006
[run_subscribe_msckf-1] [34m[TIME]: 0.0014 seconds total (729.9 hz, 0.25 ms behind)
[run_subscribe_msckf-1] [0mq_GtoI = -0.051,-0.046,-0.705,0.706 | p_IinG = 6.296,31.560,-0.604 | dist = 32.36 (meters)
[run_subscribe_msckf-1] bg = 0.0005,0.0029,0.0004 | ba = -0.0056,-0.0016,0.0006
[run_subscribe_msckf-1] [34m[TIME]: 0.0013 seconds total (769.8 hz, 0.25 ms behind)
[run_subscribe_msckf-1] [0mq_GtoI = -0.047,-0.043,-0.705,0.707 | p_IinG = 6.343,31.797,-0.611 | dist = 32.60 (meters)
[run_subscribe_msckf-1] bg = 0.0005,0.0029,0.0004 | ba = -0.0056,-0.0016,0.0006
[run_subscribe_msckf-1] [34m[TIME]: 0.0014 seconds total (718.9 hz, 0.25 ms behind)
[run_subscribe_msckf-1] [0mq_GtoI = -0.044,-0.040,-0.705,0.707 | p_IinG = 6.378,31.977,-0.617 | dist = 32.78 (meters)
[run_subscribe_msckf-1] bg = 0.0005,0.0029,0.0004 | ba = -0.0056,-0.0016,0.0006
[run_subscribe_msckf-1] [34m[TIME]: 0.0015 seconds total (646.4 hz, 0.25 ms behind)
[run_subscribe_msckf-1] [0mq_GtoI = -0.040,-0.038,-0.705,0.707 | p_IinG = 6.414,32.157,-0.622 | dist = 32.97 (meters)
[run_subscribe_msckf-1] bg = 0.0005,0.0029,0.0004 | ba = -0.0056,-0.0016,0.0006
[run_subscribe_msckf-1] [34m[TIME]: 0.0015 seconds total (657.9 hz, 0.25 ms behind)
[run_subscribe_msckf-1] [0mq_GtoI = -0.035,-0.034,-0.706,0.707 | p_IinG = 6.461,32.401,-0.629 | dist = 33.21 (meters)
[run_subscribe_msckf-1] bg = 0.0005,0.0029,0.0004 | ba = -0.0056,-0.0016,0.0006
[run_subscribe_msckf-1] [34m[TIME]: 0.0015 seconds total (675.7 hz, 0.25 ms behind)
[run_subscribe_msckf-1] [0mq_GtoI = -0.031,-0.031,-0.706,0.707 | p_IinG = 6.497,32.584,-0.634 | dist = 33.40 (meters)
[run_subscribe_msckf-1] bg = 0.0005,0.0029,0.0004 | ba = -0.0056,-0.0016,0.0006
[run_subscribe_msckf-1] [34m[TIME]: 0.0016 seconds total (615.8 hz, 0.25 ms behind)
[run_subscribe_msckf-1] [0mq_GtoI = -0.028,-0.028,-0.706,0.707 | p_IinG = 6.532,32.769,-0.640 | dist = 33.59 (meters)
[run_subscribe_msckf-1] bg = 0.0005,0.0029,0.0004 | ba = -0.0056,-0.0016,0.0006
[run_subscribe_msckf-1] [34m[TIME]: 0.0016 seconds total (636.1 hz, 0.25 ms behind)
[run_subscribe_msckf-1] [0mq_GtoI = -0.022,-0.023,-0.706,0.707 | p_IinG = 6.579,33.016,-0.647 | dist = 33.84 (meters)
[run_subscribe_msckf-1] bg = 0.0005,0.0029,0.0004 | ba = -0.0056,-0.0016,0.0006
[run_subscribe_msckf-1] [34m[TIME]: 0.0020 seconds total (502.8 hz, 0.25 ms behind)
[run_subscribe_msckf-1] [0mq_GtoI = -0.018,-0.020,-0.706,0.707 | p_IinG = 6.614,33.202,-0.652 | dist = 34.03 (meters)
[run_subscribe_msckf-1] bg = 0.0005,0.0029,0.0004 | ba = -0.0056,-0.0016,0.0006
[run_subscribe_msckf-1] [34m[TIME]: 0.0017 seconds total (586.9 hz, 0.25 ms behind)
[run_subscribe_msckf-1] [0mq_GtoI = -0.015,-0.017,-0.706,0.708 | p_IinG = 6.649,33.389,-0.657 | dist = 34.22 (meters)
[run_subscribe_msckf-1] bg = 0.0005,0.0029,0.0004 | ba = -0.0056,-0.0016,0.0006
[run_subscribe_msckf-1] [34m[TIME]: 0.0017 seconds total (595.9 hz, 0.25 ms behind)
[run_subscribe_msckf-1] [0mq_GtoI = -0.010,-0.012,-0.706,0.708 | p_IinG = 6.696,33.638,-0.664 | dist = 34.47 (meters)
[run_subscribe_msckf-1] bg = 0.0005,0.0029,0.0004 | ba = -0.0056,-0.0016,0.0006
[run_subscribe_msckf-1] [34m[TIME]: 0.0017 seconds total (594.2 hz, 0.25 ms behind)
[run_subscribe_msckf-1] [0mq_GtoI = -0.006,-0.009,-0.706,0.708 | p_IinG = 6.731,33.825,-0.669 | dist = 34.67 (meters)
[run_subscribe_msckf-1] bg = 0.0005,0.0029,0.0004 | ba = -0.0056,-0.0016,0.0006
[run_subscribe_msckf-1] [34m[TIME]: 0.0018 seconds total (545.6 hz, 0.25 ms behind)
[run_subscribe_msckf-1] [0mq_GtoI = -0.002,-0.005,-0.707,0.708 | p_IinG = 6.766,34.013,-0.674 | dist = 34.86 (meters)
[run_subscribe_msckf-1] bg = 0.0005,0.0029,0.0004 | ba = -0.0056,-0.0016,0.0006
[run_subscribe_msckf-1] [34m[TIME]: 0.0017 seconds total (585.1 hz, 0.25 ms behind)
[run_subscribe_msckf-1] [0mq_GtoI = 0.003,-0.001,-0.707,0.708 | p_IinG = 6.812,34.262,-0.680 | dist = 35.11 (meters)
[run_subscribe_msckf-1] bg = 0.0005,0.0029,0.0004 | ba = -0.0056,-0.0016,0.0006
[run_subscribe_msckf-1] [34m[TIME]: 0.0018 seconds total (545.0 hz, 0.25 ms behind)
[run_subscribe_msckf-1] [0mq_GtoI = 0.006,0.002,-0.707,0.708 | p_IinG = 6.847,34.449,-0.685 | dist = 35.30 (meters)
[run_subscribe_msckf-1] bg = 0.0005,0.0029,0.0004 | ba = -0.0056,-0.0016,0.0006
[run_subscribe_msckf-1] [34m[TIME]: 0.0019 seconds total (520.3 hz, 0.25 ms behind)
[run_subscribe_msckf-1] [0mq_GtoI = 0.009,0.006,-0.707,0.708 | p_IinG = 6.881,34.635,-0.690 | dist = 35.49 (meters)
[run_subscribe_msckf-1] bg = 0.0005,0.0029,0.0004 | ba = -0.0056,-0.0016,0.0006
[run_subscribe_msckf-1] [34m[TIME]: 0.0016 seconds total (629.7 hz, 0.25 ms behind)
[run_subscribe_msckf-1] [0mq_GtoI = 0.013,0.010,-0.707,0.707 | p_IinG = 6.927,34.883,-0.696 | dist = 35.74 (meters)
[run_subscribe_msckf-1] bg = 0.0005,0.0029,0.0004 | ba = -0.0056,-0.0016,0.0006
[run_subscribe_msckf-1] [34m[TIME]: 0.0016 seconds total (623.1 hz, 0.25 ms behind)
[run_subscribe_msckf-1] [0mq_GtoI = 0.016,0.012,-0.706,0.707 | p_IinG = 6.962,35.068,-0.701 | dist = 35.93 (meters)
[run_subscribe_msckf-1] bg = 0.0005,0.0029,0.0004 | ba = -0.0056,-0.0016,0.0006
[run_subscribe_msckf-1] [34m[TIME]: 0.0018 seconds total (553.1 hz, 0.25 ms behind)
[run_subscribe_msckf-1] [0mq_GtoI = 0.018,0.015,-0.706,0.707 | p_IinG = 6.996,35.252,-0.705 | dist = 36.12 (meters)
[run_subscribe_msckf-1] bg = 0.0005,0.0029,0.0004 | ba = -0.0056,-0.0016,0.0006
[run_subscribe_msckf-1] [34m[TIME]: 0.0016 seconds total (643.9 hz, 0.25 ms behind)
[run_subscribe_msckf-1] [0mq_GtoI = 0.021,0.018,-0.706,0.707 | p_IinG = 7.041,35.496,-0.712 | dist = 36.36 (meters)
[run_subscribe_msckf-1] bg = 0.0005,0.0029,0.0004 | ba = -0.0056,-0.0016,0.0006
[run_subscribe_msckf-1] [34m[TIME]: 0.0020 seconds total (489.2 hz, 0.25 ms behind)
[run_subscribe_msckf-1] [0mq_GtoI = 0.023,0.021,-0.706,0.707 | p_IinG = 7.075,35.678,-0.716 | dist = 36.55 (meters)
[run_subscribe_msckf-1] bg = 0.0005,0.0029,0.0004 | ba = -0.0056,-0.0016,0.0006
[run_subscribe_msckf-1] [34m[TIME]: 0.0018 seconds total (561.2 hz, 0.25 ms behind)
[run_subscribe_msckf-1] [0mq_GtoI = 0.024,0.023,-0.706,0.707 | p_IinG = 7.109,35.859,-0.721 | dist = 36.73 (meters)
[run_subscribe_msckf-1] bg = 0.0005,0.0029,0.0004 | ba = -0.0056,-0.0016,0.0006
[run_subscribe_msckf-1] [34m[TIME]: 0.0018 seconds total (569.8 hz, 0.25 ms behind)
[run_subscribe_msckf-1] [0mq_GtoI = 0.026,0.025,-0.706,0.707 | p_IinG = 7.154,36.098,-0.727 | dist = 36.98 (meters)
[run_subscribe_msckf-1] bg = 0.0005,0.0029,0.0004 | ba = -0.0056,-0.0016,0.0006
[run_subscribe_msckf-1] [34m[TIME]: 0.0017 seconds total (591.0 hz, 0.25 ms behind)
[run_subscribe_msckf-1] [0mq_GtoI = 0.027,0.027,-0.706,0.707 | p_IinG = 7.187,36.276,-0.731 | dist = 37.16 (meters)
[run_subscribe_msckf-1] bg = 0.0005,0.0029,0.0004 | ba = -0.0056,-0.0016,0.0006
[run_subscribe_msckf-1] [34m[TIME]: 0.0016 seconds total (616.1 hz, 0.25 ms behind)
[run_subscribe_msckf-1] [0mq_GtoI = 0.027,0.028,-0.706,0.707 | p_IinG = 7.221,36.453,-0.736 | dist = 37.34 (meters)
[run_subscribe_msckf-1] bg = 0.0005,0.0029,0.0004 | ba = -0.0056,-0.0016,0.0006
[run_subscribe_msckf-1] [34m[TIME]: 0.0016 seconds total (615.8 hz, 0.25 ms behind)
[run_subscribe_msckf-1] [0mq_GtoI = 0.027,0.029,-0.706,0.707 | p_IinG = 7.266,36.687,-0.741 | dist = 37.58 (meters)
[run_subscribe_msckf-1] bg = 0.0005,0.0029,0.0004 | ba = -0.0056,-0.0016,0.0006
[run_subscribe_msckf-1] [34m[TIME]: 0.0017 seconds total (601.7 hz, 0.25 ms behind)
[run_subscribe_msckf-1] [0mq_GtoI = 0.027,0.030,-0.706,0.707 | p_IinG = 7.299,36.861,-0.746 | dist = 37.75 (meters)
[run_subscribe_msckf-1] bg = 0.0005,0.0029,0.0004 | ba = -0.0056,-0.0016,0.0006
[run_subscribe_msckf-1] [34m[TIME]: 0.0017 seconds total (602.4 hz, 0.25 ms behind)
[run_subscribe_msckf-1] [0mq_GtoI = 0.026,0.030,-0.706,0.707 | p_IinG = 7.333,37.033,-0.750 | dist = 37.93 (meters)
[run_subscribe_msckf-1] bg = 0.0005,0.0029,0.0004 | ba = -0.0056,-0.0016,0.0006
[run_subscribe_msckf-1] [34m[TIME]: 0.0016 seconds total (630.1 hz, 0.25 ms behind)
[run_subscribe_msckf-1] [0mq_GtoI = 0.025,0.030,-0.706,0.707 | p_IinG = 7.377,37.261,-0.756 | dist = 38.16 (meters)
[run_subscribe_msckf-1] bg = 0.0005,0.0029,0.0004 | ba = -0.0056,-0.0016,0.0006
[run_subscribe_msckf-1] [34m[TIME]: 0.0016 seconds total (610.1 hz, 0.25 ms behind)
[run_subscribe_msckf-1] [0mq_GtoI = 0.024,0.029,-0.706,0.707 | p_IinG = 7.411,37.430,-0.760 | dist = 38.33 (meters)
[run_subscribe_msckf-1] bg = 0.0005,0.0029,0.0004 | ba = -0.0056,-0.0016,0.0006
[run_subscribe_msckf-1] [34m[TIME]: 0.0017 seconds total (588.2 hz, 0.25 ms behind)
[run_subscribe_msckf-1] [0mq_GtoI = 0.022,0.029,-0.706,0.707 | p_IinG = 7.444,37.598,-0.764 | dist = 38.51 (meters)
[run_subscribe_msckf-1] bg = 0.0005,0.0029,0.0004 | ba = -0.0056,-0.0016,0.0006
[run_subscribe_msckf-1] [34m[TIME]: 0.0017 seconds total (575.0 hz, 0.25 ms behind)
[run_subscribe_msckf-1] [0mq_GtoI = 0.019,0.027,-0.706,0.707 | p_IinG = 7.489,37.821,-0.770 | dist = 38.73 (meters)
[run_subscribe_msckf-1] bg = 0.0005,0.0029,0.0004 | ba = -0.0056,-0.0016,0.0006
[run_subscribe_msckf-1] [34m[TIME]: 0.0024 seconds total (423.2 hz, 0.25 ms behind)
[run_subscribe_msckf-1] [0mq_GtoI = 0.017,0.026,-0.706,0.707 | p_IinG = 7.523,37.986,-0.774 | dist = 38.90 (meters)
[run_subscribe_msckf-1] bg = 0.0005,0.0029,0.0004 | ba = -0.0056,-0.0016,0.0006
[run_subscribe_msckf-1] [34m[TIME]: 0.0019 seconds total (528.5 hz, 0.25 ms behind)
[run_subscribe_msckf-1] [0mq_GtoI = 0.014,0.024,-0.706,0.707 | p_IinG = 7.557,38.150,-0.778 | dist = 39.07 (meters)
[run_subscribe_msckf-1] bg = 0.0005,0.0029,0.0004 | ba = -0.0056,-0.0016,0.0006
[run_subscribe_msckf-1] [34m[TIME]: 0.0018 seconds total (544.4 hz, 0.25 ms behind)
[run_subscribe_msckf-1] [0mq_GtoI = 0.010,0.022,-0.706,0.708 | p_IinG = 7.603,38.367,-0.783 | dist = 39.29 (meters)
[run_subscribe_msckf-1] bg = 0.0005,0.0029,0.0004 | ba = -0.0056,-0.0016,0.0006
[run_subscribe_msckf-1] [34m[TIME]: 0.0017 seconds total (571.4 hz, 0.25 ms behind)
[run_subscribe_msckf-1] [0mq_GtoI = 0.007,0.019,-0.706,0.708 | p_IinG = 7.637,38.529,-0.787 | dist = 39.46 (meters)
[run_subscribe_msckf-1] bg = 0.0005,0.0029,0.0004 | ba = -0.0056,-0.0016,0.0006
[run_subscribe_msckf-1] [34m[TIME]: 0.0017 seconds total (579.4 hz, 0.25 ms behind)
[run_subscribe_msckf-1] [0mq_GtoI = 0.004,0.017,-0.706,0.708 | p_IinG = 7.671,38.690,-0.790 | dist = 39.62 (meters)
[run_subscribe_msckf-1] bg = 0.0005,0.0029,0.0004 | ba = -0.0056,-0.0016,0.0006
[run_subscribe_msckf-1] [34m[TIME]: 0.0019 seconds total (521.1 hz, 0.25 ms behind)
[run_subscribe_msckf-1] [0mq_GtoI = -0.001,0.013,-0.706,0.708 | p_IinG = 7.718,38.904,-0.795 | dist = 39.84 (meters)
[run_subscribe_msckf-1] bg = 0.0005,0.0029,0.0004 | ba = -0.0056,-0.0016,0.0006
[run_subscribe_msckf-1] [34m[TIME]: 0.0019 seconds total (536.2 hz, 0.25 ms behind)
[run_subscribe_msckf-1] [0mq_GtoI = -0.005,0.010,-0.706,0.708 | p_IinG = 7.753,39.064,-0.799 | dist = 40.00 (meters)
[run_subscribe_msckf-1] bg = 0.0005,0.0029,0.0004 | ba = -0.0056,-0.0016,0.0006
[run_subscribe_msckf-1] [34m[TIME]: 0.0017 seconds total (591.4 hz, 0.25 ms behind)
[run_subscribe_msckf-1] [0mq_GtoI = -0.009,0.007,-0.706,0.708 | p_IinG = 7.788,39.223,-0.802 | dist = 40.17 (meters)
[run_subscribe_msckf-1] bg = 0.0005,0.0029,0.0004 | ba = -0.0056,-0.0016,0.0006
[run_subscribe_msckf-1] [34m[TIME]: 0.0017 seconds total (580.0 hz, 0.25 ms behind)
[run_subscribe_msckf-1] [0mq_GtoI = -0.015,0.002,-0.706,0.708 | p_IinG = 7.835,39.436,-0.806 | dist = 40.38 (meters)
[run_subscribe_msckf-1] bg = 0.0005,0.0029,0.0004 | ba = -0.0056,-0.0016,0.0006
[run_subscribe_msckf-1] [34m[TIME]: 0.0017 seconds total (598.4 hz, 0.25 ms behind)
[run_subscribe_msckf-1] [0mq_GtoI = -0.019,-0.002,-0.706,0.708 | p_IinG = 7.871,39.595,-0.809 | dist = 40.55 (meters)
[run_subscribe_msckf-1] bg = 0.0005,0.0029,0.0004 | ba = -0.0056,-0.0016,0.0006
[run_subscribe_msckf-1] [34m[TIME]: 0.0016 seconds total (612.0 hz, 0.25 ms behind)
[run_subscribe_msckf-1] [0mq_GtoI = -0.024,-0.005,-0.706,0.708 | p_IinG = 7.907,39.754,-0.812 | dist = 40.71 (meters)
[run_subscribe_msckf-1] bg = 0.0005,0.0029,0.0004 | ba = -0.0056,-0.0016,0.0006
[run_subscribe_msckf-1] [34m[TIME]: 0.0017 seconds total (597.7 hz, 0.25 ms behind)
[run_subscribe_msckf-1] [0mq_GtoI = -0.030,-0.011,-0.706,0.708 | p_IinG = 7.956,39.966,-0.816 | dist = 40.93 (meters)
[run_subscribe_msckf-1] bg = 0.0005,0.0029,0.0004 | ba = -0.0056,-0.0016,0.0006
[run_subscribe_msckf-1] [34m[TIME]: 0.0019 seconds total (513.9 hz, 0.25 ms behind)
[run_subscribe_msckf-1] [0mq_GtoI = -0.034,-0.015,-0.706,0.708 | p_IinG = 7.993,40.126,-0.819 | dist = 41.09 (meters)
[run_subscribe_msckf-1] bg = 0.0005,0.0029,0.0004 | ba = -0.0056,-0.0016,0.0006
[run_subscribe_msckf-1] [34m[TIME]: 0.0017 seconds total (586.2 hz, 0.25 ms behind)
[run_subscribe_msckf-1] [0mq_GtoI = -0.039,-0.019,-0.705,0.707 | p_IinG = 8.030,40.287,-0.822 | dist = 41.26 (meters)
[run_subscribe_msckf-1] bg = 0.0005,0.0029,0.0004 | ba = -0.0056,-0.0016,0.0006
[run_subscribe_msckf-1] [34m[TIME]: 0.0017 seconds total (598.4 hz, 0.25 ms behind)
[run_subscribe_msckf-1] [0mq_GtoI = -0.045,-0.024,-0.705,0.707 | p_IinG = 8.080,40.502,-0.826 | dist = 41.48 (meters)
[run_subscribe_msckf-1] bg = 0.0005,0.0029,0.0004 | ba = -0.0056,-0.0016,0.0006
[run_subscribe_msckf-1] [34m[TIME]: 0.0018 seconds total (564.3 hz, 0.25 ms behind)
[run_subscribe_msckf-1] [0mq_GtoI = -0.049,-0.028,-0.705,0.707 | p_IinG = 8.118,40.665,-0.829 | dist = 41.65 (meters)
[run_subscribe_msckf-1] bg = 0.0005,0.0029,0.0004 | ba = -0.0056,-0.0016,0.0006
[run_subscribe_msckf-1] [34m[TIME]: 0.0017 seconds total (590.3 hz, 0.25 ms behind)
[run_subscribe_msckf-1] [0mq_GtoI = -0.053,-0.033,-0.705,0.707 | p_IinG = 8.156,40.829,-0.832 | dist = 41.82 (meters)
[run_subscribe_msckf-1] bg = 0.0005,0.0029,0.0004 | ba = -0.0056,-0.0016,0.0006
[run_subscribe_msckf-1] [34m[TIME]: 0.0018 seconds total (571.1 hz, 0.25 ms behind)
[run_subscribe_msckf-1] [0mq_GtoI = -0.059,-0.038,-0.704,0.706 | p_IinG = 8.207,41.050,-0.835 | dist = 42.04 (meters)
[run_subscribe_msckf-1] bg = 0.0005,0.0029,0.0004 | ba = -0.0056,-0.0016,0.0006
[run_subscribe_msckf-1] [34m[TIME]: 0.0017 seconds total (602.8 hz, 0.25 ms behind)
[run_subscribe_msckf-1] [0mq_GtoI = -0.063,-0.042,-0.704,0.706 | p_IinG = 8.246,41.217,-0.838 | dist = 42.21 (meters)
[run_subscribe_msckf-1] bg = 0.0005,0.0029,0.0004 | ba = -0.0056,-0.0016,0.0006
[run_subscribe_msckf-1] [34m[TIME]: 0.0017 seconds total (582.8 hz, 0.25 ms behind)
[run_subscribe_msckf-1] [0mq_GtoI = -0.066,-0.046,-0.704,0.706 | p_IinG = 8.286,41.386,-0.841 | dist = 42.39 (meters)
[run_subscribe_msckf-1] bg = 0.0005,0.0029,0.0004 | ba = -0.0056,-0.0016,0.0006
[run_subscribe_msckf-1] [34m[TIME]: 0.0015 seconds total (672.9 hz, 0.25 ms behind)
[run_subscribe_msckf-1] [0mq_GtoI = -0.071,-0.051,-0.703,0.706 | p_IinG = 8.339,41.614,-0.846 | dist = 42.62 (meters)
[run_subscribe_msckf-1] bg = 0.0005,0.0029,0.0004 | ba = -0.0056,-0.0016,0.0006
[run_subscribe_msckf-1] [34m[TIME]: 0.0014 seconds total (692.5 hz, 0.25 ms behind)
[run_subscribe_msckf-1] [0mq_GtoI = -0.074,-0.054,-0.703,0.705 | p_IinG = 8.379,41.787,-0.849 | dist = 42.80 (meters)
[run_subscribe_msckf-1] bg = 0.0005,0.0029,0.0004 | ba = -0.0056,-0.0016,0.0006
[run_subscribe_msckf-1] [34m[TIME]: 0.0016 seconds total (618.8 hz, 0.25 ms behind)
[run_subscribe_msckf-1] [0mq_GtoI = -0.077,-0.057,-0.703,0.705 | p_IinG = 8.419,41.963,-0.853 | dist = 42.98 (meters)
[run_subscribe_msckf-1] bg = 0.0005,0.0029,0.0004 | ba = -0.0056,-0.0016,0.0006
[run_subscribe_msckf-1] [34m[TIME]: 0.0014 seconds total (690.1 hz, 0.25 ms behind)
[run_subscribe_msckf-1] [0mq_GtoI = -0.080,-0.061,-0.702,0.705 | p_IinG = 8.474,42.200,-0.858 | dist = 43.22 (meters)
[run_subscribe_msckf-1] bg = 0.0005,0.0029,0.0004 | ba = -0.0056,-0.0016,0.0006
[run_subscribe_msckf-1] [34m[TIME]: 0.0019 seconds total (530.8 hz, 0.25 ms behind)
[run_subscribe_msckf-1] [0mq_GtoI = -0.082,-0.064,-0.702,0.704 | p_IinG = 8.515,42.381,-0.862 | dist = 43.41 (meters)
[run_subscribe_msckf-1] bg = 0.0005,0.0029,0.0004 | ba = -0.0056,-0.0016,0.0006
[run_subscribe_msckf-1] [34m[TIME]: 0.0017 seconds total (576.0 hz, 0.25 ms behind)
[run_subscribe_msckf-1] [0mq_GtoI = -0.084,-0.067,-0.702,0.704 | p_IinG = 8.556,42.564,-0.866 | dist = 43.60 (meters)
[run_subscribe_msckf-1] bg = 0.0005,0.0029,0.0004 | ba = -0.0056,-0.0016,0.0006
[run_subscribe_msckf-1] [34m[TIME]: 0.0016 seconds total (636.5 hz, 0.25 ms behind)
[run_subscribe_msckf-1] [0mq_GtoI = -0.086,-0.070,-0.702,0.704 | p_IinG = 8.612,42.812,-0.872 | dist = 43.85 (meters)
[run_subscribe_msckf-1] bg = 0.0005,0.0029,0.0004 | ba = -0.0056,-0.0016,0.0006
[run_subscribe_msckf-1] [34m[TIME]: 0.0016 seconds total (636.9 hz, 0.25 ms behind)
[run_subscribe_msckf-1] [0mq_GtoI = -0.087,-0.071,-0.701,0.704 | p_IinG = 8.654,43.002,-0.876 | dist = 44.04 (meters)
[run_subscribe_msckf-1] bg = 0.0005,0.0029,0.0004 | ba = -0.0056,-0.0016,0.0006
[run_subscribe_msckf-1] [34m[TIME]: 0.0015 seconds total (686.3 hz, 0.25 ms behind)
[run_subscribe_msckf-1] [0mq_GtoI = -0.088,-0.073,-0.701,0.704 | p_IinG = 8.696,43.194,-0.881 | dist = 44.24 (meters)
[run_subscribe_msckf-1] bg = 0.0005,0.0029,0.0004 | ba = -0.0056,-0.0016,0.0006
[run_subscribe_msckf-1] [34m[TIME]: 0.0014 seconds total (736.9 hz, 0.25 ms behind)
[run_subscribe_msckf-1] [0mq_GtoI = -0.088,-0.074,-0.701,0.704 | p_IinG = 8.753,43.454,-0.889 | dist = 44.51 (meters)
[run_subscribe_msckf-1] bg = 0.0005,0.0029,0.0004 | ba = -0.0056,-0.0016,0.0006
[run_subscribe_msckf-1] [34m[TIME]: 0.0014 seconds total (702.7 hz, 0.25 ms behind)
[run_subscribe_msckf-1] [0mq_GtoI = -0.088,-0.075,-0.701,0.704 | p_IinG = 8.796,43.652,-0.894 | dist = 44.71 (meters)
[run_subscribe_msckf-1] bg = 0.0005,0.0029,0.0004 | ba = -0.0056,-0.0016,0.0006
[run_subscribe_msckf-1] [34m[TIME]: 0.0015 seconds total (684.9 hz, 0.25 ms behind)
[run_subscribe_msckf-1] [0mq_GtoI = -0.087,-0.075,-0.701,0.704 | p_IinG = 8.839,43.853,-0.900 | dist = 44.92 (meters)
[run_subscribe_msckf-1] bg = 0.0005,0.0029,0.0004 | ba = -0.0056,-0.0016,0.0006
[run_subscribe_msckf-1] [34m[TIME]: 0.0013 seconds total (752.4 hz, 0.25 ms behind)
[run_subscribe_msckf-1] [0mq_GtoI = -0.086,-0.075,-0.701,0.704 | p_IinG = 8.896,44.126,-0.908 | dist = 45.19 (meters)
[run_subscribe_msckf-1] bg = 0.0005,0.0029,0.0004 | ba = -0.0056,-0.0016,0.0006
[run_subscribe_msckf-1] [34m[TIME]: 0.0013 seconds total (755.3 hz, 0.25 ms behind)
[run_subscribe_msckf-1] [0mq_GtoI = -0.084,-0.075,-0.701,0.704 | p_IinG = 8.939,44.333,-0.914 | dist = 45.41 (meters)
[run_subscribe_msckf-1] bg = 0.0005,0.0029,0.0004 | ba = -0.0056,-0.0016,0.0006
[run_subscribe_msckf-1] [34m[TIME]: 0.0014 seconds total (715.8 hz, 0.25 ms behind)
[run_subscribe_msckf-1] [0mq_GtoI = -0.082,-0.074,-0.702,0.704 | p_IinG = 8.983,44.544,-0.921 | dist = 45.62 (meters)
[run_subscribe_msckf-1] bg = 0.0005,0.0029,0.0004 | ba = -0.0056,-0.0016,0.0006
[run_subscribe_msckf-1] [34m[TIME]: 0.0014 seconds total (717.9 hz, 0.25 ms behind)
[run_subscribe_msckf-1] [0mq_GtoI = -0.079,-0.072,-0.702,0.704 | p_IinG = 9.041,44.828,-0.930 | dist = 45.91 (meters)
[run_subscribe_msckf-1] bg = 0.0005,0.0029,0.0004 | ba = -0.0056,-0.0016,0.0006
[run_subscribe_msckf-1] [34m[TIME]: 0.0017 seconds total (576.0 hz, 0.25 ms behind)
[run_subscribe_msckf-1] [0mq_GtoI = -0.077,-0.071,-0.702,0.704 | p_IinG = 9.084,45.044,-0.937 | dist = 46.13 (meters)
[run_subscribe_msckf-1] bg = 0.0005,0.0029,0.0004 | ba = -0.0056,-0.0016,0.0006
[run_subscribe_msckf-1] [34m[TIME]: 0.0016 seconds total (625.4 hz, 0.25 ms behind)
[run_subscribe_msckf-1] [0mq_GtoI = -0.074,-0.069,-0.702,0.705 | p_IinG = 9.128,45.263,-0.944 | dist = 46.36 (meters)
[run_subscribe_msckf-1] bg = 0.0005,0.0029,0.0004 | ba = -0.0056,-0.0016,0.0006
[run_subscribe_msckf-1] [34m[TIME]: 0.0016 seconds total (634.9 hz, 0.25 ms behind)
[run_subscribe_msckf-1] [0mq_GtoI = -0.069,-0.066,-0.703,0.705 | p_IinG = 9.186,45.559,-0.954 | dist = 46.66 (meters)
[run_subscribe_msckf-1] bg = 0.0005,0.0029,0.0004 | ba = -0.0056,-0.0016,0.0006
[run_subscribe_msckf-1] [34m[TIME]: 0.0016 seconds total (621.1 hz, 0.25 ms behind)
[run_subscribe_msckf-1] [0mq_GtoI = -0.066,-0.063,-0.703,0.705 | p_IinG = 9.230,45.783,-0.962 | dist = 46.89 (meters)
[run_subscribe_msckf-1] bg = 0.0005,0.0029,0.0004 | ba = -0.0056,-0.0016,0.0006
[run_subscribe_msckf-1] [34m[TIME]: 0.0014 seconds total (714.3 hz, 0.25 ms behind)
[run_subscribe_msckf-1] [0mq_GtoI = -0.062,-0.060,-0.703,0.706 | p_IinG = 9.274,46.010,-0.969 | dist = 47.12 (meters)
[run_subscribe_msckf-1] bg = 0.0005,0.0029,0.0004 | ba = -0.0056,-0.0016,0.0006
[run_subscribe_msckf-1] [34m[TIME]: 0.0014 seconds total (712.3 hz, 0.25 ms behind)
[run_subscribe_msckf-1] [0mq_GtoI = -0.056,-0.055,-0.704,0.706 | p_IinG = 9.332,46.315,-0.979 | dist = 47.43 (meters)
[run_subscribe_msckf-1] bg = 0.0005,0.0029,0.0004 | ba = -0.0056,-0.0016,0.0006
[run_subscribe_msckf-1] [34m[TIME]: 0.0015 seconds total (671.1 hz, 0.25 ms behind)
[run_subscribe_msckf-1] [0mq_GtoI = -0.052,-0.052,-0.704,0.706 | p_IinG = 9.376,46.546,-0.987 | dist = 47.66 (meters)
[run_subscribe_msckf-1] bg = 0.0005,0.0029,0.0004 | ba = -0.0056,-0.0016,0.0006
[run_subscribe_msckf-1] [34m[TIME]: 0.0016 seconds total (619.6 hz, 0.25 ms behind)
[run_subscribe_msckf-1] [0mq_GtoI = -0.047,-0.048,-0.705,0.706 | p_IinG = 9.419,46.778,-0.995 | dist = 47.90 (meters)
[run_subscribe_msckf-1] bg = 0.0005,0.0029,0.0004 | ba = -0.0056,-0.0016,0.0006
[run_subscribe_msckf-1] [34m[TIME]: 0.0016 seconds total (628.9 hz, 0.25 ms behind)
[run_subscribe_msckf-1] [0mq_GtoI = -0.040,-0.042,-0.705,0.707 | p_IinG = 9.477,47.091,-1.005 | dist = 48.22 (meters)
[run_subscribe_msckf-1] bg = 0.0005,0.0029,0.0004 | ba = -0.0056,-0.0016,0.0006
[run_subscribe_msckf-1] [34m[TIME]: 0.0017 seconds total (605.7 hz, 0.25 ms behind)
[run_subscribe_msckf-1] [0mq_GtoI = -0.035,-0.037,-0.705,0.707 | p_IinG = 9.521,47.327,-1.012 | dist = 48.46 (meters)
[run_subscribe_msckf-1] bg = 0.0005,0.0029,0.0004 | ba = -0.0056,-0.0016,0.0006
[run_subscribe_msckf-1] [34m[TIME]: 0.0017 seconds total (578.4 hz, 0.25 ms behind)
[run_subscribe_msckf-1] [0mq_GtoI = -0.030,-0.033,-0.706,0.707 | p_IinG = 9.564,47.564,-1.020 | dist = 48.70 (meters)
[run_subscribe_msckf-1] bg = 0.0005,0.0029,0.0004 | ba = -0.0056,-0.0016,0.0006
[run_subscribe_msckf-1] [34m[TIME]: 0.0018 seconds total (564.7 hz, 0.25 ms behind)
[run_subscribe_msckf-1] [0mq_GtoI = -0.020,-0.030,-0.706,0.707 | p_IinG = 3.088,47.690,-2.922 | dist = 49.02 (meters)
[run_subscribe_msckf-1] bg = -0.0001,0.0028,0.0005 | ba = -0.0015,0.0037,0.0183
[run_subscribe_msckf-1] [34m[TIME]: 0.0024 seconds total (415.3 hz, 0.25 ms behind)
[run_subscribe_msckf-1] [0mq_GtoI = -0.014,-0.025,-0.706,0.707 | p_IinG = 3.100,47.927,-2.936 | dist = 49.25 (meters)
[run_subscribe_msckf-1] bg = -0.0001,0.0028,0.0005 | ba = -0.0015,0.0037,0.0183
[run_subscribe_msckf-1] [34m[TIME]: 0.0018 seconds total (566.3 hz, 0.25 ms behind)
[run_subscribe_msckf-1] [0mq_GtoI = -0.010,-0.018,-0.706,0.708 | p_IinG = 5.681,47.220,-4.109 | dist = 49.49 (meters)
[run_subscribe_msckf-1] bg = 0.0002,0.0027,0.0004 | ba = 0.0002,0.0008,0.0291
[run_subscribe_msckf-1] [34m[TIME]: 0.0022 seconds total (444.6 hz, 0.25 ms behind)
[run_subscribe_msckf-1] [0mq_GtoI = -0.003,-0.012,-0.706,0.708 | p_IinG = 5.713,47.532,-4.134 | dist = 49.80 (meters)
[run_subscribe_msckf-1] bg = 0.0002,0.0027,0.0004 | ba = 0.0002,0.0008,0.0291
[run_subscribe_msckf-1] [34m[TIME]: 0.0017 seconds total (578.7 hz, 0.25 ms behind)
[run_subscribe_msckf-1] [0mq_GtoI = 0.001,-0.007,-0.707,0.708 | p_IinG = 5.707,47.742,-4.146 | dist = 50.04 (meters)
[run_subscribe_msckf-1] bg = 0.0001,0.0027,0.0004 | ba = 0.0002,0.0008,0.0290
[run_subscribe_msckf-1] [34m[TIME]: 0.0021 seconds total (476.2 hz, 0.25 ms behind)
[run_subscribe_msckf-1] [0mq_GtoI = 0.007,-0.003,-0.707,0.708 | p_IinG = 4.809,48.197,-4.263 | dist = 50.28 (meters)
[run_subscribe_msckf-1] bg = 0.0001,0.0028,0.0004 | ba = 0.0005,0.0016,0.0299
[run_subscribe_msckf-1] [34m[TIME]: 0.0022 seconds total (455.6 hz, 0.25 ms behind)
[run_subscribe_msckf-1] [0mq_GtoI = 0.013,0.004,-0.707,0.708 | p_IinG = 4.918,48.417,-4.346 | dist = 50.59 (meters)
[run_subscribe_msckf-1] bg = 0.0001,0.0027,0.0004 | ba = 0.0006,0.0015,0.0304
[run_subscribe_msckf-1] [34m[TIME]: 0.0019 seconds total (517.9 hz, 0.25 ms behind)
[run_subscribe_msckf-1] [0mq_GtoI = 0.017,0.008,-0.706,0.708 | p_IinG = 4.057,48.625,-4.679 | dist = 50.82 (meters)
[run_subscribe_msckf-1] bg = 0.0000,0.0027,0.0004 | ba = 0.0013,0.0022,0.0332
[run_subscribe_msckf-1] [34m[TIME]: 0.0028 seconds total (350.9 hz, 0.25 ms behind)
[run_subscribe_msckf-1] [0mq_GtoI = 0.022,0.012,-0.706,0.707 | p_IinG = 4.072,48.858,-4.699 | dist = 51.06 (meters)
[run_subscribe_msckf-1] bg = 0.0000,0.0027,0.0004 | ba = 0.0013,0.0022,0.0332
[run_subscribe_msckf-1] [34m[TIME]: 0.0016 seconds total (615.8 hz, 0.25 ms behind)
[run_subscribe_msckf-1] [0mq_GtoI = 0.027,0.018,-0.706,0.707 | p_IinG = 3.582,49.104,-4.771 | dist = 51.37 (meters)
[run_subscribe_msckf-1] bg = -0.0000,0.0027,0.0004 | ba = 0.0013,0.0027,0.0336
[run_subscribe_msckf-1] [34m[TIME]: 0.0025 seconds total (401.1 hz, 0.25 ms behind)
[run_subscribe_msckf-1] [0mq_GtoI = 0.031,0.022,-0.706,0.707 | p_IinG = 3.403,49.073,-4.960 | dist = 51.60 (meters)
[run_subscribe_msckf-1] bg = -0.0001,0.0027,0.0005 | ba = 0.0015,0.0028,0.0352
[run_subscribe_msckf-1] [34m[TIME]: 0.0020 seconds total (508.1 hz, 0.25 ms behind)
[run_subscribe_msckf-1] [0mq_GtoI = 0.034,0.026,-0.706,0.707 | p_IinG = 3.427,49.293,-4.980 | dist = 51.83 (meters)
[run_subscribe_msckf-1] bg = -0.0001,0.0027,0.0005 | ba = 0.0014,0.0028,0.0352
[run_subscribe_msckf-1] [34m[TIME]: 0.0019 seconds total (521.4 hz, 0.25 ms behind)
[run_subscribe_msckf-1] [0mq_GtoI = 0.038,0.030,-0.706,0.707 | p_IinG = 3.441,49.593,-5.008 | dist = 52.13 (meters)
[run_subscribe_msckf-1] bg = -0.0001,0.0027,0.0005 | ba = 0.0014,0.0028,0.0352
[run_subscribe_msckf-1] [34m[TIME]: 0.0020 seconds total (507.4 hz, 0.25 ms behind)
[run_subscribe_msckf-1] [0mq_GtoI = 0.040,0.033,-0.706,0.707 | p_IinG = 3.451,49.817,-5.028 | dist = 52.35 (meters)
[run_subscribe_msckf-1] bg = -0.0001,0.0027,0.0005 | ba = 0.0014,0.0028,0.0352
[run_subscribe_msckf-1] [34m[TIME]: 0.0017 seconds total (594.5 hz, 0.25 ms behind)
[run_subscribe_msckf-1] [0mq_GtoI = 0.042,0.036,-0.705,0.707 | p_IinG = 3.461,50.039,-5.049 | dist = 52.58 (meters)
[run_subscribe_msckf-1] bg = -0.0001,0.0027,0.0005 | ba = 0.0014,0.0028,0.0352
[run_subscribe_msckf-1] [34m[TIME]: 0.0018 seconds total (567.2 hz, 0.25 ms behind)
[run_subscribe_msckf-1] [0mq_GtoI = 0.044,0.040,-0.705,0.706 | p_IinG = 3.475,50.333,-5.077 | dist = 52.87 (meters)
[run_subscribe_msckf-1] bg = -0.0001,0.0027,0.0005 | ba = 0.0014,0.0028,0.0352
[run_subscribe_msckf-1] [34m[TIME]: 0.0018 seconds total (563.1 hz, 0.25 ms behind)
[run_subscribe_msckf-1] [0mq_GtoI = 0.045,0.042,-0.705,0.706 | p_IinG = 3.484,50.550,-5.097 | dist = 53.09 (meters)
[run_subscribe_msckf-1] bg = -0.0001,0.0027,0.0005 | ba = 0.0014,0.0028,0.0352
[run_subscribe_msckf-1] [34m[TIME]: 0.0018 seconds total (565.6 hz, 0.25 ms behind)
[run_subscribe_msckf-1] [0mq_GtoI = 0.046,0.043,-0.705,0.706 | p_IinG = 3.494,50.766,-5.118 | dist = 53.31 (meters)
[run_subscribe_msckf-1] bg = -0.0001,0.0027,0.0005 | ba = 0.0014,0.0028,0.0352
[run_subscribe_msckf-1] [34m[TIME]: 0.0018 seconds total (561.5 hz, 0.25 ms behind)
[run_subscribe_msckf-1] [0mq_GtoI = 0.046,0.045,-0.705,0.706 | p_IinG = 3.507,51.051,-5.146 | dist = 53.59 (meters)
[run_subscribe_msckf-1] bg = -0.0001,0.0027,0.0005 | ba = 0.0014,0.0028,0.0352
[run_subscribe_msckf-1] [34m[TIME]: 0.0017 seconds total (584.8 hz, 0.25 ms behind)
[run_subscribe_msckf-1] [0mq_GtoI = 0.046,0.046,-0.705,0.706 | p_IinG = 3.517,51.263,-5.166 | dist = 53.81 (meters)
[run_subscribe_msckf-1] bg = -0.0001,0.0027,0.0005 | ba = 0.0014,0.0028,0.0352
[run_subscribe_msckf-1] [34m[TIME]: 0.0018 seconds total (561.5 hz, 0.25 ms behind)
[run_subscribe_msckf-1] [0mq_GtoI = 0.045,0.046,-0.705,0.706 | p_IinG = 3.526,51.472,-5.187 | dist = 54.02 (meters)
[run_subscribe_msckf-1] bg = -0.0001,0.0027,0.0005 | ba = 0.0014,0.0028,0.0352
[run_subscribe_msckf-1] [34m[TIME]: 0.0018 seconds total (556.8 hz, 0.25 ms behind)
[run_subscribe_msckf-1] [0mq_GtoI = 0.044,0.046,-0.705,0.706 | p_IinG = 3.539,51.748,-5.215 | dist = 54.29 (meters)
[run_subscribe_msckf-1] bg = -0.0001,0.0027,0.0005 | ba = 0.0014,0.0028,0.0352
[run_subscribe_msckf-1] [34m[TIME]: 0.0018 seconds total (551.9 hz, 0.25 ms behind)
[run_subscribe_msckf-1] [0mq_GtoI = 0.042,0.045,-0.705,0.706 | p_IinG = 3.548,51.953,-5.235 | dist = 54.50 (meters)
[run_subscribe_msckf-1] bg = -0.0001,0.0027,0.0005 | ba = 0.0014,0.0028,0.0352
[run_subscribe_msckf-1] [34m[TIME]: 0.0019 seconds total (526.9 hz, 0.25 ms behind)
[run_subscribe_msckf-1] [0mq_GtoI = 0.040,0.044,-0.705,0.707 | p_IinG = 3.558,52.156,-5.256 | dist = 54.71 (meters)
[run_subscribe_msckf-1] bg = -0.0001,0.0027,0.0005 | ba = 0.0014,0.0028,0.0352
[run_subscribe_msckf-1] [34m[TIME]: 0.0018 seconds total (550.7 hz, 0.25 ms behind)
[run_subscribe_msckf-1] [0mq_GtoI = 0.036,0.042,-0.705,0.707 | p_IinG = 3.571,52.423,-5.284 | dist = 54.97 (meters)
[run_subscribe_msckf-1] bg = -0.0001,0.0027,0.0005 | ba = 0.0014,0.0028,0.0352
[run_subscribe_msckf-1] [34m[TIME]: 0.0019 seconds total (531.6 hz, 0.25 ms behind)
[run_subscribe_msckf-1] [0mq_GtoI = 0.033,0.040,-0.705,0.707 | p_IinG = 3.581,52.622,-5.304 | dist = 55.17 (meters)
[run_subscribe_msckf-1] bg = -0.0001,0.0027,0.0005 | ba = 0.0014,0.0028,0.0352
[run_subscribe_msckf-1] [34m[TIME]: 0.0018 seconds total (565.9 hz, 0.25 ms behind)
[run_subscribe_msckf-1] [0mq_GtoI = 0.030,0.038,-0.706,0.707 | p_IinG = 3.591,52.819,-5.325 | dist = 55.37 (meters)
[run_subscribe_msckf-1] bg = -0.0001,0.0027,0.0005 | ba = 0.0014,0.0028,0.0352
[run_subscribe_msckf-1] [34m[TIME]: 0.0017 seconds total (582.1 hz, 0.25 ms behind)
[run_subscribe_msckf-1] [0mq_GtoI = 0.025,0.034,-0.706,0.707 | p_IinG = 3.604,53.079,-5.352 | dist = 55.63 (meters)
[run_subscribe_msckf-1] bg = -0.0001,0.0027,0.0005 | ba = 0.0014,0.0028,0.0352
[run_subscribe_msckf-1] [34m[TIME]: 0.0019 seconds total (535.0 hz, 0.25 ms behind)
[run_subscribe_msckf-1] [0mq_GtoI = 0.021,0.031,-0.706,0.707 | p_IinG = 3.615,53.272,-5.372 | dist = 55.83 (meters)
[run_subscribe_msckf-1] bg = -0.0001,0.0027,0.0005 | ba = 0.0014,0.0028,0.0352
[run_subscribe_msckf-1] [34m[TIME]: 0.0019 seconds total (519.2 hz, 0.25 ms behind)
[run_subscribe_msckf-1] [0mq_GtoI = 0.016,0.027,-0.706,0.707 | p_IinG = 3.625,53.464,-5.392 | dist = 56.02 (meters)
[run_subscribe_msckf-1] bg = -0.0001,0.0027,0.0005 | ba = 0.0014,0.0028,0.0352
[run_subscribe_msckf-1] [34m[TIME]: 0.0020 seconds total (512.0 hz, 0.25 ms behind)
[run_subscribe_msckf-1] [0mq_GtoI = 0.010,0.022,-0.706,0.708 | p_IinG = 3.640,53.718,-5.419 | dist = 56.28 (meters)
[run_subscribe_msckf-1] bg = -0.0001,0.0027,0.0005 | ba = 0.0014,0.0028,0.0352
[run_subscribe_msckf-1] [34m[TIME]: 0.0018 seconds total (548.8 hz, 0.25 ms behind)
[run_subscribe_msckf-1] [0mq_GtoI = 0.005,0.017,-0.706,0.708 | p_IinG = 3.650,53.908,-5.439 | dist = 56.47 (meters)
[run_subscribe_msckf-1] bg = -0.0001,0.0027,0.0005 | ba = 0.0014,0.0028,0.0352
[run_subscribe_msckf-1] [34m[TIME]: 0.0021 seconds total (477.6 hz, 0.25 ms behind)
[run_subscribe_msckf-1] [0mq_GtoI = -0.000,0.013,-0.706,0.708 | p_IinG = 3.662,54.097,-5.458 | dist = 56.66 (meters)
[run_subscribe_msckf-1] bg = -0.0001,0.0027,0.0005 | ba = 0.0014,0.0028,0.0352
[run_subscribe_msckf-1] [34m[TIME]: 0.0020 seconds total (492.6 hz, 0.25 ms behind)
[run_subscribe_msckf-1] [0mq_GtoI = -0.008,0.006,-0.706,0.708 | p_IinG = 3.677,54.348,-5.484 | dist = 56.91 (meters)
[run_subscribe_msckf-1] bg = -0.0001,0.0027,0.0005 | ba = 0.0014,0.0028,0.0352
[run_subscribe_msckf-1] [34m[TIME]: 0.0019 seconds total (515.7 hz, 0.25 ms behind)
[run_subscribe_msckf-1] [0mq_GtoI = -0.013,0.001,-0.706,0.708 | p_IinG = 3.689,54.536,-5.503 | dist = 57.10 (meters)
[run_subscribe_msckf-1] bg = -0.0001,0.0027,0.0005 | ba = 0.0014,0.0028,0.0352
[run_subscribe_msckf-1] [34m[TIME]: 0.0018 seconds total (565.3 hz, 0.25 ms behind)
[run_subscribe_msckf-1] [0mq_GtoI = -0.019,-0.005,-0.706,0.708 | p_IinG = 3.701,54.724,-5.523 | dist = 57.29 (meters)
[run_subscribe_msckf-1] bg = -0.0001,0.0027,0.0005 | ba = 0.0014,0.0028,0.0352
[run_subscribe_msckf-1] [34m[TIME]: 0.0017 seconds total (589.6 hz, 0.25 ms behind)
[run_subscribe_msckf-1] [0mq_GtoI = -0.027,-0.012,-0.706,0.708 | p_IinG = 3.717,54.975,-5.548 | dist = 57.54 (meters)
[run_subscribe_msckf-1] bg = -0.0001,0.0027,0.0005 | ba = 0.0014,0.0028,0.0352
[run_subscribe_msckf-1] [34m[TIME]: 0.0018 seconds total (540.5 hz, 0.25 ms behind)
[run_subscribe_msckf-1] [0mq_GtoI = -0.032,-0.018,-0.706,0.707 | p_IinG = 3.730,55.163,-5.567 | dist = 57.73 (meters)
[run_subscribe_msckf-1] bg = -0.0001,0.0027,0.0005 | ba = 0.0014,0.0028,0.0352
[run_subscribe_msckf-1] [34m[TIME]: 0.0017 seconds total (581.1 hz, 0.25 ms behind)
[run_subscribe_msckf-1] [0mq_GtoI = -0.038,-0.023,-0.706,0.707 | p_IinG = 3.742,55.353,-5.586 | dist = 57.92 (meters)
[run_subscribe_msckf-1] bg = -0.0001,0.0027,0.0005 | ba = 0.0014,0.0028,0.0352
[run_subscribe_msckf-1] [34m[TIME]: 0.0017 seconds total (587.9 hz, 0.25 ms behind)
[run_subscribe_msckf-1] [0mq_GtoI = -0.045,-0.031,-0.705,0.707 | p_IinG = 3.760,55.606,-5.611 | dist = 58.18 (meters)
[run_subscribe_msckf-1] bg = -0.0001,0.0027,0.0005 | ba = 0.0014,0.0028,0.0352
[run_subscribe_msckf-1] [34m[TIME]: 0.0017 seconds total (595.9 hz, 0.25 ms behind)
[run_subscribe_msckf-1] [0mq_GtoI = -0.051,-0.036,-0.705,0.707 | p_IinG = 3.773,55.798,-5.629 | dist = 58.37 (meters)
[run_subscribe_msckf-1] bg = -0.0001,0.0027,0.0005 | ba = 0.0014,0.0028,0.0352
[run_subscribe_msckf-1] [34m[TIME]: 0.0018 seconds total (569.5 hz, 0.25 ms behind)
[run_subscribe_msckf-1] [0mq_GtoI = -0.056,-0.042,-0.705,0.706 | p_IinG = 3.787,55.991,-5.648 | dist = 58.57 (meters)
[run_subscribe_msckf-1] bg = -0.0001,0.0027,0.0005 | ba = 0.0014,0.0028,0.0352
[run_subscribe_msckf-1] [34m[TIME]: 0.0018 seconds total (542.3 hz, 0.25 ms behind)
[run_subscribe_msckf-1] [0mq_GtoI = -0.063,-0.049,-0.704,0.706 | p_IinG = 3.806,56.250,-5.673 | dist = 58.83 (meters)
[run_subscribe_msckf-1] bg = -0.0001,0.0027,0.0005 | ba = 0.0014,0.0028,0.0352
[run_subscribe_msckf-1] [34m[TIME]: 0.0019 seconds total (528.5 hz, 0.25 ms behind)
[run_subscribe_msckf-1] [0mq_GtoI = -0.067,-0.054,-0.704,0.705 | p_IinG = 3.820,56.447,-5.692 | dist = 59.03 (meters)
[run_subscribe_msckf-1] bg = -0.0001,0.0027,0.0005 | ba = 0.0014,0.0028,0.0352
[run_subscribe_msckf-1] [34m[TIME]: 0.0018 seconds total (548.2 hz, 0.25 ms behind)
[run_subscribe_msckf-1] [0mq_GtoI = -0.072,-0.059,-0.703,0.705 | p_IinG = 3.835,56.646,-5.711 | dist = 59.23 (meters)
[run_subscribe_msckf-1] bg = -0.0001,0.0027,0.0005 | ba = 0.0014,0.0028,0.0352
[run_subscribe_msckf-1] [34m[TIME]: 0.0017 seconds total (602.4 hz, 0.25 ms behind)
[run_subscribe_msckf-1] [0mq_GtoI = -0.077,-0.066,-0.703,0.704 | p_IinG = 3.854,56.914,-5.737 | dist = 59.50 (meters)
[run_subscribe_msckf-1] bg = -0.0001,0.0027,0.0005 | ba = 0.0014,0.0028,0.0352
[run_subscribe_msckf-1] [34m[TIME]: 0.0016 seconds total (620.3 hz, 0.25 ms behind)
[run_subscribe_msckf-1] [0mq_GtoI = -0.081,-0.070,-0.702,0.704 | p_IinG = 3.869,57.118,-5.756 | dist = 59.70 (meters)
[run_subscribe_msckf-1] bg = -0.0001,0.0027,0.0005 | ba = 0.0014,0.0028,0.0352
[run_subscribe_msckf-1] [34m[TIME]: 0.0015 seconds total (660.5 hz, 0.25 ms behind)
[run_subscribe_msckf-1] [0mq_GtoI = -0.084,-0.074,-0.702,0.703 | p_IinG = 3.885,57.325,-5.776 | dist = 59.91 (meters)
[run_subscribe_msckf-1] bg = -0.0001,0.0027,0.0005 | ba = 0.0014,0.0028,0.0352
[run_subscribe_msckf-1] [34m[TIME]: 0.0016 seconds total (610.1 hz, 0.25 ms behind)
[run_subscribe_msckf-1] [0mq_GtoI = -0.088,-0.080,-0.701,0.703 | p_IinG = 3.905,57.604,-5.802 | dist = 60.19 (meters)
[run_subscribe_msckf-1] bg = -0.0001,0.0027,0.0005 | ba = 0.0014,0.0028,0.0352
[run_subscribe_msckf-1] [34m[TIME]: 0.0015 seconds total (650.2 hz, 0.25 ms behind)
[run_subscribe_msckf-1] [0mq_GtoI = -0.091,-0.083,-0.701,0.703 | p_IinG = 3.921,57.817,-5.823 | dist = 60.41 (meters)
[run_subscribe_msckf-1] bg = -0.0001,0.0027,0.0005 | ba = 0.0014,0.0028,0.0352
[run_subscribe_msckf-1] [34m[TIME]: 0.0014 seconds total (716.3 hz, 0.25 ms behind)
[run_subscribe_msckf-1] [0mq_GtoI = -0.093,-0.086,-0.701,0.702 | p_IinG = 3.936,58.033,-5.843 | dist = 60.62 (meters)
[run_subscribe_msckf-1] bg = -0.0001,0.0027,0.0005 | ba = 0.0014,0.0028,0.0352
[run_subscribe_msckf-1] [34m[TIME]: 0.0013 seconds total (772.2 hz, 0.25 ms behind)
[run_subscribe_msckf-1] [0mq_GtoI = -0.096,-0.090,-0.700,0.702 | p_IinG = 3.957,58.326,-5.871 | dist = 60.92 (meters)
[run_subscribe_msckf-1] bg = -0.0001,0.0027,0.0005 | ba = 0.0014,0.0028,0.0352
[run_subscribe_msckf-1] [34m[TIME]: 0.0013 seconds total (780.6 hz, 0.25 ms behind)
[run_subscribe_msckf-1] [0mq_GtoI = -0.097,-0.093,-0.700,0.702 | p_IinG = 3.973,58.549,-5.893 | dist = 61.14 (meters)
[run_subscribe_msckf-1] bg = -0.0001,0.0027,0.0005 | ba = 0.0014,0.0028,0.0352
[run_subscribe_msckf-1] [34m[TIME]: 0.0014 seconds total (735.8 hz, 0.25 ms behind)
[run_subscribe_msckf-1] [0mq_GtoI = -0.098,-0.095,-0.700,0.701 | p_IinG = 3.989,58.775,-5.914 | dist = 61.37 (meters)
[run_subscribe_msckf-1] bg = -0.0001,0.0027,0.0005 | ba = 0.0014,0.0028,0.0352
[run_subscribe_msckf-1] [34m[TIME]: 0.0012 seconds total (823.7 hz, 0.25 ms behind)
[run_subscribe_msckf-1] [0mq_GtoI = -0.099,-0.097,-0.700,0.701 | p_IinG = 4.011,59.083,-5.944 | dist = 61.68 (meters)
[run_subscribe_msckf-1] bg = -0.0001,0.0027,0.0005 | ba = 0.0014,0.0028,0.0352
[run_subscribe_msckf-1] [34m[TIME]: 0.0013 seconds total (769.8 hz, 0.25 ms behind)
[run_subscribe_msckf-1] [0mq_GtoI = -0.098,-0.098,-0.699,0.701 | p_IinG = 4.027,59.317,-5.967 | dist = 61.92 (meters)
[run_subscribe_msckf-1] bg = -0.0001,0.0027,0.0005 | ba = 0.0014,0.0028,0.0352
[run_subscribe_msckf-1] [34m[TIME]: 0.0013 seconds total (784.3 hz, 0.25 ms behind)
[run_subscribe_msckf-1] [0mq_GtoI = -0.098,-0.098,-0.699,0.701 | p_IinG = 4.043,59.554,-5.990 | dist = 62.16 (meters)
[run_subscribe_msckf-1] bg = -0.0001,0.0027,0.0005 | ba = 0.0014,0.0028,0.0352
[run_subscribe_msckf-1] [34m[TIME]: 0.0012 seconds total (807.1 hz, 0.25 ms behind)
[run_subscribe_msckf-1] [0mq_GtoI = -0.097,-0.098,-0.700,0.701 | p_IinG = 4.065,59.876,-6.021 | dist = 62.48 (meters)
[run_subscribe_msckf-1] bg = -0.0001,0.0027,0.0005 | ba = 0.0014,0.0028,0.0352
[run_subscribe_msckf-1] [34m[TIME]: 0.0014 seconds total (723.1 hz, 0.25 ms behind)
[run_subscribe_msckf-1] [0mq_GtoI = -0.095,-0.098,-0.700,0.701 | p_IinG = 4.081,60.122,-6.045 | dist = 62.73 (meters)
[run_subscribe_msckf-1] bg = -0.0001,0.0027,0.0005 | ba = 0.0014,0.0028,0.0352
[run_subscribe_msckf-1] [34m[TIME]: 0.0013 seconds total (796.8 hz, 0.25 ms behind)
[run_subscribe_msckf-1] [0mq_GtoI = -0.093,-0.097,-0.700,0.701 | p_IinG = 4.097,60.371,-6.070 | dist = 62.98 (meters)
[run_subscribe_msckf-1] bg = -0.0001,0.0027,0.0005 | ba = 0.0014,0.0028,0.0352
[run_subscribe_msckf-1] [34m[TIME]: 0.0014 seconds total (727.3 hz, 0.25 ms behind)
[run_subscribe_msckf-1] [0mq_GtoI = -0.090,-0.095,-0.700,0.702 | p_IinG = 4.118,60.708,-6.103 | dist = 63.32 (meters)
[run_subscribe_msckf-1] bg = -0.0001,0.0027,0.0005 | ba = 0.0014,0.0028,0.0352
[run_subscribe_msckf-1] [34m[TIME]: 0.0013 seconds total (750.2 hz, 0.25 ms behind)
[run_subscribe_msckf-1] [0mq_GtoI = -0.087,-0.093,-0.701,0.702 | p_IinG = 4.133,60.964,-6.128 | dist = 63.58 (meters)
[run_subscribe_msckf-1] bg = -0.0001,0.0027,0.0005 | ba = 0.0014,0.0028,0.0352
[run_subscribe_msckf-1] [34m[TIME]: 0.0013 seconds total (789.9 hz, 0.25 ms behind)
[run_subscribe_msckf-1] [0mq_GtoI = -0.084,-0.091,-0.701,0.702 | p_IinG = 4.149,61.224,-6.153 | dist = 63.84 (meters)
[run_subscribe_msckf-1] bg = -0.0001,0.0027,0.0005 | ba = 0.0014,0.0028,0.0352
[run_subscribe_msckf-1] [34m[TIME]: 0.0013 seconds total (794.9 hz, 0.25 ms behind)
[run_subscribe_msckf-1] [0mq_GtoI = -0.079,-0.087,-0.701,0.703 | p_IinG = 4.170,61.574,-6.187 | dist = 64.19 (meters)
[run_subscribe_msckf-1] bg = -0.0001,0.0027,0.0005 | ba = 0.0014,0.0028,0.0352
[run_subscribe_msckf-1] [34m[TIME]: 0.0013 seconds total (753.0 hz, 0.25 ms behind)
[run_subscribe_msckf-1] [0mq_GtoI = -0.075,-0.083,-0.702,0.703 | p_IinG = 4.185,61.840,-6.213 | dist = 64.46 (meters)
[run_subscribe_msckf-1] bg = -0.0001,0.0027,0.0005 | ba = 0.0014,0.0028,0.0352
[run_subscribe_msckf-1] [34m[TIME]: 0.0016 seconds total (628.1 hz, 0.25 ms behind)
[run_subscribe_msckf-1] [0mq_GtoI = -0.070,-0.080,-0.702,0.704 | p_IinG = 4.200,62.109,-6.239 | dist = 64.73 (meters)
[run_subscribe_msckf-1] bg = -0.0001,0.0027,0.0005 | ba = 0.0014,0.0028,0.0352
[run_subscribe_msckf-1] [34m[TIME]: 0.0016 seconds total (641.4 hz, 0.25 ms behind)
[run_subscribe_msckf-1] [0mq_GtoI = -0.064,-0.074,-0.703,0.704 | p_IinG = 4.220,62.472,-6.273 | dist = 65.09 (meters)
[run_subscribe_msckf-1] bg = -0.0001,0.0027,0.0005 | ba = 0.0014,0.0028,0.0352
[run_subscribe_msckf-1] [34m[TIME]: 0.0016 seconds total (623.8 hz, 0.25 ms behind)
[run_subscribe_msckf-1] [0mq_GtoI = -0.059,-0.069,-0.703,0.705 | p_IinG = 4.234,62.747,-6.299 | dist = 65.37 (meters)
[run_subscribe_msckf-1] bg = -0.0001,0.0027,0.0005 | ba = 0.0014,0.0028,0.0352
[run_subscribe_msckf-1] [34m[TIME]: 0.0015 seconds total (668.9 hz, 0.25 ms behind)
[run_subscribe_msckf-1] [0mq_GtoI = -0.053,-0.064,-0.704,0.705 | p_IinG = 4.249,63.024,-6.325 | dist = 65.65 (meters)
[run_subscribe_msckf-1] bg = -0.0001,0.0027,0.0005 | ba = 0.0014,0.0028,0.0352
[run_subscribe_msckf-1] [34m[TIME]: 0.0016 seconds total (634.9 hz, 0.25 ms behind)
[run_subscribe_msckf-1] [0mq_GtoI = -0.046,-0.057,-0.704,0.706 | p_IinG = 4.267,63.396,-6.360 | dist = 66.02 (meters)
[run_subscribe_msckf-1] bg = -0.0001,0.0027,0.0005 | ba = 0.0014,0.0028,0.0352
[run_subscribe_msckf-1] [34m[TIME]: 0.0014 seconds total (699.3 hz, 0.25 ms behind)
[run_subscribe_msckf-1] [0mq_GtoI = -0.040,-0.052,-0.705,0.706 | p_IinG = 4.281,63.677,-6.386 | dist = 66.30 (meters)
[run_subscribe_msckf-1] bg = -0.0001,0.0027,0.0005 | ba = 0.0014,0.0028,0.0352
[run_subscribe_msckf-1] [34m[TIME]: 0.0014 seconds total (700.3 hz, 0.25 ms behind)
[run_subscribe_msckf-1] [0mq_GtoI = -0.034,-0.046,-0.705,0.707 | p_IinG = 4.295,63.959,-6.412 | dist = 66.59 (meters)
[run_subscribe_msckf-1] bg = -0.0001,0.0027,0.0005 | ba = 0.0014,0.0028,0.0352
[run_subscribe_msckf-1] [34m[TIME]: 0.0017 seconds total (591.0 hz, 0.25 ms behind)
[run_subscribe_msckf-1] [0mq_GtoI = -0.026,-0.038,-0.706,0.707 | p_IinG = 4.450,63.844,-6.611 | dist = 66.97 (meters)
[run_subscribe_msckf-1] bg = -0.0000,0.0027,0.0004 | ba = 0.0015,0.0027,0.0367
[run_subscribe_msckf-1] [34m[TIME]: 0.0021 seconds total (486.6 hz, 0.25 ms behind)
[run_subscribe_msckf-1] [0mq_GtoI = -0.020,-0.032,-0.706,0.707 | p_IinG = 4.463,64.127,-6.638 | dist = 67.25 (meters)
[run_subscribe_msckf-1] bg = -0.0000,0.0027,0.0004 | ba = 0.0015,0.0027,0.0367
[run_subscribe_msckf-1] [34m[TIME]: 0.0018 seconds total (569.8 hz, 0.25 ms behind)
[run_subscribe_msckf-1] [0mq_GtoI = -0.014,-0.025,-0.706,0.708 | p_IinG = 4.477,64.410,-6.664 | dist = 67.54 (meters)
[run_subscribe_msckf-1] bg = -0.0000,0.0027,0.0004 | ba = 0.0015,0.0027,0.0367
[run_subscribe_msckf-1] [34m[TIME]: 0.0017 seconds total (582.8 hz, 0.25 ms behind)
[run_subscribe_msckf-1] [0mq_GtoI = -0.006,-0.017,-0.706,0.708 | p_IinG = 4.781,64.096,-6.843 | dist = 67.91 (meters)
[run_subscribe_msckf-1] bg = -0.0000,0.0026,0.0004 | ba = 0.0015,0.0026,0.0382
[run_subscribe_msckf-1] [34m[TIME]: 0.0018 seconds total (544.4 hz, 0.25 ms behind)
[run_subscribe_msckf-1] [0mq_GtoI = 0.002,-0.010,-0.706,0.708 | p_IinG = 3.095,61.196,-8.498 | dist = 68.18 (meters)
[run_subscribe_msckf-1] bg = -0.0001,0.0024,0.0005 | ba = 0.0027,0.0031,0.0517
[run_subscribe_msckf-1] [34m[TIME]: 0.0026 seconds total (381.1 hz, 0.25 ms behind)
[run_subscribe_msckf-1] [0mq_GtoI = 0.007,-0.004,-0.706,0.708 | p_IinG = 3.014,61.084,-8.725 | dist = 68.45 (meters)
[run_subscribe_msckf-1] bg = -0.0001,0.0024,0.0005 | ba = 0.0029,0.0031,0.0534
[run_subscribe_msckf-1] [34m[TIME]: 0.0024 seconds total (412.2 hz, 0.25 ms behind)
[run_subscribe_msckf-1] [0mq_GtoI = 0.014,0.004,-0.706,0.708 | p_IinG = 2.914,61.372,-8.705 | dist = 68.81 (meters)
[run_subscribe_msckf-1] bg = -0.0002,0.0024,0.0005 | ba = 0.0027,0.0031,0.0528
[run_subscribe_msckf-1] [34m[TIME]: 0.0023 seconds total (436.5 hz, 0.25 ms behind)
[run_subscribe_msckf-1] [0mq_GtoI = 0.019,0.009,-0.706,0.708 | p_IinG = 2.732,61.496,-8.783 | dist = 69.08 (meters)
[run_subscribe_msckf-1] bg = -0.0002,0.0024,0.0005 | ba = 0.0027,0.0032,0.0531
[run_subscribe_msckf-1] [34m[TIME]: 0.0024 seconds total (422.3 hz, 0.25 ms behind)
[run_subscribe_msckf-1] [0mq_GtoI = 0.024,0.015,-0.706,0.707 | p_IinG = 2.794,61.820,-8.666 | dist = 69.34 (meters)
[run_subscribe_msckf-1] bg = -0.0002,0.0024,0.0005 | ba = 0.0024,0.0032,0.0518
[run_subscribe_msckf-1] [34m[TIME]: 0.0018 seconds total (566.6 hz, 0.25 ms behind)
[run_subscribe_msckf-1] [0mq_GtoI = 0.030,0.022,-0.706,0.707 | p_IinG = 2.741,62.082,-8.744 | dist = 69.69 (meters)
[run_subscribe_msckf-1] bg = -0.0002,0.0024,0.0005 | ba = 0.0024,0.0032,0.0521
[run_subscribe_msckf-1] [34m[TIME]: 0.0019 seconds total (517.1 hz, 0.25 ms behind)
[run_subscribe_msckf-1] [0mq_GtoI = 0.034,0.026,-0.706,0.707 | p_IinG = 2.402,62.271,-8.747 | dist = 69.96 (meters)
[run_subscribe_msckf-1] bg = -0.0002,0.0024,0.0005 | ba = 0.0022,0.0033,0.0516
[run_subscribe_msckf-1] [34m[TIME]: 0.0027 seconds total (375.9 hz, 0.25 ms behind)
[run_subscribe_msckf-1] [0mq_GtoI = 0.038,0.031,-0.706,0.707 | p_IinG = 2.324,62.574,-8.849 | dist = 70.22 (meters)
[run_subscribe_msckf-1] bg = -0.0002,0.0024,0.0005 | ba = 0.0024,0.0033,0.0522
[run_subscribe_msckf-1] [34m[TIME]: 0.0027 seconds total (368.2 hz, 0.25 ms behind)
[run_subscribe_msckf-1] [0mq_GtoI = 0.042,0.036,-0.705,0.707 | p_IinG = 2.128,63.144,-8.771 | dist = 70.56 (meters)
[run_subscribe_msckf-1] bg = -0.0002,0.0024,0.0005 | ba = 0.0023,0.0035,0.0510
[run_subscribe_msckf-1] [34m[TIME]: 0.0031 seconds total (317.7 hz, 0.25 ms behind)
[run_subscribe_msckf-1] [0mq_GtoI = 0.045,0.040,-0.705,0.706 | p_IinG = 2.128,63.401,-8.802 | dist = 70.82 (meters)
[run_subscribe_msckf-1] bg = -0.0002,0.0024,0.0005 | ba = 0.0023,0.0035,0.0510
[run_subscribe_msckf-1] [34m[TIME]: 0.0019 seconds total (534.2 hz, 0.25 ms behind)
[run_subscribe_msckf-1] [0mq_GtoI = 0.047,0.044,-0.705,0.706 | p_IinG = 2.128,63.655,-8.833 | dist = 71.08 (meters)
[run_subscribe_msckf-1] bg = -0.0002,0.0024,0.0005 | ba = 0.0023,0.0035,0.0510
[run_subscribe_msckf-1] [34m[TIME]: 0.0016 seconds total (633.7 hz, 0.25 ms behind)
[run_subscribe_msckf-1] [0mq_GtoI = 0.050,0.048,-0.705,0.706 | p_IinG = 2.128,63.991,-8.875 | dist = 71.42 (meters)
[run_subscribe_msckf-1] bg = -0.0002,0.0024,0.0005 | ba = 0.0023,0.0035,0.0510
[run_subscribe_msckf-1] [34m[TIME]: 0.0018 seconds total (553.7 hz, 0.25 ms behind)
[run_subscribe_msckf-1] [0mq_GtoI = 0.052,0.051,-0.705,0.706 | p_IinG = 2.128,64.241,-8.906 | dist = 71.67 (meters)
[run_subscribe_msckf-1] bg = -0.0002,0.0024,0.0005 | ba = 0.0023,0.0035,0.0510
[run_subscribe_msckf-1] [34m[TIME]: 0.0020 seconds total (511.5 hz, 0.25 ms behind)
[run_subscribe_msckf-1] [0mq_GtoI = 0.053,0.053,-0.704,0.706 | p_IinG = 2.128,64.488,-8.937 | dist = 71.92 (meters)
[run_subscribe_msckf-1] bg = -0.0002,0.0024,0.0005 | ba = 0.0023,0.0035,0.0510
[run_subscribe_msckf-1] [34m[TIME]: 0.0018 seconds total (563.7 hz, 0.25 ms behind)
[run_subscribe_msckf-1] [0mq_GtoI = 0.054,0.055,-0.704,0.706 | p_IinG = 2.129,64.815,-8.979 | dist = 72.25 (meters)
[run_subscribe_msckf-1] bg = -0.0002,0.0024,0.0005 | ba = 0.0023,0.0035,0.0510
[run_subscribe_msckf-1] [34m[TIME]: 0.0020 seconds total (501.8 hz, 0.25 ms behind)
[run_subscribe_msckf-1] [0mq_GtoI = 0.054,0.057,-0.704,0.706 | p_IinG = 2.129,65.057,-9.010 | dist = 72.49 (meters)
[run_subscribe_msckf-1] bg = -0.0002,0.0024,0.0005 | ba = 0.0023,0.0035,0.0510
[run_subscribe_msckf-1] [34m[TIME]: 0.0018 seconds total (562.7 hz, 0.25 ms behind)
[run_subscribe_msckf-1] [0mq_GtoI = 0.054,0.057,-0.704,0.706 | p_IinG = 2.129,65.297,-9.042 | dist = 72.73 (meters)
[run_subscribe_msckf-1] bg = -0.0002,0.0024,0.0005 | ba = 0.0023,0.0035,0.0510
[run_subscribe_msckf-1] [34m[TIME]: 0.0017 seconds total (573.1 hz, 0.25 ms behind)
[run_subscribe_msckf-1] [0mq_GtoI = 0.053,0.058,-0.704,0.706 | p_IinG = 2.129,65.613,-9.084 | dist = 73.05 (meters)
[run_subscribe_msckf-1] bg = -0.0002,0.0024,0.0005 | ba = 0.0023,0.0035,0.0510
[run_subscribe_msckf-1] [34m[TIME]: 0.0019 seconds total (531.3 hz, 0.25 ms behind)
[run_subscribe_msckf-1] [0mq_GtoI = 0.051,0.058,-0.704,0.706 | p_IinG = 2.129,65.847,-9.115 | dist = 73.29 (meters)
[run_subscribe_msckf-1] bg = -0.0002,0.0024,0.0005 | ba = 0.0023,0.0035,0.0510
[run_subscribe_msckf-1] [34m[TIME]: 0.0019 seconds total (538.2 hz, 0.25 ms behind)
[run_subscribe_msckf-1] [0mq_GtoI = 0.050,0.057,-0.704,0.706 | p_IinG = 2.130,66.079,-9.146 | dist = 73.52 (meters)
[run_subscribe_msckf-1] bg = -0.0002,0.0024,0.0005 | ba = 0.0023,0.0035,0.0510
[run_subscribe_msckf-1] [34m[TIME]: 0.0020 seconds total (506.6 hz, 0.25 ms behind)
[run_subscribe_msckf-1] [0mq_GtoI = 0.047,0.055,-0.705,0.706 | p_IinG = 2.131,66.384,-9.188 | dist = 73.83 (meters)
[run_subscribe_msckf-1] bg = -0.0002,0.0024,0.0005 | ba = 0.0023,0.0035,0.0510
[run_subscribe_msckf-1] [34m[TIME]: 0.0020 seconds total (488.5 hz, 0.25 ms behind)
[run_subscribe_msckf-1] [0mq_GtoI = 0.044,0.053,-0.705,0.706 | p_IinG = 2.132,66.611,-9.220 | dist = 74.06 (meters)
[run_subscribe_msckf-1] bg = -0.0002,0.0024,0.0005 | ba = 0.0023,0.0035,0.0510
[run_subscribe_msckf-1] [34m[TIME]: 0.0017 seconds total (576.0 hz, 0.25 ms behind)
[run_subscribe_msckf-1] [0mq_GtoI = 0.041,0.051,-0.705,0.706 | p_IinG = 2.133,66.835,-9.251 | dist = 74.29 (meters)
[run_subscribe_msckf-1] bg = -0.0002,0.0024,0.0005 | ba = 0.0023,0.0035,0.0510
[run_subscribe_msckf-1] [34m[TIME]: 0.0019 seconds total (516.0 hz, 0.25 ms behind)
[run_subscribe_msckf-1] [0mq_GtoI = 0.036,0.047,-0.705,0.707 | p_IinG = 2.134,67.131,-9.293 | dist = 74.58 (meters)
[run_subscribe_msckf-1] bg = -0.0002,0.0024,0.0005 | ba = 0.0023,0.0035,0.0510
[run_subscribe_msckf-1] [34m[TIME]: 0.0021 seconds total (467.3 hz, 0.25 ms behind)
[run_subscribe_msckf-1] [0mq_GtoI = 0.032,0.043,-0.705,0.707 | p_IinG = 2.136,67.351,-9.324 | dist = 74.81 (meters)
[run_subscribe_msckf-1] bg = -0.0002,0.0024,0.0005 | ba = 0.0023,0.0035,0.0510
[run_subscribe_msckf-1] [34m[TIME]: 0.0020 seconds total (509.4 hz, 0.25 ms behind)
[run_subscribe_msckf-1] [0mq_GtoI = 0.028,0.040,-0.706,0.707 | p_IinG = 2.137,67.569,-9.355 | dist = 75.03 (meters)
[run_subscribe_msckf-1] bg = -0.0002,0.0024,0.0005 | ba = 0.0023,0.0035,0.0510
[run_subscribe_msckf-1] [34m[TIME]: 0.0018 seconds total (554.9 hz, 0.25 ms behind)
[run_subscribe_msckf-1] [0mq_GtoI = 0.021,0.034,-0.706,0.707 | p_IinG = 2.140,67.858,-9.396 | dist = 75.32 (meters)
[run_subscribe_msckf-1] bg = -0.0002,0.0024,0.0005 | ba = 0.0023,0.0035,0.0510
[run_subscribe_msckf-1] [34m[TIME]: 0.0020 seconds total (510.7 hz, 0.25 ms behind)
[run_subscribe_msckf-1] [0mq_GtoI = 0.016,0.029,-0.706,0.707 | p_IinG = 2.142,68.072,-9.427 | dist = 75.54 (meters)
[run_subscribe_msckf-1] bg = -0.0002,0.0024,0.0005 | ba = 0.0023,0.0035,0.0510
[run_subscribe_msckf-1] [34m[TIME]: 0.0019 seconds total (537.1 hz, 0.25 ms behind)
[run_subscribe_msckf-1] [0mq_GtoI = 0.011,0.024,-0.706,0.708 | p_IinG = 2.145,68.286,-9.457 | dist = 75.75 (meters)
[run_subscribe_msckf-1] bg = -0.0002,0.0024,0.0005 | ba = 0.0023,0.0035,0.0510
[run_subscribe_msckf-1] [34m[TIME]: 0.0017 seconds total (578.4 hz, 0.25 ms behind)
[run_subscribe_msckf-1] [0mq_GtoI = 0.004,0.016,-0.706,0.708 | p_IinG = 2.148,68.569,-9.497 | dist = 76.04 (meters)
[run_subscribe_msckf-1] bg = -0.0002,0.0024,0.0005 | ba = 0.0023,0.0035,0.0510
[run_subscribe_msckf-1] [34m[TIME]: 0.0017 seconds total (582.8 hz, 0.25 ms behind)
[run_subscribe_msckf-1] [0mq_GtoI = -0.002,0.011,-0.706,0.708 | p_IinG = 2.151,68.781,-9.528 | dist = 76.25 (meters)
[run_subscribe_msckf-1] bg = -0.0002,0.0024,0.0005 | ba = 0.0023,0.0035,0.0510
[run_subscribe_msckf-1] [34m[TIME]: 0.0019 seconds total (523.3 hz, 0.25 ms behind)
[run_subscribe_msckf-1] [0mq_GtoI = -0.008,0.004,-0.706,0.708 | p_IinG = 2.155,68.992,-9.558 | dist = 76.46 (meters)
[run_subscribe_msckf-1] bg = -0.0002,0.0024,0.0005 | ba = 0.0023,0.0035,0.0510
[run_subscribe_msckf-1] [34m[TIME]: 0.0019 seconds total (538.8 hz, 0.25 ms behind)
[run_subscribe_msckf-1] [0mq_GtoI = -0.016,-0.004,-0.706,0.708 | p_IinG = 2.159,69.273,-9.597 | dist = 76.75 (meters)
[run_subscribe_msckf-1] bg = -0.0002,0.0024,0.0005 | ba = 0.0023,0.0035,0.0510
[run_subscribe_msckf-1] [34m[TIME]: 0.0019 seconds total (514.4 hz, 0.25 ms behind)
[run_subscribe_msckf-1] [0mq_GtoI = -0.022,-0.010,-0.706,0.707 | p_IinG = 2.163,69.484,-9.627 | dist = 76.96 (meters)
[run_subscribe_msckf-1] bg = -0.0002,0.0024,0.0005 | ba = 0.0023,0.0035,0.0510
[run_subscribe_msckf-1] [34m[TIME]: 0.0017 seconds total (577.4 hz, 0.25 ms behind)
[run_subscribe_msckf-1] [0mq_GtoI = -0.028,-0.017,-0.706,0.707 | p_IinG = 2.167,69.696,-9.656 | dist = 77.17 (meters)
[run_subscribe_msckf-1] bg = -0.0002,0.0024,0.0005 | ba = 0.0023,0.0035,0.0510
[run_subscribe_msckf-1] [34m[TIME]: 0.0017 seconds total (572.7 hz, 0.25 ms behind)
[run_subscribe_msckf-1] [0mq_GtoI = -0.036,-0.025,-0.706,0.707 | p_IinG = 2.173,69.978,-9.695 | dist = 77.46 (meters)
[run_subscribe_msckf-1] bg = -0.0002,0.0024,0.0005 | ba = 0.0023,0.0035,0.0510
[run_subscribe_msckf-1] [34m[TIME]: 0.0018 seconds total (544.4 hz, 0.25 ms behind)
[run_subscribe_msckf-1] [0mq_GtoI = -0.042,-0.032,-0.706,0.707 | p_IinG = 2.178,70.191,-9.724 | dist = 77.67 (meters)
[run_subscribe_msckf-1] bg = -0.0002,0.0024,0.0005 | ba = 0.0023,0.0035,0.0510
[run_subscribe_msckf-1] [34m[TIME]: 0.0017 seconds total (601.3 hz, 0.25 ms behind)
[run_subscribe_msckf-1] [0mq_GtoI = -0.047,-0.038,-0.705,0.706 | p_IinG = 2.183,70.405,-9.753 | dist = 77.89 (meters)
[run_subscribe_msckf-1] bg = -0.0002,0.0024,0.0005 | ba = 0.0023,0.0035,0.0510
[run_subscribe_msckf-1] [34m[TIME]: 0.0017 seconds total (596.3 hz, 0.25 ms behind)
[run_subscribe_msckf-1] [0mq_GtoI = -0.055,-0.047,-0.705,0.706 | p_IinG = 2.189,70.693,-9.792 | dist = 78.18 (meters)
[run_subscribe_msckf-1] bg = -0.0002,0.0024,0.0005 | ba = 0.0023,0.0035,0.0510
[run_subscribe_msckf-1] [34m[TIME]: 0.0019 seconds total (531.6 hz, 0.25 ms behind)
[run_subscribe_msckf-1] [0mq_GtoI = -0.060,-0.053,-0.704,0.705 | p_IinG = 2.194,70.910,-9.822 | dist = 78.40 (meters)
[run_subscribe_msckf-1] bg = -0.0002,0.0024,0.0005 | ba = 0.0023,0.0035,0.0510
[run_subscribe_msckf-1] [34m[TIME]: 0.0018 seconds total (564.0 hz, 0.25 ms behind)
[run_subscribe_msckf-1] [0mq_GtoI = -0.065,-0.059,-0.704,0.705 | p_IinG = 2.200,71.129,-9.851 | dist = 78.62 (meters)
[run_subscribe_msckf-1] bg = -0.0002,0.0024,0.0005 | ba = 0.0023,0.0035,0.0510
[run_subscribe_msckf-1] [34m[TIME]: 0.0018 seconds total (560.5 hz, 0.25 ms behind)
[run_subscribe_msckf-1] [0mq_GtoI = -0.071,-0.066,-0.703,0.704 | p_IinG = 2.207,71.425,-9.890 | dist = 78.92 (meters)
[run_subscribe_msckf-1] bg = -0.0002,0.0024,0.0005 | ba = 0.0023,0.0035,0.0510
[run_subscribe_msckf-1] [34m[TIME]: 0.0016 seconds total (641.8 hz, 0.25 ms behind)
[run_subscribe_msckf-1] [0mq_GtoI = -0.075,-0.071,-0.703,0.704 | p_IinG = 2.212,71.649,-9.920 | dist = 79.15 (meters)
[run_subscribe_msckf-1] bg = -0.0002,0.0024,0.0005 | ba = 0.0023,0.0035,0.0510
[run_subscribe_msckf-1] [34m[TIME]: 0.0016 seconds total (628.5 hz, 0.25 ms behind)
[run_subscribe_msckf-1] [0mq_GtoI = -0.079,-0.076,-0.702,0.703 | p_IinG = 2.218,71.875,-9.950 | dist = 79.37 (meters)
[run_subscribe_msckf-1] bg = -0.0002,0.0024,0.0005 | ba = 0.0023,0.0035,0.0510
[run_subscribe_msckf-1] [34m[TIME]: 0.0017 seconds total (587.5 hz, 0.25 ms behind)
[run_subscribe_msckf-1] [0mq_GtoI = -0.084,-0.083,-0.702,0.703 | p_IinG = 2.226,72.182,-9.990 | dist = 79.68 (meters)
[run_subscribe_msckf-1] bg = -0.0002,0.0024,0.0005 | ba = 0.0023,0.0035,0.0510
[run_subscribe_msckf-1] [34m[TIME]: 0.0015 seconds total (649.8 hz, 0.25 ms behind)
[run_subscribe_msckf-1] [0mq_GtoI = -0.087,-0.087,-0.701,0.702 | p_IinG = 2.231,72.415,-10.020 | dist = 79.92 (meters)
[run_subscribe_msckf-1] bg = -0.0002,0.0024,0.0005 | ba = 0.0023,0.0035,0.0510
[run_subscribe_msckf-1] [34m[TIME]: 0.0015 seconds total (672.5 hz, 0.25 ms behind)
[run_subscribe_msckf-1] [0mq_GtoI = -0.090,-0.091,-0.701,0.702 | p_IinG = 2.237,72.651,-10.051 | dist = 80.16 (meters)
[run_subscribe_msckf-1] bg = -0.0002,0.0024,0.0005 | ba = 0.0023,0.0035,0.0510
[run_subscribe_msckf-1] [34m[TIME]: 0.0014 seconds total (703.2 hz, 0.25 ms behind)
[run_subscribe_msckf-1] [0mq_GtoI = -0.093,-0.096,-0.700,0.701 | p_IinG = 2.245,72.970,-10.093 | dist = 80.48 (meters)
[run_subscribe_msckf-1] bg = -0.0002,0.0024,0.0005 | ba = 0.0023,0.0035,0.0510
[run_subscribe_msckf-1] [34m[TIME]: 0.0014 seconds total (736.4 hz, 0.25 ms behind)
[run_subscribe_msckf-1] [0mq_GtoI = -0.095,-0.099,-0.700,0.701 | p_IinG = 2.250,73.213,-10.124 | dist = 80.72 (meters)
[run_subscribe_msckf-1] bg = -0.0002,0.0024,0.0005 | ba = 0.0023,0.0035,0.0510
[run_subscribe_msckf-1] [34m[TIME]: 0.0012 seconds total (802.6 hz, 0.25 ms behind)
[run_subscribe_msckf-1] [0mq_GtoI = -0.096,-0.101,-0.700,0.701 | p_IinG = 2.256,73.460,-10.156 | dist = 80.97 (meters)
[run_subscribe_msckf-1] bg = -0.0002,0.0024,0.0005 | ba = 0.0023,0.0035,0.0510
[run_subscribe_msckf-1] [34m[TIME]: 0.0013 seconds total (747.4 hz, 0.25 ms behind)
[run_subscribe_msckf-1] [0mq_GtoI = -0.097,-0.104,-0.700,0.700 | p_IinG = 2.263,73.794,-10.200 | dist = 81.31 (meters)
[run_subscribe_msckf-1] bg = -0.0002,0.0024,0.0005 | ba = 0.0023,0.0035,0.0510
[run_subscribe_msckf-1] [34m[TIME]: 0.0013 seconds total (771.6 hz, 0.25 ms behind)
[run_subscribe_msckf-1] [0mq_GtoI = -0.098,-0.106,-0.699,0.700 | p_IinG = 2.268,74.048,-10.233 | dist = 81.57 (meters)
[run_subscribe_msckf-1] bg = -0.0002,0.0024,0.0005 | ba = 0.0023,0.0035,0.0510
[run_subscribe_msckf-1] [34m[TIME]: 0.0014 seconds total (701.8 hz, 0.25 ms behind)
[run_subscribe_msckf-1] [0mq_GtoI = -0.098,-0.107,-0.699,0.700 | p_IinG = 2.273,74.306,-10.266 | dist = 81.83 (meters)
[run_subscribe_msckf-1] bg = -0.0002,0.0024,0.0005 | ba = 0.0023,0.0035,0.0510
[run_subscribe_msckf-1] [34m[TIME]: 0.0013 seconds total (754.1 hz, 0.25 ms behind)
[run_subscribe_msckf-1] [0mq_GtoI = -0.098,-0.108,-0.699,0.700 | p_IinG = 2.280,74.656,-10.312 | dist = 82.18 (meters)
[run_subscribe_msckf-1] bg = -0.0002,0.0024,0.0005 | ba = 0.0023,0.0035,0.0510
[run_subscribe_msckf-1] [34m[TIME]: 0.0012 seconds total (843.9 hz, 0.25 ms behind)
[run_subscribe_msckf-1] [0mq_GtoI = -0.097,-0.108,-0.699,0.700 | p_IinG = 2.285,74.922,-10.346 | dist = 82.45 (meters)
[run_subscribe_msckf-1] bg = -0.0002,0.0024,0.0005 | ba = 0.0023,0.0035,0.0510
[run_subscribe_msckf-1] [34m[TIME]: 0.0012 seconds total (838.9 hz, 0.25 ms behind)
[run_subscribe_msckf-1] [0mq_GtoI = -0.096,-0.108,-0.699,0.700 | p_IinG = 2.289,75.192,-10.381 | dist = 82.72 (meters)
[run_subscribe_msckf-1] bg = -0.0002,0.0024,0.0005 | ba = 0.0023,0.0035,0.0510
[run_subscribe_msckf-1] [34m[TIME]: 0.0013 seconds total (749.6 hz, 0.25 ms behind)
[run_subscribe_msckf-1] [0mq_GtoI = -0.093,-0.106,-0.700,0.700 | p_IinG = 2.295,75.558,-10.428 | dist = 83.09 (meters)
[run_subscribe_msckf-1] bg = -0.0002,0.0024,0.0005 | ba = 0.0023,0.0035,0.0510
[run_subscribe_msckf-1] [34m[TIME]: 0.0013 seconds total (777.0 hz, 0.25 ms behind)
[run_subscribe_msckf-1] [0mq_GtoI = -0.091,-0.105,-0.700,0.701 | p_IinG = 2.299,75.836,-10.464 | dist = 83.37 (meters)
[run_subscribe_msckf-1] bg = -0.0002,0.0024,0.0005 | ba = 0.0023,0.0035,0.0510
[run_subscribe_msckf-1] [34m[TIME]: 0.0014 seconds total (725.2 hz, 0.25 ms behind)
[run_subscribe_msckf-1] [0mq_GtoI = -0.088,-0.102,-0.700,0.701 | p_IinG = 2.303,76.117,-10.500 | dist = 83.65 (meters)
[run_subscribe_msckf-1] bg = -0.0002,0.0024,0.0005 | ba = 0.0023,0.0035,0.0510
[run_subscribe_msckf-1] [34m[TIME]: 0.0012 seconds total (806.5 hz, 0.25 ms behind)
[run_subscribe_msckf-1] [0mq_GtoI = -0.084,-0.099,-0.701,0.701 | p_IinG = 2.307,76.498,-10.549 | dist = 84.04 (meters)
[run_subscribe_msckf-1] bg = -0.0002,0.0024,0.0005 | ba = 0.0023,0.0035,0.0510
[run_subscribe_msckf-1] [34m[TIME]: 0.0013 seconds total (772.8 hz, 0.25 ms behind)
[run_subscribe_msckf-1] [0mq_GtoI = -0.080,-0.096,-0.701,0.702 | p_IinG = 2.311,76.787,-10.586 | dist = 84.33 (meters)
[run_subscribe_msckf-1] bg = -0.0002,0.0024,0.0005 | ba = 0.0023,0.0035,0.0510
[run_subscribe_msckf-1] [34m[TIME]: 0.0013 seconds total (746.8 hz, 0.25 ms behind)
[run_subscribe_msckf-1] [0mq_GtoI = -0.076,-0.092,-0.702,0.702 | p_IinG = 2.313,77.079,-10.623 | dist = 84.62 (meters)
[run_subscribe_msckf-1] bg = -0.0002,0.0024,0.0005 | ba = 0.0023,0.0035,0.0510
[run_subscribe_msckf-1] [34m[TIME]: 0.0014 seconds total (723.6 hz, 0.25 ms behind)
[run_subscribe_msckf-1] [0mq_GtoI = -0.071,-0.086,-0.702,0.703 | p_IinG = 2.317,77.473,-10.672 | dist = 85.02 (meters)
[run_subscribe_msckf-1] bg = -0.0002,0.0024,0.0005 | ba = 0.0023,0.0035,0.0510
[run_subscribe_msckf-1] [34m[TIME]: 0.0016 seconds total (636.5 hz, 0.25 ms behind)
[run_subscribe_msckf-1] [0mq_GtoI = -0.066,-0.082,-0.703,0.703 | p_IinG = 2.319,77.772,-10.710 | dist = 85.32 (meters)
[run_subscribe_msckf-1] bg = -0.0002,0.0024,0.0005 | ba = 0.0023,0.0035,0.0510
[run_subscribe_msckf-1] [34m[TIME]: 0.0016 seconds total (618.0 hz, 0.25 ms behind)
[run_subscribe_msckf-1] [0mq_GtoI = -0.061,-0.077,-0.703,0.704 | p_IinG = 2.321,78.073,-10.747 | dist = 85.62 (meters)
[run_subscribe_msckf-1] bg = -0.0002,0.0024,0.0005 | ba = 0.0023,0.0035,0.0510
[run_subscribe_msckf-1] [34m[TIME]: 0.0016 seconds total (629.3 hz, 0.25 ms behind)
[run_subscribe_msckf-1] [0mq_GtoI = -0.054,-0.069,-0.704,0.705 | p_IinG = 2.323,78.478,-10.797 | dist = 86.03 (meters)
[run_subscribe_msckf-1] bg = -0.0002,0.0024,0.0005 | ba = 0.0023,0.0035,0.0510
[run_subscribe_msckf-1] [34m[TIME]: 0.0014 seconds total (718.4 hz, 0.25 ms behind)
[run_subscribe_msckf-1] [0mq_GtoI = -0.048,-0.063,-0.705,0.705 | p_IinG = 2.324,78.784,-10.835 | dist = 86.34 (meters)
[run_subscribe_msckf-1] bg = -0.0002,0.0024,0.0005 | ba = 0.0023,0.0035,0.0510
[run_subscribe_msckf-1] [34m[TIME]: 0.0014 seconds total (697.8 hz, 0.25 ms behind)
[run_subscribe_msckf-1] [0mq_GtoI = -0.043,-0.057,-0.705,0.706 | p_IinG = 2.325,79.092,-10.872 | dist = 86.65 (meters)
[run_subscribe_msckf-1] bg = -0.0002,0.0024,0.0005 | ba = 0.0023,0.0035,0.0510
[run_subscribe_msckf-1] [34m[TIME]: 0.0015 seconds total (665.8 hz, 0.25 ms behind)
[run_subscribe_msckf-1] [0mq_GtoI = -0.035,-0.049,-0.706,0.706 | p_IinG = 2.326,79.505,-10.922 | dist = 87.07 (meters)
[run_subscribe_msckf-1] bg = -0.0002,0.0024,0.0005 | ba = 0.0023,0.0035,0.0510
[run_subscribe_msckf-1] [34m[TIME]: 0.0016 seconds total (623.8 hz, 0.25 ms behind)
[run_subscribe_msckf-1] [0mq_GtoI = -0.029,-0.042,-0.706,0.706 | p_IinG = 2.326,79.817,-10.960 | dist = 87.38 (meters)
[run_subscribe_msckf-1] bg = -0.0002,0.0024,0.0005 | ba = 0.0023,0.0035,0.0510
[run_subscribe_msckf-1] [34m[TIME]: 0.0017 seconds total (582.1 hz, 0.25 ms behind)
[run_subscribe_msckf-1] [0mq_GtoI = -0.023,-0.036,-0.706,0.707 | p_IinG = 2.326,80.130,-10.997 | dist = 87.70 (meters)
[run_subscribe_msckf-1] bg = -0.0002,0.0024,0.0005 | ba = 0.0023,0.0035,0.0510
[run_subscribe_msckf-1] [34m[TIME]: 0.0017 seconds total (585.5 hz, 0.25 ms behind)
[run_subscribe_msckf-1] [0mq_GtoI = -0.015,-0.027,-0.706,0.707 | p_IinG = 2.326,80.548,-11.047 | dist = 88.12 (meters)
[run_subscribe_msckf-1] bg = -0.0002,0.0024,0.0005 | ba = 0.0023,0.0035,0.0510
[run_subscribe_msckf-1] [34m[TIME]: 0.0016 seconds total (606.8 hz, 0.25 ms behind)
[run_subscribe_msckf-1] [0mq_GtoI = -0.010,-0.020,-0.707,0.707 | p_IinG = 2.326,80.862,-11.084 | dist = 88.43 (meters)
[run_subscribe_msckf-1] bg = -0.0002,0.0024,0.0005 | ba = 0.0023,0.0035,0.0510
[run_subscribe_msckf-1] [34m[TIME]: 0.0017 seconds total (572.7 hz, 0.25 ms behind)
[run_subscribe_msckf-1] [0mq_GtoI = -0.004,-0.013,-0.707,0.707 | p_IinG = 2.383,80.784,-11.265 | dist = 88.75 (meters)
[run_subscribe_msckf-1] bg = -0.0002,0.0024,0.0005 | ba = 0.0024,0.0035,0.0525
[run_subscribe_msckf-1] [34m[TIME]: 0.0021 seconds total (485.2 hz, 0.25 ms behind)
[run_subscribe_msckf-1] [0mq_GtoI = 0.004,-0.004,-0.707,0.707 | p_IinG = 2.061,80.544,-11.674 | dist = 89.17 (meters)
[run_subscribe_msckf-1] bg = -0.0002,0.0024,0.0005 | ba = 0.0028,0.0035,0.0553
[run_subscribe_msckf-1] [34m[TIME]: 0.0022 seconds total (464.7 hz, 0.25 ms behind)
[run_subscribe_msckf-1] [0mq_GtoI = 0.009,0.001,-0.707,0.707 | p_IinG = 1.818,81.521,-11.590 | dist = 89.48 (meters)
[run_subscribe_msckf-1] bg = -0.0003,0.0024,0.0005 | ba = 0.0026,0.0033,0.0537
[run_subscribe_msckf-1] [34m[TIME]: 0.0033 seconds total (299.2 hz, 0.25 ms behind)
[run_subscribe_msckf-1] [0mq_GtoI = 0.014,0.008,-0.707,0.707 | p_IinG = 1.814,81.834,-11.628 | dist = 89.80 (meters)
[run_subscribe_msckf-1] bg = -0.0003,0.0024,0.0005 | ba = 0.0026,0.0033,0.0537
[run_subscribe_msckf-1] [34m[TIME]: 0.0019 seconds total (529.4 hz, 0.25 ms behind)
[run_subscribe_msckf-1] [0mq_GtoI = 0.021,0.015,-0.706,0.707 | p_IinG = 1.598,82.311,-11.674 | dist = 90.21 (meters)
[run_subscribe_msckf-1] bg = -0.0003,0.0024,0.0005 | ba = 0.0025,0.0032,0.0533
[run_subscribe_msckf-1] [34m[TIME]: 0.0026 seconds total (388.5 hz, 0.25 ms behind)
[run_subscribe_msckf-1] [0mq_GtoI = 0.025,0.021,-0.706,0.707 | p_IinG = 1.491,82.378,-11.764 | dist = 90.53 (meters)
[run_subscribe_msckf-1] bg = -0.0003,0.0024,0.0005 | ba = 0.0025,0.0032,0.0536
[run_subscribe_msckf-1] [34m[TIME]: 0.0020 seconds total (508.1 hz, 0.25 ms behind)
[run_subscribe_msckf-1] [0mq_GtoI = 0.030,0.026,-0.706,0.707 | p_IinG = 1.087,81.798,-11.866 | dist = 90.83 (meters)
[run_subscribe_msckf-1] bg = -0.0003,0.0023,0.0005 | ba = 0.0021,0.0031,0.0535
[run_subscribe_msckf-1] [34m[TIME]: 0.0027 seconds total (365.0 hz, 0.25 ms behind)
[run_subscribe_msckf-1] [0mq_GtoI = 0.035,0.032,-0.706,0.707 | p_IinG = 0.970,82.683,-11.677 | dist = 91.24 (meters)
[run_subscribe_msckf-1] bg = -0.0004,0.0024,0.0005 | ba = 0.0017,0.0030,0.0509
[run_subscribe_msckf-1] [34m[TIME]: 0.0028 seconds total (356.8 hz, 0.25 ms behind)
[run_subscribe_msckf-1] [0mq_GtoI = 0.038,0.037,-0.706,0.706 | p_IinG = 0.960,83.000,-11.698 | dist = 91.55 (meters)
[run_subscribe_msckf-1] bg = -0.0004,0.0024,0.0005 | ba = 0.0017,0.0030,0.0508
[run_subscribe_msckf-1] [34m[TIME]: 0.0020 seconds total (499.0 hz, 0.25 ms behind)
[run_subscribe_msckf-1] [0mq_GtoI = 0.042,0.041,-0.706,0.706 | p_IinG = 0.924,83.083,-11.700 | dist = 91.85 (meters)
[run_subscribe_msckf-1] bg = -0.0004,0.0024,0.0005 | ba = 0.0015,0.0030,0.0504
[run_subscribe_msckf-1] [34m[TIME]: 0.0022 seconds total (450.0 hz, 0.25 ms behind)
[run_subscribe_msckf-1] [0mq_GtoI = 0.045,0.046,-0.705,0.706 | p_IinG = 0.920,83.397,-11.577 | dist = 92.25 (meters)
[run_subscribe_msckf-1] bg = -0.0004,0.0024,0.0005 | ba = 0.0012,0.0029,0.0487
[run_subscribe_msckf-1] [34m[TIME]: 0.0025 seconds total (401.9 hz, 0.25 ms behind)
[run_subscribe_msckf-1] [0mq_GtoI = 0.047,0.050,-0.705,0.706 | p_IinG = 0.911,83.693,-11.613 | dist = 92.55 (meters)
[run_subscribe_msckf-1] bg = -0.0004,0.0024,0.0005 | ba = 0.0012,0.0029,0.0487
[run_subscribe_msckf-1] [34m[TIME]: 0.0018 seconds total (556.2 hz, 0.25 ms behind)
[run_subscribe_msckf-1] [0mq_GtoI = 0.049,0.053,-0.705,0.706 | p_IinG = 0.936,83.840,-11.534 | dist = 92.85 (meters)
[run_subscribe_msckf-1] bg = -0.0004,0.0024,0.0005 | ba = 0.0009,0.0029,0.0477
[run_subscribe_msckf-1] [34m[TIME]: 0.0022 seconds total (462.1 hz, 0.25 ms behind)
[run_subscribe_msckf-1] [0mq_GtoI = 0.051,0.056,-0.705,0.705 | p_IinG = 0.688,83.986,-11.978 | dist = 93.24 (meters)
[run_subscribe_msckf-1] bg = -0.0004,0.0023,0.0005 | ba = 0.0014,0.0030,0.0511
[run_subscribe_msckf-1] [34m[TIME]: 0.0022 seconds total (455.2 hz, 0.25 ms behind)
[run_subscribe_msckf-1] [0mq_GtoI = 0.052,0.058,-0.705,0.705 | p_IinG = 0.678,84.273,-12.015 | dist = 93.53 (meters)
[run_subscribe_msckf-1] bg = -0.0004,0.0023,0.0005 | ba = 0.0014,0.0030,0.0511
[run_subscribe_msckf-1] [34m[TIME]: 0.0019 seconds total (521.1 hz, 0.25 ms behind)
[run_subscribe_msckf-1] [0mq_GtoI = 0.053,0.059,-0.705,0.705 | p_IinG = 0.668,84.558,-12.052 | dist = 93.82 (meters)
[run_subscribe_msckf-1] bg = -0.0004,0.0023,0.0005 | ba = 0.0014,0.0030,0.0511
[run_subscribe_msckf-1] [34m[TIME]: 0.0017 seconds total (579.4 hz, 0.25 ms behind)
[run_subscribe_msckf-1] [0mq_GtoI = 0.053,0.060,-0.704,0.705 | p_IinG = 0.656,84.934,-12.101 | dist = 94.19 (meters)
[run_subscribe_msckf-1] bg = -0.0004,0.0023,0.0005 | ba = 0.0014,0.0030,0.0511
[run_subscribe_msckf-1] [34m[TIME]: 0.0018 seconds total (567.9 hz, 0.25 ms behind)
[run_subscribe_msckf-1] [0mq_GtoI = 0.052,0.061,-0.704,0.705 | p_IinG = 0.647,85.213,-12.138 | dist = 94.48 (meters)
[run_subscribe_msckf-1] bg = -0.0004,0.0023,0.0005 | ba = 0.0014,0.0030,0.0511
[run_subscribe_msckf-1] [34m[TIME]: 0.0017 seconds total (601.3 hz, 0.25 ms behind)
[run_subscribe_msckf-1] [0mq_GtoI = 0.051,0.060,-0.705,0.705 | p_IinG = 0.638,85.490,-12.176 | dist = 94.76 (meters)
[run_subscribe_msckf-1] bg = -0.0004,0.0023,0.0005 | ba = 0.0014,0.0030,0.0511
[run_subscribe_msckf-1] [34m[TIME]: 0.0019 seconds total (537.1 hz, 0.25 ms behind)
[run_subscribe_msckf-1] [0mq_GtoI = 0.050,0.059,-0.705,0.705 | p_IinG = 0.626,85.856,-12.225 | dist = 95.13 (meters)
[run_subscribe_msckf-1] bg = -0.0004,0.0023,0.0005 | ba = 0.0014,0.0030,0.0511
[run_subscribe_msckf-1] [34m[TIME]: 0.0019 seconds total (530.8 hz, 0.25 ms behind)
[run_subscribe_msckf-1] [0mq_GtoI = 0.048,0.058,-0.705,0.705 | p_IinG = 0.617,86.127,-12.262 | dist = 95.40 (meters)
[run_subscribe_msckf-1] bg = -0.0004,0.0023,0.0005 | ba = 0.0014,0.0030,0.0511
[run_subscribe_msckf-1] [34m[TIME]: 0.0017 seconds total (573.4 hz, 0.25 ms behind)
[run_subscribe_msckf-1] [0mq_GtoI = 0.045,0.056,-0.705,0.706 | p_IinG = 0.609,86.396,-12.300 | dist = 95.67 (meters)
[run_subscribe_msckf-1] bg = -0.0004,0.0023,0.0005 | ba = 0.0014,0.0030,0.0511
[run_subscribe_msckf-1] [34m[TIME]: 0.0018 seconds total (560.2 hz, 0.25 ms behind)
[run_subscribe_msckf-1] [0mq_GtoI = 0.042,0.053,-0.705,0.706 | p_IinG = 0.598,86.751,-12.349 | dist = 96.03 (meters)
[run_subscribe_msckf-1] bg = -0.0004,0.0023,0.0005 | ba = 0.0014,0.0030,0.0511
[run_subscribe_msckf-1] [34m[TIME]: 0.0020 seconds total (511.0 hz, 0.25 ms behind)
[run_subscribe_msckf-1] [0mq_GtoI = 0.039,0.049,-0.705,0.706 | p_IinG = 0.591,87.015,-12.386 | dist = 96.30 (meters)
[run_subscribe_msckf-1] bg = -0.0004,0.0023,0.0005 | ba = 0.0014,0.0030,0.0511
[run_subscribe_msckf-1] [34m[TIME]: 0.0018 seconds total (546.4 hz, 0.25 ms behind)
[run_subscribe_msckf-1] [0mq_GtoI = 0.035,0.046,-0.706,0.706 | p_IinG = 0.583,87.277,-12.423 | dist = 96.56 (meters)
[run_subscribe_msckf-1] bg = -0.0004,0.0023,0.0005 | ba = 0.0014,0.0030,0.0511
[run_subscribe_msckf-1] [34m[TIME]: 0.0021 seconds total (466.9 hz, 0.25 ms behind)
[run_subscribe_msckf-1] [0mq_GtoI = 0.030,0.040,-0.706,0.706 | p_IinG = 0.573,87.623,-12.472 | dist = 96.91 (meters)
[run_subscribe_msckf-1] bg = -0.0004,0.0023,0.0005 | ba = 0.0014,0.0030,0.0511
[run_subscribe_msckf-1] [34m[TIME]: 0.0019 seconds total (536.2 hz, 0.25 ms behind)
[run_subscribe_msckf-1] [0mq_GtoI = 0.025,0.036,-0.706,0.707 | p_IinG = 0.566,87.881,-12.509 | dist = 97.17 (meters)
[run_subscribe_msckf-1] bg = -0.0004,0.0023,0.0005 | ba = 0.0014,0.0030,0.0511
[run_subscribe_msckf-1] [34m[TIME]: 0.0018 seconds total (543.8 hz, 0.25 ms behind)
[run_subscribe_msckf-1] [0mq_GtoI = 0.020,0.030,-0.707,0.707 | p_IinG = 0.559,88.137,-12.545 | dist = 97.43 (meters)
[run_subscribe_msckf-1] bg = -0.0004,0.0023,0.0005 | ba = 0.0014,0.0030,0.0511
[run_subscribe_msckf-1] [34m[TIME]: 0.0019 seconds total (524.9 hz, 0.25 ms behind)
[run_subscribe_msckf-1] [0mq_GtoI = 0.014,0.023,-0.707,0.707 | p_IinG = 0.551,88.477,-12.593 | dist = 97.77 (meters)
[run_subscribe_msckf-1] bg = -0.0004,0.0023,0.0005 | ba = 0.0014,0.0030,0.0511
[run_subscribe_msckf-1] [34m[TIME]: 0.0021 seconds total (469.0 hz, 0.25 ms behind)
[run_subscribe_msckf-1] [0mq_GtoI = 0.008,0.017,-0.707,0.707 | p_IinG = 0.544,88.731,-12.629 | dist = 98.03 (meters)
[run_subscribe_msckf-1] bg = -0.0004,0.0023,0.0005 | ba = 0.0014,0.0030,0.0511
[run_subscribe_msckf-1] [34m[TIME]: 0.0018 seconds total (552.2 hz, 0.25 ms behind)
[run_subscribe_msckf-1] [0mq_GtoI = 0.003,0.011,-0.707,0.707 | p_IinG = 0.538,88.983,-12.665 | dist = 98.29 (meters)
[run_subscribe_msckf-1] bg = -0.0004,0.0023,0.0005 | ba = 0.0014,0.0030,0.0511
[run_subscribe_msckf-1] [34m[TIME]: 0.0019 seconds total (519.8 hz, 0.25 ms behind)
[run_subscribe_msckf-1] [0mq_GtoI = -0.005,0.002,-0.707,0.707 | p_IinG = 0.530,89.320,-12.713 | dist = 98.62 (meters)
[run_subscribe_msckf-1] bg = -0.0004,0.0023,0.0005 | ba = 0.0014,0.0030,0.0511
[run_subscribe_msckf-1] [34m[TIME]: 0.0023 seconds total (442.9 hz, 0.25 ms behind)
[run_subscribe_msckf-1] [0mq_GtoI = -0.010,-0.004,-0.707,0.707 | p_IinG = 0.525,89.572,-12.748 | dist = 98.88 (meters)
[run_subscribe_msckf-1] bg = -0.0004,0.0023,0.0005 | ba = 0.0014,0.0030,0.0511
[run_subscribe_msckf-1] [34m[TIME]: 0.0019 seconds total (534.2 hz, 0.25 ms behind)
[run_subscribe_msckf-1] [0mq_GtoI = -0.016,-0.011,-0.707,0.707 | p_IinG = 0.519,89.823,-12.783 | dist = 99.13 (meters)
[run_subscribe_msckf-1] bg = -0.0004,0.0023,0.0005 | ba = 0.0014,0.0030,0.0511
[run_subscribe_msckf-1] [34m[TIME]: 0.0018 seconds total (550.7 hz, 0.25 ms behind)
[run_subscribe_msckf-1] [0mq_GtoI = -0.024,-0.020,-0.707,0.707 | p_IinG = 0.512,90.159,-12.830 | dist = 99.47 (meters)
[run_subscribe_msckf-1] bg = -0.0004,0.0023,0.0005 | ba = 0.0014,0.0030,0.0511
[run_subscribe_msckf-1] [34m[TIME]: 0.0018 seconds total (555.2 hz, 0.25 ms behind)
[run_subscribe_msckf-1] [0mq_GtoI = -0.030,-0.027,-0.707,0.706 | p_IinG = 0.506,90.412,-12.865 | dist = 99.73 (meters)
[run_subscribe_msckf-1] bg = -0.0004,0.0023,0.0005 | ba = 0.0014,0.0030,0.0511
[run_subscribe_msckf-1] [34m[TIME]: 0.0018 seconds total (562.4 hz, 0.25 ms behind)
[run_subscribe_msckf-1] [0mq_GtoI = -0.036,-0.034,-0.706,0.706 | p_IinG = 0.501,90.665,-12.900 | dist = 99.98 (meters)
[run_subscribe_msckf-1] bg = -0.0004,0.0023,0.0005 | ba = 0.0014,0.0030,0.0511
[run_subscribe_msckf-1] [34m[TIME]: 0.0017 seconds total (581.4 hz, 0.25 ms behind)
[run_subscribe_msckf-1] [0mq_GtoI = -0.043,-0.043,-0.706,0.705 | p_IinG = 0.494,91.005,-12.946 | dist = 100.33 (meters)
[run_subscribe_msckf-1] bg = -0.0004,0.0023,0.0005 | ba = 0.0014,0.0030,0.0511
[run_subscribe_msckf-1] [34m[TIME]: 0.0017 seconds total (579.7 hz, 0.25 ms behind)
[run_subscribe_msckf-1] [0mq_GtoI = -0.049,-0.050,-0.706,0.705 | p_IinG = 0.489,91.261,-12.981 | dist = 100.58 (meters)
[run_subscribe_msckf-1] bg = -0.0004,0.0023,0.0005 | ba = 0.0014,0.0030,0.0511
[run_subscribe_msckf-1] [34m[TIME]: 0.0019 seconds total (512.8 hz, 0.25 ms behind)
[run_subscribe_msckf-1] [0mq_GtoI = -0.054,-0.056,-0.705,0.705 | p_IinG = 0.484,91.518,-13.016 | dist = 100.84 (meters)
[run_subscribe_msckf-1] bg = -0.0004,0.0023,0.0005 | ba = 0.0014,0.0030,0.0511
[run_subscribe_msckf-1] [34m[TIME]: 0.0016 seconds total (615.4 hz, 0.25 ms behind)
[run_subscribe_msckf-1] [0mq_GtoI = -0.060,-0.065,-0.705,0.704 | p_IinG = 0.477,91.864,-13.062 | dist = 101.19 (meters)
[run_subscribe_msckf-1] bg = -0.0004,0.0023,0.0005 | ba = 0.0014,0.0030,0.0511
[run_subscribe_msckf-1] [34m[TIME]: 0.0016 seconds total (611.2 hz, 0.25 ms behind)
[run_subscribe_msckf-1] [0mq_GtoI = -0.065,-0.071,-0.704,0.703 | p_IinG = 0.472,92.126,-13.097 | dist = 101.46 (meters)
[run_subscribe_msckf-1] bg = -0.0004,0.0023,0.0005 | ba = 0.0014,0.0030,0.0511
[run_subscribe_msckf-1] [34m[TIME]: 0.0018 seconds total (562.4 hz, 0.25 ms behind)
[run_subscribe_msckf-1] [0mq_GtoI = -0.069,-0.076,-0.704,0.703 | p_IinG = 0.466,92.390,-13.132 | dist = 101.72 (meters)
[run_subscribe_msckf-1] bg = -0.0004,0.0023,0.0005 | ba = 0.0014,0.0030,0.0511
[run_subscribe_msckf-1] [34m[TIME]: 0.0017 seconds total (598.1 hz, 0.25 ms behind)
[run_subscribe_msckf-1] [0mq_GtoI = -0.075,-0.083,-0.703,0.702 | p_IinG = 0.459,92.746,-13.179 | dist = 102.08 (meters)
[run_subscribe_msckf-1] bg = -0.0004,0.0023,0.0005 | ba = 0.0014,0.0030,0.0511
[run_subscribe_msckf-1] [34m[TIME]: 0.0017 seconds total (583.4 hz, 0.25 ms behind)
[run_subscribe_msckf-1] [0mq_GtoI = -0.078,-0.088,-0.703,0.702 | p_IinG = 0.453,93.016,-13.215 | dist = 102.36 (meters)
[run_subscribe_msckf-1] bg = -0.0004,0.0023,0.0005 | ba = 0.0014,0.0030,0.0511
[run_subscribe_msckf-1] [34m[TIME]: 0.0015 seconds total (649.4 hz, 0.25 ms behind)
[run_subscribe_msckf-1] [0mq_GtoI = -0.082,-0.093,-0.702,0.701 | p_IinG = 0.448,93.289,-13.251 | dist = 102.63 (meters)
[run_subscribe_msckf-1] bg = -0.0004,0.0023,0.0005 | ba = 0.0014,0.0030,0.0511
[run_subscribe_msckf-1] [34m[TIME]: 0.0014 seconds total (724.6 hz, 0.25 ms behind)
[run_subscribe_msckf-1] [0mq_GtoI = -0.086,-0.098,-0.702,0.701 | p_IinG = 0.440,93.658,-13.299 | dist = 103.00 (meters)
[run_subscribe_msckf-1] bg = -0.0004,0.0023,0.0005 | ba = 0.0014,0.0030,0.0511
[run_subscribe_msckf-1] [34m[TIME]: 0.0015 seconds total (676.1 hz, 0.25 ms behind)
[run_subscribe_msckf-1] [0mq_GtoI = -0.088,-0.102,-0.701,0.700 | p_IinG = 0.433,93.938,-13.336 | dist = 103.29 (meters)
[run_subscribe_msckf-1] bg = -0.0004,0.0023,0.0005 | ba = 0.0014,0.0030,0.0511
[run_subscribe_msckf-1] [34m[TIME]: 0.0013 seconds total (788.6 hz, 0.25 ms behind)
[run_subscribe_msckf-1] [0mq_GtoI = -0.090,-0.105,-0.701,0.700 | p_IinG = 0.427,94.221,-13.373 | dist = 103.57 (meters)
[run_subscribe_msckf-1] bg = -0.0004,0.0023,0.0005 | ba = 0.0014,0.0030,0.0511
[run_subscribe_msckf-1] [34m[TIME]: 0.0013 seconds total (740.7 hz, 0.25 ms behind)
[run_subscribe_msckf-1] [0mq_GtoI = -0.093,-0.109,-0.700,0.699 | p_IinG = 0.418,94.603,-13.423 | dist = 103.96 (meters)
[run_subscribe_msckf-1] bg = -0.0004,0.0023,0.0005 | ba = 0.0014,0.0030,0.0511
[run_subscribe_msckf-1] [34m[TIME]: 0.0012 seconds total (825.1 hz, 0.25 ms behind)
[run_subscribe_msckf-1] [0mq_GtoI = -0.094,-0.111,-0.700,0.699 | p_IinG = 0.411,94.894,-13.462 | dist = 104.25 (meters)
[run_subscribe_msckf-1] bg = -0.0004,0.0023,0.0005 | ba = 0.0014,0.0030,0.0511
[run_subscribe_msckf-1] [34m[TIME]: 0.0013 seconds total (777.0 hz, 0.25 ms behind)
[run_subscribe_msckf-1] [0mq_GtoI = -0.095,-0.113,-0.700,0.699 | p_IinG = 0.404,95.189,-13.500 | dist = 104.55 (meters)
[run_subscribe_msckf-1] bg = -0.0004,0.0023,0.0005 | ba = 0.0014,0.0030,0.0511
[run_subscribe_msckf-1] [34m[TIME]: 0.0012 seconds total (819.7 hz, 0.25 ms behind)
[run_subscribe_msckf-1] [0mq_GtoI = -0.096,-0.114,-0.700,0.699 | p_IinG = 0.393,95.587,-13.552 | dist = 104.95 (meters)
[run_subscribe_msckf-1] bg = -0.0004,0.0023,0.0005 | ba = 0.0014,0.0030,0.0511
[run_subscribe_msckf-1] [34m[TIME]: 0.0012 seconds total (859.1 hz, 0.25 ms behind)
[run_subscribe_msckf-1] [0mq_GtoI = -0.096,-0.115,-0.700,0.698 | p_IinG = 0.385,95.890,-13.592 | dist = 105.26 (meters)
[run_subscribe_msckf-1] bg = -0.0004,0.0023,0.0005 | ba = 0.0014,0.0030,0.0511
[run_subscribe_msckf-1] [34m[TIME]: 0.0013 seconds total (780.6 hz, 0.25 ms behind)
[run_subscribe_msckf-1] [0mq_GtoI = -0.096,-0.115,-0.700,0.699 | p_IinG = 0.377,96.197,-13.632 | dist = 105.56 (meters)
[run_subscribe_msckf-1] bg = -0.0004,0.0023,0.0005 | ba = 0.0014,0.0030,0.0511
[run_subscribe_msckf-1] [34m[TIME]: 0.0013 seconds total (790.5 hz, 0.25 ms behind)
[run_subscribe_msckf-1] [0mq_GtoI = -0.095,-0.114,-0.700,0.699 | p_IinG = 0.365,96.611,-13.687 | dist = 105.98 (meters)
[run_subscribe_msckf-1] bg = -0.0004,0.0023,0.0005 | ba = 0.0014,0.0030,0.0511
[run_subscribe_msckf-1] [34m[TIME]: 0.0013 seconds total (775.2 hz, 0.25 ms behind)
[run_subscribe_msckf-1] [0mq_GtoI = -0.093,-0.113,-0.700,0.699 | p_IinG = 0.356,96.926,-13.728 | dist = 106.30 (meters)
[run_subscribe_msckf-1] bg = -0.0004,0.0023,0.0005 | ba = 0.0014,0.0030,0.0511
[run_subscribe_msckf-1] [34m[TIME]: 0.0013 seconds total (771.0 hz, 0.25 ms behind)
[run_subscribe_msckf-1] [0mq_GtoI = -0.092,-0.111,-0.700,0.699 | p_IinG = 0.347,97.245,-13.769 | dist = 106.62 (meters)
[run_subscribe_msckf-1] bg = -0.0004,0.0023,0.0005 | ba = 0.0014,0.0030,0.0511
[run_subscribe_msckf-1] [34m[TIME]: 0.0014 seconds total (737.5 hz, 0.25 ms behind)
[run_subscribe_msckf-1] [0mq_GtoI = -0.089,-0.108,-0.701,0.699 | p_IinG = 0.334,97.675,-13.825 | dist = 107.06 (meters)
[run_subscribe_msckf-1] bg = -0.0004,0.0023,0.0005 | ba = 0.0014,0.0030,0.0511
[run_subscribe_msckf-1] [34m[TIME]: 0.0014 seconds total (708.7 hz, 0.25 ms behind)
[run_subscribe_msckf-1] [0mq_GtoI = -0.086,-0.106,-0.701,0.700 | p_IinG = 0.323,98.002,-13.868 | dist = 107.39 (meters)
[run_subscribe_msckf-1] bg = -0.0004,0.0023,0.0005 | ba = 0.0014,0.0030,0.0511
[run_subscribe_msckf-1] [34m[TIME]: 0.0013 seconds total (745.2 hz, 0.25 ms behind)
[run_subscribe_msckf-1] [0mq_GtoI = -0.083,-0.102,-0.702,0.700 | p_IinG = 0.313,98.332,-13.910 | dist = 107.72 (meters)
[run_subscribe_msckf-1] bg = -0.0004,0.0023,0.0005 | ba = 0.0014,0.0030,0.0511
[run_subscribe_msckf-1] [34m[TIME]: 0.0012 seconds total (810.4 hz, 0.25 ms behind)
[run_subscribe_msckf-1] [0mq_GtoI = -0.078,-0.097,-0.702,0.701 | p_IinG = 0.298,98.777,-13.968 | dist = 108.17 (meters)
[run_subscribe_msckf-1] bg = -0.0004,0.0023,0.0005 | ba = 0.0014,0.0030,0.0511
[run_subscribe_msckf-1] [34m[TIME]: 0.0013 seconds total (743.5 hz, 0.25 ms behind)
[run_subscribe_msckf-1] [0mq_GtoI = -0.074,-0.093,-0.703,0.701 | p_IinG = 0.287,99.114,-14.011 | dist = 108.51 (meters)
[run_subscribe_msckf-1] bg = -0.0004,0.0023,0.0005 | ba = 0.0014,0.0030,0.0511
[run_subscribe_msckf-1] [34m[TIME]: 0.0015 seconds total (660.9 hz, 0.25 ms behind)
[run_subscribe_msckf-1] [0mq_GtoI = -0.070,-0.088,-0.703,0.702 | p_IinG = 0.275,99.455,-14.055 | dist = 108.85 (meters)
[run_subscribe_msckf-1] bg = -0.0004,0.0023,0.0005 | ba = 0.0014,0.0030,0.0511
[run_subscribe_msckf-1] [34m[TIME]: 0.0014 seconds total (690.6 hz, 0.25 ms behind)
[run_subscribe_msckf-1] [0mq_GtoI = -0.064,-0.081,-0.704,0.703 | p_IinG = 0.259,99.912,-14.113 | dist = 109.31 (meters)
[run_subscribe_msckf-1] bg = -0.0004,0.0023,0.0005 | ba = 0.0014,0.0030,0.0511
[run_subscribe_msckf-1] [34m[TIME]: 0.0015 seconds total (668.4 hz, 0.25 ms behind)
[run_subscribe_msckf-1] [0mq_GtoI = -0.059,-0.075,-0.704,0.703 | p_IinG = 0.246,100.258,-14.156 | dist = 109.66 (meters)
[run_subscribe_msckf-1] bg = -0.0004,0.0023,0.0005 | ba = 0.0014,0.0030,0.0511
[run_subscribe_msckf-1] [34m[TIME]: 0.0015 seconds total (654.5 hz, 0.25 ms behind)
[run_subscribe_msckf-1] [0mq_GtoI = -0.054,-0.069,-0.705,0.704 | p_IinG = 0.234,100.607,-14.200 | dist = 110.01 (meters)
[run_subscribe_msckf-1] bg = -0.0004,0.0023,0.0005 | ba = 0.0014,0.0030,0.0511
[run_subscribe_msckf-1] [34m[TIME]: 0.0014 seconds total (703.7 hz, 0.25 ms behind)
[run_subscribe_msckf-1] [0mq_GtoI = -0.047,-0.060,-0.706,0.704 | p_IinG = 0.216,101.074,-14.258 | dist = 110.49 (meters)
[run_subscribe_msckf-1] bg = -0.0004,0.0023,0.0005 | ba = 0.0014,0.0030,0.0511
[run_subscribe_msckf-1] [34m[TIME]: 0.0015 seconds total (684.5 hz, 0.25 ms behind)
[run_subscribe_msckf-1] [0mq_GtoI = -0.041,-0.054,-0.706,0.705 | p_IinG = 0.022,101.025,-14.552 | dist = 110.84 (meters)
[run_subscribe_msckf-1] bg = -0.0004,0.0023,0.0005 | ba = 0.0018,0.0029,0.0532
[run_subscribe_msckf-1] [34m[TIME]: 0.0020 seconds total (501.3 hz, 0.25 ms behind)
[run_subscribe_msckf-1] [0mq_GtoI = -0.035,-0.047,-0.707,0.705 | p_IinG = 0.007,101.378,-14.596 | dist = 111.20 (meters)
[run_subscribe_msckf-1] bg = -0.0004,0.0023,0.0005 | ba = 0.0018,0.0029,0.0532
[run_subscribe_msckf-1] [34m[TIME]: 0.0016 seconds total (633.7 hz, 0.25 ms behind)
[run_subscribe_msckf-1] [0mq_GtoI = -0.027,-0.037,-0.707,0.706 | p_IinG = -0.265,100.726,-15.110 | dist = 111.67 (meters)
[run_subscribe_msckf-1] bg = -0.0004,0.0023,0.0005 | ba = 0.0025,0.0030,0.0577
[run_subscribe_msckf-1] [34m[TIME]: 0.0027 seconds total (371.9 hz, 0.25 ms behind)
[run_subscribe_msckf-1] [0mq_GtoI = -0.021,-0.030,-0.707,0.706 | p_IinG = -0.281,101.078,-15.155 | dist = 112.02 (meters)
[run_subscribe_msckf-1] bg = -0.0004,0.0023,0.0005 | ba = 0.0025,0.0030,0.0577
[run_subscribe_msckf-1] [34m[TIME]: 0.0017 seconds total (580.4 hz, 0.25 ms behind)
[run_subscribe_msckf-1] [0mq_GtoI = -0.016,-0.023,-0.707,0.706 | p_IinG = -0.362,101.170,-15.289 | dist = 112.38 (meters)
[run_subscribe_msckf-1] bg = -0.0004,0.0023,0.0005 | ba = 0.0026,0.0030,0.0585
[run_subscribe_msckf-1] [34m[TIME]: 0.0018 seconds total (547.6 hz, 0.25 ms behind)
[run_subscribe_msckf-1] [0mq_GtoI = -0.008,-0.014,-0.708,0.706 | p_IinG = -0.417,101.147,-15.450 | dist = 112.85 (meters)
[run_subscribe_msckf-1] bg = -0.0004,0.0022,0.0005 | ba = 0.0028,0.0030,0.0596
[run_subscribe_msckf-1] [34m[TIME]: 0.0022 seconds total (450.0 hz, 0.25 ms behind)
[run_subscribe_msckf-1] [0mq_GtoI = -0.002,-0.007,-0.708,0.706 | p_IinG = -0.515,101.244,-15.584 | dist = 113.20 (meters)
[run_subscribe_msckf-1] bg = -0.0004,0.0022,0.0005 | ba = 0.0028,0.0030,0.0603
[run_subscribe_msckf-1] [34m[TIME]: 0.0030 seconds total (330.1 hz, 0.25 ms behind)
[run_subscribe_msckf-1] [0mq_GtoI = 0.003,-0.000,-0.708,0.707 | p_IinG = -0.676,101.154,-15.643 | dist = 113.55 (meters)
[run_subscribe_msckf-1] bg = -0.0005,0.0022,0.0005 | ba = 0.0026,0.0028,0.0600
[run_subscribe_msckf-1] [34m[TIME]: 0.0024 seconds total (418.8 hz, 0.25 ms behind)
[run_subscribe_msckf-1] [0mq_GtoI = 0.010,0.008,-0.708,0.706 | p_IinG = -0.735,101.364,-15.701 | dist = 114.02 (meters)
[run_subscribe_msckf-1] bg = -0.0005,0.0022,0.0005 | ba = 0.0025,0.0028,0.0599
[run_subscribe_msckf-1] [34m[TIME]: 0.0025 seconds total (402.7 hz, 0.25 ms behind)
[run_subscribe_msckf-1] [0mq_GtoI = 0.015,0.014,-0.707,0.706 | p_IinG = -0.664,101.614,-15.750 | dist = 114.36 (meters)
[run_subscribe_msckf-1] bg = -0.0004,0.0022,0.0005 | ba = 0.0026,0.0029,0.0603
[run_subscribe_msckf-1] [34m[TIME]: 0.0027 seconds total (369.0 hz, 0.25 ms behind)
[run_subscribe_msckf-1] [0mq_GtoI = 0.020,0.020,-0.707,0.706 | p_IinG = -0.682,101.958,-15.796 | dist = 114.71 (meters)
[run_subscribe_msckf-1] bg = -0.0004,0.0022,0.0005 | ba = 0.0026,0.0029,0.0603
[run_subscribe_msckf-1] [34m[TIME]: 0.0018 seconds total (559.3 hz, 0.25 ms behind)
[run_subscribe_msckf-1] [0mq_GtoI = 0.026,0.027,-0.707,0.706 | p_IinG = -0.827,102.483,-15.782 | dist = 115.17 (meters)
[run_subscribe_msckf-1] bg = -0.0005,0.0022,0.0005 | ba = 0.0023,0.0026,0.0589
[run_subscribe_msckf-1] [34m[TIME]: 0.0026 seconds total (387.3 hz, 0.25 ms behind)
[run_subscribe_msckf-1] [0mq_GtoI = 0.030,0.032,-0.707,0.706 | p_IinG = -0.887,102.974,-15.785 | dist = 115.52 (meters)
[run_subscribe_msckf-1] bg = -0.0005,0.0022,0.0005 | ba = 0.0022,0.0025,0.0582
[run_subscribe_msckf-1] [34m[TIME]: 0.0023 seconds total (425.7 hz, 0.25 ms behind)
[run_subscribe_msckf-1] [0mq_GtoI = 0.033,0.037,-0.707,0.706 | p_IinG = -0.994,102.971,-15.814 | dist = 115.86 (meters)
[run_subscribe_msckf-1] bg = -0.0005,0.0022,0.0005 | ba = 0.0020,0.0024,0.0577
[run_subscribe_msckf-1] [34m[TIME]: 0.0033 seconds total (303.3 hz, 0.25 ms behind)
[run_subscribe_msckf-1] [0mq_GtoI = 0.038,0.043,-0.707,0.705 | p_IinG = -1.012,103.542,-15.835 | dist = 116.32 (meters)
[run_subscribe_msckf-1] bg = -0.0005,0.0022,0.0005 | ba = 0.0019,0.0023,0.0572
[run_subscribe_msckf-1] [34m[TIME]: 0.0020 seconds total (510.7 hz, 0.25 ms behind)
[run_subscribe_msckf-1] [0mq_GtoI = 0.041,0.047,-0.706,0.705 | p_IinG = -1.032,103.878,-15.879 | dist = 116.66 (meters)
[run_subscribe_msckf-1] bg = -0.0005,0.0022,0.0005 | ba = 0.0019,0.0023,0.0572
[run_subscribe_msckf-1] [34m[TIME]: 0.0017 seconds total (580.4 hz, 0.25 ms behind)
[run_subscribe_msckf-1] [0mq_GtoI = 0.043,0.050,-0.706,0.705 | p_IinG = -1.057,104.224,-15.903 | dist = 116.99 (meters)
[run_subscribe_msckf-1] bg = -0.0005,0.0022,0.0005 | ba = 0.0019,0.0023,0.0569
[run_subscribe_msckf-1] [34m[TIME]: 0.0024 seconds total (423.0 hz, 0.25 ms behind)
[run_subscribe_msckf-1] [0mq_GtoI = 0.046,0.054,-0.706,0.705 | p_IinG = -1.083,104.670,-15.948 | dist = 117.44 (meters)
[run_subscribe_msckf-1] bg = -0.0005,0.0022,0.0005 | ba = 0.0018,0.0023,0.0567
[run_subscribe_msckf-1] [34m[TIME]: 0.0021 seconds total (465.5 hz, 0.25 ms behind)
[run_subscribe_msckf-1] [0mq_GtoI = 0.048,0.056,-0.706,0.705 | p_IinG = -1.102,104.999,-15.992 | dist = 117.77 (meters)
[run_subscribe_msckf-1] bg = -0.0005,0.0022,0.0005 | ba = 0.0018,0.0023,0.0567
[run_subscribe_msckf-1] [34m[TIME]: 0.0018 seconds total (544.1 hz, 0.25 ms behind)
[run_subscribe_msckf-1] [0mq_GtoI = 0.050,0.058,-0.706,0.704 | p_IinG = -1.121,105.326,-16.037 | dist = 118.10 (meters)
[run_subscribe_msckf-1] bg = -0.0005,0.0022,0.0005 | ba = 0.0018,0.0023,0.0567
[run_subscribe_msckf-1] [34m[TIME]: 0.0018 seconds total (543.5 hz, 0.25 ms behind)
[run_subscribe_msckf-1] [0mq_GtoI = 0.051,0.060,-0.706,0.704 | p_IinG = -1.147,105.757,-16.097 | dist = 118.54 (meters)
[run_subscribe_msckf-1] bg = -0.0005,0.0022,0.0005 | ba = 0.0018,0.0023,0.0567
[run_subscribe_msckf-1] [34m[TIME]: 0.0019 seconds total (537.9 hz, 0.25 ms behind)
[run_subscribe_msckf-1] [0mq_GtoI = 0.051,0.061,-0.706,0.704 | p_IinG = -1.165,106.079,-16.142 | dist = 118.86 (meters)
[run_subscribe_msckf-1] bg = -0.0005,0.0022,0.0005 | ba = 0.0018,0.0023,0.0567
[run_subscribe_msckf-1] [34m[TIME]: 0.0018 seconds total (569.8 hz, 0.25 ms behind)
[run_subscribe_msckf-1] [0mq_GtoI = 0.052,0.061,-0.706,0.704 | p_IinG = -1.184,106.397,-16.187 | dist = 119.19 (meters)
[run_subscribe_msckf-1] bg = -0.0005,0.0022,0.0005 | ba = 0.0018,0.0023,0.0567
[run_subscribe_msckf-1] [34m[TIME]: 0.0018 seconds total (559.6 hz, 0.25 ms behind)
[run_subscribe_msckf-1] [0mq_GtoI = 0.051,0.061,-0.706,0.704 | p_IinG = -1.208,106.818,-16.247 | dist = 119.61 (meters)
[run_subscribe_msckf-1] bg = -0.0005,0.0022,0.0005 | ba = 0.0018,0.0023,0.0567
[run_subscribe_msckf-1] [34m[TIME]: 0.0018 seconds total (562.7 hz, 0.25 ms behind)
[run_subscribe_msckf-1] [0mq_GtoI = 0.050,0.060,-0.706,0.704 | p_IinG = -1.226,107.131,-16.292 | dist = 119.93 (meters)
[run_subscribe_msckf-1] bg = -0.0005,0.0022,0.0005 | ba = 0.0018,0.0023,0.0567
[run_subscribe_msckf-1] [34m[TIME]: 0.0017 seconds total (589.3 hz, 0.25 ms behind)
[run_subscribe_msckf-1] [0mq_GtoI = 0.049,0.058,-0.706,0.704 | p_IinG = -1.243,107.442,-16.337 | dist = 120.24 (meters)
[run_subscribe_msckf-1] bg = -0.0005,0.0022,0.0005 | ba = 0.0018,0.0023,0.0567
[run_subscribe_msckf-1] [34m[TIME]: 0.0019 seconds total (534.5 hz, 0.25 ms behind)
[run_subscribe_msckf-1] [0mq_GtoI = 0.047,0.055,-0.706,0.704 | p_IinG = -1.267,107.852,-16.397 | dist = 120.66 (meters)
[run_subscribe_msckf-1] bg = -0.0005,0.0022,0.0005 | ba = 0.0018,0.0023,0.0567
[run_subscribe_msckf-1] [34m[TIME]: 0.0019 seconds total (531.6 hz, 0.25 ms behind)
[run_subscribe_msckf-1] [0mq_GtoI = 0.045,0.053,-0.706,0.705 | p_IinG = -1.284,108.158,-16.442 | dist = 120.97 (meters)
[run_subscribe_msckf-1] bg = -0.0005,0.0022,0.0005 | ba = 0.0018,0.0023,0.0567
[run_subscribe_msckf-1] [34m[TIME]: 0.0017 seconds total (577.0 hz, 0.25 ms behind)
[run_subscribe_msckf-1] [0mq_GtoI = 0.042,0.050,-0.706,0.705 | p_IinG = -1.301,108.461,-16.487 | dist = 121.28 (meters)
[run_subscribe_msckf-1] bg = -0.0005,0.0022,0.0005 | ba = 0.0018,0.0023,0.0567
[run_subscribe_msckf-1] [34m[TIME]: 0.0018 seconds total (556.8 hz, 0.25 ms behind)
[run_subscribe_msckf-1] [0mq_GtoI = 0.038,0.044,-0.707,0.705 | p_IinG = -1.323,108.862,-16.546 | dist = 121.68 (meters)
[run_subscribe_msckf-1] bg = -0.0005,0.0022,0.0005 | ba = 0.0018,0.0023,0.0567
[run_subscribe_msckf-1] [34m[TIME]: 0.0018 seconds total (542.0 hz, 0.25 ms behind)
[run_subscribe_msckf-1] [0mq_GtoI = 0.034,0.040,-0.707,0.705 | p_IinG = -1.340,109.160,-16.591 | dist = 121.98 (meters)
[run_subscribe_msckf-1] bg = -0.0005,0.0022,0.0005 | ba = 0.0018,0.0023,0.0567
[run_subscribe_msckf-1] [34m[TIME]: 0.0019 seconds total (520.6 hz, 0.25 ms behind)
[run_subscribe_msckf-1] [0mq_GtoI = 0.031,0.035,-0.707,0.705 | p_IinG = -1.356,109.457,-16.635 | dist = 122.28 (meters)
[run_subscribe_msckf-1] bg = -0.0005,0.0022,0.0005 | ba = 0.0018,0.0023,0.0567
[run_subscribe_msckf-1] [34m[TIME]: 0.0018 seconds total (542.3 hz, 0.25 ms behind)
[run_subscribe_msckf-1] [0mq_GtoI = 0.025,0.028,-0.708,0.705 | p_IinG = -1.378,109.850,-16.694 | dist = 122.68 (meters)
[run_subscribe_msckf-1] bg = -0.0005,0.0022,0.0005 | ba = 0.0018,0.0023,0.0567
[run_subscribe_msckf-1] [34m[TIME]: 0.0017 seconds total (574.1 hz, 0.25 ms behind)
[run_subscribe_msckf-1] [0mq_GtoI = 0.020,0.023,-0.708,0.706 | p_IinG = -1.394,110.143,-16.739 | dist = 122.98 (meters)
[run_subscribe_msckf-1] bg = -0.0005,0.0022,0.0005 | ba = 0.0018,0.0023,0.0567
[run_subscribe_msckf-1] [34m[TIME]: 0.0019 seconds total (520.3 hz, 0.25 ms behind)
[run_subscribe_msckf-1] [0mq_GtoI = 0.015,0.016,-0.708,0.706 | p_IinG = -1.410,110.435,-16.783 | dist = 123.27 (meters)
[run_subscribe_msckf-1] bg = -0.0005,0.0022,0.0005 | ba = 0.0018,0.0023,0.0567
[run_subscribe_msckf-1] [34m[TIME]: 0.0019 seconds total (519.5 hz, 0.25 ms behind)
[run_subscribe_msckf-1] [0mq_GtoI = 0.009,0.008,-0.708,0.706 | p_IinG = -1.432,110.824,-16.841 | dist = 123.67 (meters)
[run_subscribe_msckf-1] bg = -0.0005,0.0022,0.0005 | ba = 0.0018,0.0023,0.0567
[run_subscribe_msckf-1] [34m[TIME]: 0.0019 seconds total (523.0 hz, 0.25 ms behind)
[run_subscribe_msckf-1] [0mq_GtoI = 0.003,0.001,-0.708,0.706 | p_IinG = -1.448,111.114,-16.884 | dist = 123.96 (meters)
[run_subscribe_msckf-1] bg = -0.0005,0.0022,0.0005 | ba = 0.0018,0.0023,0.0567
[run_subscribe_msckf-1] [34m[TIME]: 0.0019 seconds total (535.0 hz, 0.25 ms behind)
[run_subscribe_msckf-1] [0mq_GtoI = -0.002,-0.006,-0.708,0.706 | p_IinG = -1.464,111.404,-16.928 | dist = 124.26 (meters)
[run_subscribe_msckf-1] bg = -0.0005,0.0022,0.0005 | ba = 0.0018,0.0023,0.0567
[run_subscribe_msckf-1] [34m[TIME]: 0.0021 seconds total (467.1 hz, 0.25 ms behind)
[run_subscribe_msckf-1] [0mq_GtoI = -0.010,-0.015,-0.708,0.706 | p_IinG = -1.485,111.790,-16.985 | dist = 124.65 (meters)
[run_subscribe_msckf-1] bg = -0.0005,0.0022,0.0005 | ba = 0.0018,0.0023,0.0567
[run_subscribe_msckf-1] [34m[TIME]: 0.0018 seconds total (559.6 hz, 0.25 ms behind)
[run_subscribe_msckf-1] [0mq_GtoI = -0.016,-0.022,-0.708,0.705 | p_IinG = -1.501,112.080,-17.028 | dist = 124.94 (meters)
[run_subscribe_msckf-1] bg = -0.0005,0.0022,0.0005 | ba = 0.0018,0.0023,0.0567
[run_subscribe_msckf-1] [34m[TIME]: 0.0017 seconds total (581.7 hz, 0.25 ms behind)
[run_subscribe_msckf-1] [0mq_GtoI = -0.021,-0.029,-0.708,0.705 | p_IinG = -1.517,112.370,-17.071 | dist = 125.23 (meters)
[run_subscribe_msckf-1] bg = -0.0005,0.0022,0.0005 | ba = 0.0018,0.0023,0.0567
[run_subscribe_msckf-1] [34m[TIME]: 0.0019 seconds total (518.9 hz, 0.25 ms behind)
[run_subscribe_msckf-1] [0mq_GtoI = -0.029,-0.039,-0.708,0.705 | p_IinG = -1.539,112.758,-17.128 | dist = 125.63 (meters)
[run_subscribe_msckf-1] bg = -0.0005,0.0022,0.0005 | ba = 0.0018,0.0023,0.0567
[run_subscribe_msckf-1] [34m[TIME]: 0.0019 seconds total (537.3 hz, 0.25 ms behind)
[run_subscribe_msckf-1] [0mq_GtoI = -0.034,-0.046,-0.708,0.704 | p_IinG = -1.555,113.050,-17.170 | dist = 125.92 (meters)
[run_subscribe_msckf-1] bg = -0.0005,0.0022,0.0005 | ba = 0.0018,0.0023,0.0567
[run_subscribe_msckf-1] [34m[TIME]: 0.0017 seconds total (579.4 hz, 0.25 ms behind)
[run_subscribe_msckf-1] [0mq_GtoI = -0.040,-0.052,-0.707,0.704 | p_IinG = -1.572,113.343,-17.213 | dist = 126.22 (meters)
[run_subscribe_msckf-1] bg = -0.0005,0.0022,0.0005 | ba = 0.0018,0.0023,0.0567
[run_subscribe_msckf-1] [34m[TIME]: 0.0018 seconds total (555.6 hz, 0.25 ms behind)
[run_subscribe_msckf-1] [0mq_GtoI = -0.047,-0.061,-0.707,0.703 | p_IinG = -1.595,113.736,-17.270 | dist = 126.62 (meters)
[run_subscribe_msckf-1] bg = -0.0005,0.0022,0.0005 | ba = 0.0018,0.0023,0.0567
[run_subscribe_msckf-1] [34m[TIME]: 0.0020 seconds total (499.0 hz, 0.25 ms behind)
[run_subscribe_msckf-1] [0mq_GtoI = -0.052,-0.068,-0.706,0.703 | p_IinG = -1.612,114.033,-17.312 | dist = 126.92 (meters)
[run_subscribe_msckf-1] bg = -0.0005,0.0022,0.0005 | ba = 0.0018,0.0023,0.0567
[run_subscribe_msckf-1] [34m[TIME]: 0.0019 seconds total (535.0 hz, 0.25 ms behind)
[run_subscribe_msckf-1] [0mq_GtoI = -0.057,-0.074,-0.706,0.702 | p_IinG = -1.629,114.332,-17.355 | dist = 127.22 (meters)
[run_subscribe_msckf-1] bg = -0.0005,0.0022,0.0005 | ba = 0.0018,0.0023,0.0567
[run_subscribe_msckf-1] [34m[TIME]: 0.0017 seconds total (590.7 hz, 0.25 ms behind)
[run_subscribe_msckf-1] [0mq_GtoI = -0.063,-0.081,-0.705,0.701 | p_IinG = -1.652,114.733,-17.412 | dist = 127.63 (meters)
[run_subscribe_msckf-1] bg = -0.0005,0.0022,0.0005 | ba = 0.0018,0.0023,0.0567
[run_subscribe_msckf-1] [34m[TIME]: 0.0018 seconds total (566.9 hz, 0.25 ms behind)
[run_subscribe_msckf-1] [0mq_GtoI = -0.067,-0.087,-0.705,0.701 | p_IinG = -1.670,115.037,-17.455 | dist = 127.93 (meters)
[run_subscribe_msckf-1] bg = -0.0005,0.0022,0.0005 | ba = 0.0018,0.0023,0.0567
[run_subscribe_msckf-1] [34m[TIME]: 0.0016 seconds total (627.0 hz, 0.25 ms behind)
[run_subscribe_msckf-1] [0mq_GtoI = -0.071,-0.092,-0.704,0.700 | p_IinG = -1.689,115.344,-17.499 | dist = 128.24 (meters)
[run_subscribe_msckf-1] bg = -0.0005,0.0022,0.0005 | ba = 0.0018,0.0023,0.0567
[run_subscribe_msckf-1] [34m[TIME]: 0.0016 seconds total (628.9 hz, 0.25 ms behind)
[run_subscribe_msckf-1] [0mq_GtoI = -0.076,-0.098,-0.704,0.700 | p_IinG = -1.714,115.757,-17.557 | dist = 128.66 (meters)
[run_subscribe_msckf-1] bg = -0.0005,0.0022,0.0005 | ba = 0.0018,0.0023,0.0567
[run_subscribe_msckf-1] [34m[TIME]: 0.0015 seconds total (663.1 hz, 0.25 ms behind)
[run_subscribe_msckf-1] [0mq_GtoI = -0.080,-0.102,-0.703,0.699 | p_IinG = -1.733,116.070,-17.601 | dist = 128.98 (meters)
[run_subscribe_msckf-1] bg = -0.0005,0.0022,0.0005 | ba = 0.0018,0.0023,0.0567
[run_subscribe_msckf-1] [34m[TIME]: 0.0014 seconds total (706.2 hz, 0.25 ms behind)
[run_subscribe_msckf-1] [0mq_GtoI = -0.083,-0.105,-0.703,0.699 | p_IinG = -1.752,116.386,-17.645 | dist = 129.30 (meters)
[run_subscribe_msckf-1] bg = -0.0005,0.0022,0.0005 | ba = 0.0018,0.0023,0.0567
[run_subscribe_msckf-1] [34m[TIME]: 0.0015 seconds total (647.7 hz, 0.25 ms behind)
[run_subscribe_msckf-1] [0mq_GtoI = -0.086,-0.109,-0.702,0.698 | p_IinG = -1.779,116.812,-17.705 | dist = 129.73 (meters)
[run_subscribe_msckf-1] bg = -0.0005,0.0022,0.0005 | ba = 0.0018,0.0023,0.0567
[run_subscribe_msckf-1] [34m[TIME]: 0.0013 seconds total (754.1 hz, 0.25 ms behind)
[run_subscribe_msckf-1] [0mq_GtoI = -0.089,-0.112,-0.702,0.698 | p_IinG = -1.799,117.136,-17.751 | dist = 130.06 (meters)
[run_subscribe_msckf-1] bg = -0.0005,0.0022,0.0005 | ba = 0.0018,0.0023,0.0567
[run_subscribe_msckf-1] [34m[TIME]: 0.0014 seconds total (715.8 hz, 0.25 ms behind)
[run_subscribe_msckf-1] [0mq_GtoI = -0.091,-0.114,-0.702,0.697 | p_IinG = -1.820,117.463,-17.797 | dist = 130.39 (meters)
[run_subscribe_msckf-1] bg = -0.0005,0.0022,0.0005 | ba = 0.0018,0.0023,0.0567
[run_subscribe_msckf-1] [34m[TIME]: 0.0013 seconds total (752.4 hz, 0.25 ms behind)
[run_subscribe_msckf-1] [0mq_GtoI = -0.093,-0.117,-0.701,0.697 | p_IinG = -1.848,117.905,-17.859 | dist = 130.83 (meters)
[run_subscribe_msckf-1] bg = -0.0005,0.0022,0.0005 | ba = 0.0018,0.0023,0.0567
[run_subscribe_msckf-1] [34m[TIME]: 0.0013 seconds total (781.3 hz, 0.25 ms behind)
[run_subscribe_msckf-1] [0mq_GtoI = -0.094,-0.118,-0.701,0.697 | p_IinG = -1.870,118.241,-17.906 | dist = 131.17 (meters)
[run_subscribe_msckf-1] bg = -0.0005,0.0022,0.0005 | ba = 0.0018,0.0023,0.0567
[run_subscribe_msckf-1] [34m[TIME]: 0.0014 seconds total (728.9 hz, 0.25 ms behind)
