checkpoint,checkpoint_sha256,code_revision,oracle_gate_relative_guidance,sampling_protocol,profile,seed,episode,completed,first_lap_completed,lap_time_s,failure_gate,gates_passed,collision,flyaway,return,duration_s,position_rmse_m,attitude_rmse_rad,velocity_rmse_mps
/home/donglei/isaac_projects/isaac_drone_racer/.worktrees/stage1-fake-vio/logs/skrl/stage1_recovery_20260905/2026-09-05_11-37-52/2026-09-05_11-37-57_ppo_torch_stage1_mixed/checkpoints/best_agent.pt,ecf1a26095dfe976a926a1c7c3876aaafb1c80f1dd681f9e9f35bd678864cdf1,150d107225160ac498040fa20d4ccf9e26ec2703,True,fixed_per_environment_quotas_v2,clean,11,0,False,False,,3,0,True,False,-4.928788661956787,0.32,0.0,0.0002990099892485887,0.0
/home/donglei/isaac_projects/isaac_drone_racer/.worktrees/stage1-fake-vio/logs/skrl/stage1_recovery_20260905/2026-09-05_11-37-52/2026-09-05_11-37-57_ppo_torch_stage1_mixed/checkpoints/best_agent.pt,ecf1a26095dfe976a926a1c7c3876aaafb1c80f1dd681f9e9f35bd678864cdf1,150d107225160ac498040fa20d4ccf9e26ec2703,True,fixed_per_environment_quotas_v2,clean,11,1,False,False,,2,1,True,False,0.5136852264404297,1.0,0.0,0.0002583741443231702,0.0
/home/donglei/isaac_projects/isaac_drone_racer/.worktrees/stage1-fake-vio/logs/skrl/stage1_recovery_20260905/2026-09-05_11-37-52/2026-09-05_11-37-57_ppo_torch_stage1_mixed/checkpoints/best_agent.pt,ecf1a26095dfe976a926a1c7c3876aaafb1c80f1dd681f9e9f35bd678864cdf1,150d107225160ac498040fa20d4ccf9e26ec2703,True,fixed_per_environment_quotas_v2,clean,11,2,False,False,,6,1,True,False,-0.26126766204833984,1.02,0.0,0.00024652254069224,0.0
/home/donglei/isaac_projects/isaac_drone_racer/.worktrees/stage1-fake-vio/logs/skrl/stage1_recovery_20260905/2026-09-05_11-37-52/2026-09-05_11-37-57_ppo_torch_stage1_mixed/checkpoints/best_agent.pt,ecf1a26095dfe976a926a1c7c3876aaafb1c80f1dd681f9e9f35bd678864cdf1,150d107225160ac498040fa20d4ccf9e26ec2703,True,fixed_per_environment_quotas_v2,clean,11,3,False,False,,6,1,True,False,-0.36456823348999023,1.03,0.0,0.00034693899215199053,0.0
/home/donglei/isaac_projects/isaac_drone_racer/.worktrees/stage1-fake-vio/logs/skrl/stage1_recovery_20260905/2026-09-05_11-37-52/2026-09-05_11-37-57_ppo_torch_stage1_mixed/checkpoints/best_agent.pt,ecf1a26095dfe976a926a1c7c3876aaafb1c80f1dd681f9e9f35bd678864cdf1,150d107225160ac498040fa20d4ccf9e26ec2703,True,fixed_per_environment_quotas_v2,clean,11,4,False,False,,2,1,True,False,0.5146398544311523,1.1,0.0,0.00031575674074701965,0.0
/home/donglei/isaac_projects/isaac_drone_racer/.worktrees/stage1-fake-vio/logs/skrl/stage1_recovery_20260905/2026-09-05_11-37-52/2026-09-05_11-37-57_ppo_torch_stage1_mixed/checkpoints/best_agent.pt,ecf1a26095dfe976a926a1c7c3876aaafb1c80f1dd681f9e9f35bd678864cdf1,150d107225160ac498040fa20d4ccf9e26ec2703,True,fixed_per_environment_quotas_v2,clean,11,5,False,False,,6,1,True,False,1.6149425506591797,1.72,0.0,0.0003159163170494139,0.0
/home/donglei/isaac_projects/isaac_drone_racer/.worktrees/stage1-fake-vio/logs/skrl/stage1_recovery_20260905/2026-09-05_11-37-52/2026-09-05_11-37-57_ppo_torch_stage1_mixed/checkpoints/best_agent.pt,ecf1a26095dfe976a926a1c7c3876aaafb1c80f1dd681f9e9f35bd678864cdf1,150d107225160ac498040fa20d4ccf9e26ec2703,True,fixed_per_environment_quotas_v2,clean,11,6,False,False,,5,1,True,False,1.7695374488830566,1.9000000000000001,0.0,0.0003005795879289508,0.0
/home/donglei/isaac_projects/isaac_drone_racer/.worktrees/stage1-fake-vio/logs/skrl/stage1_recovery_20260905/2026-09-05_11-37-52/2026-09-05_11-37-57_ppo_torch_stage1_mixed/checkpoints/best_agent.pt,ecf1a26095dfe976a926a1c7c3876aaafb1c80f1dd681f9e9f35bd678864cdf1,150d107225160ac498040fa20d4ccf9e26ec2703,True,fixed_per_environment_quotas_v2,clean,11,7,False,False,,5,1,True,False,1.750472068786621,1.92,0.0,0.0003151842101942748,0.0
/home/donglei/isaac_projects/isaac_drone_racer/.worktrees/stage1-fake-vio/logs/skrl/stage1_recovery_20260905/2026-09-05_11-37-52/2026-09-05_11-37-57_ppo_torch_stage1_mixed/checkpoints/best_agent.pt,ecf1a26095dfe976a926a1c7c3876aaafb1c80f1dd681f9e9f35bd678864cdf1,150d107225160ac498040fa20d4ccf9e26ec2703,True,fixed_per_environment_quotas_v2,clean,11,8,False,False,,1,1,False,True,-7.0715413093566895,2.2,0.0,0.00029444467509165406,0.0
/home/donglei/isaac_projects/isaac_drone_racer/.worktrees/stage1-fake-vio/logs/skrl/stage1_recovery_20260905/2026-09-05_11-37-52/2026-09-05_11-37-57_ppo_torch_stage1_mixed/checkpoints/best_agent.pt,ecf1a26095dfe976a926a1c7c3876aaafb1c80f1dd681f9e9f35bd678864cdf1,150d107225160ac498040fa20d4ccf9e26ec2703,True,fixed_per_environment_quotas_v2,clean,11,9,False,False,,7,0,False,True,-7.758909225463867,2.67,0.0,0.0003076573775615543,0.0
/home/donglei/isaac_projects/isaac_drone_racer/.worktrees/stage1-fake-vio/logs/skrl/stage1_recovery_20260905/2026-09-05_11-37-52/2026-09-05_11-37-57_ppo_torch_stage1_mixed/checkpoints/best_agent.pt,ecf1a26095dfe976a926a1c7c3876aaafb1c80f1dd681f9e9f35bd678864cdf1,150d107225160ac498040fa20d4ccf9e26ec2703,True,fixed_per_environment_quotas_v2,clean,11,10,False,False,,6,2,True,False,8.304519653320312,2.82,0.0,0.0003021741867996752,0.0
/home/donglei/isaac_projects/isaac_drone_racer/.worktrees/stage1-fake-vio/logs/skrl/stage1_recovery_20260905/2026-09-05_11-37-52/2026-09-05_11-37-57_ppo_torch_stage1_mixed/checkpoints/best_agent.pt,ecf1a26095dfe976a926a1c7c3876aaafb1c80f1dd681f9e9f35bd678864cdf1,150d107225160ac498040fa20d4ccf9e26ec2703,True,fixed_per_environment_quotas_v2,clean,11,11,False,False,,3,2,True,False,7.912651062011719,2.92,0.0,0.00033323306706734,0.0
/home/donglei/isaac_projects/isaac_drone_racer/.worktrees/stage1-fake-vio/logs/skrl/stage1_recovery_20260905/2026-09-05_11-37-52/2026-09-05_11-37-57_ppo_torch_stage1_mixed/checkpoints/best_agent.pt,ecf1a26095dfe976a926a1c7c3876aaafb1c80f1dd681f9e9f35bd678864cdf1,150d107225160ac498040fa20d4ccf9e26ec2703,True,fixed_per_environment_quotas_v2,clean,11,12,False,False,,4,2,True,False,9.580158233642578,3.02,0.0,0.0003727544972207397,0.0
/home/donglei/isaac_projects/isaac_drone_racer/.worktrees/stage1-fake-vio/logs/skrl/stage1_recovery_20260905/2026-09-05_11-37-52/2026-09-05_11-37-57_ppo_torch_stage1_mixed/checkpoints/best_agent.pt,ecf1a26095dfe976a926a1c7c3876aaafb1c80f1dd681f9e9f35bd678864cdf1,150d107225160ac498040fa20d4ccf9e26ec2703,True,fixed_per_environment_quotas_v2,clean,11,13,False,False,,6,3,True,False,12.572030067443848,3.2,0.0,0.0003183204389642924,0.0
/home/donglei/isaac_projects/isaac_drone_racer/.worktrees/stage1-fake-vio/logs/skrl/stage1_recovery_20260905/2026-09-05_11-37-52/2026-09-05_11-37-57_ppo_torch_stage1_mixed/checkpoints/best_agent.pt,ecf1a26095dfe976a926a1c7c3876aaafb1c80f1dd681f9e9f35bd678864cdf1,150d107225160ac498040fa20d4ccf9e26ec2703,True,fixed_per_environment_quotas_v2,clean,11,14,True,True,6.01,,7,False,False,39.593997955322266,6.01,0.0,0.00032727638608776033,0.0
/home/donglei/isaac_projects/isaac_drone_racer/.worktrees/stage1-fake-vio/logs/skrl/stage1_recovery_20260905/2026-09-05_11-37-52/2026-09-05_11-37-57_ppo_torch_stage1_mixed/checkpoints/best_agent.pt,ecf1a26095dfe976a926a1c7c3876aaafb1c80f1dd681f9e9f35bd678864cdf1,150d107225160ac498040fa20d4ccf9e26ec2703,True,fixed_per_environment_quotas_v2,clean,11,15,True,True,5.73,,7,False,False,39.51629638671875,5.73,0.0,0.0002970028726849705,0.0
/home/donglei/isaac_projects/isaac_drone_racer/.worktrees/stage1-fake-vio/logs/skrl/stage1_recovery_20260905/2026-09-05_11-37-52/2026-09-05_11-37-57_ppo_torch_stage1_mixed/checkpoints/best_agent.pt,ecf1a26095dfe976a926a1c7c3876aaafb1c80f1dd681f9e9f35bd678864cdf1,150d107225160ac498040fa20d4ccf9e26ec2703,True,fixed_per_environment_quotas_v2,clean,11,16,True,True,5.7,,7,False,False,39.41896057128906,5.7,0.0,0.0003220760845579207,0.0
/home/donglei/isaac_projects/isaac_drone_racer/.worktrees/stage1-fake-vio/logs/skrl/stage1_recovery_20260905/2026-09-05_11-37-52/2026-09-05_11-37-57_ppo_torch_stage1_mixed/checkpoints/best_agent.pt,ecf1a26095dfe976a926a1c7c3876aaafb1c80f1dd681f9e9f35bd678864cdf1,150d107225160ac498040fa20d4ccf9e26ec2703,True,fixed_per_environment_quotas_v2,clean,11,17,True,True,5.95,,7,False,False,39.733707427978516,5.95,0.0,0.0003101110050920397,0.0
/home/donglei/isaac_projects/isaac_drone_racer/.worktrees/stage1-fake-vio/logs/skrl/stage1_recovery_20260905/2026-09-05_11-37-52/2026-09-05_11-37-57_ppo_torch_stage1_mixed/checkpoints/best_agent.pt,ecf1a26095dfe976a926a1c7c3876aaafb1c80f1dd681f9e9f35bd678864cdf1,150d107225160ac498040fa20d4ccf9e26ec2703,True,fixed_per_environment_quotas_v2,clean,11,18,True,True,6.13,,7,False,False,39.49141311645508,6.13,0.0,0.00031799954012967646,0.0
/home/donglei/isaac_projects/isaac_drone_racer/.worktrees/stage1-fake-vio/logs/skrl/stage1_recovery_20260905/2026-09-05_11-37-52/2026-09-05_11-37-57_ppo_torch_stage1_mixed/checkpoints/best_agent.pt,ecf1a26095dfe976a926a1c7c3876aaafb1c80f1dd681f9e9f35bd678864cdf1,150d107225160ac498040fa20d4ccf9e26ec2703,True,fixed_per_environment_quotas_v2,clean,11,19,True,True,6.28,,7,False,False,39.78746795654297,6.28,0.0,0.00034306079032830894,0.0
/home/donglei/isaac_projects/isaac_drone_racer/.worktrees/stage1-fake-vio/logs/skrl/stage1_recovery_20260905/2026-09-05_11-37-52/2026-09-05_11-37-57_ppo_torch_stage1_mixed/checkpoints/best_agent.pt,ecf1a26095dfe976a926a1c7c3876aaafb1c80f1dd681f9e9f35bd678864cdf1,150d107225160ac498040fa20d4ccf9e26ec2703,True,fixed_per_environment_quotas_v2,clean,11,20,True,True,5.97,,7,False,False,39.68214416503906,5.97,0.0,0.0003172364959027618,0.0
/home/donglei/isaac_projects/isaac_drone_racer/.worktrees/stage1-fake-vio/logs/skrl/stage1_recovery_20260905/2026-09-05_11-37-52/2026-09-05_11-37-57_ppo_torch_stage1_mixed/checkpoints/best_agent.pt,ecf1a26095dfe976a926a1c7c3876aaafb1c80f1dd681f9e9f35bd678864cdf1,150d107225160ac498040fa20d4ccf9e26ec2703,True,fixed_per_environment_quotas_v2,clean,11,21,True,True,5.79,,7,False,False,39.48194885253906,5.79,0.0,0.0003130539844278246,0.0
/home/donglei/isaac_projects/isaac_drone_racer/.worktrees/stage1-fake-vio/logs/skrl/stage1_recovery_20260905/2026-09-05_11-37-52/2026-09-05_11-37-57_ppo_torch_stage1_mixed/checkpoints/best_agent.pt,ecf1a26095dfe976a926a1c7c3876aaafb1c80f1dd681f9e9f35bd678864cdf1,150d107225160ac498040fa20d4ccf9e26ec2703,True,fixed_per_environment_quotas_v2,clean,11,22,False,False,,4,5,True,False,23.799659729003906,4.89,0.0,0.0003491287643555552,0.0
/home/donglei/isaac_projects/isaac_drone_racer/.worktrees/stage1-fake-vio/logs/skrl/stage1_recovery_20260905/2026-09-05_11-37-52/2026-09-05_11-37-57_ppo_torch_stage1_mixed/checkpoints/best_agent.pt,ecf1a26095dfe976a926a1c7c3876aaafb1c80f1dd681f9e9f35bd678864cdf1,150d107225160ac498040fa20d4ccf9e26ec2703,True,fixed_per_environment_quotas_v2,clean,11,23,True,True,6.0600000000000005,,7,False,False,39.57525634765625,6.0600000000000005,0.0,0.0003271283640060574,0.0
/home/donglei/isaac_projects/isaac_drone_racer/.worktrees/stage1-fake-vio/logs/skrl/stage1_recovery_20260905/2026-09-05_11-37-52/2026-09-05_11-37-57_ppo_torch_stage1_mixed/checkpoints/best_agent.pt,ecf1a26095dfe976a926a1c7c3876aaafb1c80f1dd681f9e9f35bd678864cdf1,150d107225160ac498040fa20d4ccf9e26ec2703,True,fixed_per_environment_quotas_v2,clean,11,24,True,True,6.13,,7,False,False,39.5270881652832,6.13,0.0,0.00031554390443488955,0.0
/home/donglei/isaac_projects/isaac_drone_racer/.worktrees/stage1-fake-vio/logs/skrl/stage1_recovery_20260905/2026-09-05_11-37-52/2026-09-05_11-37-57_ppo_torch_stage1_mixed/checkpoints/best_agent.pt,ecf1a26095dfe976a926a1c7c3876aaafb1c80f1dd681f9e9f35bd678864cdf1,150d107225160ac498040fa20d4ccf9e26ec2703,True,fixed_per_environment_quotas_v2,clean,11,25,True,True,6.18,,7,False,False,39.61914825439453,6.18,0.0,0.0003251255548093468,0.0
/home/donglei/isaac_projects/isaac_drone_racer/.worktrees/stage1-fake-vio/logs/skrl/stage1_recovery_20260905/2026-09-05_11-37-52/2026-09-05_11-37-57_ppo_torch_stage1_mixed/checkpoints/best_agent.pt,ecf1a26095dfe976a926a1c7c3876aaafb1c80f1dd681f9e9f35bd678864cdf1,150d107225160ac498040fa20d4ccf9e26ec2703,True,fixed_per_environment_quotas_v2,clean,11,26,True,True,5.8100000000000005,,7,False,False,39.532012939453125,5.8100000000000005,0.0,0.00032029635622166097,0.0
/home/donglei/isaac_projects/isaac_drone_racer/.worktrees/stage1-fake-vio/logs/skrl/stage1_recovery_20260905/2026-09-05_11-37-52/2026-09-05_11-37-57_ppo_torch_stage1_mixed/checkpoints/best_agent.pt,ecf1a26095dfe976a926a1c7c3876aaafb1c80f1dd681f9e9f35bd678864cdf1,150d107225160ac498040fa20d4ccf9e26ec2703,True,fixed_per_environment_quotas_v2,clean,11,27,True,True,5.96,,7,False,False,39.772037506103516,5.96,0.0,0.0003225028922315687,0.0
/home/donglei/isaac_projects/isaac_drone_racer/.worktrees/stage1-fake-vio/logs/skrl/stage1_recovery_20260905/2026-09-05_11-37-52/2026-09-05_11-37-57_ppo_torch_stage1_mixed/checkpoints/best_agent.pt,ecf1a26095dfe976a926a1c7c3876aaafb1c80f1dd681f9e9f35bd678864cdf1,150d107225160ac498040fa20d4ccf9e26ec2703,True,fixed_per_environment_quotas_v2,clean,11,28,True,True,5.92,,7,False,False,39.50746154785156,5.92,0.0,0.00031089576077647507,0.0
/home/donglei/isaac_projects/isaac_drone_racer/.worktrees/stage1-fake-vio/logs/skrl/stage1_recovery_20260905/2026-09-05_11-37-52/2026-09-05_11-37-57_ppo_torch_stage1_mixed/checkpoints/best_agent.pt,ecf1a26095dfe976a926a1c7c3876aaafb1c80f1dd681f9e9f35bd678864cdf1,150d107225160ac498040fa20d4ccf9e26ec2703,True,fixed_per_environment_quotas_v2,clean,11,29,True,True,5.9,,7,False,False,39.66815185546875,5.9,0.0,0.0003363745054230094,0.0
/home/donglei/isaac_projects/isaac_drone_racer/.worktrees/stage1-fake-vio/logs/skrl/stage1_recovery_20260905/2026-09-05_11-37-52/2026-09-05_11-37-57_ppo_torch_stage1_mixed/checkpoints/best_agent.pt,ecf1a26095dfe976a926a1c7c3876aaafb1c80f1dd681f9e9f35bd678864cdf1,150d107225160ac498040fa20d4ccf9e26ec2703,True,fixed_per_environment_quotas_v2,clean,11,30,True,True,5.88,,7,False,False,39.67753601074219,5.88,0.0,0.0003067081852350384,0.0
/home/donglei/isaac_projects/isaac_drone_racer/.worktrees/stage1-fake-vio/logs/skrl/stage1_recovery_20260905/2026-09-05_11-37-52/2026-09-05_11-37-57_ppo_torch_stage1_mixed/checkpoints/best_agent.pt,ecf1a26095dfe976a926a1c7c3876aaafb1c80f1dd681f9e9f35bd678864cdf1,150d107225160ac498040fa20d4ccf9e26ec2703,True,fixed_per_environment_quotas_v2,clean,11,31,True,True,5.93,,7,False,False,39.39716339111328,5.93,0.0,0.00033311735023744404,0.0
/home/donglei/isaac_projects/isaac_drone_racer/.worktrees/stage1-fake-vio/logs/skrl/stage1_recovery_20260905/2026-09-05_11-37-52/2026-09-05_11-37-57_ppo_torch_stage1_mixed/checkpoints/best_agent.pt,ecf1a26095dfe976a926a1c7c3876aaafb1c80f1dd681f9e9f35bd678864cdf1,150d107225160ac498040fa20d4ccf9e26ec2703,True,fixed_per_environment_quotas_v2,clean,11,32,True,True,6.1000000000000005,,7,False,False,39.793800354003906,6.1000000000000005,0.0,0.0003236476914025843,0.0
/home/donglei/isaac_projects/isaac_drone_racer/.worktrees/stage1-fake-vio/logs/skrl/stage1_recovery_20260905/2026-09-05_11-37-52/2026-09-05_11-37-57_ppo_torch_stage1_mixed/checkpoints/best_agent.pt,ecf1a26095dfe976a926a1c7c3876aaafb1c80f1dd681f9e9f35bd678864cdf1,150d107225160ac498040fa20d4ccf9e26ec2703,True,fixed_per_environment_quotas_v2,clean,11,33,True,True,6.12,,7,False,False,39.58725357055664,6.12,0.0,0.00031207886058837175,0.0
/home/donglei/isaac_projects/isaac_drone_racer/.worktrees/stage1-fake-vio/logs/skrl/stage1_recovery_20260905/2026-09-05_11-37-52/2026-09-05_11-37-57_ppo_torch_stage1_mixed/checkpoints/best_agent.pt,ecf1a26095dfe976a926a1c7c3876aaafb1c80f1dd681f9e9f35bd678864cdf1,150d107225160ac498040fa20d4ccf9e26ec2703,True,fixed_per_environment_quotas_v2,clean,11,34,True,True,6.13,,7,False,False,39.9098014831543,6.13,0.0,0.0003042483876924962,0.0
/home/donglei/isaac_projects/isaac_drone_racer/.worktrees/stage1-fake-vio/logs/skrl/stage1_recovery_20260905/2026-09-05_11-37-52/2026-09-05_11-37-57_ppo_torch_stage1_mixed/checkpoints/best_agent.pt,ecf1a26095dfe976a926a1c7c3876aaafb1c80f1dd681f9e9f35bd678864cdf1,150d107225160ac498040fa20d4ccf9e26ec2703,True,fixed_per_environment_quotas_v2,clean,11,35,True,True,5.8500000000000005,,7,False,False,39.65312194824219,5.8500000000000005,0.0,0.00031275031506083906,0.0
/home/donglei/isaac_projects/isaac_drone_racer/.worktrees/stage1-fake-vio/logs/skrl/stage1_recovery_20260905/2026-09-05_11-37-52/2026-09-05_11-37-57_ppo_torch_stage1_mixed/checkpoints/best_agent.pt,ecf1a26095dfe976a926a1c7c3876aaafb1c80f1dd681f9e9f35bd678864cdf1,150d107225160ac498040fa20d4ccf9e26ec2703,True,fixed_per_environment_quotas_v2,clean,11,36,True,True,6.13,,7,False,False,39.76544952392578,6.13,0.0,0.00030679444898851216,0.0
/home/donglei/isaac_projects/isaac_drone_racer/.worktrees/stage1-fake-vio/logs/skrl/stage1_recovery_20260905/2026-09-05_11-37-52/2026-09-05_11-37-57_ppo_torch_stage1_mixed/checkpoints/best_agent.pt,ecf1a26095dfe976a926a1c7c3876aaafb1c80f1dd681f9e9f35bd678864cdf1,150d107225160ac498040fa20d4ccf9e26ec2703,True,fixed_per_environment_quotas_v2,clean,11,37,True,True,6.11,,7,False,False,39.6903190612793,6.11,0.0,0.00029827500111423433,0.0
/home/donglei/isaac_projects/isaac_drone_racer/.worktrees/stage1-fake-vio/logs/skrl/stage1_recovery_20260905/2026-09-05_11-37-52/2026-09-05_11-37-57_ppo_torch_stage1_mixed/checkpoints/best_agent.pt,ecf1a26095dfe976a926a1c7c3876aaafb1c80f1dd681f9e9f35bd678864cdf1,150d107225160ac498040fa20d4ccf9e26ec2703,True,fixed_per_environment_quotas_v2,clean,11,38,True,True,5.86,,7,False,False,39.739051818847656,5.86,0.0,0.0003214682510588318,0.0
/home/donglei/isaac_projects/isaac_drone_racer/.worktrees/stage1-fake-vio/logs/skrl/stage1_recovery_20260905/2026-09-05_11-37-52/2026-09-05_11-37-57_ppo_torch_stage1_mixed/checkpoints/best_agent.pt,ecf1a26095dfe976a926a1c7c3876aaafb1c80f1dd681f9e9f35bd678864cdf1,150d107225160ac498040fa20d4ccf9e26ec2703,True,fixed_per_environment_quotas_v2,clean,11,39,True,True,6.4,,7,False,False,39.84090805053711,6.4,0.0,0.0002977614931296557,0.0
/home/donglei/isaac_projects/isaac_drone_racer/.worktrees/stage1-fake-vio/logs/skrl/stage1_recovery_20260905/2026-09-05_11-37-52/2026-09-05_11-37-57_ppo_torch_stage1_mixed/checkpoints/best_agent.pt,ecf1a26095dfe976a926a1c7c3876aaafb1c80f1dd681f9e9f35bd678864cdf1,150d107225160ac498040fa20d4ccf9e26ec2703,True,fixed_per_environment_quotas_v2,clean,11,40,True,True,6.17,,7,False,False,39.641868591308594,6.17,0.0,0.0003145193913951516,0.0
/home/donglei/isaac_projects/isaac_drone_racer/.worktrees/stage1-fake-vio/logs/skrl/stage1_recovery_20260905/2026-09-05_11-37-52/2026-09-05_11-37-57_ppo_torch_stage1_mixed/checkpoints/best_agent.pt,ecf1a26095dfe976a926a1c7c3876aaafb1c80f1dd681f9e9f35bd678864cdf1,150d107225160ac498040fa20d4ccf9e26ec2703,True,fixed_per_environment_quotas_v2,clean,11,41,True,True,5.94,,7,False,False,39.77739334106445,5.94,0.0,0.0003103719209320843,0.0
/home/donglei/isaac_projects/isaac_drone_racer/.worktrees/stage1-fake-vio/logs/skrl/stage1_recovery_20260905/2026-09-05_11-37-52/2026-09-05_11-37-57_ppo_torch_stage1_mixed/checkpoints/best_agent.pt,ecf1a26095dfe976a926a1c7c3876aaafb1c80f1dd681f9e9f35bd678864cdf1,150d107225160ac498040fa20d4ccf9e26ec2703,True,fixed_per_environment_quotas_v2,clean,11,42,True,True,6.09,,7,False,False,39.713462829589844,6.09,0.0,0.00031409546500071883,0.0
/home/donglei/isaac_projects/isaac_drone_racer/.worktrees/stage1-fake-vio/logs/skrl/stage1_recovery_20260905/2026-09-05_11-37-52/2026-09-05_11-37-57_ppo_torch_stage1_mixed/checkpoints/best_agent.pt,ecf1a26095dfe976a926a1c7c3876aaafb1c80f1dd681f9e9f35bd678864cdf1,150d107225160ac498040fa20d4ccf9e26ec2703,True,fixed_per_environment_quotas_v2,clean,11,43,True,True,6.2,,7,False,False,39.52681350708008,6.2,0.0,0.0003419093554839492,0.0
/home/donglei/isaac_projects/isaac_drone_racer/.worktrees/stage1-fake-vio/logs/skrl/stage1_recovery_20260905/2026-09-05_11-37-52/2026-09-05_11-37-57_ppo_torch_stage1_mixed/checkpoints/best_agent.pt,ecf1a26095dfe976a926a1c7c3876aaafb1c80f1dd681f9e9f35bd678864cdf1,150d107225160ac498040fa20d4ccf9e26ec2703,True,fixed_per_environment_quotas_v2,clean,11,44,True,True,6.07,,7,False,False,39.306373596191406,6.07,0.0,0.00033399107633158565,0.0
/home/donglei/isaac_projects/isaac_drone_racer/.worktrees/stage1-fake-vio/logs/skrl/stage1_recovery_20260905/2026-09-05_11-37-52/2026-09-05_11-37-57_ppo_torch_stage1_mixed/checkpoints/best_agent.pt,ecf1a26095dfe976a926a1c7c3876aaafb1c80f1dd681f9e9f35bd678864cdf1,150d107225160ac498040fa20d4ccf9e26ec2703,True,fixed_per_environment_quotas_v2,clean,11,45,True,True,5.97,,7,False,False,39.77237319946289,5.97,0.0,0.00029775520670227706,0.0
/home/donglei/isaac_projects/isaac_drone_racer/.worktrees/stage1-fake-vio/logs/skrl/stage1_recovery_20260905/2026-09-05_11-37-52/2026-09-05_11-37-57_ppo_torch_stage1_mixed/checkpoints/best_agent.pt,ecf1a26095dfe976a926a1c7c3876aaafb1c80f1dd681f9e9f35bd678864cdf1,150d107225160ac498040fa20d4ccf9e26ec2703,True,fixed_per_environment_quotas_v2,clean,11,46,True,True,6.0200000000000005,,7,False,False,39.4238395690918,6.0200000000000005,0.0,0.00031086133094504476,0.0
/home/donglei/isaac_projects/isaac_drone_racer/.worktrees/stage1-fake-vio/logs/skrl/stage1_recovery_20260905/2026-09-05_11-37-52/2026-09-05_11-37-57_ppo_torch_stage1_mixed/checkpoints/best_agent.pt,ecf1a26095dfe976a926a1c7c3876aaafb1c80f1dd681f9e9f35bd678864cdf1,150d107225160ac498040fa20d4ccf9e26ec2703,True,fixed_per_environment_quotas_v2,clean,11,47,True,True,5.96,,7,False,False,39.740535736083984,5.96,0.0,0.00030595308635383844,0.0
/home/donglei/isaac_projects/isaac_drone_racer/.worktrees/stage1-fake-vio/logs/skrl/stage1_recovery_20260905/2026-09-05_11-37-52/2026-09-05_11-37-57_ppo_torch_stage1_mixed/checkpoints/best_agent.pt,ecf1a26095dfe976a926a1c7c3876aaafb1c80f1dd681f9e9f35bd678864cdf1,150d107225160ac498040fa20d4ccf9e26ec2703,True,fixed_per_environment_quotas_v2,clean,11,48,True,True,6.2,,7,False,False,39.65198516845703,6.2,0.0,0.00032696148264221847,0.0
/home/donglei/isaac_projects/isaac_drone_racer/.worktrees/stage1-fake-vio/logs/skrl/stage1_recovery_20260905/2026-09-05_11-37-52/2026-09-05_11-37-57_ppo_torch_stage1_mixed/checkpoints/best_agent.pt,ecf1a26095dfe976a926a1c7c3876aaafb1c80f1dd681f9e9f35bd678864cdf1,150d107225160ac498040fa20d4ccf9e26ec2703,True,fixed_per_environment_quotas_v2,clean,11,49,True,True,5.9,,7,False,False,39.46504592895508,5.9,0.0,0.00032413858571089804,0.0
/home/donglei/isaac_projects/isaac_drone_racer/.worktrees/stage1-fake-vio/logs/skrl/stage1_recovery_20260905/2026-09-05_11-37-52/2026-09-05_11-37-57_ppo_torch_stage1_mixed/checkpoints/best_agent.pt,ecf1a26095dfe976a926a1c7c3876aaafb1c80f1dd681f9e9f35bd678864cdf1,150d107225160ac498040fa20d4ccf9e26ec2703,True,fixed_per_environment_quotas_v2,clean,11,50,True,True,6.1000000000000005,,7,False,False,39.58019256591797,6.1000000000000005,0.0,0.00033433985663577914,0.0
/home/donglei/isaac_projects/isaac_drone_racer/.worktrees/stage1-fake-vio/logs/skrl/stage1_recovery_20260905/2026-09-05_11-37-52/2026-09-05_11-37-57_ppo_torch_stage1_mixed/checkpoints/best_agent.pt,ecf1a26095dfe976a926a1c7c3876aaafb1c80f1dd681f9e9f35bd678864cdf1,150d107225160ac498040fa20d4ccf9e26ec2703,True,fixed_per_environment_quotas_v2,clean,11,51,True,True,6.0,,7,False,False,39.53472900390625,6.0,0.0,0.0003226599656045437,0.0
/home/donglei/isaac_projects/isaac_drone_racer/.worktrees/stage1-fake-vio/logs/skrl/stage1_recovery_20260905/2026-09-05_11-37-52/2026-09-05_11-37-57_ppo_torch_stage1_mixed/checkpoints/best_agent.pt,ecf1a26095dfe976a926a1c7c3876aaafb1c80f1dd681f9e9f35bd678864cdf1,150d107225160ac498040fa20d4ccf9e26ec2703,True,fixed_per_environment_quotas_v2,clean,11,52,True,True,6.11,,7,False,False,39.8969612121582,6.11,0.0,0.00031482288613915443,0.0
/home/donglei/isaac_projects/isaac_drone_racer/.worktrees/stage1-fake-vio/logs/skrl/stage1_recovery_20260905/2026-09-05_11-37-52/2026-09-05_11-37-57_ppo_torch_stage1_mixed/checkpoints/best_agent.pt,ecf1a26095dfe976a926a1c7c3876aaafb1c80f1dd681f9e9f35bd678864cdf1,150d107225160ac498040fa20d4ccf9e26ec2703,True,fixed_per_environment_quotas_v2,clean,11,53,True,True,5.84,,7,False,False,39.601173400878906,5.84,0.0,0.00028431264217942953,0.0
/home/donglei/isaac_projects/isaac_drone_racer/.worktrees/stage1-fake-vio/logs/skrl/stage1_recovery_20260905/2026-09-05_11-37-52/2026-09-05_11-37-57_ppo_torch_stage1_mixed/checkpoints/best_agent.pt,ecf1a26095dfe976a926a1c7c3876aaafb1c80f1dd681f9e9f35bd678864cdf1,150d107225160ac498040fa20d4ccf9e26ec2703,True,fixed_per_environment_quotas_v2,clean,11,54,True,True,5.89,,7,False,False,39.343788146972656,5.89,0.0,0.0003231634618714452,0.0
/home/donglei/isaac_projects/isaac_drone_racer/.worktrees/stage1-fake-vio/logs/skrl/stage1_recovery_20260905/2026-09-05_11-37-52/2026-09-05_11-37-57_ppo_torch_stage1_mixed/checkpoints/best_agent.pt,ecf1a26095dfe976a926a1c7c3876aaafb1c80f1dd681f9e9f35bd678864cdf1,150d107225160ac498040fa20d4ccf9e26ec2703,True,fixed_per_environment_quotas_v2,clean,11,55,True,True,5.86,,7,False,False,39.72692108154297,5.86,0.0,0.0003137826279271394,0.0
/home/donglei/isaac_projects/isaac_drone_racer/.worktrees/stage1-fake-vio/logs/skrl/stage1_recovery_20260905/2026-09-05_11-37-52/2026-09-05_11-37-57_ppo_torch_stage1_mixed/checkpoints/best_agent.pt,ecf1a26095dfe976a926a1c7c3876aaafb1c80f1dd681f9e9f35bd678864cdf1,150d107225160ac498040fa20d4ccf9e26ec2703,True,fixed_per_environment_quotas_v2,clean,11,56,True,True,5.83,,7,False,False,39.55644989013672,5.83,0.0,0.00029994879150763154,0.0
/home/donglei/isaac_projects/isaac_drone_racer/.worktrees/stage1-fake-vio/logs/skrl/stage1_recovery_20260905/2026-09-05_11-37-52/2026-09-05_11-37-57_ppo_torch_stage1_mixed/checkpoints/best_agent.pt,ecf1a26095dfe976a926a1c7c3876aaafb1c80f1dd681f9e9f35bd678864cdf1,150d107225160ac498040fa20d4ccf9e26ec2703,True,fixed_per_environment_quotas_v2,clean,11,57,True,True,5.8,,7,False,False,39.58839797973633,5.8,0.0,0.0003154014702886343,0.0
/home/donglei/isaac_projects/isaac_drone_racer/.worktrees/stage1-fake-vio/logs/skrl/stage1_recovery_20260905/2026-09-05_11-37-52/2026-09-05_11-37-57_ppo_torch_stage1_mixed/checkpoints/best_agent.pt,ecf1a26095dfe976a926a1c7c3876aaafb1c80f1dd681f9e9f35bd678864cdf1,150d107225160ac498040fa20d4ccf9e26ec2703,True,fixed_per_environment_quotas_v2,clean,11,58,True,True,6.140000000000001,,7,False,False,39.66105270385742,6.140000000000001,0.0,0.00031896019936539233,0.0
/home/donglei/isaac_projects/isaac_drone_racer/.worktrees/stage1-fake-vio/logs/skrl/stage1_recovery_20260905/2026-09-05_11-37-52/2026-09-05_11-37-57_ppo_torch_stage1_mixed/checkpoints/best_agent.pt,ecf1a26095dfe976a926a1c7c3876aaafb1c80f1dd681f9e9f35bd678864cdf1,150d107225160ac498040fa20d4ccf9e26ec2703,True,fixed_per_environment_quotas_v2,clean,11,59,True,True,6.04,,7,False,False,39.872249603271484,6.04,0.0,0.00034754598163999617,0.0
/home/donglei/isaac_projects/isaac_drone_racer/.worktrees/stage1-fake-vio/logs/skrl/stage1_recovery_20260905/2026-09-05_11-37-52/2026-09-05_11-37-57_ppo_torch_stage1_mixed/checkpoints/best_agent.pt,ecf1a26095dfe976a926a1c7c3876aaafb1c80f1dd681f9e9f35bd678864cdf1,150d107225160ac498040fa20d4ccf9e26ec2703,True,fixed_per_environment_quotas_v2,clean,11,60,True,True,5.96,,7,False,False,39.50345993041992,5.96,0.0,0.00028426447534002364,0.0
/home/donglei/isaac_projects/isaac_drone_racer/.worktrees/stage1-fake-vio/logs/skrl/stage1_recovery_20260905/2026-09-05_11-37-52/2026-09-05_11-37-57_ppo_torch_stage1_mixed/checkpoints/best_agent.pt,ecf1a26095dfe976a926a1c7c3876aaafb1c80f1dd681f9e9f35bd678864cdf1,150d107225160ac498040fa20d4ccf9e26ec2703,True,fixed_per_environment_quotas_v2,clean,11,61,True,True,6.140000000000001,,7,False,False,39.65740966796875,6.140000000000001,0.0,0.00030654450529254973,0.0
/home/donglei/isaac_projects/isaac_drone_racer/.worktrees/stage1-fake-vio/logs/skrl/stage1_recovery_20260905/2026-09-05_11-37-52/2026-09-05_11-37-57_ppo_torch_stage1_mixed/checkpoints/best_agent.pt,ecf1a26095dfe976a926a1c7c3876aaafb1c80f1dd681f9e9f35bd678864cdf1,150d107225160ac498040fa20d4ccf9e26ec2703,True,fixed_per_environment_quotas_v2,clean,11,62,True,True,6.17,,7,False,False,39.720027923583984,6.17,0.0,0.00032300507882609963,0.0
/home/donglei/isaac_projects/isaac_drone_racer/.worktrees/stage1-fake-vio/logs/skrl/stage1_recovery_20260905/2026-09-05_11-37-52/2026-09-05_11-37-57_ppo_torch_stage1_mixed/checkpoints/best_agent.pt,ecf1a26095dfe976a926a1c7c3876aaafb1c80f1dd681f9e9f35bd678864cdf1,150d107225160ac498040fa20d4ccf9e26ec2703,True,fixed_per_environment_quotas_v2,clean,11,63,True,True,6.0600000000000005,,7,False,False,39.49657440185547,6.0600000000000005,0.0,0.0003295249480288476,0.0
/home/donglei/isaac_projects/isaac_drone_racer/.worktrees/stage1-fake-vio/logs/skrl/stage1_recovery_20260905/2026-09-05_11-37-52/2026-09-05_11-37-57_ppo_torch_stage1_mixed/checkpoints/best_agent.pt,ecf1a26095dfe976a926a1c7c3876aaafb1c80f1dd681f9e9f35bd678864cdf1,150d107225160ac498040fa20d4ccf9e26ec2703,True,fixed_per_environment_quotas_v2,clean,11,64,True,True,6.05,,7,False,False,39.46751022338867,6.05,0.0,0.00027792039327323437,0.0
/home/donglei/isaac_projects/isaac_drone_racer/.worktrees/stage1-fake-vio/logs/skrl/stage1_recovery_20260905/2026-09-05_11-37-52/2026-09-05_11-37-57_ppo_torch_stage1_mixed/checkpoints/best_agent.pt,ecf1a26095dfe976a926a1c7c3876aaafb1c80f1dd681f9e9f35bd678864cdf1,150d107225160ac498040fa20d4ccf9e26ec2703,True,fixed_per_environment_quotas_v2,clean,11,65,True,True,6.08,,7,False,False,39.73701477050781,6.08,0.0,0.00030932368827052414,0.0
/home/donglei/isaac_projects/isaac_drone_racer/.worktrees/stage1-fake-vio/logs/skrl/stage1_recovery_20260905/2026-09-05_11-37-52/2026-09-05_11-37-57_ppo_torch_stage1_mixed/checkpoints/best_agent.pt,ecf1a26095dfe976a926a1c7c3876aaafb1c80f1dd681f9e9f35bd678864cdf1,150d107225160ac498040fa20d4ccf9e26ec2703,True,fixed_per_environment_quotas_v2,clean,11,66,True,True,5.99,,7,False,False,39.39214324951172,5.99,0.0,0.0002821445232257247,0.0
/home/donglei/isaac_projects/isaac_drone_racer/.worktrees/stage1-fake-vio/logs/skrl/stage1_recovery_20260905/2026-09-05_11-37-52/2026-09-05_11-37-57_ppo_torch_stage1_mixed/checkpoints/best_agent.pt,ecf1a26095dfe976a926a1c7c3876aaafb1c80f1dd681f9e9f35bd678864cdf1,150d107225160ac498040fa20d4ccf9e26ec2703,True,fixed_per_environment_quotas_v2,clean,11,67,True,True,5.74,,7,False,False,39.51442337036133,5.74,0.0,0.0003260874655097723,0.0
/home/donglei/isaac_projects/isaac_drone_racer/.worktrees/stage1-fake-vio/logs/skrl/stage1_recovery_20260905/2026-09-05_11-37-52/2026-09-05_11-37-57_ppo_torch_stage1_mixed/checkpoints/best_agent.pt,ecf1a26095dfe976a926a1c7c3876aaafb1c80f1dd681f9e9f35bd678864cdf1,150d107225160ac498040fa20d4ccf9e26ec2703,True,fixed_per_environment_quotas_v2,clean,11,68,True,True,6.140000000000001,,7,False,False,39.71307373046875,6.140000000000001,0.0,0.00031896019936539233,0.0
/home/donglei/isaac_projects/isaac_drone_racer/.worktrees/stage1-fake-vio/logs/skrl/stage1_recovery_20260905/2026-09-05_11-37-52/2026-09-05_11-37-57_ppo_torch_stage1_mixed/checkpoints/best_agent.pt,ecf1a26095dfe976a926a1c7c3876aaafb1c80f1dd681f9e9f35bd678864cdf1,150d107225160ac498040fa20d4ccf9e26ec2703,True,fixed_per_environment_quotas_v2,clean,11,69,True,True,5.87,,7,False,False,39.58946990966797,5.87,0.0,0.0002850138698704541,0.0
/home/donglei/isaac_projects/isaac_drone_racer/.worktrees/stage1-fake-vio/logs/skrl/stage1_recovery_20260905/2026-09-05_11-37-52/2026-09-05_11-37-57_ppo_torch_stage1_mixed/checkpoints/best_agent.pt,ecf1a26095dfe976a926a1c7c3876aaafb1c80f1dd681f9e9f35bd678864cdf1,150d107225160ac498040fa20d4ccf9e26ec2703,True,fixed_per_environment_quotas_v2,clean,11,70,True,True,5.93,,7,False,False,39.402252197265625,5.93,0.0,0.0003183046355843544,0.0
/home/donglei/isaac_projects/isaac_drone_racer/.worktrees/stage1-fake-vio/logs/skrl/stage1_recovery_20260905/2026-09-05_11-37-52/2026-09-05_11-37-57_ppo_torch_stage1_mixed/checkpoints/best_agent.pt,ecf1a26095dfe976a926a1c7c3876aaafb1c80f1dd681f9e9f35bd678864cdf1,150d107225160ac498040fa20d4ccf9e26ec2703,True,fixed_per_environment_quotas_v2,clean,11,71,False,False,,3,0,True,False,-4.055020332336426,0.96,0.0,0.000330567971104756,0.0
/home/donglei/isaac_projects/isaac_drone_racer/.worktrees/stage1-fake-vio/logs/skrl/stage1_recovery_20260905/2026-09-05_11-37-52/2026-09-05_11-37-57_ppo_torch_stage1_mixed/checkpoints/best_agent.pt,ecf1a26095dfe976a926a1c7c3876aaafb1c80f1dd681f9e9f35bd678864cdf1,150d107225160ac498040fa20d4ccf9e26ec2703,True,fixed_per_environment_quotas_v2,clean,11,72,True,True,5.99,,7,False,False,39.44007110595703,5.99,0.0,0.0003266058920416981,0.0
/home/donglei/isaac_projects/isaac_drone_racer/.worktrees/stage1-fake-vio/logs/skrl/stage1_recovery_20260905/2026-09-05_11-37-52/2026-09-05_11-37-57_ppo_torch_stage1_mixed/checkpoints/best_agent.pt,ecf1a26095dfe976a926a1c7c3876aaafb1c80f1dd681f9e9f35bd678864cdf1,150d107225160ac498040fa20d4ccf9e26ec2703,True,fixed_per_environment_quotas_v2,clean,11,73,True,True,5.79,,7,False,False,39.61451721191406,5.79,0.0,0.00029823434306308627,0.0
/home/donglei/isaac_projects/isaac_drone_racer/.worktrees/stage1-fake-vio/logs/skrl/stage1_recovery_20260905/2026-09-05_11-37-52/2026-09-05_11-37-57_ppo_torch_stage1_mixed/checkpoints/best_agent.pt,ecf1a26095dfe976a926a1c7c3876aaafb1c80f1dd681f9e9f35bd678864cdf1,150d107225160ac498040fa20d4ccf9e26ec2703,True,fixed_per_environment_quotas_v2,clean,11,74,True,True,6.18,,7,False,False,39.74220275878906,6.18,0.0,0.0003017392591573298,0.0
/home/donglei/isaac_projects/isaac_drone_racer/.worktrees/stage1-fake-vio/logs/skrl/stage1_recovery_20260905/2026-09-05_11-37-52/2026-09-05_11-37-57_ppo_torch_stage1_mixed/checkpoints/best_agent.pt,ecf1a26095dfe976a926a1c7c3876aaafb1c80f1dd681f9e9f35bd678864cdf1,150d107225160ac498040fa20d4ccf9e26ec2703,True,fixed_per_environment_quotas_v2,clean,11,75,False,False,,6,1,True,False,1.5312228202819824,1.54,0.0,0.0002891389303840697,0.0
/home/donglei/isaac_projects/isaac_drone_racer/.worktrees/stage1-fake-vio/logs/skrl/stage1_recovery_20260905/2026-09-05_11-37-52/2026-09-05_11-37-57_ppo_torch_stage1_mixed/checkpoints/best_agent.pt,ecf1a26095dfe976a926a1c7c3876aaafb1c80f1dd681f9e9f35bd678864cdf1,150d107225160ac498040fa20d4ccf9e26ec2703,True,fixed_per_environment_quotas_v2,clean,11,76,True,True,5.92,,7,False,False,39.590641021728516,5.92,0.0,0.00031089576077647507,0.0
/home/donglei/isaac_projects/isaac_drone_racer/.worktrees/stage1-fake-vio/logs/skrl/stage1_recovery_20260905/2026-09-05_11-37-52/2026-09-05_11-37-57_ppo_torch_stage1_mixed/checkpoints/best_agent.pt,ecf1a26095dfe976a926a1c7c3876aaafb1c80f1dd681f9e9f35bd678864cdf1,150d107225160ac498040fa20d4ccf9e26ec2703,True,fixed_per_environment_quotas_v2,clean,11,77,True,True,6.1000000000000005,,7,False,False,39.83477020263672,6.1000000000000005,0.0,0.00029323544004000723,0.0
/home/donglei/isaac_projects/isaac_drone_racer/.worktrees/stage1-fake-vio/logs/skrl/stage1_recovery_20260905/2026-09-05_11-37-52/2026-09-05_11-37-57_ppo_torch_stage1_mixed/checkpoints/best_agent.pt,ecf1a26095dfe976a926a1c7c3876aaafb1c80f1dd681f9e9f35bd678864cdf1,150d107225160ac498040fa20d4ccf9e26ec2703,True,fixed_per_environment_quotas_v2,clean,11,78,True,True,5.99,,7,False,False,39.46464157104492,5.99,0.0,0.0003103589697275311,0.0
/home/donglei/isaac_projects/isaac_drone_racer/.worktrees/stage1-fake-vio/logs/skrl/stage1_recovery_20260905/2026-09-05_11-37-52/2026-09-05_11-37-57_ppo_torch_stage1_mixed/checkpoints/best_agent.pt,ecf1a26095dfe976a926a1c7c3876aaafb1c80f1dd681f9e9f35bd678864cdf1,150d107225160ac498040fa20d4ccf9e26ec2703,True,fixed_per_environment_quotas_v2,clean,11,79,False,False,,5,1,True,False,1.4351649284362793,1.9100000000000001,0.0,0.0003772296186070889,0.0
/home/donglei/isaac_projects/isaac_drone_racer/.worktrees/stage1-fake-vio/logs/skrl/stage1_recovery_20260905/2026-09-05_11-37-52/2026-09-05_11-37-57_ppo_torch_stage1_mixed/checkpoints/best_agent.pt,ecf1a26095dfe976a926a1c7c3876aaafb1c80f1dd681f9e9f35bd678864cdf1,150d107225160ac498040fa20d4ccf9e26ec2703,True,fixed_per_environment_quotas_v2,clean,11,80,True,True,6.24,,7,False,False,39.90890121459961,6.24,0.0,0.0002977294207084924,0.0
/home/donglei/isaac_projects/isaac_drone_racer/.worktrees/stage1-fake-vio/logs/skrl/stage1_recovery_20260905/2026-09-05_11-37-52/2026-09-05_11-37-57_ppo_torch_stage1_mixed/checkpoints/best_agent.pt,ecf1a26095dfe976a926a1c7c3876aaafb1c80f1dd681f9e9f35bd678864cdf1,150d107225160ac498040fa20d4ccf9e26ec2703,True,fixed_per_environment_quotas_v2,clean,11,81,True,True,6.12,,7,False,False,39.49711990356445,6.12,0.0,0.00033379311207681894,0.0
/home/donglei/isaac_projects/isaac_drone_racer/.worktrees/stage1-fake-vio/logs/skrl/stage1_recovery_20260905/2026-09-05_11-37-52/2026-09-05_11-37-57_ppo_torch_stage1_mixed/checkpoints/best_agent.pt,ecf1a26095dfe976a926a1c7c3876aaafb1c80f1dd681f9e9f35bd678864cdf1,150d107225160ac498040fa20d4ccf9e26ec2703,True,fixed_per_environment_quotas_v2,clean,11,82,False,False,,4,2,True,False,9.605825424194336,3.14,0.0,0.00031897571170702577,0.0
/home/donglei/isaac_projects/isaac_drone_racer/.worktrees/stage1-fake-vio/logs/skrl/stage1_recovery_20260905/2026-09-05_11-37-52/2026-09-05_11-37-57_ppo_torch_stage1_mixed/checkpoints/best_agent.pt,ecf1a26095dfe976a926a1c7c3876aaafb1c80f1dd681f9e9f35bd678864cdf1,150d107225160ac498040fa20d4ccf9e26ec2703,True,fixed_per_environment_quotas_v2,clean,11,83,False,False,,6,4,True,False,20.282238006591797,4.5200000000000005,0.0,0.0003046892525162548,0.0
/home/donglei/isaac_projects/isaac_drone_racer/.worktrees/stage1-fake-vio/logs/skrl/stage1_recovery_20260905/2026-09-05_11-37-52/2026-09-05_11-37-57_ppo_torch_stage1_mixed/checkpoints/best_agent.pt,ecf1a26095dfe976a926a1c7c3876aaafb1c80f1dd681f9e9f35bd678864cdf1,150d107225160ac498040fa20d4ccf9e26ec2703,True,fixed_per_environment_quotas_v2,clean,11,84,True,True,5.79,,7,False,False,39.66509246826172,5.79,0.0,0.0003130539844278246,0.0
/home/donglei/isaac_projects/isaac_drone_racer/.worktrees/stage1-fake-vio/logs/skrl/stage1_recovery_20260905/2026-09-05_11-37-52/2026-09-05_11-37-57_ppo_torch_stage1_mixed/checkpoints/best_agent.pt,ecf1a26095dfe976a926a1c7c3876aaafb1c80f1dd681f9e9f35bd678864cdf1,150d107225160ac498040fa20d4ccf9e26ec2703,True,fixed_per_environment_quotas_v2,clean,11,85,True,True,5.8500000000000005,,7,False,False,39.591854095458984,5.8500000000000005,0.0,0.000321742903906852,0.0
/home/donglei/isaac_projects/isaac_drone_racer/.worktrees/stage1-fake-vio/logs/skrl/stage1_recovery_20260905/2026-09-05_11-37-52/2026-09-05_11-37-57_ppo_torch_stage1_mixed/checkpoints/best_agent.pt,ecf1a26095dfe976a926a1c7c3876aaafb1c80f1dd681f9e9f35bd678864cdf1,150d107225160ac498040fa20d4ccf9e26ec2703,True,fixed_per_environment_quotas_v2,clean,11,86,True,True,6.07,,7,False,False,39.51068878173828,6.07,0.0,0.0003280582604929805,0.0
/home/donglei/isaac_projects/isaac_drone_racer/.worktrees/stage1-fake-vio/logs/skrl/stage1_recovery_20260905/2026-09-05_11-37-52/2026-09-05_11-37-57_ppo_torch_stage1_mixed/checkpoints/best_agent.pt,ecf1a26095dfe976a926a1c7c3876aaafb1c80f1dd681f9e9f35bd678864cdf1,150d107225160ac498040fa20d4ccf9e26ec2703,True,fixed_per_environment_quotas_v2,clean,11,87,True,True,5.96,,7,False,False,39.477455139160156,5.96,0.0,0.00034757648245431483,0.0
/home/donglei/isaac_projects/isaac_drone_racer/.worktrees/stage1-fake-vio/logs/skrl/stage1_recovery_20260905/2026-09-05_11-37-52/2026-09-05_11-37-57_ppo_torch_stage1_mixed/checkpoints/best_agent.pt,ecf1a26095dfe976a926a1c7c3876aaafb1c80f1dd681f9e9f35bd678864cdf1,150d107225160ac498040fa20d4ccf9e26ec2703,True,fixed_per_environment_quotas_v2,clean,11,88,True,True,6.0200000000000005,,7,False,False,39.667781829833984,6.0200000000000005,0.0,0.0003146601957269013,0.0
/home/donglei/isaac_projects/isaac_drone_racer/.worktrees/stage1-fake-vio/logs/skrl/stage1_recovery_20260905/2026-09-05_11-37-52/2026-09-05_11-37-57_ppo_torch_stage1_mixed/checkpoints/best_agent.pt,ecf1a26095dfe976a926a1c7c3876aaafb1c80f1dd681f9e9f35bd678864cdf1,150d107225160ac498040fa20d4ccf9e26ec2703,True,fixed_per_environment_quotas_v2,clean,11,89,True,True,6.15,,7,False,False,39.549373626708984,6.15,0.0,0.0002920409897342324,0.0
/home/donglei/isaac_projects/isaac_drone_racer/.worktrees/stage1-fake-vio/logs/skrl/stage1_recovery_20260905/2026-09-05_11-37-52/2026-09-05_11-37-57_ppo_torch_stage1_mixed/checkpoints/best_agent.pt,ecf1a26095dfe976a926a1c7c3876aaafb1c80f1dd681f9e9f35bd678864cdf1,150d107225160ac498040fa20d4ccf9e26ec2703,True,fixed_per_environment_quotas_v2,clean,11,90,True,True,5.83,,7,False,False,39.566253662109375,5.83,0.0,0.00028166742413304746,0.0
/home/donglei/isaac_projects/isaac_drone_racer/.worktrees/stage1-fake-vio/logs/skrl/stage1_recovery_20260905/2026-09-05_11-37-52/2026-09-05_11-37-57_ppo_torch_stage1_mixed/checkpoints/best_agent.pt,ecf1a26095dfe976a926a1c7c3876aaafb1c80f1dd681f9e9f35bd678864cdf1,150d107225160ac498040fa20d4ccf9e26ec2703,True,fixed_per_environment_quotas_v2,clean,11,91,True,True,6.15,,7,False,False,39.807186126708984,6.15,0.0,0.00030247430549934506,0.0
/home/donglei/isaac_projects/isaac_drone_racer/.worktrees/stage1-fake-vio/logs/skrl/stage1_recovery_20260905/2026-09-05_11-37-52/2026-09-05_11-37-57_ppo_torch_stage1_mixed/checkpoints/best_agent.pt,ecf1a26095dfe976a926a1c7c3876aaafb1c80f1dd681f9e9f35bd678864cdf1,150d107225160ac498040fa20d4ccf9e26ec2703,True,fixed_per_environment_quotas_v2,clean,11,92,True,True,6.21,,7,False,False,39.68246841430664,6.21,0.0,0.0002932569186668843,0.0
/home/donglei/isaac_projects/isaac_drone_racer/.worktrees/stage1-fake-vio/logs/skrl/stage1_recovery_20260905/2026-09-05_11-37-52/2026-09-05_11-37-57_ppo_torch_stage1_mixed/checkpoints/best_agent.pt,ecf1a26095dfe976a926a1c7c3876aaafb1c80f1dd681f9e9f35bd678864cdf1,150d107225160ac498040fa20d4ccf9e26ec2703,True,fixed_per_environment_quotas_v2,clean,11,93,True,True,5.98,,7,False,False,39.88064956665039,5.98,0.0,0.0003353080537635833,0.0
/home/donglei/isaac_projects/isaac_drone_racer/.worktrees/stage1-fake-vio/logs/skrl/stage1_recovery_20260905/2026-09-05_11-37-52/2026-09-05_11-37-57_ppo_torch_stage1_mixed/checkpoints/best_agent.pt,ecf1a26095dfe976a926a1c7c3876aaafb1c80f1dd681f9e9f35bd678864cdf1,150d107225160ac498040fa20d4ccf9e26ec2703,True,fixed_per_environment_quotas_v2,clean,11,94,True,True,6.01,,7,False,False,39.5626220703125,6.01,0.0,0.00032484307303093374,0.0
/home/donglei/isaac_projects/isaac_drone_racer/.worktrees/stage1-fake-vio/logs/skrl/stage1_recovery_20260905/2026-09-05_11-37-52/2026-09-05_11-37-57_ppo_torch_stage1_mixed/checkpoints/best_agent.pt,ecf1a26095dfe976a926a1c7c3876aaafb1c80f1dd681f9e9f35bd678864cdf1,150d107225160ac498040fa20d4ccf9e26ec2703,True,fixed_per_environment_quotas_v2,clean,11,95,True,True,5.89,,7,False,False,39.442718505859375,5.89,0.0,0.0003293667978141457,0.0
/home/donglei/isaac_projects/isaac_drone_racer/.worktrees/stage1-fake-vio/logs/skrl/stage1_recovery_20260905/2026-09-05_11-37-52/2026-09-05_11-37-57_ppo_torch_stage1_mixed/checkpoints/best_agent.pt,ecf1a26095dfe976a926a1c7c3876aaafb1c80f1dd681f9e9f35bd678864cdf1,150d107225160ac498040fa20d4ccf9e26ec2703,True,fixed_per_environment_quotas_v2,clean,11,96,True,True,6.22,,7,False,False,39.68055725097656,6.22,0.0,0.0003107957891188562,0.0
/home/donglei/isaac_projects/isaac_drone_racer/.worktrees/stage1-fake-vio/logs/skrl/stage1_recovery_20260905/2026-09-05_11-37-52/2026-09-05_11-37-57_ppo_torch_stage1_mixed/checkpoints/best_agent.pt,ecf1a26095dfe976a926a1c7c3876aaafb1c80f1dd681f9e9f35bd678864cdf1,150d107225160ac498040fa20d4ccf9e26ec2703,True,fixed_per_environment_quotas_v2,clean,11,97,True,True,5.91,,7,False,False,39.634315490722656,5.91,0.0,0.0003111586847808212,0.0
/home/donglei/isaac_projects/isaac_drone_racer/.worktrees/stage1-fake-vio/logs/skrl/stage1_recovery_20260905/2026-09-05_11-37-52/2026-09-05_11-37-57_ppo_torch_stage1_mixed/checkpoints/best_agent.pt,ecf1a26095dfe976a926a1c7c3876aaafb1c80f1dd681f9e9f35bd678864cdf1,150d107225160ac498040fa20d4ccf9e26ec2703,True,fixed_per_environment_quotas_v2,clean,11,98,True,True,5.87,,7,False,False,39.92429733276367,5.87,0.0,0.0003002807206939906,0.0
/home/donglei/isaac_projects/isaac_drone_racer/.worktrees/stage1-fake-vio/logs/skrl/stage1_recovery_20260905/2026-09-05_11-37-52/2026-09-05_11-37-57_ppo_torch_stage1_mixed/checkpoints/best_agent.pt,ecf1a26095dfe976a926a1c7c3876aaafb1c80f1dd681f9e9f35bd678864cdf1,150d107225160ac498040fa20d4ccf9e26ec2703,True,fixed_per_environment_quotas_v2,clean,11,99,True,True,6.05,,7,False,False,39.55229187011719,6.05,0.0,0.000313879078021273,0.0
/home/donglei/isaac_projects/isaac_drone_racer/.worktrees/stage1-fake-vio/logs/skrl/stage1_recovery_20260905/2026-09-05_11-37-52/2026-09-05_11-37-57_ppo_torch_stage1_mixed/checkpoints/best_agent.pt,ecf1a26095dfe976a926a1c7c3876aaafb1c80f1dd681f9e9f35bd678864cdf1,150d107225160ac498040fa20d4ccf9e26ec2703,True,fixed_per_environment_quotas_v2,clean,11,100,True,True,6.28,,7,False,False,39.720916748046875,6.28,0.0,0.0003005928883794695,0.0
/home/donglei/isaac_projects/isaac_drone_racer/.worktrees/stage1-fake-vio/logs/skrl/stage1_recovery_20260905/2026-09-05_11-37-52/2026-09-05_11-37-57_ppo_torch_stage1_mixed/checkpoints/best_agent.pt,ecf1a26095dfe976a926a1c7c3876aaafb1c80f1dd681f9e9f35bd678864cdf1,150d107225160ac498040fa20d4ccf9e26ec2703,True,fixed_per_environment_quotas_v2,clean,11,101,True,True,6.0,,7,False,False,39.622920989990234,6.0,0.0,0.0003088161756750196,0.0
/home/donglei/isaac_projects/isaac_drone_racer/.worktrees/stage1-fake-vio/logs/skrl/stage1_recovery_20260905/2026-09-05_11-37-52/2026-09-05_11-37-57_ppo_torch_stage1_mixed/checkpoints/best_agent.pt,ecf1a26095dfe976a926a1c7c3876aaafb1c80f1dd681f9e9f35bd678864cdf1,150d107225160ac498040fa20d4ccf9e26ec2703,True,fixed_per_environment_quotas_v2,clean,11,102,True,True,6.0600000000000005,,7,False,False,39.48774719238281,6.0600000000000005,0.0,0.0003271283640060574,0.0
/home/donglei/isaac_projects/isaac_drone_racer/.worktrees/stage1-fake-vio/logs/skrl/stage1_recovery_20260905/2026-09-05_11-37-52/2026-09-05_11-37-57_ppo_torch_stage1_mixed/checkpoints/best_agent.pt,ecf1a26095dfe976a926a1c7c3876aaafb1c80f1dd681f9e9f35bd678864cdf1,150d107225160ac498040fa20d4ccf9e26ec2703,True,fixed_per_environment_quotas_v2,clean,11,103,True,True,5.79,,7,False,False,39.46957015991211,5.79,0.0,0.0003077475994359702,0.0
/home/donglei/isaac_projects/isaac_drone_racer/.worktrees/stage1-fake-vio/logs/skrl/stage1_recovery_20260905/2026-09-05_11-37-52/2026-09-05_11-37-57_ppo_torch_stage1_mixed/checkpoints/best_agent.pt,ecf1a26095dfe976a926a1c7c3876aaafb1c80f1dd681f9e9f35bd678864cdf1,150d107225160ac498040fa20d4ccf9e26ec2703,True,fixed_per_environment_quotas_v2,clean,11,104,True,True,6.22,,7,False,False,39.7452278137207,6.22,0.0,0.0003020392032340169,0.0
/home/donglei/isaac_projects/isaac_drone_racer/.worktrees/stage1-fake-vio/logs/skrl/stage1_recovery_20260905/2026-09-05_11-37-52/2026-09-05_11-37-57_ppo_torch_stage1_mixed/checkpoints/best_agent.pt,ecf1a26095dfe976a926a1c7c3876aaafb1c80f1dd681f9e9f35bd678864cdf1,150d107225160ac498040fa20d4ccf9e26ec2703,True,fixed_per_environment_quotas_v2,clean,11,105,True,True,5.97,,7,False,False,39.759891510009766,5.97,0.0,0.0003379604604560882,0.0
/home/donglei/isaac_projects/isaac_drone_racer/.worktrees/stage1-fake-vio/logs/skrl/stage1_recovery_20260905/2026-09-05_11-37-52/2026-09-05_11-37-57_ppo_torch_stage1_mixed/checkpoints/best_agent.pt,ecf1a26095dfe976a926a1c7c3876aaafb1c80f1dd681f9e9f35bd678864cdf1,150d107225160ac498040fa20d4ccf9e26ec2703,True,fixed_per_environment_quotas_v2,clean,11,106,True,True,6.33,,7,False,False,39.62220001220703,6.33,0.0,0.00031413682154379785,0.0
/home/donglei/isaac_projects/isaac_drone_racer/.worktrees/stage1-fake-vio/logs/skrl/stage1_recovery_20260905/2026-09-05_11-37-52/2026-09-05_11-37-57_ppo_torch_stage1_mixed/checkpoints/best_agent.pt,ecf1a26095dfe976a926a1c7c3876aaafb1c80f1dd681f9e9f35bd678864cdf1,150d107225160ac498040fa20d4ccf9e26ec2703,True,fixed_per_environment_quotas_v2,clean,11,107,True,True,5.95,,7,False,False,39.76456832885742,5.95,0.0,0.0002969086926896125,0.0
/home/donglei/isaac_projects/isaac_drone_racer/.worktrees/stage1-fake-vio/logs/skrl/stage1_recovery_20260905/2026-09-05_11-37-52/2026-09-05_11-37-57_ppo_torch_stage1_mixed/checkpoints/best_agent.pt,ecf1a26095dfe976a926a1c7c3876aaafb1c80f1dd681f9e9f35bd678864cdf1,150d107225160ac498040fa20d4ccf9e26ec2703,True,fixed_per_environment_quotas_v2,clean,11,108,True,True,5.95,,7,False,False,39.45667266845703,5.95,0.0,0.00032647684565745294,0.0
/home/donglei/isaac_projects/isaac_drone_racer/.worktrees/stage1-fake-vio/logs/skrl/stage1_recovery_20260905/2026-09-05_11-37-52/2026-09-05_11-37-57_ppo_torch_stage1_mixed/checkpoints/best_agent.pt,ecf1a26095dfe976a926a1c7c3876aaafb1c80f1dd681f9e9f35bd678864cdf1,150d107225160ac498040fa20d4ccf9e26ec2703,True,fixed_per_environment_quotas_v2,clean,11,109,True,True,5.9,,7,False,False,39.71269989013672,5.9,0.0,0.0003411459911148995,0.0
/home/donglei/isaac_projects/isaac_drone_racer/.worktrees/stage1-fake-vio/logs/skrl/stage1_recovery_20260905/2026-09-05_11-37-52/2026-09-05_11-37-57_ppo_torch_stage1_mixed/checkpoints/best_agent.pt,ecf1a26095dfe976a926a1c7c3876aaafb1c80f1dd681f9e9f35bd678864cdf1,150d107225160ac498040fa20d4ccf9e26ec2703,True,fixed_per_environment_quotas_v2,clean,11,110,True,True,6.0,,7,False,False,39.662025451660156,6.0,0.0,0.00034295747173018754,0.0
/home/donglei/isaac_projects/isaac_drone_racer/.worktrees/stage1-fake-vio/logs/skrl/stage1_recovery_20260905/2026-09-05_11-37-52/2026-09-05_11-37-57_ppo_torch_stage1_mixed/checkpoints/best_agent.pt,ecf1a26095dfe976a926a1c7c3876aaafb1c80f1dd681f9e9f35bd678864cdf1,150d107225160ac498040fa20d4ccf9e26ec2703,True,fixed_per_environment_quotas_v2,clean,11,111,True,True,5.87,,7,False,False,39.33253860473633,5.87,0.0,0.0003148081013932824,0.0
/home/donglei/isaac_projects/isaac_drone_racer/.worktrees/stage1-fake-vio/logs/skrl/stage1_recovery_20260905/2026-09-05_11-37-52/2026-09-05_11-37-57_ppo_torch_stage1_mixed/checkpoints/best_agent.pt,ecf1a26095dfe976a926a1c7c3876aaafb1c80f1dd681f9e9f35bd678864cdf1,150d107225160ac498040fa20d4ccf9e26ec2703,True,fixed_per_environment_quotas_v2,clean,11,112,True,True,5.69,,7,False,False,39.4005126953125,5.69,0.0,0.00034007010981440544,0.0
/home/donglei/isaac_projects/isaac_drone_racer/.worktrees/stage1-fake-vio/logs/skrl/stage1_recovery_20260905/2026-09-05_11-37-52/2026-09-05_11-37-57_ppo_torch_stage1_mixed/checkpoints/best_agent.pt,ecf1a26095dfe976a926a1c7c3876aaafb1c80f1dd681f9e9f35bd678864cdf1,150d107225160ac498040fa20d4ccf9e26ec2703,True,fixed_per_environment_quotas_v2,clean,11,113,True,True,6.18,,7,False,False,39.52763748168945,6.18,0.0,0.000339065765729174,0.0
/home/donglei/isaac_projects/isaac_drone_racer/.worktrees/stage1-fake-vio/logs/skrl/stage1_recovery_20260905/2026-09-05_11-37-52/2026-09-05_11-37-57_ppo_torch_stage1_mixed/checkpoints/best_agent.pt,ecf1a26095dfe976a926a1c7c3876aaafb1c80f1dd681f9e9f35bd678864cdf1,150d107225160ac498040fa20d4ccf9e26ec2703,True,fixed_per_environment_quotas_v2,clean,11,114,True,True,5.79,,7,False,False,39.43317413330078,5.79,0.0,0.0003234056639485061,0.0
/home/donglei/isaac_projects/isaac_drone_racer/.worktrees/stage1-fake-vio/logs/skrl/stage1_recovery_20260905/2026-09-05_11-37-52/2026-09-05_11-37-57_ppo_torch_stage1_mixed/checkpoints/best_agent.pt,ecf1a26095dfe976a926a1c7c3876aaafb1c80f1dd681f9e9f35bd678864cdf1,150d107225160ac498040fa20d4ccf9e26ec2703,True,fixed_per_environment_quotas_v2,clean,11,115,True,True,6.08,,7,False,False,39.650089263916016,6.08,0.0,0.000314353674184531,0.0
/home/donglei/isaac_projects/isaac_drone_racer/.worktrees/stage1-fake-vio/logs/skrl/stage1_recovery_20260905/2026-09-05_11-37-52/2026-09-05_11-37-57_ppo_torch_stage1_mixed/checkpoints/best_agent.pt,ecf1a26095dfe976a926a1c7c3876aaafb1c80f1dd681f9e9f35bd678864cdf1,150d107225160ac498040fa20d4ccf9e26ec2703,True,fixed_per_environment_quotas_v2,clean,11,116,True,True,5.94,,7,False,False,39.6865348815918,5.94,0.0,0.00030383706325665116,0.0
/home/donglei/isaac_projects/isaac_drone_racer/.worktrees/stage1-fake-vio/logs/skrl/stage1_recovery_20260905/2026-09-05_11-37-52/2026-09-05_11-37-57_ppo_torch_stage1_mixed/checkpoints/best_agent.pt,ecf1a26095dfe976a926a1c7c3876aaafb1c80f1dd681f9e9f35bd678864cdf1,150d107225160ac498040fa20d4ccf9e26ec2703,True,fixed_per_environment_quotas_v2,clean,11,117,True,True,5.93,,7,False,False,39.60905838012695,5.93,0.0,0.00031576829496771097,0.0
/home/donglei/isaac_projects/isaac_drone_racer/.worktrees/stage1-fake-vio/logs/skrl/stage1_recovery_20260905/2026-09-05_11-37-52/2026-09-05_11-37-57_ppo_torch_stage1_mixed/checkpoints/best_agent.pt,ecf1a26095dfe976a926a1c7c3876aaafb1c80f1dd681f9e9f35bd678864cdf1,150d107225160ac498040fa20d4ccf9e26ec2703,True,fixed_per_environment_quotas_v2,clean,11,118,True,True,5.98,,7,False,False,39.556427001953125,5.98,0.0,0.00030149967642500997,0.0
/home/donglei/isaac_projects/isaac_drone_racer/.worktrees/stage1-fake-vio/logs/skrl/stage1_recovery_20260905/2026-09-05_11-37-52/2026-09-05_11-37-57_ppo_torch_stage1_mixed/checkpoints/best_agent.pt,ecf1a26095dfe976a926a1c7c3876aaafb1c80f1dd681f9e9f35bd678864cdf1,150d107225160ac498040fa20d4ccf9e26ec2703,True,fixed_per_environment_quotas_v2,clean,11,119,True,True,5.94,,7,False,False,39.623355865478516,5.94,0.0,0.000291705597192049,0.0
/home/donglei/isaac_projects/isaac_drone_racer/.worktrees/stage1-fake-vio/logs/skrl/stage1_recovery_20260905/2026-09-05_11-37-52/2026-09-05_11-37-57_ppo_torch_stage1_mixed/checkpoints/best_agent.pt,ecf1a26095dfe976a926a1c7c3876aaafb1c80f1dd681f9e9f35bd678864cdf1,150d107225160ac498040fa20d4ccf9e26ec2703,True,fixed_per_environment_quotas_v2,clean,11,120,True,True,6.140000000000001,,7,False,False,39.641395568847656,6.140000000000001,0.0,0.00030527517083100975,0.0
/home/donglei/isaac_projects/isaac_drone_racer/.worktrees/stage1-fake-vio/logs/skrl/stage1_recovery_20260905/2026-09-05_11-37-52/2026-09-05_11-37-57_ppo_torch_stage1_mixed/checkpoints/best_agent.pt,ecf1a26095dfe976a926a1c7c3876aaafb1c80f1dd681f9e9f35bd678864cdf1,150d107225160ac498040fa20d4ccf9e26ec2703,True,fixed_per_environment_quotas_v2,clean,11,121,True,True,5.92,,7,False,False,39.68094253540039,5.92,0.0,0.00030169173260219395,0.0
/home/donglei/isaac_projects/isaac_drone_racer/.worktrees/stage1-fake-vio/logs/skrl/stage1_recovery_20260905/2026-09-05_11-37-52/2026-09-05_11-37-57_ppo_torch_stage1_mixed/checkpoints/best_agent.pt,ecf1a26095dfe976a926a1c7c3876aaafb1c80f1dd681f9e9f35bd678864cdf1,150d107225160ac498040fa20d4ccf9e26ec2703,True,fixed_per_environment_quotas_v2,clean,11,122,True,True,6.0,,7,False,False,39.47747802734375,6.0,0.0,0.0003101002366747707,0.0
/home/donglei/isaac_projects/isaac_drone_racer/.worktrees/stage1-fake-vio/logs/skrl/stage1_recovery_20260905/2026-09-05_11-37-52/2026-09-05_11-37-57_ppo_torch_stage1_mixed/checkpoints/best_agent.pt,ecf1a26095dfe976a926a1c7c3876aaafb1c80f1dd681f9e9f35bd678864cdf1,150d107225160ac498040fa20d4ccf9e26ec2703,True,fixed_per_environment_quotas_v2,clean,11,123,True,True,6.04,,7,False,False,39.56459045410156,6.04,0.0,0.000324035354424268,0.0
/home/donglei/isaac_projects/isaac_drone_racer/.worktrees/stage1-fake-vio/logs/skrl/stage1_recovery_20260905/2026-09-05_11-37-52/2026-09-05_11-37-57_ppo_torch_stage1_mixed/checkpoints/best_agent.pt,ecf1a26095dfe976a926a1c7c3876aaafb1c80f1dd681f9e9f35bd678864cdf1,150d107225160ac498040fa20d4ccf9e26ec2703,True,fixed_per_environment_quotas_v2,clean,11,124,True,True,5.8500000000000005,,7,False,False,39.748374938964844,5.8500000000000005,0.0,0.0002994356327690184,0.0
/home/donglei/isaac_projects/isaac_drone_racer/.worktrees/stage1-fake-vio/logs/skrl/stage1_recovery_20260905/2026-09-05_11-37-52/2026-09-05_11-37-57_ppo_torch_stage1_mixed/checkpoints/best_agent.pt,ecf1a26095dfe976a926a1c7c3876aaafb1c80f1dd681f9e9f35bd678864cdf1,150d107225160ac498040fa20d4ccf9e26ec2703,True,fixed_per_environment_quotas_v2,clean,11,125,True,True,5.99,,7,False,False,39.69519805908203,5.99,0.0,0.00030518596759065986,0.0
/home/donglei/isaac_projects/isaac_drone_racer/.worktrees/stage1-fake-vio/logs/skrl/stage1_recovery_20260905/2026-09-05_11-37-52/2026-09-05_11-37-57_ppo_torch_stage1_mixed/checkpoints/best_agent.pt,ecf1a26095dfe976a926a1c7c3876aaafb1c80f1dd681f9e9f35bd678864cdf1,150d107225160ac498040fa20d4ccf9e26ec2703,True,fixed_per_environment_quotas_v2,clean,11,126,True,True,5.8500000000000005,,7,False,False,39.529911041259766,5.8500000000000005,0.0,0.00033294811146333814,0.0
/home/donglei/isaac_projects/isaac_drone_racer/.worktrees/stage1-fake-vio/logs/skrl/stage1_recovery_20260905/2026-09-05_11-37-52/2026-09-05_11-37-57_ppo_torch_stage1_mixed/checkpoints/best_agent.pt,ecf1a26095dfe976a926a1c7c3876aaafb1c80f1dd681f9e9f35bd678864cdf1,150d107225160ac498040fa20d4ccf9e26ec2703,True,fixed_per_environment_quotas_v2,clean,11,127,True,True,6.1000000000000005,,7,False,False,39.71210479736328,6.1000000000000005,0.0,0.00033666976378299296,0.0
/home/donglei/isaac_projects/isaac_drone_racer/.worktrees/stage1-fake-vio/logs/skrl/stage1_recovery_20260905/2026-09-05_11-37-52/2026-09-05_11-37-57_ppo_torch_stage1_mixed/checkpoints/best_agent.pt,ecf1a26095dfe976a926a1c7c3876aaafb1c80f1dd681f9e9f35bd678864cdf1,150d107225160ac498040fa20d4ccf9e26ec2703,True,fixed_per_environment_quotas_v2,clean,29,0,False,False,,6,1,True,False,1.4416465759277344,0.9500000000000001,0.0,0.00024542221217416227,0.0
/home/donglei/isaac_projects/isaac_drone_racer/.worktrees/stage1-fake-vio/logs/skrl/stage1_recovery_20260905/2026-09-05_11-37-52/2026-09-05_11-37-57_ppo_torch_stage1_mixed/checkpoints/best_agent.pt,ecf1a26095dfe976a926a1c7c3876aaafb1c80f1dd681f9e9f35bd678864cdf1,150d107225160ac498040fa20d4ccf9e26ec2703,True,fixed_per_environment_quotas_v2,clean,29,1,False,False,,6,2,False,False,9.175300598144531,0.96,0.0,0.0003151842101942748,0.0
/home/donglei/isaac_projects/isaac_drone_racer/.worktrees/stage1-fake-vio/logs/skrl/stage1_recovery_20260905/2026-09-05_11-37-52/2026-09-05_11-37-57_ppo_torch_stage1_mixed/checkpoints/best_agent.pt,ecf1a26095dfe976a926a1c7c3876aaafb1c80f1dd681f9e9f35bd678864cdf1,150d107225160ac498040fa20d4ccf9e26ec2703,True,fixed_per_environment_quotas_v2,clean,29,2,False,False,,2,2,False,False,9.57394027709961,1.03,0.0,0.0003333282074891031,0.0
/home/donglei/isaac_projects/isaac_drone_racer/.worktrees/stage1-fake-vio/logs/skrl/stage1_recovery_20260905/2026-09-05_11-37-52/2026-09-05_11-37-57_ppo_torch_stage1_mixed/checkpoints/best_agent.pt,ecf1a26095dfe976a926a1c7c3876aaafb1c80f1dd681f9e9f35bd678864cdf1,150d107225160ac498040fa20d4ccf9e26ec2703,True,fixed_per_environment_quotas_v2,clean,29,3,False,False,,4,2,True,False,4.7582855224609375,1.18,0.0,0.0002696995798032731,0.0
/home/donglei/isaac_projects/isaac_drone_racer/.worktrees/stage1-fake-vio/logs/skrl/stage1_recovery_20260905/2026-09-05_11-37-52/2026-09-05_11-37-57_ppo_torch_stage1_mixed/checkpoints/best_agent.pt,ecf1a26095dfe976a926a1c7c3876aaafb1c80f1dd681f9e9f35bd678864cdf1,150d107225160ac498040fa20d4ccf9e26ec2703,True,fixed_per_environment_quotas_v2,clean,29,4,False,False,,6,1,True,False,1.460890769958496,1.59,0.0,0.00024490716168656945,0.0
/home/donglei/isaac_projects/isaac_drone_racer/.worktrees/stage1-fake-vio/logs/skrl/stage1_recovery_20260905/2026-09-05_11-37-52/2026-09-05_11-37-57_ppo_torch_stage1_mixed/checkpoints/best_agent.pt,ecf1a26095dfe976a926a1c7c3876aaafb1c80f1dd681f9e9f35bd678864cdf1,150d107225160ac498040fa20d4ccf9e26ec2703,True,fixed_per_environment_quotas_v2,clean,29,5,False,False,,3,1,False,False,7.27493953704834,1.6400000000000001,0.0,0.0002953409857582301,0.0
/home/donglei/isaac_projects/isaac_drone_racer/.worktrees/stage1-fake-vio/logs/skrl/stage1_recovery_20260905/2026-09-05_11-37-52/2026-09-05_11-37-57_ppo_torch_stage1_mixed/checkpoints/best_agent.pt,ecf1a26095dfe976a926a1c7c3876aaafb1c80f1dd681f9e9f35bd678864cdf1,150d107225160ac498040fa20d4ccf9e26ec2703,True,fixed_per_environment_quotas_v2,clean,29,6,False,False,,4,1,False,False,7.994897842407227,1.72,0.0,0.000297848746413365,0.0
/home/donglei/isaac_projects/isaac_drone_racer/.worktrees/stage1-fake-vio/logs/skrl/stage1_recovery_20260905/2026-09-05_11-37-52/2026-09-05_11-37-57_ppo_torch_stage1_mixed/checkpoints/best_agent.pt,ecf1a26095dfe976a926a1c7c3876aaafb1c80f1dd681f9e9f35bd678864cdf1,150d107225160ac498040fa20d4ccf9e26ec2703,True,fixed_per_environment_quotas_v2,clean,29,7,False,False,,2,3,False,False,15.020122528076172,1.9100000000000001,0.0,0.0002736711176112294,0.0
/home/donglei/isaac_projects/isaac_drone_racer/.worktrees/stage1-fake-vio/logs/skrl/stage1_recovery_20260905/2026-09-05_11-37-52/2026-09-05_11-37-57_ppo_torch_stage1_mixed/checkpoints/best_agent.pt,ecf1a26095dfe976a926a1c7c3876aaafb1c80f1dd681f9e9f35bd678864cdf1,150d107225160ac498040fa20d4ccf9e26ec2703,True,fixed_per_environment_quotas_v2,clean,29,8,False,False,,7,0,True,False,-3.748779773712158,1.01,0.0,0.0002661153848748654,0.0
/home/donglei/isaac_projects/isaac_drone_racer/.worktrees/stage1-fake-vio/logs/skrl/stage1_recovery_20260905/2026-09-05_11-37-52/2026-09-05_11-37-57_ppo_torch_stage1_mixed/checkpoints/best_agent.pt,ecf1a26095dfe976a926a1c7c3876aaafb1c80f1dd681f9e9f35bd678864cdf1,150d107225160ac498040fa20d4ccf9e26ec2703,True,fixed_per_environment_quotas_v2,clean,29,9,False,False,,4,1,True,False,-2.335489273071289,2.65,0.0,0.00030293341842480004,0.0
/home/donglei/isaac_projects/isaac_drone_racer/.worktrees/stage1-fake-vio/logs/skrl/stage1_recovery_20260905/2026-09-05_11-37-52/2026-09-05_11-37-57_ppo_torch_stage1_mixed/checkpoints/best_agent.pt,ecf1a26095dfe976a926a1c7c3876aaafb1c80f1dd681f9e9f35bd678864cdf1,150d107225160ac498040fa20d4ccf9e26ec2703,True,fixed_per_environment_quotas_v2,clean,29,10,False,False,,6,4,False,False,21.774311065673828,2.92,0.0,0.0003050921659450978,0.0
/home/donglei/isaac_projects/isaac_drone_racer/.worktrees/stage1-fake-vio/logs/skrl/stage1_recovery_20260905/2026-09-05_11-37-52/2026-09-05_11-37-57_ppo_torch_stage1_mixed/checkpoints/best_agent.pt,ecf1a26095dfe976a926a1c7c3876aaafb1c80f1dd681f9e9f35bd678864cdf1,150d107225160ac498040fa20d4ccf9e26ec2703,True,fixed_per_environment_quotas_v2,clean,29,11,False,False,,6,2,True,False,8.35372543334961,3.08,0.0,0.00031722424319013953,0.0
/home/donglei/isaac_projects/isaac_drone_racer/.worktrees/stage1-fake-vio/logs/skrl/stage1_recovery_20260905/2026-09-05_11-37-52/2026-09-05_11-37-57_ppo_torch_stage1_mixed/checkpoints/best_agent.pt,ecf1a26095dfe976a926a1c7c3876aaafb1c80f1dd681f9e9f35bd678864cdf1,150d107225160ac498040fa20d4ccf9e26ec2703,True,fixed_per_environment_quotas_v2,clean,29,12,False,False,,6,4,True,False,20.2625675201416,4.3100000000000005,0.0,0.0003224856045562774,0.0
/home/donglei/isaac_projects/isaac_drone_racer/.worktrees/stage1-fake-vio/logs/skrl/stage1_recovery_20260905/2026-09-05_11-37-52/2026-09-05_11-37-57_ppo_torch_stage1_mixed/checkpoints/best_agent.pt,ecf1a26095dfe976a926a1c7c3876aaafb1c80f1dd681f9e9f35bd678864cdf1,150d107225160ac498040fa20d4ccf9e26ec2703,True,fixed_per_environment_quotas_v2,clean,29,13,False,False,,3,5,False,False,28.307941436767578,4.5200000000000005,0.0,0.00031490513356402516,0.0
/home/donglei/isaac_projects/isaac_drone_racer/.worktrees/stage1-fake-vio/logs/skrl/stage1_recovery_20260905/2026-09-05_11-37-52/2026-09-05_11-37-57_ppo_torch_stage1_mixed/checkpoints/best_agent.pt,ecf1a26095dfe976a926a1c7c3876aaafb1c80f1dd681f9e9f35bd678864cdf1,150d107225160ac498040fa20d4ccf9e26ec2703,True,fixed_per_environment_quotas_v2,clean,29,14,False,False,,7,6,False,False,34.43758010864258,5.12,0.0,0.0003082124167121947,0.0
/home/donglei/isaac_projects/isaac_drone_racer/.worktrees/stage1-fake-vio/logs/skrl/stage1_recovery_20260905/2026-09-05_11-37-52/2026-09-05_11-37-57_ppo_torch_stage1_mixed/checkpoints/best_agent.pt,ecf1a26095dfe976a926a1c7c3876aaafb1c80f1dd681f9e9f35bd678864cdf1,150d107225160ac498040fa20d4ccf9e26ec2703,True,fixed_per_environment_quotas_v2,clean,29,15,False,False,,1,1,False,True,-3.03039288520813,2.17,0.0,0.00029274364351294935,0.0
/home/donglei/isaac_projects/isaac_drone_racer/.worktrees/stage1-fake-vio/logs/skrl/stage1_recovery_20260905/2026-09-05_11-37-52/2026-09-05_11-37-57_ppo_torch_stage1_mixed/checkpoints/best_agent.pt,ecf1a26095dfe976a926a1c7c3876aaafb1c80f1dd681f9e9f35bd678864cdf1,150d107225160ac498040fa20d4ccf9e26ec2703,True,fixed_per_environment_quotas_v2,clean,29,16,True,True,5.58,,7,False,False,38.823143005371094,5.58,0.0,0.0002819093060679734,0.0
/home/donglei/isaac_projects/isaac_drone_racer/.worktrees/stage1-fake-vio/logs/skrl/stage1_recovery_20260905/2026-09-05_11-37-52/2026-09-05_11-37-57_ppo_torch_stage1_mixed/checkpoints/best_agent.pt,ecf1a26095dfe976a926a1c7c3876aaafb1c80f1dd681f9e9f35bd678864cdf1,150d107225160ac498040fa20d4ccf9e26ec2703,True,fixed_per_environment_quotas_v2,clean,29,17,True,True,5.65,,7,False,False,39.07222366333008,5.65,0.0,0.0003412717778701335,0.0
/home/donglei/isaac_projects/isaac_drone_racer/.worktrees/stage1-fake-vio/logs/skrl/stage1_recovery_20260905/2026-09-05_11-37-52/2026-09-05_11-37-57_ppo_torch_stage1_mixed/checkpoints/best_agent.pt,ecf1a26095dfe976a926a1c7c3876aaafb1c80f1dd681f9e9f35bd678864cdf1,150d107225160ac498040fa20d4ccf9e26ec2703,True,fixed_per_environment_quotas_v2,clean,29,18,True,True,5.63,,7,False,False,39.56480026245117,5.63,0.0,0.0002776205074042082,0.0
/home/donglei/isaac_projects/isaac_drone_racer/.worktrees/stage1-fake-vio/logs/skrl/stage1_recovery_20260905/2026-09-05_11-37-52/2026-09-05_11-37-57_ppo_torch_stage1_mixed/checkpoints/best_agent.pt,ecf1a26095dfe976a926a1c7c3876aaafb1c80f1dd681f9e9f35bd678864cdf1,150d107225160ac498040fa20d4ccf9e26ec2703,True,fixed_per_environment_quotas_v2,clean,29,19,True,True,4.76,,7,False,False,38.00334548950195,4.76,0.0,0.00031332470825873315,0.0
/home/donglei/isaac_projects/isaac_drone_racer/.worktrees/stage1-fake-vio/logs/skrl/stage1_recovery_20260905/2026-09-05_11-37-52/2026-09-05_11-37-57_ppo_torch_stage1_mixed/checkpoints/best_agent.pt,ecf1a26095dfe976a926a1c7c3876aaafb1c80f1dd681f9e9f35bd678864cdf1,150d107225160ac498040fa20d4ccf9e26ec2703,True,fixed_per_environment_quotas_v2,clean,29,20,True,True,5.17,,7,False,False,38.1153450012207,5.17,0.0,0.0003111962869297713,0.0
/home/donglei/isaac_projects/isaac_drone_racer/.worktrees/stage1-fake-vio/logs/skrl/stage1_recovery_20260905/2026-09-05_11-37-52/2026-09-05_11-37-57_ppo_torch_stage1_mixed/checkpoints/best_agent.pt,ecf1a26095dfe976a926a1c7c3876aaafb1c80f1dd681f9e9f35bd678864cdf1,150d107225160ac498040fa20d4ccf9e26ec2703,True,fixed_per_environment_quotas_v2,clean,29,21,True,True,5.49,,7,False,False,39.006988525390625,5.49,0.0,0.00030768910073675215,0.0
/home/donglei/isaac_projects/isaac_drone_racer/.worktrees/stage1-fake-vio/logs/skrl/stage1_recovery_20260905/2026-09-05_11-37-52/2026-09-05_11-37-57_ppo_torch_stage1_mixed/checkpoints/best_agent.pt,ecf1a26095dfe976a926a1c7c3876aaafb1c80f1dd681f9e9f35bd678864cdf1,150d107225160ac498040fa20d4ccf9e26ec2703,True,fixed_per_environment_quotas_v2,clean,29,22,True,True,5.24,,7,False,False,38.087799072265625,5.24,0.0,0.00031924815266393125,0.0
/home/donglei/isaac_projects/isaac_drone_racer/.worktrees/stage1-fake-vio/logs/skrl/stage1_recovery_20260905/2026-09-05_11-37-52/2026-09-05_11-37-57_ppo_torch_stage1_mixed/checkpoints/best_agent.pt,ecf1a26095dfe976a926a1c7c3876aaafb1c80f1dd681f9e9f35bd678864cdf1,150d107225160ac498040fa20d4ccf9e26ec2703,True,fixed_per_environment_quotas_v2,clean,29,23,True,True,5.64,,7,False,False,39.31075668334961,5.64,0.0,0.00030495927785523236,0.0
/home/donglei/isaac_projects/isaac_drone_racer/.worktrees/stage1-fake-vio/logs/skrl/stage1_recovery_20260905/2026-09-05_11-37-52/2026-09-05_11-37-57_ppo_torch_stage1_mixed/checkpoints/best_agent.pt,ecf1a26095dfe976a926a1c7c3876aaafb1c80f1dd681f9e9f35bd678864cdf1,150d107225160ac498040fa20d4ccf9e26ec2703,True,fixed_per_environment_quotas_v2,clean,29,24,True,True,5.2700000000000005,,7,False,False,39.2733039855957,5.2700000000000005,0.0,0.0003336048102937639,0.0
/home/donglei/isaac_projects/isaac_drone_racer/.worktrees/stage1-fake-vio/logs/skrl/stage1_recovery_20260905/2026-09-05_11-37-52/2026-09-05_11-37-57_ppo_torch_stage1_mixed/checkpoints/best_agent.pt,ecf1a26095dfe976a926a1c7c3876aaafb1c80f1dd681f9e9f35bd678864cdf1,150d107225160ac498040fa20d4ccf9e26ec2703,True,fixed_per_environment_quotas_v2,clean,29,25,True,True,5.5600000000000005,,7,False,False,39.38533401489258,5.5600000000000005,0.0,0.00032741809263825417,0.0
/home/donglei/isaac_projects/isaac_drone_racer/.worktrees/stage1-fake-vio/logs/skrl/stage1_recovery_20260905/2026-09-05_11-37-52/2026-09-05_11-37-57_ppo_torch_stage1_mixed/checkpoints/best_agent.pt,ecf1a26095dfe976a926a1c7c3876aaafb1c80f1dd681f9e9f35bd678864cdf1,150d107225160ac498040fa20d4ccf9e26ec2703,True,fixed_per_environment_quotas_v2,clean,29,26,False,False,,3,0,True,False,-4.899449348449707,0.39,0.0,0.0003830393252428621,0.0
/home/donglei/isaac_projects/isaac_drone_racer/.worktrees/stage1-fake-vio/logs/skrl/stage1_recovery_20260905/2026-09-05_11-37-52/2026-09-05_11-37-57_ppo_torch_stage1_mixed/checkpoints/best_agent.pt,ecf1a26095dfe976a926a1c7c3876aaafb1c80f1dd681f9e9f35bd678864cdf1,150d107225160ac498040fa20d4ccf9e26ec2703,True,fixed_per_environment_quotas_v2,clean,29,27,True,True,5.71,,7,False,False,39.5643196105957,5.71,0.0,0.0003125790972262621,0.0
/home/donglei/isaac_projects/isaac_drone_racer/.worktrees/stage1-fake-vio/logs/skrl/stage1_recovery_20260905/2026-09-05_11-37-52/2026-09-05_11-37-57_ppo_torch_stage1_mixed/checkpoints/best_agent.pt,ecf1a26095dfe976a926a1c7c3876aaafb1c80f1dd681f9e9f35bd678864cdf1,150d107225160ac498040fa20d4ccf9e26ec2703,True,fixed_per_environment_quotas_v2,clean,29,28,True,True,5.19,,7,False,False,38.643733978271484,5.19,0.0,0.00033342186361551285,0.0
/home/donglei/isaac_projects/isaac_drone_racer/.worktrees/stage1-fake-vio/logs/skrl/stage1_recovery_20260905/2026-09-05_11-37-52/2026-09-05_11-37-57_ppo_torch_stage1_mixed/checkpoints/best_agent.pt,ecf1a26095dfe976a926a1c7c3876aaafb1c80f1dd681f9e9f35bd678864cdf1,150d107225160ac498040fa20d4ccf9e26ec2703,True,fixed_per_environment_quotas_v2,clean,29,29,True,True,5.87,,7,False,False,39.65700149536133,5.87,0.0,0.00032371352426707745,0.0
/home/donglei/isaac_projects/isaac_drone_racer/.worktrees/stage1-fake-vio/logs/skrl/stage1_recovery_20260905/2026-09-05_11-37-52/2026-09-05_11-37-57_ppo_torch_stage1_mixed/checkpoints/best_agent.pt,ecf1a26095dfe976a926a1c7c3876aaafb1c80f1dd681f9e9f35bd678864cdf1,150d107225160ac498040fa20d4ccf9e26ec2703,True,fixed_per_environment_quotas_v2,clean,29,30,True,True,6.140000000000001,,7,False,False,39.64680480957031,6.140000000000001,0.0,0.0002896094520110637,0.0
/home/donglei/isaac_projects/isaac_drone_racer/.worktrees/stage1-fake-vio/logs/skrl/stage1_recovery_20260905/2026-09-05_11-37-52/2026-09-05_11-37-57_ppo_torch_stage1_mixed/checkpoints/best_agent.pt,ecf1a26095dfe976a926a1c7c3876aaafb1c80f1dd681f9e9f35bd678864cdf1,150d107225160ac498040fa20d4ccf9e26ec2703,True,fixed_per_environment_quotas_v2,clean,29,31,True,True,5.21,,7,False,False,38.31866455078125,5.21,0.0,0.0003010119835380465,0.0
/home/donglei/isaac_projects/isaac_drone_racer/.worktrees/stage1-fake-vio/logs/skrl/stage1_recovery_20260905/2026-09-05_11-37-52/2026-09-05_11-37-57_ppo_torch_stage1_mixed/checkpoints/best_agent.pt,ecf1a26095dfe976a926a1c7c3876aaafb1c80f1dd681f9e9f35bd678864cdf1,150d107225160ac498040fa20d4ccf9e26ec2703,True,fixed_per_environment_quotas_v2,clean,29,32,True,True,5.65,,7,False,False,38.969608306884766,5.65,0.0,0.0003115370636805892,0.0
/home/donglei/isaac_projects/isaac_drone_racer/.worktrees/stage1-fake-vio/logs/skrl/stage1_recovery_20260905/2026-09-05_11-37-52/2026-09-05_11-37-57_ppo_torch_stage1_mixed/checkpoints/best_agent.pt,ecf1a26095dfe976a926a1c7c3876aaafb1c80f1dd681f9e9f35bd678864cdf1,150d107225160ac498040fa20d4ccf9e26ec2703,True,fixed_per_environment_quotas_v2,clean,29,33,True,True,4.92,,7,False,False,36.964683532714844,4.92,0.0,0.0003174820449203253,0.0
/home/donglei/isaac_projects/isaac_drone_racer/.worktrees/stage1-fake-vio/logs/skrl/stage1_recovery_20260905/2026-09-05_11-37-52/2026-09-05_11-37-57_ppo_torch_stage1_mixed/checkpoints/best_agent.pt,ecf1a26095dfe976a926a1c7c3876aaafb1c80f1dd681f9e9f35bd678864cdf1,150d107225160ac498040fa20d4ccf9e26ec2703,True,fixed_per_environment_quotas_v2,clean,29,34,True,True,6.11,,7,False,False,39.515811920166016,6.11,0.0,0.000308563350699842,0.0
/home/donglei/isaac_projects/isaac_drone_racer/.worktrees/stage1-fake-vio/logs/skrl/stage1_recovery_20260905/2026-09-05_11-37-52/2026-09-05_11-37-57_ppo_torch_stage1_mixed/checkpoints/best_agent.pt,ecf1a26095dfe976a926a1c7c3876aaafb1c80f1dd681f9e9f35bd678864cdf1,150d107225160ac498040fa20d4ccf9e26ec2703,True,fixed_per_environment_quotas_v2,clean,29,35,True,True,5.5,,7,False,False,39.33086013793945,5.5,0.0,0.0002959132252726704,0.0
/home/donglei/isaac_projects/isaac_drone_racer/.worktrees/stage1-fake-vio/logs/skrl/stage1_recovery_20260905/2026-09-05_11-37-52/2026-09-05_11-37-57_ppo_torch_stage1_mixed/checkpoints/best_agent.pt,ecf1a26095dfe976a926a1c7c3876aaafb1c80f1dd681f9e9f35bd678864cdf1,150d107225160ac498040fa20d4ccf9e26ec2703,True,fixed_per_environment_quotas_v2,clean,29,36,False,False,,7,6,True,False,29.460227966308594,5.74,0.0,0.0002688367967493832,0.0
/home/donglei/isaac_projects/isaac_drone_racer/.worktrees/stage1-fake-vio/logs/skrl/stage1_recovery_20260905/2026-09-05_11-37-52/2026-09-05_11-37-57_ppo_torch_stage1_mixed/checkpoints/best_agent.pt,ecf1a26095dfe976a926a1c7c3876aaafb1c80f1dd681f9e9f35bd678864cdf1,150d107225160ac498040fa20d4ccf9e26ec2703,True,fixed_per_environment_quotas_v2,clean,29,37,False,False,,4,6,True,False,28.79865837097168,5.46,0.0,0.0003099453169852495,0.0
/home/donglei/isaac_projects/isaac_drone_racer/.worktrees/stage1-fake-vio/logs/skrl/stage1_recovery_20260905/2026-09-05_11-37-52/2026-09-05_11-37-57_ppo_torch_stage1_mixed/checkpoints/best_agent.pt,ecf1a26095dfe976a926a1c7c3876aaafb1c80f1dd681f9e9f35bd678864cdf1,150d107225160ac498040fa20d4ccf9e26ec2703,True,fixed_per_environment_quotas_v2,clean,29,38,True,True,5.22,,7,False,False,37.653804779052734,5.22,0.0,0.0003212839365005493,0.0
/home/donglei/isaac_projects/isaac_drone_racer/.worktrees/stage1-fake-vio/logs/skrl/stage1_recovery_20260905/2026-09-05_11-37-52/2026-09-05_11-37-57_ppo_torch_stage1_mixed/checkpoints/best_agent.pt,ecf1a26095dfe976a926a1c7c3876aaafb1c80f1dd681f9e9f35bd678864cdf1,150d107225160ac498040fa20d4ccf9e26ec2703,True,fixed_per_environment_quotas_v2,clean,29,39,True,True,5.83,,7,False,False,39.57926559448242,5.83,0.0,0.00030669005354866385,0.0
/home/donglei/isaac_projects/isaac_drone_racer/.worktrees/stage1-fake-vio/logs/skrl/stage1_recovery_20260905/2026-09-05_11-37-52/2026-09-05_11-37-57_ppo_torch_stage1_mixed/checkpoints/best_agent.pt,ecf1a26095dfe976a926a1c7c3876aaafb1c80f1dd681f9e9f35bd678864cdf1,150d107225160ac498040fa20d4ccf9e26ec2703,True,fixed_per_environment_quotas_v2,clean,29,40,True,True,6.05,,7,False,False,39.49052047729492,6.05,0.0,0.00032739859307184815,0.0
/home/donglei/isaac_projects/isaac_drone_racer/.worktrees/stage1-fake-vio/logs/skrl/stage1_recovery_20260905/2026-09-05_11-37-52/2026-09-05_11-37-57_ppo_torch_stage1_mixed/checkpoints/best_agent.pt,ecf1a26095dfe976a926a1c7c3876aaafb1c80f1dd681f9e9f35bd678864cdf1,150d107225160ac498040fa20d4ccf9e26ec2703,True,fixed_per_environment_quotas_v2,clean,29,41,True,True,5.26,,7,False,False,38.735939025878906,5.26,0.0,0.0003157828177791089,0.0
/home/donglei/isaac_projects/isaac_drone_racer/.worktrees/stage1-fake-vio/logs/skrl/stage1_recovery_20260905/2026-09-05_11-37-52/2026-09-05_11-37-57_ppo_torch_stage1_mixed/checkpoints/best_agent.pt,ecf1a26095dfe976a926a1c7c3876aaafb1c80f1dd681f9e9f35bd678864cdf1,150d107225160ac498040fa20d4ccf9e26ec2703,True,fixed_per_environment_quotas_v2,clean,29,42,True,True,5.95,,7,False,False,39.59010314941406,5.95,0.0,0.00031268459861166775,0.0
/home/donglei/isaac_projects/isaac_drone_racer/.worktrees/stage1-fake-vio/logs/skrl/stage1_recovery_20260905/2026-09-05_11-37-52/2026-09-05_11-37-57_ppo_torch_stage1_mixed/checkpoints/best_agent.pt,ecf1a26095dfe976a926a1c7c3876aaafb1c80f1dd681f9e9f35bd678864cdf1,150d107225160ac498040fa20d4ccf9e26ec2703,True,fixed_per_environment_quotas_v2,clean,29,43,True,True,5.08,,7,False,False,38.52577590942383,5.08,0.0,0.00033280832576565444,0.0
/home/donglei/isaac_projects/isaac_drone_racer/.worktrees/stage1-fake-vio/logs/skrl/stage1_recovery_20260905/2026-09-05_11-37-52/2026-09-05_11-37-57_ppo_torch_stage1_mixed/checkpoints/best_agent.pt,ecf1a26095dfe976a926a1c7c3876aaafb1c80f1dd681f9e9f35bd678864cdf1,150d107225160ac498040fa20d4ccf9e26ec2703,True,fixed_per_environment_quotas_v2,clean,29,44,True,True,4.99,,7,False,False,38.31644058227539,4.99,0.0,0.00031675933860242367,0.0
/home/donglei/isaac_projects/isaac_drone_racer/.worktrees/stage1-fake-vio/logs/skrl/stage1_recovery_20260905/2026-09-05_11-37-52/2026-09-05_11-37-57_ppo_torch_stage1_mixed/checkpoints/best_agent.pt,ecf1a26095dfe976a926a1c7c3876aaafb1c80f1dd681f9e9f35bd678864cdf1,150d107225160ac498040fa20d4ccf9e26ec2703,True,fixed_per_environment_quotas_v2,clean,29,45,True,True,5.53,,7,False,False,39.30049133300781,5.53,0.0,0.0003322213015053421,0.0
/home/donglei/isaac_projects/isaac_drone_racer/.worktrees/stage1-fake-vio/logs/skrl/stage1_recovery_20260905/2026-09-05_11-37-52/2026-09-05_11-37-57_ppo_torch_stage1_mixed/checkpoints/best_agent.pt,ecf1a26095dfe976a926a1c7c3876aaafb1c80f1dd681f9e9f35bd678864cdf1,150d107225160ac498040fa20d4ccf9e26ec2703,True,fixed_per_environment_quotas_v2,clean,29,46,True,True,5.48,,7,False,False,39.22098922729492,5.48,0.0,0.0003612770524341613,0.0
/home/donglei/isaac_projects/isaac_drone_racer/.worktrees/stage1-fake-vio/logs/skrl/stage1_recovery_20260905/2026-09-05_11-37-52/2026-09-05_11-37-57_ppo_torch_stage1_mixed/checkpoints/best_agent.pt,ecf1a26095dfe976a926a1c7c3876aaafb1c80f1dd681f9e9f35bd678864cdf1,150d107225160ac498040fa20d4ccf9e26ec2703,True,fixed_per_environment_quotas_v2,clean,29,47,True,True,5.42,,7,False,False,38.76187515258789,5.42,0.0,0.00030393453198485076,0.0
/home/donglei/isaac_projects/isaac_drone_racer/.worktrees/stage1-fake-vio/logs/skrl/stage1_recovery_20260905/2026-09-05_11-37-52/2026-09-05_11-37-57_ppo_torch_stage1_mixed/checkpoints/best_agent.pt,ecf1a26095dfe976a926a1c7c3876aaafb1c80f1dd681f9e9f35bd678864cdf1,150d107225160ac498040fa20d4ccf9e26ec2703,True,fixed_per_environment_quotas_v2,clean,29,48,True,True,5.23,,7,False,False,38.17550277709961,5.23,0.0,0.0003321443509776145,0.0
/home/donglei/isaac_projects/isaac_drone_racer/.worktrees/stage1-fake-vio/logs/skrl/stage1_recovery_20260905/2026-09-05_11-37-52/2026-09-05_11-37-57_ppo_torch_stage1_mixed/checkpoints/best_agent.pt,ecf1a26095dfe976a926a1c7c3876aaafb1c80f1dd681f9e9f35bd678864cdf1,150d107225160ac498040fa20d4ccf9e26ec2703,True,fixed_per_environment_quotas_v2,clean,29,49,False,False,,6,2,True,False,3.710397720336914,5.21,0.0,0.0002885937283281237,0.0
/home/donglei/isaac_projects/isaac_drone_racer/.worktrees/stage1-fake-vio/logs/skrl/stage1_recovery_20260905/2026-09-05_11-37-52/2026-09-05_11-37-57_ppo_torch_stage1_mixed/checkpoints/best_agent.pt,ecf1a26095dfe976a926a1c7c3876aaafb1c80f1dd681f9e9f35bd678864cdf1,150d107225160ac498040fa20d4ccf9e26ec2703,True,fixed_per_environment_quotas_v2,clean,29,50,True,True,5.49,,7,False,False,39.37665557861328,5.49,0.0,0.000317415309837088,0.0
/home/donglei/isaac_projects/isaac_drone_racer/.worktrees/stage1-fake-vio/logs/skrl/stage1_recovery_20260905/2026-09-05_11-37-52/2026-09-05_11-37-57_ppo_torch_stage1_mixed/checkpoints/best_agent.pt,ecf1a26095dfe976a926a1c7c3876aaafb1c80f1dd681f9e9f35bd678864cdf1,150d107225160ac498040fa20d4ccf9e26ec2703,True,fixed_per_environment_quotas_v2,clean,29,51,True,True,6.140000000000001,,7,False,False,39.70022201538086,6.140000000000001,0.0,0.00030400053947232664,0.0
/home/donglei/isaac_projects/isaac_drone_racer/.worktrees/stage1-fake-vio/logs/skrl/stage1_recovery_20260905/2026-09-05_11-37-52/2026-09-05_11-37-57_ppo_torch_stage1_mixed/checkpoints/best_agent.pt,ecf1a26095dfe976a926a1c7c3876aaafb1c80f1dd681f9e9f35bd678864cdf1,150d107225160ac498040fa20d4ccf9e26ec2703,True,fixed_per_environment_quotas_v2,clean,29,52,True,True,5.43,,7,False,False,39.46501541137695,5.43,0.0,0.00032998636015690863,0.0
/home/donglei/isaac_projects/isaac_drone_racer/.worktrees/stage1-fake-vio/logs/skrl/stage1_recovery_20260905/2026-09-05_11-37-52/2026-09-05_11-37-57_ppo_torch_stage1_mixed/checkpoints/best_agent.pt,ecf1a26095dfe976a926a1c7c3876aaafb1c80f1dd681f9e9f35bd678864cdf1,150d107225160ac498040fa20d4ccf9e26ec2703,True,fixed_per_environment_quotas_v2,clean,29,53,True,True,4.99,,7,False,False,36.81808853149414,4.99,0.0,0.00029970824834890664,0.0
/home/donglei/isaac_projects/isaac_drone_racer/.worktrees/stage1-fake-vio/logs/skrl/stage1_recovery_20260905/2026-09-05_11-37-52/2026-09-05_11-37-57_ppo_torch_stage1_mixed/checkpoints/best_agent.pt,ecf1a26095dfe976a926a1c7c3876aaafb1c80f1dd681f9e9f35bd678864cdf1,150d107225160ac498040fa20d4ccf9e26ec2703,True,fixed_per_environment_quotas_v2,clean,29,54,True,True,5.54,,7,False,False,39.55660629272461,5.54,0.0,0.00030769931618124247,0.0
/home/donglei/isaac_projects/isaac_drone_racer/.worktrees/stage1-fake-vio/logs/skrl/stage1_recovery_20260905/2026-09-05_11-37-52/2026-09-05_11-37-57_ppo_torch_stage1_mixed/checkpoints/best_agent.pt,ecf1a26095dfe976a926a1c7c3876aaafb1c80f1dd681f9e9f35bd678864cdf1,150d107225160ac498040fa20d4ccf9e26ec2703,True,fixed_per_environment_quotas_v2,clean,29,55,True,True,6.19,,7,False,False,39.545745849609375,6.19,0.0,0.0003466586349532008,0.0
/home/donglei/isaac_projects/isaac_drone_racer/.worktrees/stage1-fake-vio/logs/skrl/stage1_recovery_20260905/2026-09-05_11-37-52/2026-09-05_11-37-57_ppo_torch_stage1_mixed/checkpoints/best_agent.pt,ecf1a26095dfe976a926a1c7c3876aaafb1c80f1dd681f9e9f35bd678864cdf1,150d107225160ac498040fa20d4ccf9e26ec2703,True,fixed_per_environment_quotas_v2,clean,29,56,True,True,5.83,,7,False,False,39.571868896484375,5.83,0.0,0.0003235606709495187,0.0
/home/donglei/isaac_projects/isaac_drone_racer/.worktrees/stage1-fake-vio/logs/skrl/stage1_recovery_20260905/2026-09-05_11-37-52/2026-09-05_11-37-57_ppo_torch_stage1_mixed/checkpoints/best_agent.pt,ecf1a26095dfe976a926a1c7c3876aaafb1c80f1dd681f9e9f35bd678864cdf1,150d107225160ac498040fa20d4ccf9e26ec2703,True,fixed_per_environment_quotas_v2,clean,29,57,True,True,4.91,,7,False,False,37.01466751098633,4.91,0.0,0.0003162735956721008,0.0
/home/donglei/isaac_projects/isaac_drone_racer/.worktrees/stage1-fake-vio/logs/skrl/stage1_recovery_20260905/2026-09-05_11-37-52/2026-09-05_11-37-57_ppo_torch_stage1_mixed/checkpoints/best_agent.pt,ecf1a26095dfe976a926a1c7c3876aaafb1c80f1dd681f9e9f35bd678864cdf1,150d107225160ac498040fa20d4ccf9e26ec2703,True,fixed_per_environment_quotas_v2,clean,29,58,True,True,5.63,,7,False,False,39.53898620605469,5.63,0.0,0.0003240721416659653,0.0
/home/donglei/isaac_projects/isaac_drone_racer/.worktrees/stage1-fake-vio/logs/skrl/stage1_recovery_20260905/2026-09-05_11-37-52/2026-09-05_11-37-57_ppo_torch_stage1_mixed/checkpoints/best_agent.pt,ecf1a26095dfe976a926a1c7c3876aaafb1c80f1dd681f9e9f35bd678864cdf1,150d107225160ac498040fa20d4ccf9e26ec2703,True,fixed_per_environment_quotas_v2,clean,29,59,True,True,5.57,,7,False,False,39.46062469482422,5.57,0.0,0.00032712402753531933,0.0
/home/donglei/isaac_projects/isaac_drone_racer/.worktrees/stage1-fake-vio/logs/skrl/stage1_recovery_20260905/2026-09-05_11-37-52/2026-09-05_11-37-57_ppo_torch_stage1_mixed/checkpoints/best_agent.pt,ecf1a26095dfe976a926a1c7c3876aaafb1c80f1dd681f9e9f35bd678864cdf1,150d107225160ac498040fa20d4ccf9e26ec2703,True,fixed_per_environment_quotas_v2,clean,29,60,True,True,5.93,,7,False,False,39.46126937866211,5.93,0.0,0.0003093364939559251,0.0
/home/donglei/isaac_projects/isaac_drone_racer/.worktrees/stage1-fake-vio/logs/skrl/stage1_recovery_20260905/2026-09-05_11-37-52/2026-09-05_11-37-57_ppo_torch_stage1_mixed/checkpoints/best_agent.pt,ecf1a26095dfe976a926a1c7c3876aaafb1c80f1dd681f9e9f35bd678864cdf1,150d107225160ac498040fa20d4ccf9e26ec2703,True,fixed_per_environment_quotas_v2,clean,29,61,False,False,,3,0,True,False,-3.1113901138305664,1.24,0.0,0.0003100588801316917,0.0
/home/donglei/isaac_projects/isaac_drone_racer/.worktrees/stage1-fake-vio/logs/skrl/stage1_recovery_20260905/2026-09-05_11-37-52/2026-09-05_11-37-57_ppo_torch_stage1_mixed/checkpoints/best_agent.pt,ecf1a26095dfe976a926a1c7c3876aaafb1c80f1dd681f9e9f35bd678864cdf1,150d107225160ac498040fa20d4ccf9e26ec2703,True,fixed_per_environment_quotas_v2,clean,29,62,True,True,6.05,,7,False,False,39.600406646728516,6.05,0.0,0.00031262103584595025,0.0
/home/donglei/isaac_projects/isaac_drone_racer/.worktrees/stage1-fake-vio/logs/skrl/stage1_recovery_20260905/2026-09-05_11-37-52/2026-09-05_11-37-57_ppo_torch_stage1_mixed/checkpoints/best_agent.pt,ecf1a26095dfe976a926a1c7c3876aaafb1c80f1dd681f9e9f35bd678864cdf1,150d107225160ac498040fa20d4ccf9e26ec2703,True,fixed_per_environment_quotas_v2,clean,29,63,True,True,5.17,,7,False,False,37.42837142944336,5.17,0.0,0.0003111962869297713,0.0
/home/donglei/isaac_projects/isaac_drone_racer/.worktrees/stage1-fake-vio/logs/skrl/stage1_recovery_20260905/2026-09-05_11-37-52/2026-09-05_11-37-57_ppo_torch_stage1_mixed/checkpoints/best_agent.pt,ecf1a26095dfe976a926a1c7c3876aaafb1c80f1dd681f9e9f35bd678864cdf1,150d107225160ac498040fa20d4ccf9e26ec2703,True,fixed_per_environment_quotas_v2,clean,29,64,True,True,5.61,,7,False,False,39.262542724609375,5.61,0.0,0.00030716031324118376,0.0
/home/donglei/isaac_projects/isaac_drone_racer/.worktrees/stage1-fake-vio/logs/skrl/stage1_recovery_20260905/2026-09-05_11-37-52/2026-09-05_11-37-57_ppo_torch_stage1_mixed/checkpoints/best_agent.pt,ecf1a26095dfe976a926a1c7c3876aaafb1c80f1dd681f9e9f35bd678864cdf1,150d107225160ac498040fa20d4ccf9e26ec2703,True,fixed_per_environment_quotas_v2,clean,29,65,True,True,5.64,,7,False,False,39.66075134277344,5.64,0.0,0.0003104544593952596,0.0
/home/donglei/isaac_projects/isaac_drone_racer/.worktrees/stage1-fake-vio/logs/skrl/stage1_recovery_20260905/2026-09-05_11-37-52/2026-09-05_11-37-57_ppo_torch_stage1_mixed/checkpoints/best_agent.pt,ecf1a26095dfe976a926a1c7c3876aaafb1c80f1dd681f9e9f35bd678864cdf1,150d107225160ac498040fa20d4ccf9e26ec2703,True,fixed_per_environment_quotas_v2,clean,29,66,True,True,5.96,,7,False,False,39.882381439208984,5.96,0.0,0.0003237408818677068,0.0
/home/donglei/isaac_projects/isaac_drone_racer/.worktrees/stage1-fake-vio/logs/skrl/stage1_recovery_20260905/2026-09-05_11-37-52/2026-09-05_11-37-57_ppo_torch_stage1_mixed/checkpoints/best_agent.pt,ecf1a26095dfe976a926a1c7c3876aaafb1c80f1dd681f9e9f35bd678864cdf1,150d107225160ac498040fa20d4ccf9e26ec2703,True,fixed_per_environment_quotas_v2,clean,29,67,True,True,5.99,,7,False,False,39.53927993774414,5.99,0.0,0.00029185257153585553,0.0
/home/donglei/isaac_projects/isaac_drone_racer/.worktrees/stage1-fake-vio/logs/skrl/stage1_recovery_20260905/2026-09-05_11-37-52/2026-09-05_11-37-57_ppo_torch_stage1_mixed/checkpoints/best_agent.pt,ecf1a26095dfe976a926a1c7c3876aaafb1c80f1dd681f9e9f35bd678864cdf1,150d107225160ac498040fa20d4ccf9e26ec2703,True,fixed_per_environment_quotas_v2,clean,29,68,True,True,5.8,,7,False,False,39.5634651184082,5.8,0.0,0.00031409546500071883,0.0
/home/donglei/isaac_projects/isaac_drone_racer/.worktrees/stage1-fake-vio/logs/skrl/stage1_recovery_20260905/2026-09-05_11-37-52/2026-09-05_11-37-57_ppo_torch_stage1_mixed/checkpoints/best_agent.pt,ecf1a26095dfe976a926a1c7c3876aaafb1c80f1dd681f9e9f35bd678864cdf1,150d107225160ac498040fa20d4ccf9e26ec2703,True,fixed_per_environment_quotas_v2,clean,29,69,True,True,5.79,,7,False,False,39.65863037109375,5.79,0.0,0.0003208490670658648,0.0
/home/donglei/isaac_projects/isaac_drone_racer/.worktrees/stage1-fake-vio/logs/skrl/stage1_recovery_20260905/2026-09-05_11-37-52/2026-09-05_11-37-57_ppo_torch_stage1_mixed/checkpoints/best_agent.pt,ecf1a26095dfe976a926a1c7c3876aaafb1c80f1dd681f9e9f35bd678864cdf1,150d107225160ac498040fa20d4ccf9e26ec2703,True,fixed_per_environment_quotas_v2,clean,29,70,True,True,6.01,,7,False,False,39.450965881347656,6.01,0.0,0.00032239139545708895,0.0
/home/donglei/isaac_projects/isaac_drone_racer/.worktrees/stage1-fake-vio/logs/skrl/stage1_recovery_20260905/2026-09-05_11-37-52/2026-09-05_11-37-57_ppo_torch_stage1_mixed/checkpoints/best_agent.pt,ecf1a26095dfe976a926a1c7c3876aaafb1c80f1dd681f9e9f35bd678864cdf1,150d107225160ac498040fa20d4ccf9e26ec2703,True,fixed_per_environment_quotas_v2,clean,29,71,True,True,5.97,,7,False,False,39.4892463684082,5.97,0.0,0.000315975135890767,0.0
/home/donglei/isaac_projects/isaac_drone_racer/.worktrees/stage1-fake-vio/logs/skrl/stage1_recovery_20260905/2026-09-05_11-37-52/2026-09-05_11-37-57_ppo_torch_stage1_mixed/checkpoints/best_agent.pt,ecf1a26095dfe976a926a1c7c3876aaafb1c80f1dd681f9e9f35bd678864cdf1,150d107225160ac498040fa20d4ccf9e26ec2703,True,fixed_per_environment_quotas_v2,clean,29,72,True,True,6.0,,7,False,False,39.628597259521484,6.0,0.0,0.0002929687616415322,0.0
/home/donglei/isaac_projects/isaac_drone_racer/.worktrees/stage1-fake-vio/logs/skrl/stage1_recovery_20260905/2026-09-05_11-37-52/2026-09-05_11-37-57_ppo_torch_stage1_mixed/checkpoints/best_agent.pt,ecf1a26095dfe976a926a1c7c3876aaafb1c80f1dd681f9e9f35bd678864cdf1,150d107225160ac498040fa20d4ccf9e26ec2703,True,fixed_per_environment_quotas_v2,clean,29,73,True,True,5.97,,7,False,False,39.6942138671875,5.97,0.0,0.00031216038041748106,0.0
/home/donglei/isaac_projects/isaac_drone_racer/.worktrees/stage1-fake-vio/logs/skrl/stage1_recovery_20260905/2026-09-05_11-37-52/2026-09-05_11-37-57_ppo_torch_stage1_mixed/checkpoints/best_agent.pt,ecf1a26095dfe976a926a1c7c3876aaafb1c80f1dd681f9e9f35bd678864cdf1,150d107225160ac498040fa20d4ccf9e26ec2703,True,fixed_per_environment_quotas_v2,clean,29,74,True,True,5.97,,7,False,False,39.725589752197266,5.97,0.0,0.00029909342993050814,0.0
/home/donglei/isaac_projects/isaac_drone_racer/.worktrees/stage1-fake-vio/logs/skrl/stage1_recovery_20260905/2026-09-05_11-37-52/2026-09-05_11-37-57_ppo_torch_stage1_mixed/checkpoints/best_agent.pt,ecf1a26095dfe976a926a1c7c3876aaafb1c80f1dd681f9e9f35bd678864cdf1,150d107225160ac498040fa20d4ccf9e26ec2703,True,fixed_per_environment_quotas_v2,clean,29,75,False,False,,4,2,True,False,9.614383697509766,3.0100000000000002,0.0,0.000344692962244153,0.0
/home/donglei/isaac_projects/isaac_drone_racer/.worktrees/stage1-fake-vio/logs/skrl/stage1_recovery_20260905/2026-09-05_11-37-52/2026-09-05_11-37-57_ppo_torch_stage1_mixed/checkpoints/best_agent.pt,ecf1a26095dfe976a926a1c7c3876aaafb1c80f1dd681f9e9f35bd678864cdf1,150d107225160ac498040fa20d4ccf9e26ec2703,True,fixed_per_environment_quotas_v2,clean,29,76,True,True,5.98,,7,False,False,39.892860412597656,5.98,0.0,0.0003080405876971781,0.0
/home/donglei/isaac_projects/isaac_drone_racer/.worktrees/stage1-fake-vio/logs/skrl/stage1_recovery_20260905/2026-09-05_11-37-52/2026-09-05_11-37-57_ppo_torch_stage1_mixed/checkpoints/best_agent.pt,ecf1a26095dfe976a926a1c7c3876aaafb1c80f1dd681f9e9f35bd678864cdf1,150d107225160ac498040fa20d4ccf9e26ec2703,True,fixed_per_environment_quotas_v2,clean,29,77,True,True,5.94,,7,False,False,39.73020935058594,5.94,0.0,0.00034468522062525153,0.0
/home/donglei/isaac_projects/isaac_drone_racer/.worktrees/stage1-fake-vio/logs/skrl/stage1_recovery_20260905/2026-09-05_11-37-52/2026-09-05_11-37-57_ppo_torch_stage1_mixed/checkpoints/best_agent.pt,ecf1a26095dfe976a926a1c7c3876aaafb1c80f1dd681f9e9f35bd678864cdf1,150d107225160ac498040fa20d4ccf9e26ec2703,True,fixed_per_environment_quotas_v2,clean,29,78,True,True,5.98,,7,False,False,39.71398162841797,5.98,0.0,0.00030149967642500997,0.0
/home/donglei/isaac_projects/isaac_drone_racer/.worktrees/stage1-fake-vio/logs/skrl/stage1_recovery_20260905/2026-09-05_11-37-52/2026-09-05_11-37-57_ppo_torch_stage1_mixed/checkpoints/best_agent.pt,ecf1a26095dfe976a926a1c7c3876aaafb1c80f1dd681f9e9f35bd678864cdf1,150d107225160ac498040fa20d4ccf9e26ec2703,True,fixed_per_environment_quotas_v2,clean,29,79,True,True,6.0,,7,False,False,39.504859924316406,6.0,0.0,0.00033593372791074216,0.0
/home/donglei/isaac_projects/isaac_drone_racer/.worktrees/stage1-fake-vio/logs/skrl/stage1_recovery_20260905/2026-09-05_11-37-52/2026-09-05_11-37-57_ppo_torch_stage1_mixed/checkpoints/best_agent.pt,ecf1a26095dfe976a926a1c7c3876aaafb1c80f1dd681f9e9f35bd678864cdf1,150d107225160ac498040fa20d4ccf9e26ec2703,True,fixed_per_environment_quotas_v2,clean,29,80,True,True,6.26,,7,False,False,39.726619720458984,6.26,0.0,0.0002881450345739722,0.0
/home/donglei/isaac_projects/isaac_drone_racer/.worktrees/stage1-fake-vio/logs/skrl/stage1_recovery_20260905/2026-09-05_11-37-52/2026-09-05_11-37-57_ppo_torch_stage1_mixed/checkpoints/best_agent.pt,ecf1a26095dfe976a926a1c7c3876aaafb1c80f1dd681f9e9f35bd678864cdf1,150d107225160ac498040fa20d4ccf9e26ec2703,True,fixed_per_environment_quotas_v2,clean,29,81,True,True,5.86,,7,False,False,39.52886962890625,5.86,0.0,0.00030053683440200984,0.0
/home/donglei/isaac_projects/isaac_drone_racer/.worktrees/stage1-fake-vio/logs/skrl/stage1_recovery_20260905/2026-09-05_11-37-52/2026-09-05_11-37-57_ppo_torch_stage1_mixed/checkpoints/best_agent.pt,ecf1a26095dfe976a926a1c7c3876aaafb1c80f1dd681f9e9f35bd678864cdf1,150d107225160ac498040fa20d4ccf9e26ec2703,True,fixed_per_environment_quotas_v2,clean,29,82,True,True,6.28,,7,False,False,39.702171325683594,6.28,0.0,0.0003419523418415338,0.0
/home/donglei/isaac_projects/isaac_drone_racer/.worktrees/stage1-fake-vio/logs/skrl/stage1_recovery_20260905/2026-09-05_11-37-52/2026-09-05_11-37-57_ppo_torch_stage1_mixed/checkpoints/best_agent.pt,ecf1a26095dfe976a926a1c7c3876aaafb1c80f1dd681f9e9f35bd678864cdf1,150d107225160ac498040fa20d4ccf9e26ec2703,True,fixed_per_environment_quotas_v2,clean,29,83,True,True,6.0600000000000005,,7,False,False,39.359222412109375,6.0600000000000005,0.0,0.0003047121281269938,0.0
/home/donglei/isaac_projects/isaac_drone_racer/.worktrees/stage1-fake-vio/logs/skrl/stage1_recovery_20260905/2026-09-05_11-37-52/2026-09-05_11-37-57_ppo_torch_stage1_mixed/checkpoints/best_agent.pt,ecf1a26095dfe976a926a1c7c3876aaafb1c80f1dd681f9e9f35bd678864cdf1,150d107225160ac498040fa20d4ccf9e26ec2703,True,fixed_per_environment_quotas_v2,clean,29,84,True,True,6.33,,7,False,False,39.82046127319336,6.33,0.0,0.0003129355318378657,0.0
/home/donglei/isaac_projects/isaac_drone_racer/.worktrees/stage1-fake-vio/logs/skrl/stage1_recovery_20260905/2026-09-05_11-37-52/2026-09-05_11-37-57_ppo_torch_stage1_mixed/checkpoints/best_agent.pt,ecf1a26095dfe976a926a1c7c3876aaafb1c80f1dd681f9e9f35bd678864cdf1,150d107225160ac498040fa20d4ccf9e26ec2703,True,fixed_per_environment_quotas_v2,clean,29,85,True,True,5.97,,7,False,False,39.84494400024414,5.97,0.0,0.0003147086827084422,0.0
/home/donglei/isaac_projects/isaac_drone_racer/.worktrees/stage1-fake-vio/logs/skrl/stage1_recovery_20260905/2026-09-05_11-37-52/2026-09-05_11-37-57_ppo_torch_stage1_mixed/checkpoints/best_agent.pt,ecf1a26095dfe976a926a1c7c3876aaafb1c80f1dd681f9e9f35bd678864cdf1,150d107225160ac498040fa20d4ccf9e26ec2703,True,fixed_per_environment_quotas_v2,clean,29,86,True,True,5.94,,7,False,False,39.265872955322266,5.94,0.0,0.0003103719209320843,0.0
/home/donglei/isaac_projects/isaac_drone_racer/.worktrees/stage1-fake-vio/logs/skrl/stage1_recovery_20260905/2026-09-05_11-37-52/2026-09-05_11-37-57_ppo_torch_stage1_mixed/checkpoints/best_agent.pt,ecf1a26095dfe976a926a1c7c3876aaafb1c80f1dd681f9e9f35bd678864cdf1,150d107225160ac498040fa20d4ccf9e26ec2703,True,fixed_per_environment_quotas_v2,clean,29,87,True,True,6.15,,7,False,False,39.56696319580078,6.15,0.0,0.0003075582499150187,0.0
/home/donglei/isaac_projects/isaac_drone_racer/.worktrees/stage1-fake-vio/logs/skrl/stage1_recovery_20260905/2026-09-05_11-37-52/2026-09-05_11-37-57_ppo_torch_stage1_mixed/checkpoints/best_agent.pt,ecf1a26095dfe976a926a1c7c3876aaafb1c80f1dd681f9e9f35bd678864cdf1,150d107225160ac498040fa20d4ccf9e26ec2703,True,fixed_per_environment_quotas_v2,clean,29,88,True,True,6.19,,7,False,False,39.61627960205078,6.19,0.0,0.00032486283453181386,0.0
/home/donglei/isaac_projects/isaac_drone_racer/.worktrees/stage1-fake-vio/logs/skrl/stage1_recovery_20260905/2026-09-05_11-37-52/2026-09-05_11-37-57_ppo_torch_stage1_mixed/checkpoints/best_agent.pt,ecf1a26095dfe976a926a1c7c3876aaafb1c80f1dd681f9e9f35bd678864cdf1,150d107225160ac498040fa20d4ccf9e26ec2703,True,fixed_per_environment_quotas_v2,clean,29,89,True,True,6.0,,7,False,False,39.48381042480469,6.0,0.0,0.0002996737021021545,0.0
/home/donglei/isaac_projects/isaac_drone_racer/.worktrees/stage1-fake-vio/logs/skrl/stage1_recovery_20260905/2026-09-05_11-37-52/2026-09-05_11-37-57_ppo_torch_stage1_mixed/checkpoints/best_agent.pt,ecf1a26095dfe976a926a1c7c3876aaafb1c80f1dd681f9e9f35bd678864cdf1,150d107225160ac498040fa20d4ccf9e26ec2703,True,fixed_per_environment_quotas_v2,clean,29,90,True,True,6.0600000000000005,,7,False,False,39.575721740722656,6.0600000000000005,0.0,0.0003271283640060574,0.0
/home/donglei/isaac_projects/isaac_drone_racer/.worktrees/stage1-fake-vio/logs/skrl/stage1_recovery_20260905/2026-09-05_11-37-52/2026-09-05_11-37-57_ppo_torch_stage1_mixed/checkpoints/best_agent.pt,ecf1a26095dfe976a926a1c7c3876aaafb1c80f1dd681f9e9f35bd678864cdf1,150d107225160ac498040fa20d4ccf9e26ec2703,True,fixed_per_environment_quotas_v2,clean,29,91,True,True,6.0200000000000005,,7,False,False,39.44290542602539,6.0200000000000005,0.0,0.0003018114366568625,0.0
/home/donglei/isaac_projects/isaac_drone_racer/.worktrees/stage1-fake-vio/logs/skrl/stage1_recovery_20260905/2026-09-05_11-37-52/2026-09-05_11-37-57_ppo_torch_stage1_mixed/checkpoints/best_agent.pt,ecf1a26095dfe976a926a1c7c3876aaafb1c80f1dd681f9e9f35bd678864cdf1,150d107225160ac498040fa20d4ccf9e26ec2703,True,fixed_per_environment_quotas_v2,clean,29,92,True,True,5.89,,7,False,False,39.54433822631836,5.89,0.0,0.0003231634618714452,0.0
/home/donglei/isaac_projects/isaac_drone_racer/.worktrees/stage1-fake-vio/logs/skrl/stage1_recovery_20260905/2026-09-05_11-37-52/2026-09-05_11-37-57_ppo_torch_stage1_mixed/checkpoints/best_agent.pt,ecf1a26095dfe976a926a1c7c3876aaafb1c80f1dd681f9e9f35bd678864cdf1,150d107225160ac498040fa20d4ccf9e26ec2703,True,fixed_per_environment_quotas_v2,clean,29,93,True,True,5.79,,7,False,False,39.62310791015625,5.79,0.0,0.00032720313174650073,0.0
/home/donglei/isaac_projects/isaac_drone_racer/.worktrees/stage1-fake-vio/logs/skrl/stage1_recovery_20260905/2026-09-05_11-37-52/2026-09-05_11-37-57_ppo_torch_stage1_mixed/checkpoints/best_agent.pt,ecf1a26095dfe976a926a1c7c3876aaafb1c80f1dd681f9e9f35bd678864cdf1,150d107225160ac498040fa20d4ccf9e26ec2703,True,fixed_per_environment_quotas_v2,clean,29,94,True,True,6.140000000000001,,7,False,False,39.516456604003906,6.140000000000001,0.0,0.00030527517083100975,0.0
/home/donglei/isaac_projects/isaac_drone_racer/.worktrees/stage1-fake-vio/logs/skrl/stage1_recovery_20260905/2026-09-05_11-37-52/2026-09-05_11-37-57_ppo_torch_stage1_mixed/checkpoints/best_agent.pt,ecf1a26095dfe976a926a1c7c3876aaafb1c80f1dd681f9e9f35bd678864cdf1,150d107225160ac498040fa20d4ccf9e26ec2703,True,fixed_per_environment_quotas_v2,clean,29,95,True,True,6.3500000000000005,,7,False,False,39.70199203491211,6.3500000000000005,0.0,0.00033784692641347647,0.0
/home/donglei/isaac_projects/isaac_drone_racer/.worktrees/stage1-fake-vio/logs/skrl/stage1_recovery_20260905/2026-09-05_11-37-52/2026-09-05_11-37-57_ppo_torch_stage1_mixed/checkpoints/best_agent.pt,ecf1a26095dfe976a926a1c7c3876aaafb1c80f1dd681f9e9f35bd678864cdf1,150d107225160ac498040fa20d4ccf9e26ec2703,True,fixed_per_environment_quotas_v2,clean,29,96,True,True,5.95,,7,False,False,39.40204620361328,5.95,0.0,0.00031902772025205195,0.0
/home/donglei/isaac_projects/isaac_drone_racer/.worktrees/stage1-fake-vio/logs/skrl/stage1_recovery_20260905/2026-09-05_11-37-52/2026-09-05_11-37-57_ppo_torch_stage1_mixed/checkpoints/best_agent.pt,ecf1a26095dfe976a926a1c7c3876aaafb1c80f1dd681f9e9f35bd678864cdf1,150d107225160ac498040fa20d4ccf9e26ec2703,True,fixed_per_environment_quotas_v2,clean,29,97,True,True,5.98,,7,False,False,39.41690444946289,5.98,0.0,0.0002837887150235474,0.0
/home/donglei/isaac_projects/isaac_drone_racer/.worktrees/stage1-fake-vio/logs/skrl/stage1_recovery_20260905/2026-09-05_11-37-52/2026-09-05_11-37-57_ppo_torch_stage1_mixed/checkpoints/best_agent.pt,ecf1a26095dfe976a926a1c7c3876aaafb1c80f1dd681f9e9f35bd678864cdf1,150d107225160ac498040fa20d4ccf9e26ec2703,True,fixed_per_environment_quotas_v2,clean,29,98,True,True,5.76,,7,False,False,39.5200309753418,5.76,0.0,0.00032805409864522517,0.0
/home/donglei/isaac_projects/isaac_drone_racer/.worktrees/stage1-fake-vio/logs/skrl/stage1_recovery_20260905/2026-09-05_11-37-52/2026-09-05_11-37-57_ppo_torch_stage1_mixed/checkpoints/best_agent.pt,ecf1a26095dfe976a926a1c7c3876aaafb1c80f1dd681f9e9f35bd678864cdf1,150d107225160ac498040fa20d4ccf9e26ec2703,True,fixed_per_environment_quotas_v2,clean,29,99,True,True,6.1000000000000005,,7,False,False,39.68583679199219,6.1000000000000005,0.0,0.0002958892146125436,0.0
/home/donglei/isaac_projects/isaac_drone_racer/.worktrees/stage1-fake-vio/logs/skrl/stage1_recovery_20260905/2026-09-05_11-37-52/2026-09-05_11-37-57_ppo_torch_stage1_mixed/checkpoints/best_agent.pt,ecf1a26095dfe976a926a1c7c3876aaafb1c80f1dd681f9e9f35bd678864cdf1,150d107225160ac498040fa20d4ccf9e26ec2703,True,fixed_per_environment_quotas_v2,clean,29,100,True,True,6.3100000000000005,,7,False,False,39.929931640625,6.3100000000000005,0.0,0.00033555482514202595,0.0
/home/donglei/isaac_projects/isaac_drone_racer/.worktrees/stage1-fake-vio/logs/skrl/stage1_recovery_20260905/2026-09-05_11-37-52/2026-09-05_11-37-57_ppo_torch_stage1_mixed/checkpoints/best_agent.pt,ecf1a26095dfe976a926a1c7c3876aaafb1c80f1dd681f9e9f35bd678864cdf1,150d107225160ac498040fa20d4ccf9e26ec2703,True,fixed_per_environment_quotas_v2,clean,29,101,True,True,6.24,,7,False,False,39.98199462890625,6.24,0.0,0.0002977294207084924,0.0
/home/donglei/isaac_projects/isaac_drone_racer/.worktrees/stage1-fake-vio/logs/skrl/stage1_recovery_20260905/2026-09-05_11-37-52/2026-09-05_11-37-57_ppo_torch_stage1_mixed/checkpoints/best_agent.pt,ecf1a26095dfe976a926a1c7c3876aaafb1c80f1dd681f9e9f35bd678864cdf1,150d107225160ac498040fa20d4ccf9e26ec2703,True,fixed_per_environment_quotas_v2,clean,29,102,True,True,6.0600000000000005,,7,False,False,39.82522964477539,6.0600000000000005,0.0,0.0003008137282449752,0.0
/home/donglei/isaac_projects/isaac_drone_racer/.worktrees/stage1-fake-vio/logs/skrl/stage1_recovery_20260905/2026-09-05_11-37-52/2026-09-05_11-37-57_ppo_torch_stage1_mixed/checkpoints/best_agent.pt,ecf1a26095dfe976a926a1c7c3876aaafb1c80f1dd681f9e9f35bd678864cdf1,150d107225160ac498040fa20d4ccf9e26ec2703,True,fixed_per_environment_quotas_v2,clean,29,103,True,True,6.03,,7,False,False,39.820091247558594,6.03,0.0,0.0003015610855072737,0.0
/home/donglei/isaac_projects/isaac_drone_racer/.worktrees/stage1-fake-vio/logs/skrl/stage1_recovery_20260905/2026-09-05_11-37-52/2026-09-05_11-37-57_ppo_torch_stage1_mixed/checkpoints/best_agent.pt,ecf1a26095dfe976a926a1c7c3876aaafb1c80f1dd681f9e9f35bd678864cdf1,150d107225160ac498040fa20d4ccf9e26ec2703,True,fixed_per_environment_quotas_v2,clean,29,104,True,True,5.74,,7,False,False,39.4713249206543,5.74,0.0,0.0002910912735387683,0.0
/home/donglei/isaac_projects/isaac_drone_racer/.worktrees/stage1-fake-vio/logs/skrl/stage1_recovery_20260905/2026-09-05_11-37-52/2026-09-05_11-37-57_ppo_torch_stage1_mixed/checkpoints/best_agent.pt,ecf1a26095dfe976a926a1c7c3876aaafb1c80f1dd681f9e9f35bd678864cdf1,150d107225160ac498040fa20d4ccf9e26ec2703,True,fixed_per_environment_quotas_v2,clean,29,105,True,True,6.18,,7,False,False,39.85427474975586,6.18,0.0,0.0003310053434688598,0.0
/home/donglei/isaac_projects/isaac_drone_racer/.worktrees/stage1-fake-vio/logs/skrl/stage1_recovery_20260905/2026-09-05_11-37-52/2026-09-05_11-37-57_ppo_torch_stage1_mixed/checkpoints/best_agent.pt,ecf1a26095dfe976a926a1c7c3876aaafb1c80f1dd681f9e9f35bd678864cdf1,150d107225160ac498040fa20d4ccf9e26ec2703,True,fixed_per_environment_quotas_v2,clean,29,106,True,True,6.19,,7,False,False,39.71717071533203,6.19,0.0,0.00032840046333149076,0.0
/home/donglei/isaac_projects/isaac_drone_racer/.worktrees/stage1-fake-vio/logs/skrl/stage1_recovery_20260905/2026-09-05_11-37-52/2026-09-05_11-37-57_ppo_torch_stage1_mixed/checkpoints/best_agent.pt,ecf1a26095dfe976a926a1c7c3876aaafb1c80f1dd681f9e9f35bd678864cdf1,150d107225160ac498040fa20d4ccf9e26ec2703,True,fixed_per_environment_quotas_v2,clean,29,107,True,True,5.92,,7,False,False,39.63795471191406,5.92,0.0,0.00031983506050892174,0.0
/home/donglei/isaac_projects/isaac_drone_racer/.worktrees/stage1-fake-vio/logs/skrl/stage1_recovery_20260905/2026-09-05_11-37-52/2026-09-05_11-37-57_ppo_torch_stage1_mixed/checkpoints/best_agent.pt,ecf1a26095dfe976a926a1c7c3876aaafb1c80f1dd681f9e9f35bd678864cdf1,150d107225160ac498040fa20d4ccf9e26ec2703,True,fixed_per_environment_quotas_v2,clean,29,108,True,True,6.11,,7,False,False,39.6365852355957,6.11,0.0,0.000308563350699842,0.0
/home/donglei/isaac_projects/isaac_drone_racer/.worktrees/stage1-fake-vio/logs/skrl/stage1_recovery_20260905/2026-09-05_11-37-52/2026-09-05_11-37-57_ppo_torch_stage1_mixed/checkpoints/best_agent.pt,ecf1a26095dfe976a926a1c7c3876aaafb1c80f1dd681f9e9f35bd678864cdf1,150d107225160ac498040fa20d4ccf9e26ec2703,True,fixed_per_environment_quotas_v2,clean,29,109,True,True,5.9,,7,False,False,39.64516067504883,5.9,0.0,0.00029544110293500125,0.0
/home/donglei/isaac_projects/isaac_drone_racer/.worktrees/stage1-fake-vio/logs/skrl/stage1_recovery_20260905/2026-09-05_11-37-52/2026-09-05_11-37-57_ppo_torch_stage1_mixed/checkpoints/best_agent.pt,ecf1a26095dfe976a926a1c7c3876aaafb1c80f1dd681f9e9f35bd678864cdf1,150d107225160ac498040fa20d4ccf9e26ec2703,True,fixed_per_environment_quotas_v2,clean,29,110,True,True,6.0200000000000005,,7,False,False,39.48591995239258,6.0200000000000005,0.0,0.0003208917041774839,0.0
/home/donglei/isaac_projects/isaac_drone_racer/.worktrees/stage1-fake-vio/logs/skrl/stage1_recovery_20260905/2026-09-05_11-37-52/2026-09-05_11-37-57_ppo_torch_stage1_mixed/checkpoints/best_agent.pt,ecf1a26095dfe976a926a1c7c3876aaafb1c80f1dd681f9e9f35bd678864cdf1,150d107225160ac498040fa20d4ccf9e26ec2703,True,fixed_per_environment_quotas_v2,clean,29,111,True,True,6.01,,7,False,False,39.61838150024414,6.01,0.0,0.0003149218682665378,0.0
/home/donglei/isaac_projects/isaac_drone_racer/.worktrees/stage1-fake-vio/logs/skrl/stage1_recovery_20260905/2026-09-05_11-37-52/2026-09-05_11-37-57_ppo_torch_stage1_mixed/checkpoints/best_agent.pt,ecf1a26095dfe976a926a1c7c3876aaafb1c80f1dd681f9e9f35bd678864cdf1,150d107225160ac498040fa20d4ccf9e26ec2703,True,fixed_per_environment_quotas_v2,clean,29,112,True,True,6.17,,7,False,False,39.81834030151367,6.17,0.0,0.0003157455939799547,0.0
/home/donglei/isaac_projects/isaac_drone_racer/.worktrees/stage1-fake-vio/logs/skrl/stage1_recovery_20260905/2026-09-05_11-37-52/2026-09-05_11-37-57_ppo_torch_stage1_mixed/checkpoints/best_agent.pt,ecf1a26095dfe976a926a1c7c3876aaafb1c80f1dd681f9e9f35bd678864cdf1,150d107225160ac498040fa20d4ccf9e26ec2703,True,fixed_per_environment_quotas_v2,clean,29,113,True,True,5.8500000000000005,,7,False,False,39.63675308227539,5.8500000000000005,0.0,0.0002994356327690184,0.0
/home/donglei/isaac_projects/isaac_drone_racer/.worktrees/stage1-fake-vio/logs/skrl/stage1_recovery_20260905/2026-09-05_11-37-52/2026-09-05_11-37-57_ppo_torch_stage1_mixed/checkpoints/best_agent.pt,ecf1a26095dfe976a926a1c7c3876aaafb1c80f1dd681f9e9f35bd678864cdf1,150d107225160ac498040fa20d4ccf9e26ec2703,True,fixed_per_environment_quotas_v2,clean,29,114,True,True,5.89,,7,False,False,39.427677154541016,5.89,0.0,0.0003103851049672812,0.0
/home/donglei/isaac_projects/isaac_drone_racer/.worktrees/stage1-fake-vio/logs/skrl/stage1_recovery_20260905/2026-09-05_11-37-52/2026-09-05_11-37-57_ppo_torch_stage1_mixed/checkpoints/best_agent.pt,ecf1a26095dfe976a926a1c7c3876aaafb1c80f1dd681f9e9f35bd678864cdf1,150d107225160ac498040fa20d4ccf9e26ec2703,True,fixed_per_environment_quotas_v2,clean,29,115,True,True,5.97,,7,False,False,39.678794860839844,5.97,0.0,0.00028959597693756223,0.0
/home/donglei/isaac_projects/isaac_drone_racer/.worktrees/stage1-fake-vio/logs/skrl/stage1_recovery_20260905/2026-09-05_11-37-52/2026-09-05_11-37-57_ppo_torch_stage1_mixed/checkpoints/best_agent.pt,ecf1a26095dfe976a926a1c7c3876aaafb1c80f1dd681f9e9f35bd678864cdf1,150d107225160ac498040fa20d4ccf9e26ec2703,True,fixed_per_environment_quotas_v2,clean,29,116,True,True,5.93,,7,False,False,39.48366928100586,5.93,0.0,0.00030143724870868027,0.0
/home/donglei/isaac_projects/isaac_drone_racer/.worktrees/stage1-fake-vio/logs/skrl/stage1_recovery_20260905/2026-09-05_11-37-52/2026-09-05_11-37-57_ppo_torch_stage1_mixed/checkpoints/best_agent.pt,ecf1a26095dfe976a926a1c7c3876aaafb1c80f1dd681f9e9f35bd678864cdf1,150d107225160ac498040fa20d4ccf9e26ec2703,True,fixed_per_environment_quotas_v2,clean,29,117,True,True,6.08,,7,False,False,39.43016815185547,6.08,0.0,0.00032175122760236263,0.0
/home/donglei/isaac_projects/isaac_drone_racer/.worktrees/stage1-fake-vio/logs/skrl/stage1_recovery_20260905/2026-09-05_11-37-52/2026-09-05_11-37-57_ppo_torch_stage1_mixed/checkpoints/best_agent.pt,ecf1a26095dfe976a926a1c7c3876aaafb1c80f1dd681f9e9f35bd678864cdf1,150d107225160ac498040fa20d4ccf9e26ec2703,True,fixed_per_environment_quotas_v2,clean,29,118,True,True,5.93,,7,False,False,39.704444885253906,5.93,0.0,0.00031321143615059555,0.0
/home/donglei/isaac_projects/isaac_drone_racer/.worktrees/stage1-fake-vio/logs/skrl/stage1_recovery_20260905/2026-09-05_11-37-52/2026-09-05_11-37-57_ppo_torch_stage1_mixed/checkpoints/best_agent.pt,ecf1a26095dfe976a926a1c7c3876aaafb1c80f1dd681f9e9f35bd678864cdf1,150d107225160ac498040fa20d4ccf9e26ec2703,True,fixed_per_environment_quotas_v2,clean,29,119,True,True,6.19,,7,False,False,39.73381423950195,6.19,0.0,0.0003188795817550272,0.0
/home/donglei/isaac_projects/isaac_drone_racer/.worktrees/stage1-fake-vio/logs/skrl/stage1_recovery_20260905/2026-09-05_11-37-52/2026-09-05_11-37-57_ppo_torch_stage1_mixed/checkpoints/best_agent.pt,ecf1a26095dfe976a926a1c7c3876aaafb1c80f1dd681f9e9f35bd678864cdf1,150d107225160ac498040fa20d4ccf9e26ec2703,True,fixed_per_environment_quotas_v2,clean,29,120,True,True,6.03,,7,False,False,39.520904541015625,6.03,0.0,0.0002962701255455613,0.0
/home/donglei/isaac_projects/isaac_drone_racer/.worktrees/stage1-fake-vio/logs/skrl/stage1_recovery_20260905/2026-09-05_11-37-52/2026-09-05_11-37-57_ppo_torch_stage1_mixed/checkpoints/best_agent.pt,ecf1a26095dfe976a926a1c7c3876aaafb1c80f1dd681f9e9f35bd678864cdf1,150d107225160ac498040fa20d4ccf9e26ec2703,True,fixed_per_environment_quotas_v2,clean,29,121,True,True,6.12,,7,False,False,39.67849349975586,6.12,0.0,0.0003095721476711333,0.0
/home/donglei/isaac_projects/isaac_drone_racer/.worktrees/stage1-fake-vio/logs/skrl/stage1_recovery_20260905/2026-09-05_11-37-52/2026-09-05_11-37-57_ppo_torch_stage1_mixed/checkpoints/best_agent.pt,ecf1a26095dfe976a926a1c7c3876aaafb1c80f1dd681f9e9f35bd678864cdf1,150d107225160ac498040fa20d4ccf9e26ec2703,True,fixed_per_environment_quotas_v2,clean,29,122,True,True,6.16,,7,False,False,39.74889373779297,6.16,0.0,0.0003184420056641102,0.0
/home/donglei/isaac_projects/isaac_drone_racer/.worktrees/stage1-fake-vio/logs/skrl/stage1_recovery_20260905/2026-09-05_11-37-52/2026-09-05_11-37-57_ppo_torch_stage1_mixed/checkpoints/best_agent.pt,ecf1a26095dfe976a926a1c7c3876aaafb1c80f1dd681f9e9f35bd678864cdf1,150d107225160ac498040fa20d4ccf9e26ec2703,True,fixed_per_environment_quotas_v2,clean,29,123,True,True,5.98,,7,False,False,39.599796295166016,5.98,0.0,0.00030149967642500997,0.0
/home/donglei/isaac_projects/isaac_drone_racer/.worktrees/stage1-fake-vio/logs/skrl/stage1_recovery_20260905/2026-09-05_11-37-52/2026-09-05_11-37-57_ppo_torch_stage1_mixed/checkpoints/best_agent.pt,ecf1a26095dfe976a926a1c7c3876aaafb1c80f1dd681f9e9f35bd678864cdf1,150d107225160ac498040fa20d4ccf9e26ec2703,True,fixed_per_environment_quotas_v2,clean,29,124,True,True,5.9,,7,False,False,39.62587356567383,5.9,0.0,0.00032785729854367673,0.0
/home/donglei/isaac_projects/isaac_drone_racer/.worktrees/stage1-fake-vio/logs/skrl/stage1_recovery_20260905/2026-09-05_11-37-52/2026-09-05_11-37-57_ppo_torch_stage1_mixed/checkpoints/best_agent.pt,ecf1a26095dfe976a926a1c7c3876aaafb1c80f1dd681f9e9f35bd678864cdf1,150d107225160ac498040fa20d4ccf9e26ec2703,True,fixed_per_environment_quotas_v2,clean,29,125,True,True,5.75,,7,False,False,39.49430847167969,5.75,0.0,0.0003101559414062649,0.0
/home/donglei/isaac_projects/isaac_drone_racer/.worktrees/stage1-fake-vio/logs/skrl/stage1_recovery_20260905/2026-09-05_11-37-52/2026-09-05_11-37-57_ppo_torch_stage1_mixed/checkpoints/best_agent.pt,ecf1a26095dfe976a926a1c7c3876aaafb1c80f1dd681f9e9f35bd678864cdf1,150d107225160ac498040fa20d4ccf9e26ec2703,True,fixed_per_environment_quotas_v2,clean,29,126,True,True,5.93,,7,False,False,39.324214935302734,5.93,0.0,0.0003245587577112019,0.0
/home/donglei/isaac_projects/isaac_drone_racer/.worktrees/stage1-fake-vio/logs/skrl/stage1_recovery_20260905/2026-09-05_11-37-52/2026-09-05_11-37-57_ppo_torch_stage1_mixed/checkpoints/best_agent.pt,ecf1a26095dfe976a926a1c7c3876aaafb1c80f1dd681f9e9f35bd678864cdf1,150d107225160ac498040fa20d4ccf9e26ec2703,True,fixed_per_environment_quotas_v2,clean,29,127,True,True,6.17,,7,False,False,39.86040115356445,6.17,0.0,0.00033010492916218936,0.0
/home/donglei/isaac_projects/isaac_drone_racer/.worktrees/stage1-fake-vio/logs/skrl/stage1_recovery_20260905/2026-09-05_11-37-52/2026-09-05_11-37-57_ppo_torch_stage1_mixed/checkpoints/best_agent.pt,ecf1a26095dfe976a926a1c7c3876aaafb1c80f1dd681f9e9f35bd678864cdf1,150d107225160ac498040fa20d4ccf9e26ec2703,True,fixed_per_environment_quotas_v2,clean,47,0,False,False,,3,0,False,False,0.17522631585597992,0.26,0.0,0.0003583004872780293,0.0
/home/donglei/isaac_projects/isaac_drone_racer/.worktrees/stage1-fake-vio/logs/skrl/stage1_recovery_20260905/2026-09-05_11-37-52/2026-09-05_11-37-57_ppo_torch_stage1_mixed/checkpoints/best_agent.pt,ecf1a26095dfe976a926a1c7c3876aaafb1c80f1dd681f9e9f35bd678864cdf1,150d107225160ac498040fa20d4ccf9e26ec2703,True,fixed_per_environment_quotas_v2,clean,47,1,False,False,,2,0,True,False,-3.039065361022949,0.79,0.0,0.0002801193913910538,0.0
/home/donglei/isaac_projects/isaac_drone_racer/.worktrees/stage1-fake-vio/logs/skrl/stage1_recovery_20260905/2026-09-05_11-37-52/2026-09-05_11-37-57_ppo_torch_stage1_mixed/checkpoints/best_agent.pt,ecf1a26095dfe976a926a1c7c3876aaafb1c80f1dd681f9e9f35bd678864cdf1,150d107225160ac498040fa20d4ccf9e26ec2703,True,fixed_per_environment_quotas_v2,clean,47,2,False,False,,1,1,False,False,5.323334217071533,0.84,0.0,0.0003106489311903715,0.0
/home/donglei/isaac_projects/isaac_drone_racer/.worktrees/stage1-fake-vio/logs/skrl/stage1_recovery_20260905/2026-09-05_11-37-52/2026-09-05_11-37-57_ppo_torch_stage1_mixed/checkpoints/best_agent.pt,ecf1a26095dfe976a926a1c7c3876aaafb1c80f1dd681f9e9f35bd678864cdf1,150d107225160ac498040fa20d4ccf9e26ec2703,True,fixed_per_environment_quotas_v2,clean,47,3,False,False,,1,1,False,False,5.524633884429932,0.9500000000000001,0.0,0.0003323032578919083,0.0
/home/donglei/isaac_projects/isaac_drone_racer/.worktrees/stage1-fake-vio/logs/skrl/stage1_recovery_20260905/2026-09-05_11-37-52/2026-09-05_11-37-57_ppo_torch_stage1_mixed/checkpoints/best_agent.pt,ecf1a26095dfe976a926a1c7c3876aaafb1c80f1dd681f9e9f35bd678864cdf1,150d107225160ac498040fa20d4ccf9e26ec2703,True,fixed_per_environment_quotas_v2,clean,47,4,False,False,,3,0,False,False,1.847792625427246,1.03,0.0,0.0003042856405954808,0.0
/home/donglei/isaac_projects/isaac_drone_racer/.worktrees/stage1-fake-vio/logs/skrl/stage1_recovery_20260905/2026-09-05_11-37-52/2026-09-05_11-37-57_ppo_torch_stage1_mixed/checkpoints/best_agent.pt,ecf1a26095dfe976a926a1c7c3876aaafb1c80f1dd681f9e9f35bd678864cdf1,150d107225160ac498040fa20d4ccf9e26ec2703,True,fixed_per_environment_quotas_v2,clean,47,5,False,False,,3,2,False,False,10.870421409606934,1.6400000000000001,0.0,0.00033674054429866374,0.0
/home/donglei/isaac_projects/isaac_drone_racer/.worktrees/stage1-fake-vio/logs/skrl/stage1_recovery_20260905/2026-09-05_11-37-52/2026-09-05_11-37-57_ppo_torch_stage1_mixed/checkpoints/best_agent.pt,ecf1a26095dfe976a926a1c7c3876aaafb1c80f1dd681f9e9f35bd678864cdf1,150d107225160ac498040fa20d4ccf9e26ec2703,True,fixed_per_environment_quotas_v2,clean,47,6,False,False,,1,2,False,False,11.714461326599121,1.97,0.0,0.0003111586847808212,0.0
/home/donglei/isaac_projects/isaac_drone_racer/.worktrees/stage1-fake-vio/logs/skrl/stage1_recovery_20260905/2026-09-05_11-37-52/2026-09-05_11-37-57_ppo_torch_stage1_mixed/checkpoints/best_agent.pt,ecf1a26095dfe976a926a1c7c3876aaafb1c80f1dd681f9e9f35bd678864cdf1,150d107225160ac498040fa20d4ccf9e26ec2703,True,fixed_per_environment_quotas_v2,clean,47,7,False,False,,4,4,True,False,15.780183792114258,2.66,0.0,0.00034913927083835006,0.0
/home/donglei/isaac_projects/isaac_drone_racer/.worktrees/stage1-fake-vio/logs/skrl/stage1_recovery_20260905/2026-09-05_11-37-52/2026-09-05_11-37-57_ppo_torch_stage1_mixed/checkpoints/best_agent.pt,ecf1a26095dfe976a926a1c7c3876aaafb1c80f1dd681f9e9f35bd678864cdf1,150d107225160ac498040fa20d4ccf9e26ec2703,True,fixed_per_environment_quotas_v2,clean,47,8,False,False,,4,0,False,True,-10.973844528198242,2.74,0.0,0.00033373344922438264,0.0
/home/donglei/isaac_projects/isaac_drone_racer/.worktrees/stage1-fake-vio/logs/skrl/stage1_recovery_20260905/2026-09-05_11-37-52/2026-09-05_11-37-57_ppo_torch_stage1_mixed/checkpoints/best_agent.pt,ecf1a26095dfe976a926a1c7c3876aaafb1c80f1dd681f9e9f35bd678864cdf1,150d107225160ac498040fa20d4ccf9e26ec2703,True,fixed_per_environment_quotas_v2,clean,47,9,False,False,,1,4,False,False,20.73206329345703,2.82,0.0,0.00027276386390440166,0.0
/home/donglei/isaac_projects/isaac_drone_racer/.worktrees/stage1-fake-vio/logs/skrl/stage1_recovery_20260905/2026-09-05_11-37-52/2026-09-05_11-37-57_ppo_torch_stage1_mixed/checkpoints/best_agent.pt,ecf1a26095dfe976a926a1c7c3876aaafb1c80f1dd681f9e9f35bd678864cdf1,150d107225160ac498040fa20d4ccf9e26ec2703,True,fixed_per_environment_quotas_v2,clean,47,10,False,False,,6,3,True,False,14.0047607421875,2.82,0.0,0.0002936605305876583,0.0
/home/donglei/isaac_projects/isaac_drone_racer/.worktrees/stage1-fake-vio/logs/skrl/stage1_recovery_20260905/2026-09-05_11-37-52/2026-09-05_11-37-57_ppo_torch_stage1_mixed/checkpoints/best_agent.pt,ecf1a26095dfe976a926a1c7c3876aaafb1c80f1dd681f9e9f35bd678864cdf1,150d107225160ac498040fa20d4ccf9e26ec2703,True,fixed_per_environment_quotas_v2,clean,47,11,False,False,,6,1,True,False,-0.345639705657959,1.25,0.0,0.0003268203290645033,0.0
/home/donglei/isaac_projects/isaac_drone_racer/.worktrees/stage1-fake-vio/logs/skrl/stage1_recovery_20260905/2026-09-05_11-37-52/2026-09-05_11-37-57_ppo_torch_stage1_mixed/checkpoints/best_agent.pt,ecf1a26095dfe976a926a1c7c3876aaafb1c80f1dd681f9e9f35bd678864cdf1,150d107225160ac498040fa20d4ccf9e26ec2703,True,fixed_per_environment_quotas_v2,clean,47,12,False,False,,2,1,True,False,0.5578627586364746,1.07,0.0,0.00037168411654420197,0.0
/home/donglei/isaac_projects/isaac_drone_racer/.worktrees/stage1-fake-vio/logs/skrl/stage1_recovery_20260905/2026-09-05_11-37-52/2026-09-05_11-37-57_ppo_torch_stage1_mixed/checkpoints/best_agent.pt,ecf1a26095dfe976a926a1c7c3876aaafb1c80f1dd681f9e9f35bd678864cdf1,150d107225160ac498040fa20d4ccf9e26ec2703,True,fixed_per_environment_quotas_v2,clean,47,13,False,False,,3,6,False,False,31.450183868408203,4.3100000000000005,0.0,0.0003155496087856591,0.0
/home/donglei/isaac_projects/isaac_drone_racer/.worktrees/stage1-fake-vio/logs/skrl/stage1_recovery_20260905/2026-09-05_11-37-52/2026-09-05_11-37-57_ppo_torch_stage1_mixed/checkpoints/best_agent.pt,ecf1a26095dfe976a926a1c7c3876aaafb1c80f1dd681f9e9f35bd678864cdf1,150d107225160ac498040fa20d4ccf9e26ec2703,True,fixed_per_environment_quotas_v2,clean,47,14,False,False,,7,6,False,False,33.70491027832031,4.5200000000000005,0.0,0.00032803177600726485,0.0
/home/donglei/isaac_projects/isaac_drone_racer/.worktrees/stage1-fake-vio/logs/skrl/stage1_recovery_20260905/2026-09-05_11-37-52/2026-09-05_11-37-57_ppo_torch_stage1_mixed/checkpoints/best_agent.pt,ecf1a26095dfe976a926a1c7c3876aaafb1c80f1dd681f9e9f35bd678864cdf1,150d107225160ac498040fa20d4ccf9e26ec2703,True,fixed_per_environment_quotas_v2,clean,47,15,False,False,,4,3,False,True,6.080129146575928,4.69,0.0,0.0003374486113898456,0.0
/home/donglei/isaac_projects/isaac_drone_racer/.worktrees/stage1-fake-vio/logs/skrl/stage1_recovery_20260905/2026-09-05_11-37-52/2026-09-05_11-37-57_ppo_torch_stage1_mixed/checkpoints/best_agent.pt,ecf1a26095dfe976a926a1c7c3876aaafb1c80f1dd681f9e9f35bd678864cdf1,150d107225160ac498040fa20d4ccf9e26ec2703,True,fixed_per_environment_quotas_v2,clean,47,16,False,False,,3,2,False,True,3.669877529144287,4.71,0.0,0.0002643011976033449,0.0
/home/donglei/isaac_projects/isaac_drone_racer/.worktrees/stage1-fake-vio/logs/skrl/stage1_recovery_20260905/2026-09-05_11-37-52/2026-09-05_11-37-57_ppo_torch_stage1_mixed/checkpoints/best_agent.pt,ecf1a26095dfe976a926a1c7c3876aaafb1c80f1dd681f9e9f35bd678864cdf1,150d107225160ac498040fa20d4ccf9e26ec2703,True,fixed_per_environment_quotas_v2,clean,47,17,False,False,,6,6,True,False,29.87116050720215,5.41,0.0,0.0003027631901204586,0.0
/home/donglei/isaac_projects/isaac_drone_racer/.worktrees/stage1-fake-vio/logs/skrl/stage1_recovery_20260905/2026-09-05_11-37-52/2026-09-05_11-37-57_ppo_torch_stage1_mixed/checkpoints/best_agent.pt,ecf1a26095dfe976a926a1c7c3876aaafb1c80f1dd681f9e9f35bd678864cdf1,150d107225160ac498040fa20d4ccf9e26ec2703,True,fixed_per_environment_quotas_v2,clean,47,18,False,False,,3,6,True,False,29.30182456970215,5.46,0.0,0.0003085332573391497,0.0
/home/donglei/isaac_projects/isaac_drone_racer/.worktrees/stage1-fake-vio/logs/skrl/stage1_recovery_20260905/2026-09-05_11-37-52/2026-09-05_11-37-57_ppo_torch_stage1_mixed/checkpoints/best_agent.pt,ecf1a26095dfe976a926a1c7c3876aaafb1c80f1dd681f9e9f35bd678864cdf1,150d107225160ac498040fa20d4ccf9e26ec2703,True,fixed_per_environment_quotas_v2,clean,47,19,False,False,,7,5,False,True,15.034873962402344,5.51,0.0,0.00029564459691755474,0.0
/home/donglei/isaac_projects/isaac_drone_racer/.worktrees/stage1-fake-vio/logs/skrl/stage1_recovery_20260905/2026-09-05_11-37-52/2026-09-05_11-37-57_ppo_torch_stage1_mixed/checkpoints/best_agent.pt,ecf1a26095dfe976a926a1c7c3876aaafb1c80f1dd681f9e9f35bd678864cdf1,150d107225160ac498040fa20d4ccf9e26ec2703,True,fixed_per_environment_quotas_v2,clean,47,20,True,True,5.63,,7,False,False,38.953128814697266,5.63,0.0,0.00032796894083730876,0.0
/home/donglei/isaac_projects/isaac_drone_racer/.worktrees/stage1-fake-vio/logs/skrl/stage1_recovery_20260905/2026-09-05_11-37-52/2026-09-05_11-37-57_ppo_torch_stage1_mixed/checkpoints/best_agent.pt,ecf1a26095dfe976a926a1c7c3876aaafb1c80f1dd681f9e9f35bd678864cdf1,150d107225160ac498040fa20d4ccf9e26ec2703,True,fixed_per_environment_quotas_v2,clean,47,21,True,True,5.5,,7,False,False,39.310028076171875,5.5,0.0,0.000335718592396006,0.0
/home/donglei/isaac_projects/isaac_drone_racer/.worktrees/stage1-fake-vio/logs/skrl/stage1_recovery_20260905/2026-09-05_11-37-52/2026-09-05_11-37-57_ppo_torch_stage1_mixed/checkpoints/best_agent.pt,ecf1a26095dfe976a926a1c7c3876aaafb1c80f1dd681f9e9f35bd678864cdf1,150d107225160ac498040fa20d4ccf9e26ec2703,True,fixed_per_environment_quotas_v2,clean,47,22,True,True,4.91,,7,False,False,38.518768310546875,4.91,0.0,0.0002972795336972922,0.0
/home/donglei/isaac_projects/isaac_drone_racer/.worktrees/stage1-fake-vio/logs/skrl/stage1_recovery_20260905/2026-09-05_11-37-52/2026-09-05_11-37-57_ppo_torch_stage1_mixed/checkpoints/best_agent.pt,ecf1a26095dfe976a926a1c7c3876aaafb1c80f1dd681f9e9f35bd678864cdf1,150d107225160ac498040fa20d4ccf9e26ec2703,True,fixed_per_environment_quotas_v2,clean,47,23,True,True,5.25,,7,False,False,38.68390655517578,5.25,0.0,0.00031174340983852744,0.0
/home/donglei/isaac_projects/isaac_drone_racer/.worktrees/stage1-fake-vio/logs/skrl/stage1_recovery_20260905/2026-09-05_11-37-52/2026-09-05_11-37-57_ppo_torch_stage1_mixed/checkpoints/best_agent.pt,ecf1a26095dfe976a926a1c7c3876aaafb1c80f1dd681f9e9f35bd678864cdf1,150d107225160ac498040fa20d4ccf9e26ec2703,True,fixed_per_environment_quotas_v2,clean,47,24,True,True,5.29,,7,False,False,38.650245666503906,5.29,0.0,0.0003191511787008494,0.0
/home/donglei/isaac_projects/isaac_drone_racer/.worktrees/stage1-fake-vio/logs/skrl/stage1_recovery_20260905/2026-09-05_11-37-52/2026-09-05_11-37-57_ppo_torch_stage1_mixed/checkpoints/best_agent.pt,ecf1a26095dfe976a926a1c7c3876aaafb1c80f1dd681f9e9f35bd678864cdf1,150d107225160ac498040fa20d4ccf9e26ec2703,True,fixed_per_environment_quotas_v2,clean,47,25,True,True,5.55,,7,False,False,39.1502571105957,5.55,0.0,0.00032508064759895205,0.0
/home/donglei/isaac_projects/isaac_drone_racer/.worktrees/stage1-fake-vio/logs/skrl/stage1_recovery_20260905/2026-09-05_11-37-52/2026-09-05_11-37-57_ppo_torch_stage1_mixed/checkpoints/best_agent.pt,ecf1a26095dfe976a926a1c7c3876aaafb1c80f1dd681f9e9f35bd678864cdf1,150d107225160ac498040fa20d4ccf9e26ec2703,True,fixed_per_environment_quotas_v2,clean,47,26,True,True,5.21,,7,False,False,37.47806930541992,5.21,0.0,0.0003272345056757331,0.0
/home/donglei/isaac_projects/isaac_drone_racer/.worktrees/stage1-fake-vio/logs/skrl/stage1_recovery_20260905/2026-09-05_11-37-52/2026-09-05_11-37-57_ppo_torch_stage1_mixed/checkpoints/best_agent.pt,ecf1a26095dfe976a926a1c7c3876aaafb1c80f1dd681f9e9f35bd678864cdf1,150d107225160ac498040fa20d4ccf9e26ec2703,True,fixed_per_environment_quotas_v2,clean,47,27,False,False,,7,0,True,False,-3.896108388900757,1.16,0.0,0.0003205723478458822,0.0
/home/donglei/isaac_projects/isaac_drone_racer/.worktrees/stage1-fake-vio/logs/skrl/stage1_recovery_20260905/2026-09-05_11-37-52/2026-09-05_11-37-57_ppo_torch_stage1_mixed/checkpoints/best_agent.pt,ecf1a26095dfe976a926a1c7c3876aaafb1c80f1dd681f9e9f35bd678864cdf1,150d107225160ac498040fa20d4ccf9e26ec2703,True,fixed_per_environment_quotas_v2,clean,47,28,False,False,,4,2,True,False,9.56093978881836,2.95,0.0,0.0003216355398762971,0.0
/home/donglei/isaac_projects/isaac_drone_racer/.worktrees/stage1-fake-vio/logs/skrl/stage1_recovery_20260905/2026-09-05_11-37-52/2026-09-05_11-37-57_ppo_torch_stage1_mixed/checkpoints/best_agent.pt,ecf1a26095dfe976a926a1c7c3876aaafb1c80f1dd681f9e9f35bd678864cdf1,150d107225160ac498040fa20d4ccf9e26ec2703,True,fixed_per_environment_quotas_v2,clean,47,29,True,True,5.63,,7,False,False,39.54081726074219,5.63,0.0,0.0003343627031426877,0.0
/home/donglei/isaac_projects/isaac_drone_racer/.worktrees/stage1-fake-vio/logs/skrl/stage1_recovery_20260905/2026-09-05_11-37-52/2026-09-05_11-37-57_ppo_torch_stage1_mixed/checkpoints/best_agent.pt,ecf1a26095dfe976a926a1c7c3876aaafb1c80f1dd681f9e9f35bd678864cdf1,150d107225160ac498040fa20d4ccf9e26ec2703,True,fixed_per_environment_quotas_v2,clean,47,30,True,True,5.39,,7,False,False,39.41577911376953,5.39,0.0,0.00031336621032096446,0.0
/home/donglei/isaac_projects/isaac_drone_racer/.worktrees/stage1-fake-vio/logs/skrl/stage1_recovery_20260905/2026-09-05_11-37-52/2026-09-05_11-37-57_ppo_torch_stage1_mixed/checkpoints/best_agent.pt,ecf1a26095dfe976a926a1c7c3876aaafb1c80f1dd681f9e9f35bd678864cdf1,150d107225160ac498040fa20d4ccf9e26ec2703,True,fixed_per_environment_quotas_v2,clean,47,31,True,True,4.58,,7,False,False,37.59358215332031,4.58,0.0,0.0003258759970776737,0.0
/home/donglei/isaac_projects/isaac_drone_racer/.worktrees/stage1-fake-vio/logs/skrl/stage1_recovery_20260905/2026-09-05_11-37-52/2026-09-05_11-37-57_ppo_torch_stage1_mixed/checkpoints/best_agent.pt,ecf1a26095dfe976a926a1c7c3876aaafb1c80f1dd681f9e9f35bd678864cdf1,150d107225160ac498040fa20d4ccf9e26ec2703,True,fixed_per_environment_quotas_v2,clean,47,32,True,True,5.11,,7,False,False,37.80509948730469,5.11,0.0,0.00030699779745191336,0.0
/home/donglei/isaac_projects/isaac_drone_racer/.worktrees/stage1-fake-vio/logs/skrl/stage1_recovery_20260905/2026-09-05_11-37-52/2026-09-05_11-37-57_ppo_torch_stage1_mixed/checkpoints/best_agent.pt,ecf1a26095dfe976a926a1c7c3876aaafb1c80f1dd681f9e9f35bd678864cdf1,150d107225160ac498040fa20d4ccf9e26ec2703,True,fixed_per_environment_quotas_v2,clean,47,33,True,True,5.3,,7,False,False,38.9598388671875,5.3,0.0,0.00030441477429121733,0.0
/home/donglei/isaac_projects/isaac_drone_racer/.worktrees/stage1-fake-vio/logs/skrl/stage1_recovery_20260905/2026-09-05_11-37-52/2026-09-05_11-37-57_ppo_torch_stage1_mixed/checkpoints/best_agent.pt,ecf1a26095dfe976a926a1c7c3876aaafb1c80f1dd681f9e9f35bd678864cdf1,150d107225160ac498040fa20d4ccf9e26ec2703,True,fixed_per_environment_quotas_v2,clean,47,34,True,True,5.3,,7,False,False,38.33824157714844,5.3,0.0,0.0003145889495499432,0.0
/home/donglei/isaac_projects/isaac_drone_racer/.worktrees/stage1-fake-vio/logs/skrl/stage1_recovery_20260905/2026-09-05_11-37-52/2026-09-05_11-37-57_ppo_torch_stage1_mixed/checkpoints/best_agent.pt,ecf1a26095dfe976a926a1c7c3876aaafb1c80f1dd681f9e9f35bd678864cdf1,150d107225160ac498040fa20d4ccf9e26ec2703,True,fixed_per_environment_quotas_v2,clean,47,35,True,True,4.58,,7,False,False,37.57135772705078,4.58,0.0,0.0003061072202399373,0.0
/home/donglei/isaac_projects/isaac_drone_racer/.worktrees/stage1-fake-vio/logs/skrl/stage1_recovery_20260905/2026-09-05_11-37-52/2026-09-05_11-37-57_ppo_torch_stage1_mixed/checkpoints/best_agent.pt,ecf1a26095dfe976a926a1c7c3876aaafb1c80f1dd681f9e9f35bd678864cdf1,150d107225160ac498040fa20d4ccf9e26ec2703,True,fixed_per_environment_quotas_v2,clean,47,36,True,True,5.25,,7,False,False,39.17171859741211,5.25,0.0,0.0003088161756750196,0.0
/home/donglei/isaac_projects/isaac_drone_racer/.worktrees/stage1-fake-vio/logs/skrl/stage1_recovery_20260905/2026-09-05_11-37-52/2026-09-05_11-37-57_ppo_torch_stage1_mixed/checkpoints/best_agent.pt,ecf1a26095dfe976a926a1c7c3876aaafb1c80f1dd681f9e9f35bd678864cdf1,150d107225160ac498040fa20d4ccf9e26ec2703,True,fixed_per_environment_quotas_v2,clean,47,37,False,False,,6,4,True,False,18.677200317382812,3.97,0.0,0.00033601117320358753,0.0
/home/donglei/isaac_projects/isaac_drone_racer/.worktrees/stage1-fake-vio/logs/skrl/stage1_recovery_20260905/2026-09-05_11-37-52/2026-09-05_11-37-57_ppo_torch_stage1_mixed/checkpoints/best_agent.pt,ecf1a26095dfe976a926a1c7c3876aaafb1c80f1dd681f9e9f35bd678864cdf1,150d107225160ac498040fa20d4ccf9e26ec2703,True,fixed_per_environment_quotas_v2,clean,47,38,True,True,5.44,,7,False,False,39.20416259765625,5.44,0.0,0.0003270133747719228,0.0
/home/donglei/isaac_projects/isaac_drone_racer/.worktrees/stage1-fake-vio/logs/skrl/stage1_recovery_20260905/2026-09-05_11-37-52/2026-09-05_11-37-57_ppo_torch_stage1_mixed/checkpoints/best_agent.pt,ecf1a26095dfe976a926a1c7c3876aaafb1c80f1dd681f9e9f35bd678864cdf1,150d107225160ac498040fa20d4ccf9e26ec2703,True,fixed_per_environment_quotas_v2,clean,47,39,True,True,5.66,,7,False,False,39.236045837402344,5.66,0.0,0.0003470921947155148,0.0
/home/donglei/isaac_projects/isaac_drone_racer/.worktrees/stage1-fake-vio/logs/skrl/stage1_recovery_20260905/2026-09-05_11-37-52/2026-09-05_11-37-57_ppo_torch_stage1_mixed/checkpoints/best_agent.pt,ecf1a26095dfe976a926a1c7c3876aaafb1c80f1dd681f9e9f35bd678864cdf1,150d107225160ac498040fa20d4ccf9e26ec2703,True,fixed_per_environment_quotas_v2,clean,47,40,True,True,5.64,,7,False,False,39.41619873046875,5.64,0.0,0.0003549266548361629,0.0
/home/donglei/isaac_projects/isaac_drone_racer/.worktrees/stage1-fake-vio/logs/skrl/stage1_recovery_20260905/2026-09-05_11-37-52/2026-09-05_11-37-57_ppo_torch_stage1_mixed/checkpoints/best_agent.pt,ecf1a26095dfe976a926a1c7c3876aaafb1c80f1dd681f9e9f35bd678864cdf1,150d107225160ac498040fa20d4ccf9e26ec2703,True,fixed_per_environment_quotas_v2,clean,47,41,True,True,6.16,,7,False,False,39.56668472290039,6.16,0.0,0.0003085654170718044,0.0
/home/donglei/isaac_projects/isaac_drone_racer/.worktrees/stage1-fake-vio/logs/skrl/stage1_recovery_20260905/2026-09-05_11-37-52/2026-09-05_11-37-57_ppo_torch_stage1_mixed/checkpoints/best_agent.pt,ecf1a26095dfe976a926a1c7c3876aaafb1c80f1dd681f9e9f35bd678864cdf1,150d107225160ac498040fa20d4ccf9e26ec2703,True,fixed_per_environment_quotas_v2,clean,47,42,True,True,5.11,,7,False,False,39.136680603027344,5.11,0.0,0.00033602165058255196,0.0
/home/donglei/isaac_projects/isaac_drone_racer/.worktrees/stage1-fake-vio/logs/skrl/stage1_recovery_20260905/2026-09-05_11-37-52/2026-09-05_11-37-57_ppo_torch_stage1_mixed/checkpoints/best_agent.pt,ecf1a26095dfe976a926a1c7c3876aaafb1c80f1dd681f9e9f35bd678864cdf1,150d107225160ac498040fa20d4ccf9e26ec2703,True,fixed_per_environment_quotas_v2,clean,47,43,True,True,5.19,,7,False,False,39.18498229980469,5.19,0.0,0.0003179052728228271,0.0
/home/donglei/isaac_projects/isaac_drone_racer/.worktrees/stage1-fake-vio/logs/skrl/stage1_recovery_20260905/2026-09-05_11-37-52/2026-09-05_11-37-57_ppo_torch_stage1_mixed/checkpoints/best_agent.pt,ecf1a26095dfe976a926a1c7c3876aaafb1c80f1dd681f9e9f35bd678864cdf1,150d107225160ac498040fa20d4ccf9e26ec2703,True,fixed_per_environment_quotas_v2,clean,47,44,True,True,5.63,,7,False,False,39.49626159667969,5.63,0.0,0.0002895665820688009,0.0
/home/donglei/isaac_projects/isaac_drone_racer/.worktrees/stage1-fake-vio/logs/skrl/stage1_recovery_20260905/2026-09-05_11-37-52/2026-09-05_11-37-57_ppo_torch_stage1_mixed/checkpoints/best_agent.pt,ecf1a26095dfe976a926a1c7c3876aaafb1c80f1dd681f9e9f35bd678864cdf1,150d107225160ac498040fa20d4ccf9e26ec2703,True,fixed_per_environment_quotas_v2,clean,47,45,True,True,5.46,,7,False,False,39.199485778808594,5.46,0.0,0.0003056895802728832,0.0
/home/donglei/isaac_projects/isaac_drone_racer/.worktrees/stage1-fake-vio/logs/skrl/stage1_recovery_20260905/2026-09-05_11-37-52/2026-09-05_11-37-57_ppo_torch_stage1_mixed/checkpoints/best_agent.pt,ecf1a26095dfe976a926a1c7c3876aaafb1c80f1dd681f9e9f35bd678864cdf1,150d107225160ac498040fa20d4ccf9e26ec2703,True,fixed_per_environment_quotas_v2,clean,47,46,True,True,5.09,,7,False,False,38.33418273925781,5.09,0.0,0.00032391806598752737,0.0
/home/donglei/isaac_projects/isaac_drone_racer/.worktrees/stage1-fake-vio/logs/skrl/stage1_recovery_20260905/2026-09-05_11-37-52/2026-09-05_11-37-57_ppo_torch_stage1_mixed/checkpoints/best_agent.pt,ecf1a26095dfe976a926a1c7c3876aaafb1c80f1dd681f9e9f35bd678864cdf1,150d107225160ac498040fa20d4ccf9e26ec2703,True,fixed_per_environment_quotas_v2,clean,47,47,False,False,,3,3,True,False,11.59914779663086,3.74,0.0,0.00030086966580711305,0.0
/home/donglei/isaac_projects/isaac_drone_racer/.worktrees/stage1-fake-vio/logs/skrl/stage1_recovery_20260905/2026-09-05_11-37-52/2026-09-05_11-37-57_ppo_torch_stage1_mixed/checkpoints/best_agent.pt,ecf1a26095dfe976a926a1c7c3876aaafb1c80f1dd681f9e9f35bd678864cdf1,150d107225160ac498040fa20d4ccf9e26ec2703,True,fixed_per_environment_quotas_v2,clean,47,48,True,True,5.46,,7,False,False,39.408695220947266,5.46,0.0,0.0002865184796974063,0.0
/home/donglei/isaac_projects/isaac_drone_racer/.worktrees/stage1-fake-vio/logs/skrl/stage1_recovery_20260905/2026-09-05_11-37-52/2026-09-05_11-37-57_ppo_torch_stage1_mixed/checkpoints/best_agent.pt,ecf1a26095dfe976a926a1c7c3876aaafb1c80f1dd681f9e9f35bd678864cdf1,150d107225160ac498040fa20d4ccf9e26ec2703,True,fixed_per_environment_quotas_v2,clean,47,49,True,True,4.88,,7,False,False,38.198543548583984,4.88,0.0,0.00030467507895082235,0.0
/home/donglei/isaac_projects/isaac_drone_racer/.worktrees/stage1-fake-vio/logs/skrl/stage1_recovery_20260905/2026-09-05_11-37-52/2026-09-05_11-37-57_ppo_torch_stage1_mixed/checkpoints/best_agent.pt,ecf1a26095dfe976a926a1c7c3876aaafb1c80f1dd681f9e9f35bd678864cdf1,150d107225160ac498040fa20d4ccf9e26ec2703,True,fixed_per_environment_quotas_v2,clean,47,50,True,True,5.1000000000000005,,7,False,False,37.108421325683594,5.1000000000000005,0.0,0.0003103263152297586,0.0
/home/donglei/isaac_projects/isaac_drone_racer/.worktrees/stage1-fake-vio/logs/skrl/stage1_recovery_20260905/2026-09-05_11-37-52/2026-09-05_11-37-57_ppo_torch_stage1_mixed/checkpoints/best_agent.pt,ecf1a26095dfe976a926a1c7c3876aaafb1c80f1dd681f9e9f35bd678864cdf1,150d107225160ac498040fa20d4ccf9e26ec2703,True,fixed_per_environment_quotas_v2,clean,47,51,True,True,6.140000000000001,,7,False,False,39.39769744873047,6.140000000000001,0.0,0.0003225917462259531,0.0
/home/donglei/isaac_projects/isaac_drone_racer/.worktrees/stage1-fake-vio/logs/skrl/stage1_recovery_20260905/2026-09-05_11-37-52/2026-09-05_11-37-57_ppo_torch_stage1_mixed/checkpoints/best_agent.pt,ecf1a26095dfe976a926a1c7c3876aaafb1c80f1dd681f9e9f35bd678864cdf1,150d107225160ac498040fa20d4ccf9e26ec2703,True,fixed_per_environment_quotas_v2,clean,47,52,True,True,5.12,,7,False,False,38.845523834228516,5.12,0.0,0.00032296768040396273,0.0
/home/donglei/isaac_projects/isaac_drone_racer/.worktrees/stage1-fake-vio/logs/skrl/stage1_recovery_20260905/2026-09-05_11-37-52/2026-09-05_11-37-57_ppo_torch_stage1_mixed/checkpoints/best_agent.pt,ecf1a26095dfe976a926a1c7c3876aaafb1c80f1dd681f9e9f35bd678864cdf1,150d107225160ac498040fa20d4ccf9e26ec2703,True,fixed_per_environment_quotas_v2,clean,47,53,True,True,4.9,,7,False,False,36.68166732788086,4.9,0.0,0.00030723653617314994,0.0
/home/donglei/isaac_projects/isaac_drone_racer/.worktrees/stage1-fake-vio/logs/skrl/stage1_recovery_20260905/2026-09-05_11-37-52/2026-09-05_11-37-57_ppo_torch_stage1_mixed/checkpoints/best_agent.pt,ecf1a26095dfe976a926a1c7c3876aaafb1c80f1dd681f9e9f35bd678864cdf1,150d107225160ac498040fa20d4ccf9e26ec2703,True,fixed_per_environment_quotas_v2,clean,47,54,True,True,4.95,,7,False,False,38.65579605102539,4.95,0.0,0.00027760511147789657,0.0
/home/donglei/isaac_projects/isaac_drone_racer/.worktrees/stage1-fake-vio/logs/skrl/stage1_recovery_20260905/2026-09-05_11-37-52/2026-09-05_11-37-57_ppo_torch_stage1_mixed/checkpoints/best_agent.pt,ecf1a26095dfe976a926a1c7c3876aaafb1c80f1dd681f9e9f35bd678864cdf1,150d107225160ac498040fa20d4ccf9e26ec2703,True,fixed_per_environment_quotas_v2,clean,47,55,True,True,6.0200000000000005,,7,False,False,39.432708740234375,6.0200000000000005,0.0,0.00034698331728577614,0.0
/home/donglei/isaac_projects/isaac_drone_racer/.worktrees/stage1-fake-vio/logs/skrl/stage1_recovery_20260905/2026-09-05_11-37-52/2026-09-05_11-37-57_ppo_torch_stage1_mixed/checkpoints/best_agent.pt,ecf1a26095dfe976a926a1c7c3876aaafb1c80f1dd681f9e9f35bd678864cdf1,150d107225160ac498040fa20d4ccf9e26ec2703,True,fixed_per_environment_quotas_v2,clean,47,56,True,True,4.83,,7,False,False,38.15996170043945,4.83,0.0,0.0003013737441506237,0.0
/home/donglei/isaac_projects/isaac_drone_racer/.worktrees/stage1-fake-vio/logs/skrl/stage1_recovery_20260905/2026-09-05_11-37-52/2026-09-05_11-37-57_ppo_torch_stage1_mixed/checkpoints/best_agent.pt,ecf1a26095dfe976a926a1c7c3876aaafb1c80f1dd681f9e9f35bd678864cdf1,150d107225160ac498040fa20d4ccf9e26ec2703,True,fixed_per_environment_quotas_v2,clean,47,57,True,True,5.55,,7,False,False,38.851295471191406,5.55,0.0,0.00032639942946843803,0.0
/home/donglei/isaac_projects/isaac_drone_racer/.worktrees/stage1-fake-vio/logs/skrl/stage1_recovery_20260905/2026-09-05_11-37-52/2026-09-05_11-37-57_ppo_torch_stage1_mixed/checkpoints/best_agent.pt,ecf1a26095dfe976a926a1c7c3876aaafb1c80f1dd681f9e9f35bd678864cdf1,150d107225160ac498040fa20d4ccf9e26ec2703,True,fixed_per_environment_quotas_v2,clean,47,58,True,True,5.63,,7,False,False,39.28317642211914,5.63,0.0,0.0003161344793625176,0.0
/home/donglei/isaac_projects/isaac_drone_racer/.worktrees/stage1-fake-vio/logs/skrl/stage1_recovery_20260905/2026-09-05_11-37-52/2026-09-05_11-37-57_ppo_torch_stage1_mixed/checkpoints/best_agent.pt,ecf1a26095dfe976a926a1c7c3876aaafb1c80f1dd681f9e9f35bd678864cdf1,150d107225160ac498040fa20d4ccf9e26ec2703,True,fixed_per_environment_quotas_v2,clean,47,59,True,True,5.92,,7,False,False,39.71016311645508,5.92,0.0,0.0003185733803547919,0.0
/home/donglei/isaac_projects/isaac_drone_racer/.worktrees/stage1-fake-vio/logs/skrl/stage1_recovery_20260905/2026-09-05_11-37-52/2026-09-05_11-37-57_ppo_torch_stage1_mixed/checkpoints/best_agent.pt,ecf1a26095dfe976a926a1c7c3876aaafb1c80f1dd681f9e9f35bd678864cdf1,150d107225160ac498040fa20d4ccf9e26ec2703,True,fixed_per_environment_quotas_v2,clean,47,60,True,True,5.44,,7,False,False,39.24472427368164,5.44,0.0,0.000332331022946164,0.0
/home/donglei/isaac_projects/isaac_drone_racer/.worktrees/stage1-fake-vio/logs/skrl/stage1_recovery_20260905/2026-09-05_11-37-52/2026-09-05_11-37-57_ppo_torch_stage1_mixed/checkpoints/best_agent.pt,ecf1a26095dfe976a926a1c7c3876aaafb1c80f1dd681f9e9f35bd678864cdf1,150d107225160ac498040fa20d4ccf9e26ec2703,True,fixed_per_environment_quotas_v2,clean,47,61,False,False,,1,1,False,True,-3.552021026611328,2.38,0.0,0.00032277379068545997,0.0
/home/donglei/isaac_projects/isaac_drone_racer/.worktrees/stage1-fake-vio/logs/skrl/stage1_recovery_20260905/2026-09-05_11-37-52/2026-09-05_11-37-57_ppo_torch_stage1_mixed/checkpoints/best_agent.pt,ecf1a26095dfe976a926a1c7c3876aaafb1c80f1dd681f9e9f35bd678864cdf1,150d107225160ac498040fa20d4ccf9e26ec2703,True,fixed_per_environment_quotas_v2,clean,47,62,True,True,5.38,,7,False,False,39.00267028808594,5.38,0.0,0.0003006726910825819,0.0
/home/donglei/isaac_projects/isaac_drone_racer/.worktrees/stage1-fake-vio/logs/skrl/stage1_recovery_20260905/2026-09-05_11-37-52/2026-09-05_11-37-57_ppo_torch_stage1_mixed/checkpoints/best_agent.pt,ecf1a26095dfe976a926a1c7c3876aaafb1c80f1dd681f9e9f35bd678864cdf1,150d107225160ac498040fa20d4ccf9e26ec2703,True,fixed_per_environment_quotas_v2,clean,47,63,True,True,5.57,,7,False,False,39.37826156616211,5.57,0.0,0.00030547150527127087,0.0
/home/donglei/isaac_projects/isaac_drone_racer/.worktrees/stage1-fake-vio/logs/skrl/stage1_recovery_20260905/2026-09-05_11-37-52/2026-09-05_11-37-57_ppo_torch_stage1_mixed/checkpoints/best_agent.pt,ecf1a26095dfe976a926a1c7c3876aaafb1c80f1dd681f9e9f35bd678864cdf1,150d107225160ac498040fa20d4ccf9e26ec2703,True,fixed_per_environment_quotas_v2,clean,47,64,True,True,5.24,,7,False,False,37.9357795715332,5.24,0.0,0.00032349556568078697,0.0
/home/donglei/isaac_projects/isaac_drone_racer/.worktrees/stage1-fake-vio/logs/skrl/stage1_recovery_20260905/2026-09-05_11-37-52/2026-09-05_11-37-57_ppo_torch_stage1_mixed/checkpoints/best_agent.pt,ecf1a26095dfe976a926a1c7c3876aaafb1c80f1dd681f9e9f35bd678864cdf1,150d107225160ac498040fa20d4ccf9e26ec2703,True,fixed_per_environment_quotas_v2,clean,47,65,True,True,5.2700000000000005,,7,False,False,38.67292404174805,5.2700000000000005,0.0,0.0003126018855255097,0.0
/home/donglei/isaac_projects/isaac_drone_racer/.worktrees/stage1-fake-vio/logs/skrl/stage1_recovery_20260905/2026-09-05_11-37-52/2026-09-05_11-37-57_ppo_torch_stage1_mixed/checkpoints/best_agent.pt,ecf1a26095dfe976a926a1c7c3876aaafb1c80f1dd681f9e9f35bd678864cdf1,150d107225160ac498040fa20d4ccf9e26ec2703,True,fixed_per_environment_quotas_v2,clean,47,66,False,False,,2,1,True,False,0.6704845428466797,1.21,0.0,0.00036604274646379054,0.0
/home/donglei/isaac_projects/isaac_drone_racer/.worktrees/stage1-fake-vio/logs/skrl/stage1_recovery_20260905/2026-09-05_11-37-52/2026-09-05_11-37-57_ppo_torch_stage1_mixed/checkpoints/best_agent.pt,ecf1a26095dfe976a926a1c7c3876aaafb1c80f1dd681f9e9f35bd678864cdf1,150d107225160ac498040fa20d4ccf9e26ec2703,True,fixed_per_environment_quotas_v2,clean,47,67,True,True,5.79,,7,False,False,39.536033630371094,5.79,0.0,0.0003297104558441788,0.0
/home/donglei/isaac_projects/isaac_drone_racer/.worktrees/stage1-fake-vio/logs/skrl/stage1_recovery_20260905/2026-09-05_11-37-52/2026-09-05_11-37-57_ppo_torch_stage1_mixed/checkpoints/best_agent.pt,ecf1a26095dfe976a926a1c7c3876aaafb1c80f1dd681f9e9f35bd678864cdf1,150d107225160ac498040fa20d4ccf9e26ec2703,True,fixed_per_environment_quotas_v2,clean,47,68,True,True,4.91,,7,False,False,38.30503463745117,4.91,0.0,0.0003178051847498864,0.0
/home/donglei/isaac_projects/isaac_drone_racer/.worktrees/stage1-fake-vio/logs/skrl/stage1_recovery_20260905/2026-09-05_11-37-52/2026-09-05_11-37-57_ppo_torch_stage1_mixed/checkpoints/best_agent.pt,ecf1a26095dfe976a926a1c7c3876aaafb1c80f1dd681f9e9f35bd678864cdf1,150d107225160ac498040fa20d4ccf9e26ec2703,True,fixed_per_environment_quotas_v2,clean,47,69,True,True,5.5600000000000005,,7,False,False,39.75471115112305,5.5600000000000005,0.0,0.0003234652103856206,0.0
/home/donglei/isaac_projects/isaac_drone_racer/.worktrees/stage1-fake-vio/logs/skrl/stage1_recovery_20260905/2026-09-05_11-37-52/2026-09-05_11-37-57_ppo_torch_stage1_mixed/checkpoints/best_agent.pt,ecf1a26095dfe976a926a1c7c3876aaafb1c80f1dd681f9e9f35bd678864cdf1,150d107225160ac498040fa20d4ccf9e26ec2703,True,fixed_per_environment_quotas_v2,clean,47,70,False,False,,5,2,True,False,8.176409721374512,2.85,0.0,0.0003220760845579207,0.0
/home/donglei/isaac_projects/isaac_drone_racer/.worktrees/stage1-fake-vio/logs/skrl/stage1_recovery_20260905/2026-09-05_11-37-52/2026-09-05_11-37-57_ppo_torch_stage1_mixed/checkpoints/best_agent.pt,ecf1a26095dfe976a926a1c7c3876aaafb1c80f1dd681f9e9f35bd678864cdf1,150d107225160ac498040fa20d4ccf9e26ec2703,True,fixed_per_environment_quotas_v2,clean,47,71,False,False,,1,3,True,False,11.792916297912598,3.14,0.0,0.0003213473246432841,0.0
/home/donglei/isaac_projects/isaac_drone_racer/.worktrees/stage1-fake-vio/logs/skrl/stage1_recovery_20260905/2026-09-05_11-37-52/2026-09-05_11-37-57_ppo_torch_stage1_mixed/checkpoints/best_agent.pt,ecf1a26095dfe976a926a1c7c3876aaafb1c80f1dd681f9e9f35bd678864cdf1,150d107225160ac498040fa20d4ccf9e26ec2703,True,fixed_per_environment_quotas_v2,clean,47,72,True,True,5.34,,7,False,False,39.070579528808594,5.34,0.0,0.00029581994749605656,0.0
/home/donglei/isaac_projects/isaac_drone_racer/.worktrees/stage1-fake-vio/logs/skrl/stage1_recovery_20260905/2026-09-05_11-37-52/2026-09-05_11-37-57_ppo_torch_stage1_mixed/checkpoints/best_agent.pt,ecf1a26095dfe976a926a1c7c3876aaafb1c80f1dd681f9e9f35bd678864cdf1,150d107225160ac498040fa20d4ccf9e26ec2703,True,fixed_per_environment_quotas_v2,clean,47,73,True,True,6.03,,7,False,False,39.39998245239258,6.03,0.0,0.0003156542661599815,0.0
/home/donglei/isaac_projects/isaac_drone_racer/.worktrees/stage1-fake-vio/logs/skrl/stage1_recovery_20260905/2026-09-05_11-37-52/2026-09-05_11-37-57_ppo_torch_stage1_mixed/checkpoints/best_agent.pt,ecf1a26095dfe976a926a1c7c3876aaafb1c80f1dd681f9e9f35bd678864cdf1,150d107225160ac498040fa20d4ccf9e26ec2703,True,fixed_per_environment_quotas_v2,clean,47,74,True,True,5.57,,7,False,False,39.00696563720703,5.57,0.0,0.00032051478046923876,0.0
/home/donglei/isaac_projects/isaac_drone_racer/.worktrees/stage1-fake-vio/logs/skrl/stage1_recovery_20260905/2026-09-05_11-37-52/2026-09-05_11-37-57_ppo_torch_stage1_mixed/checkpoints/best_agent.pt,ecf1a26095dfe976a926a1c7c3876aaafb1c80f1dd681f9e9f35bd678864cdf1,150d107225160ac498040fa20d4ccf9e26ec2703,True,fixed_per_environment_quotas_v2,clean,47,75,True,True,5.41,,7,False,False,39.030059814453125,5.41,0.0,0.00032112887129187584,0.0
/home/donglei/isaac_projects/isaac_drone_racer/.worktrees/stage1-fake-vio/logs/skrl/stage1_recovery_20260905/2026-09-05_11-37-52/2026-09-05_11-37-57_ppo_torch_stage1_mixed/checkpoints/best_agent.pt,ecf1a26095dfe976a926a1c7c3876aaafb1c80f1dd681f9e9f35bd678864cdf1,150d107225160ac498040fa20d4ccf9e26ec2703,True,fixed_per_environment_quotas_v2,clean,47,76,True,True,6.03,,7,False,False,39.72312927246094,6.03,0.0,0.0002853941114153713,0.0
/home/donglei/isaac_projects/isaac_drone_racer/.worktrees/stage1-fake-vio/logs/skrl/stage1_recovery_20260905/2026-09-05_11-37-52/2026-09-05_11-37-57_ppo_torch_stage1_mixed/checkpoints/best_agent.pt,ecf1a26095dfe976a926a1c7c3876aaafb1c80f1dd681f9e9f35bd678864cdf1,150d107225160ac498040fa20d4ccf9e26ec2703,True,fixed_per_environment_quotas_v2,clean,47,77,True,True,5.99,,7,False,False,39.912227630615234,5.99,0.0,0.0003397469990886748,0.0
/home/donglei/isaac_projects/isaac_drone_racer/.worktrees/stage1-fake-vio/logs/skrl/stage1_recovery_20260905/2026-09-05_11-37-52/2026-09-05_11-37-57_ppo_torch_stage1_mixed/checkpoints/best_agent.pt,ecf1a26095dfe976a926a1c7c3876aaafb1c80f1dd681f9e9f35bd678864cdf1,150d107225160ac498040fa20d4ccf9e26ec2703,True,fixed_per_environment_quotas_v2,clean,47,78,True,True,6.0200000000000005,,7,False,False,39.40469741821289,6.0200000000000005,0.0,0.00031086133094504476,0.0
/home/donglei/isaac_projects/isaac_drone_racer/.worktrees/stage1-fake-vio/logs/skrl/stage1_recovery_20260905/2026-09-05_11-37-52/2026-09-05_11-37-57_ppo_torch_stage1_mixed/checkpoints/best_agent.pt,ecf1a26095dfe976a926a1c7c3876aaafb1c80f1dd681f9e9f35bd678864cdf1,150d107225160ac498040fa20d4ccf9e26ec2703,True,fixed_per_environment_quotas_v2,clean,47,79,True,True,6.25,,7,False,False,39.94618606567383,6.25,0.0,0.00029877066845074296,0.0
/home/donglei/isaac_projects/isaac_drone_racer/.worktrees/stage1-fake-vio/logs/skrl/stage1_recovery_20260905/2026-09-05_11-37-52/2026-09-05_11-37-57_ppo_torch_stage1_mixed/checkpoints/best_agent.pt,ecf1a26095dfe976a926a1c7c3876aaafb1c80f1dd681f9e9f35bd678864cdf1,150d107225160ac498040fa20d4ccf9e26ec2703,True,fixed_per_environment_quotas_v2,clean,47,80,True,True,6.11,,7,False,False,39.6489372253418,6.11,0.0,0.0003257871139794588,0.0
/home/donglei/isaac_projects/isaac_drone_racer/.worktrees/stage1-fake-vio/logs/skrl/stage1_recovery_20260905/2026-09-05_11-37-52/2026-09-05_11-37-57_ppo_torch_stage1_mixed/checkpoints/best_agent.pt,ecf1a26095dfe976a926a1c7c3876aaafb1c80f1dd681f9e9f35bd678864cdf1,150d107225160ac498040fa20d4ccf9e26ec2703,True,fixed_per_environment_quotas_v2,clean,47,81,True,True,6.0200000000000005,,7,False,False,39.58164596557617,6.0200000000000005,0.0,0.00032212352380156517,0.0
/home/donglei/isaac_projects/isaac_drone_racer/.worktrees/stage1-fake-vio/logs/skrl/stage1_recovery_20260905/2026-09-05_11-37-52/2026-09-05_11-37-57_ppo_torch_stage1_mixed/checkpoints/best_agent.pt,ecf1a26095dfe976a926a1c7c3876aaafb1c80f1dd681f9e9f35bd678864cdf1,150d107225160ac498040fa20d4ccf9e26ec2703,True,fixed_per_environment_quotas_v2,clean,47,82,True,True,6.0,,7,False,False,39.37298583984375,6.0,0.0,0.0003214260796085,0.0
/home/donglei/isaac_projects/isaac_drone_racer/.worktrees/stage1-fake-vio/logs/skrl/stage1_recovery_20260905/2026-09-05_11-37-52/2026-09-05_11-37-57_ppo_torch_stage1_mixed/checkpoints/best_agent.pt,ecf1a26095dfe976a926a1c7c3876aaafb1c80f1dd681f9e9f35bd678864cdf1,150d107225160ac498040fa20d4ccf9e26ec2703,True,fixed_per_environment_quotas_v2,clean,47,83,False,False,,4,2,True,False,9.71568489074707,3.0500000000000003,0.0,0.0003284427511971444,0.0
/home/donglei/isaac_projects/isaac_drone_racer/.worktrees/stage1-fake-vio/logs/skrl/stage1_recovery_20260905/2026-09-05_11-37-52/2026-09-05_11-37-57_ppo_torch_stage1_mixed/checkpoints/best_agent.pt,ecf1a26095dfe976a926a1c7c3876aaafb1c80f1dd681f9e9f35bd678864cdf1,150d107225160ac498040fa20d4ccf9e26ec2703,True,fixed_per_environment_quotas_v2,clean,47,84,True,True,5.8,,7,False,False,39.35959243774414,5.8,0.0,0.00030208734096959233,0.0
/home/donglei/isaac_projects/isaac_drone_racer/.worktrees/stage1-fake-vio/logs/skrl/stage1_recovery_20260905/2026-09-05_11-37-52/2026-09-05_11-37-57_ppo_torch_stage1_mixed/checkpoints/best_agent.pt,ecf1a26095dfe976a926a1c7c3876aaafb1c80f1dd681f9e9f35bd678864cdf1,150d107225160ac498040fa20d4ccf9e26ec2703,True,fixed_per_environment_quotas_v2,clean,47,85,True,True,6.44,,7,False,False,39.850181579589844,6.44,0.0,0.00033437254023738205,0.0
/home/donglei/isaac_projects/isaac_drone_racer/.worktrees/stage1-fake-vio/logs/skrl/stage1_recovery_20260905/2026-09-05_11-37-52/2026-09-05_11-37-57_ppo_torch_stage1_mixed/checkpoints/best_agent.pt,ecf1a26095dfe976a926a1c7c3876aaafb1c80f1dd681f9e9f35bd678864cdf1,150d107225160ac498040fa20d4ccf9e26ec2703,True,fixed_per_environment_quotas_v2,clean,47,86,True,True,5.91,,7,False,False,39.6019401550293,5.91,0.0,0.00031502413912676275,0.0
/home/donglei/isaac_projects/isaac_drone_racer/.worktrees/stage1-fake-vio/logs/skrl/stage1_recovery_20260905/2026-09-05_11-37-52/2026-09-05_11-37-57_ppo_torch_stage1_mixed/checkpoints/best_agent.pt,ecf1a26095dfe976a926a1c7c3876aaafb1c80f1dd681f9e9f35bd678864cdf1,150d107225160ac498040fa20d4ccf9e26ec2703,True,fixed_per_environment_quotas_v2,clean,47,87,True,True,5.92,,7,False,False,39.65693664550781,5.92,0.0,0.0003056702553294599,0.0
/home/donglei/isaac_projects/isaac_drone_racer/.worktrees/stage1-fake-vio/logs/skrl/stage1_recovery_20260905/2026-09-05_11-37-52/2026-09-05_11-37-57_ppo_torch_stage1_mixed/checkpoints/best_agent.pt,ecf1a26095dfe976a926a1c7c3876aaafb1c80f1dd681f9e9f35bd678864cdf1,150d107225160ac498040fa20d4ccf9e26ec2703,True,fixed_per_environment_quotas_v2,clean,47,88,True,True,6.05,,7,False,False,39.44245147705078,6.05,0.0,0.0003225479740649462,0.0
/home/donglei/isaac_projects/isaac_drone_racer/.worktrees/stage1-fake-vio/logs/skrl/stage1_recovery_20260905/2026-09-05_11-37-52/2026-09-05_11-37-57_ppo_torch_stage1_mixed/checkpoints/best_agent.pt,ecf1a26095dfe976a926a1c7c3876aaafb1c80f1dd681f9e9f35bd678864cdf1,150d107225160ac498040fa20d4ccf9e26ec2703,True,fixed_per_environment_quotas_v2,clean,47,89,True,True,6.16,,7,False,False,39.562747955322266,6.16,0.0,0.0003047791833523661,0.0
/home/donglei/isaac_projects/isaac_drone_racer/.worktrees/stage1-fake-vio/logs/skrl/stage1_recovery_20260905/2026-09-05_11-37-52/2026-09-05_11-37-57_ppo_torch_stage1_mixed/checkpoints/best_agent.pt,ecf1a26095dfe976a926a1c7c3876aaafb1c80f1dd681f9e9f35bd678864cdf1,150d107225160ac498040fa20d4ccf9e26ec2703,True,fixed_per_environment_quotas_v2,clean,47,90,True,True,5.93,,7,False,False,39.541160583496094,5.93,0.0,0.00028214690973982215,0.0
/home/donglei/isaac_projects/isaac_drone_racer/.worktrees/stage1-fake-vio/logs/skrl/stage1_recovery_20260905/2026-09-05_11-37-52/2026-09-05_11-37-57_ppo_torch_stage1_mixed/checkpoints/best_agent.pt,ecf1a26095dfe976a926a1c7c3876aaafb1c80f1dd681f9e9f35bd678864cdf1,150d107225160ac498040fa20d4ccf9e26ec2703,True,fixed_per_environment_quotas_v2,clean,47,91,True,True,5.87,,7,False,False,39.54592514038086,5.87,0.0,0.00031737799872644246,0.0
/home/donglei/isaac_projects/isaac_drone_racer/.worktrees/stage1-fake-vio/logs/skrl/stage1_recovery_20260905/2026-09-05_11-37-52/2026-09-05_11-37-57_ppo_torch_stage1_mixed/checkpoints/best_agent.pt,ecf1a26095dfe976a926a1c7c3876aaafb1c80f1dd681f9e9f35bd678864cdf1,150d107225160ac498040fa20d4ccf9e26ec2703,True,fixed_per_environment_quotas_v2,clean,47,92,True,True,6.08,,7,False,False,39.50735092163086,6.08,0.0,0.0002963754814118147,0.0
/home/donglei/isaac_projects/isaac_drone_racer/.worktrees/stage1-fake-vio/logs/skrl/stage1_recovery_20260905/2026-09-05_11-37-52/2026-09-05_11-37-57_ppo_torch_stage1_mixed/checkpoints/best_agent.pt,ecf1a26095dfe976a926a1c7c3876aaafb1c80f1dd681f9e9f35bd678864cdf1,150d107225160ac498040fa20d4ccf9e26ec2703,True,fixed_per_environment_quotas_v2,clean,47,93,True,True,5.88,,7,False,False,39.48809051513672,5.88,0.0,0.0002973100636154413,0.0
/home/donglei/isaac_projects/isaac_drone_racer/.worktrees/stage1-fake-vio/logs/skrl/stage1_recovery_20260905/2026-09-05_11-37-52/2026-09-05_11-37-57_ppo_torch_stage1_mixed/checkpoints/best_agent.pt,ecf1a26095dfe976a926a1c7c3876aaafb1c80f1dd681f9e9f35bd678864cdf1,150d107225160ac498040fa20d4ccf9e26ec2703,True,fixed_per_environment_quotas_v2,clean,47,94,True,True,6.01,,7,False,False,39.81269073486328,6.01,0.0,0.0003186785033904016,0.0
/home/donglei/isaac_projects/isaac_drone_racer/.worktrees/stage1-fake-vio/logs/skrl/stage1_recovery_20260905/2026-09-05_11-37-52/2026-09-05_11-37-57_ppo_torch_stage1_mixed/checkpoints/best_agent.pt,ecf1a26095dfe976a926a1c7c3876aaafb1c80f1dd681f9e9f35bd678864cdf1,150d107225160ac498040fa20d4ccf9e26ec2703,True,fixed_per_environment_quotas_v2,clean,47,95,True,True,6.18,,7,False,False,39.79267120361328,6.18,0.0,0.00031179998768493533,0.0
/home/donglei/isaac_projects/isaac_drone_racer/.worktrees/stage1-fake-vio/logs/skrl/stage1_recovery_20260905/2026-09-05_11-37-52/2026-09-05_11-37-57_ppo_torch_stage1_mixed/checkpoints/best_agent.pt,ecf1a26095dfe976a926a1c7c3876aaafb1c80f1dd681f9e9f35bd678864cdf1,150d107225160ac498040fa20d4ccf9e26ec2703,True,fixed_per_environment_quotas_v2,clean,47,96,True,True,6.1000000000000005,,7,False,False,39.736934661865234,6.1000000000000005,0.0,0.00031133717857301235,0.0
/home/donglei/isaac_projects/isaac_drone_racer/.worktrees/stage1-fake-vio/logs/skrl/stage1_recovery_20260905/2026-09-05_11-37-52/2026-09-05_11-37-57_ppo_torch_stage1_mixed/checkpoints/best_agent.pt,ecf1a26095dfe976a926a1c7c3876aaafb1c80f1dd681f9e9f35bd678864cdf1,150d107225160ac498040fa20d4ccf9e26ec2703,True,fixed_per_environment_quotas_v2,clean,47,97,True,True,5.91,,7,False,False,39.48862838745117,5.91,0.0,0.00032634599483571947,0.0
/home/donglei/isaac_projects/isaac_drone_racer/.worktrees/stage1-fake-vio/logs/skrl/stage1_recovery_20260905/2026-09-05_11-37-52/2026-09-05_11-37-57_ppo_torch_stage1_mixed/checkpoints/best_agent.pt,ecf1a26095dfe976a926a1c7c3876aaafb1c80f1dd681f9e9f35bd678864cdf1,150d107225160ac498040fa20d4ccf9e26ec2703,True,fixed_per_environment_quotas_v2,clean,47,98,True,True,6.04,,7,False,False,39.34355926513672,6.04,0.0,0.00029999844264239073,0.0
/home/donglei/isaac_projects/isaac_drone_racer/.worktrees/stage1-fake-vio/logs/skrl/stage1_recovery_20260905/2026-09-05_11-37-52/2026-09-05_11-37-57_ppo_torch_stage1_mixed/checkpoints/best_agent.pt,ecf1a26095dfe976a926a1c7c3876aaafb1c80f1dd681f9e9f35bd678864cdf1,150d107225160ac498040fa20d4ccf9e26ec2703,True,fixed_per_environment_quotas_v2,clean,47,99,True,True,6.03,,7,False,False,40.01218032836914,6.03,0.0,0.0003093278792221099,0.0
/home/donglei/isaac_projects/isaac_drone_racer/.worktrees/stage1-fake-vio/logs/skrl/stage1_recovery_20260905/2026-09-05_11-37-52/2026-09-05_11-37-57_ppo_torch_stage1_mixed/checkpoints/best_agent.pt,ecf1a26095dfe976a926a1c7c3876aaafb1c80f1dd681f9e9f35bd678864cdf1,150d107225160ac498040fa20d4ccf9e26ec2703,True,fixed_per_environment_quotas_v2,clean,47,100,True,True,5.8100000000000005,,7,False,False,39.489959716796875,5.8100000000000005,0.0,0.00030587881337851286,0.0
/home/donglei/isaac_projects/isaac_drone_racer/.worktrees/stage1-fake-vio/logs/skrl/stage1_recovery_20260905/2026-09-05_11-37-52/2026-09-05_11-37-57_ppo_torch_stage1_mixed/checkpoints/best_agent.pt,ecf1a26095dfe976a926a1c7c3876aaafb1c80f1dd681f9e9f35bd678864cdf1,150d107225160ac498040fa20d4ccf9e26ec2703,True,fixed_per_environment_quotas_v2,clean,47,101,True,True,6.0600000000000005,,7,False,False,39.54126739501953,6.0600000000000005,0.0,0.0003136199957225472,0.0
/home/donglei/isaac_projects/isaac_drone_racer/.worktrees/stage1-fake-vio/logs/skrl/stage1_recovery_20260905/2026-09-05_11-37-52/2026-09-05_11-37-57_ppo_torch_stage1_mixed/checkpoints/best_agent.pt,ecf1a26095dfe976a926a1c7c3876aaafb1c80f1dd681f9e9f35bd678864cdf1,150d107225160ac498040fa20d4ccf9e26ec2703,True,fixed_per_environment_quotas_v2,clean,47,102,True,True,6.12,,7,False,False,39.70109939575195,6.12,0.0,0.0003231184382457286,0.0
/home/donglei/isaac_projects/isaac_drone_racer/.worktrees/stage1-fake-vio/logs/skrl/stage1_recovery_20260905/2026-09-05_11-37-52/2026-09-05_11-37-57_ppo_torch_stage1_mixed/checkpoints/best_agent.pt,ecf1a26095dfe976a926a1c7c3876aaafb1c80f1dd681f9e9f35bd678864cdf1,150d107225160ac498040fa20d4ccf9e26ec2703,True,fixed_per_environment_quotas_v2,clean,47,103,True,True,6.0600000000000005,,7,False,False,39.72939682006836,6.0600000000000005,0.0,0.00030983370379544795,0.0
/home/donglei/isaac_projects/isaac_drone_racer/.worktrees/stage1-fake-vio/logs/skrl/stage1_recovery_20260905/2026-09-05_11-37-52/2026-09-05_11-37-57_ppo_torch_stage1_mixed/checkpoints/best_agent.pt,ecf1a26095dfe976a926a1c7c3876aaafb1c80f1dd681f9e9f35bd678864cdf1,150d107225160ac498040fa20d4ccf9e26ec2703,True,fixed_per_environment_quotas_v2,clean,47,104,True,True,6.0,,7,False,False,39.589927673339844,6.0,0.0,0.0003335595829412341,0.0
/home/donglei/isaac_projects/isaac_drone_racer/.worktrees/stage1-fake-vio/logs/skrl/stage1_recovery_20260905/2026-09-05_11-37-52/2026-09-05_11-37-57_ppo_torch_stage1_mixed/checkpoints/best_agent.pt,ecf1a26095dfe976a926a1c7c3876aaafb1c80f1dd681f9e9f35bd678864cdf1,150d107225160ac498040fa20d4ccf9e26ec2703,True,fixed_per_environment_quotas_v2,clean,47,105,True,True,6.08,,7,False,False,39.83085250854492,6.08,0.0,0.00033017233363352716,0.0
/home/donglei/isaac_projects/isaac_drone_racer/.worktrees/stage1-fake-vio/logs/skrl/stage1_recovery_20260905/2026-09-05_11-37-52/2026-09-05_11-37-57_ppo_torch_stage1_mixed/checkpoints/best_agent.pt,ecf1a26095dfe976a926a1c7c3876aaafb1c80f1dd681f9e9f35bd678864cdf1,150d107225160ac498040fa20d4ccf9e26ec2703,True,fixed_per_environment_quotas_v2,clean,47,106,True,True,5.95,,7,False,False,39.58646774291992,5.95,0.0,0.0003152371500618756,0.0
/home/donglei/isaac_projects/isaac_drone_racer/.worktrees/stage1-fake-vio/logs/skrl/stage1_recovery_20260905/2026-09-05_11-37-52/2026-09-05_11-37-57_ppo_torch_stage1_mixed/checkpoints/best_agent.pt,ecf1a26095dfe976a926a1c7c3876aaafb1c80f1dd681f9e9f35bd678864cdf1,150d107225160ac498040fa20d4ccf9e26ec2703,True,fixed_per_environment_quotas_v2,clean,47,107,True,True,6.0,,7,False,False,39.70191955566406,6.0,0.0,0.0003201874205842614,0.0
/home/donglei/isaac_projects/isaac_drone_racer/.worktrees/stage1-fake-vio/logs/skrl/stage1_recovery_20260905/2026-09-05_11-37-52/2026-09-05_11-37-57_ppo_torch_stage1_mixed/checkpoints/best_agent.pt,ecf1a26095dfe976a926a1c7c3876aaafb1c80f1dd681f9e9f35bd678864cdf1,150d107225160ac498040fa20d4ccf9e26ec2703,True,fixed_per_environment_quotas_v2,clean,47,108,True,True,5.91,,7,False,False,39.3761100769043,5.91,0.0,0.0003111586847808212,0.0
/home/donglei/isaac_projects/isaac_drone_racer/.worktrees/stage1-fake-vio/logs/skrl/stage1_recovery_20260905/2026-09-05_11-37-52/2026-09-05_11-37-57_ppo_torch_stage1_mixed/checkpoints/best_agent.pt,ecf1a26095dfe976a926a1c7c3876aaafb1c80f1dd681f9e9f35bd678864cdf1,150d107225160ac498040fa20d4ccf9e26ec2703,True,fixed_per_environment_quotas_v2,clean,47,109,True,True,5.87,,7,False,False,39.54962158203125,5.87,0.0,0.00032869403366930783,0.0
/home/donglei/isaac_projects/isaac_drone_racer/.worktrees/stage1-fake-vio/logs/skrl/stage1_recovery_20260905/2026-09-05_11-37-52/2026-09-05_11-37-57_ppo_torch_stage1_mixed/checkpoints/best_agent.pt,ecf1a26095dfe976a926a1c7c3876aaafb1c80f1dd681f9e9f35bd678864cdf1,150d107225160ac498040fa20d4ccf9e26ec2703,True,fixed_per_environment_quotas_v2,clean,47,110,True,True,6.1000000000000005,,7,False,False,39.760398864746094,6.1000000000000005,0.0,0.0002945653104688972,0.0
/home/donglei/isaac_projects/isaac_drone_racer/.worktrees/stage1-fake-vio/logs/skrl/stage1_recovery_20260905/2026-09-05_11-37-52/2026-09-05_11-37-57_ppo_torch_stage1_mixed/checkpoints/best_agent.pt,ecf1a26095dfe976a926a1c7c3876aaafb1c80f1dd681f9e9f35bd678864cdf1,150d107225160ac498040fa20d4ccf9e26ec2703,True,fixed_per_environment_quotas_v2,clean,47,111,True,True,6.42,,7,False,False,39.79074478149414,6.42,0.0,0.000294788449537009,0.0
/home/donglei/isaac_projects/isaac_drone_racer/.worktrees/stage1-fake-vio/logs/skrl/stage1_recovery_20260905/2026-09-05_11-37-52/2026-09-05_11-37-57_ppo_torch_stage1_mixed/checkpoints/best_agent.pt,ecf1a26095dfe976a926a1c7c3876aaafb1c80f1dd681f9e9f35bd678864cdf1,150d107225160ac498040fa20d4ccf9e26ec2703,True,fixed_per_environment_quotas_v2,clean,47,112,True,True,5.87,,7,False,False,39.57263946533203,5.87,0.0,0.0003135152510367334,0.0
/home/donglei/isaac_projects/isaac_drone_racer/.worktrees/stage1-fake-vio/logs/skrl/stage1_recovery_20260905/2026-09-05_11-37-52/2026-09-05_11-37-57_ppo_torch_stage1_mixed/checkpoints/best_agent.pt,ecf1a26095dfe976a926a1c7c3876aaafb1c80f1dd681f9e9f35bd678864cdf1,150d107225160ac498040fa20d4ccf9e26ec2703,True,fixed_per_environment_quotas_v2,clean,47,113,True,True,6.03,,7,False,False,39.90487289428711,6.03,0.0,0.0003093278792221099,0.0
/home/donglei/isaac_projects/isaac_drone_racer/.worktrees/stage1-fake-vio/logs/skrl/stage1_recovery_20260905/2026-09-05_11-37-52/2026-09-05_11-37-57_ppo_torch_stage1_mixed/checkpoints/best_agent.pt,ecf1a26095dfe976a926a1c7c3876aaafb1c80f1dd681f9e9f35bd678864cdf1,150d107225160ac498040fa20d4ccf9e26ec2703,True,fixed_per_environment_quotas_v2,clean,47,114,True,True,6.05,,7,False,False,39.62592315673828,6.05,0.0,0.0003151320852339268,0.0
/home/donglei/isaac_projects/isaac_drone_racer/.worktrees/stage1-fake-vio/logs/skrl/stage1_recovery_20260905/2026-09-05_11-37-52/2026-09-05_11-37-57_ppo_torch_stage1_mixed/checkpoints/best_agent.pt,ecf1a26095dfe976a926a1c7c3876aaafb1c80f1dd681f9e9f35bd678864cdf1,150d107225160ac498040fa20d4ccf9e26ec2703,True,fixed_per_environment_quotas_v2,clean,47,115,True,True,6.140000000000001,,7,False,False,39.48767852783203,6.140000000000001,0.0,0.00029360424377955496,0.0
/home/donglei/isaac_projects/isaac_drone_racer/.worktrees/stage1-fake-vio/logs/skrl/stage1_recovery_20260905/2026-09-05_11-37-52/2026-09-05_11-37-57_ppo_torch_stage1_mixed/checkpoints/best_agent.pt,ecf1a26095dfe976a926a1c7c3876aaafb1c80f1dd681f9e9f35bd678864cdf1,150d107225160ac498040fa20d4ccf9e26ec2703,True,fixed_per_environment_quotas_v2,clean,47,116,True,True,5.83,,7,False,False,39.45711135864258,5.83,0.0,0.00032356070005334914,0.0
/home/donglei/isaac_projects/isaac_drone_racer/.worktrees/stage1-fake-vio/logs/skrl/stage1_recovery_20260905/2026-09-05_11-37-52/2026-09-05_11-37-57_ppo_torch_stage1_mixed/checkpoints/best_agent.pt,ecf1a26095dfe976a926a1c7c3876aaafb1c80f1dd681f9e9f35bd678864cdf1,150d107225160ac498040fa20d4ccf9e26ec2703,True,fixed_per_environment_quotas_v2,clean,47,117,True,True,5.95,,7,False,False,39.34039306640625,5.95,0.0,0.0003240128280594945,0.0
/home/donglei/isaac_projects/isaac_drone_racer/.worktrees/stage1-fake-vio/logs/skrl/stage1_recovery_20260905/2026-09-05_11-37-52/2026-09-05_11-37-57_ppo_torch_stage1_mixed/checkpoints/best_agent.pt,ecf1a26095dfe976a926a1c7c3876aaafb1c80f1dd681f9e9f35bd678864cdf1,150d107225160ac498040fa20d4ccf9e26ec2703,True,fixed_per_environment_quotas_v2,clean,47,118,True,True,6.04,,7,False,False,39.675235748291016,6.04,0.0,0.0003203599771950394,0.0
/home/donglei/isaac_projects/isaac_drone_racer/.worktrees/stage1-fake-vio/logs/skrl/stage1_recovery_20260905/2026-09-05_11-37-52/2026-09-05_11-37-57_ppo_torch_stage1_mixed/checkpoints/best_agent.pt,ecf1a26095dfe976a926a1c7c3876aaafb1c80f1dd681f9e9f35bd678864cdf1,150d107225160ac498040fa20d4ccf9e26ec2703,True,fixed_per_environment_quotas_v2,clean,47,119,True,True,5.75,,7,False,False,39.476959228515625,5.75,0.0,0.00030339794466271996,0.0
/home/donglei/isaac_projects/isaac_drone_racer/.worktrees/stage1-fake-vio/logs/skrl/stage1_recovery_20260905/2026-09-05_11-37-52/2026-09-05_11-37-57_ppo_torch_stage1_mixed/checkpoints/best_agent.pt,ecf1a26095dfe976a926a1c7c3876aaafb1c80f1dd681f9e9f35bd678864cdf1,150d107225160ac498040fa20d4ccf9e26ec2703,True,fixed_per_environment_quotas_v2,clean,47,120,True,True,5.97,,7,False,False,39.683387756347656,5.97,0.0,0.0002923410211224109,0.0
/home/donglei/isaac_projects/isaac_drone_racer/.worktrees/stage1-fake-vio/logs/skrl/stage1_recovery_20260905/2026-09-05_11-37-52/2026-09-05_11-37-57_ppo_torch_stage1_mixed/checkpoints/best_agent.pt,ecf1a26095dfe976a926a1c7c3876aaafb1c80f1dd681f9e9f35bd678864cdf1,150d107225160ac498040fa20d4ccf9e26ec2703,True,fixed_per_environment_quotas_v2,clean,47,121,True,True,6.28,,7,False,False,39.82642364501953,6.28,0.0,0.0002890024916268885,0.0
/home/donglei/isaac_projects/isaac_drone_racer/.worktrees/stage1-fake-vio/logs/skrl/stage1_recovery_20260905/2026-09-05_11-37-52/2026-09-05_11-37-57_ppo_torch_stage1_mixed/checkpoints/best_agent.pt,ecf1a26095dfe976a926a1c7c3876aaafb1c80f1dd681f9e9f35bd678864cdf1,150d107225160ac498040fa20d4ccf9e26ec2703,True,fixed_per_environment_quotas_v2,clean,47,122,True,True,5.86,,7,False,False,39.46721649169922,5.86,0.0,0.0002852569450624287,0.0
/home/donglei/isaac_projects/isaac_drone_racer/.worktrees/stage1-fake-vio/logs/skrl/stage1_recovery_20260905/2026-09-05_11-37-52/2026-09-05_11-37-57_ppo_torch_stage1_mixed/checkpoints/best_agent.pt,ecf1a26095dfe976a926a1c7c3876aaafb1c80f1dd681f9e9f35bd678864cdf1,150d107225160ac498040fa20d4ccf9e26ec2703,True,fixed_per_environment_quotas_v2,clean,47,123,True,True,5.95,,7,False,False,39.40944290161133,5.95,0.0,0.00031396347912959754,0.0
/home/donglei/isaac_projects/isaac_drone_racer/.worktrees/stage1-fake-vio/logs/skrl/stage1_recovery_20260905/2026-09-05_11-37-52/2026-09-05_11-37-57_ppo_torch_stage1_mixed/checkpoints/best_agent.pt,ecf1a26095dfe976a926a1c7c3876aaafb1c80f1dd681f9e9f35bd678864cdf1,150d107225160ac498040fa20d4ccf9e26ec2703,True,fixed_per_environment_quotas_v2,clean,47,124,True,True,6.16,,7,False,False,39.727699279785156,6.16,0.0,0.0003184420056641102,0.0
/home/donglei/isaac_projects/isaac_drone_racer/.worktrees/stage1-fake-vio/logs/skrl/stage1_recovery_20260905/2026-09-05_11-37-52/2026-09-05_11-37-57_ppo_torch_stage1_mixed/checkpoints/best_agent.pt,ecf1a26095dfe976a926a1c7c3876aaafb1c80f1dd681f9e9f35bd678864cdf1,150d107225160ac498040fa20d4ccf9e26ec2703,True,fixed_per_environment_quotas_v2,clean,47,125,True,True,6.0,,7,False,False,39.50383377075195,6.0,0.0,0.0003113790007773787,0.0
/home/donglei/isaac_projects/isaac_drone_racer/.worktrees/stage1-fake-vio/logs/skrl/stage1_recovery_20260905/2026-09-05_11-37-52/2026-09-05_11-37-57_ppo_torch_stage1_mixed/checkpoints/best_agent.pt,ecf1a26095dfe976a926a1c7c3876aaafb1c80f1dd681f9e9f35bd678864cdf1,150d107225160ac498040fa20d4ccf9e26ec2703,True,fixed_per_environment_quotas_v2,clean,47,126,True,True,6.09,,7,False,False,39.52338790893555,6.09,0.0,0.00030524592148140073,0.0
/home/donglei/isaac_projects/isaac_drone_racer/.worktrees/stage1-fake-vio/logs/skrl/stage1_recovery_20260905/2026-09-05_11-37-52/2026-09-05_11-37-57_ppo_torch_stage1_mixed/checkpoints/best_agent.pt,ecf1a26095dfe976a926a1c7c3876aaafb1c80f1dd681f9e9f35bd678864cdf1,150d107225160ac498040fa20d4ccf9e26ec2703,True,fixed_per_environment_quotas_v2,clean,47,127,True,True,6.01,,7,False,False,39.46891403198242,6.01,0.0,0.00032484307303093374,0.0
/home/donglei/isaac_projects/isaac_drone_racer/.worktrees/stage1-fake-vio/logs/skrl/stage1_recovery_20260905/2026-09-05_11-37-52/2026-09-05_11-37-57_ppo_torch_stage1_mixed/checkpoints/best_agent.pt,ecf1a26095dfe976a926a1c7c3876aaafb1c80f1dd681f9e9f35bd678864cdf1,150d107225160ac498040fa20d4ccf9e26ec2703,True,fixed_per_environment_quotas_v2,mild,11,0,False,False,,3,0,True,False,-4.930227756500244,0.32,0.032661695033311844,0.07882723212242126,0.2511948347091675
/home/donglei/isaac_projects/isaac_drone_racer/.worktrees/stage1-fake-vio/logs/skrl/stage1_recovery_20260905/2026-09-05_11-37-52/2026-09-05_11-37-57_ppo_torch_stage1_mixed/checkpoints/best_agent.pt,ecf1a26095dfe976a926a1c7c3876aaafb1c80f1dd681f9e9f35bd678864cdf1,150d107225160ac498040fa20d4ccf9e26ec2703,True,fixed_per_environment_quotas_v2,mild,11,1,False,False,,5,0,True,False,-4.59431266784668,0.63,0.049372266978025436,0.035087183117866516,0.4691935181617737
/home/donglei/isaac_projects/isaac_drone_racer/.worktrees/stage1-fake-vio/logs/skrl/stage1_recovery_20260905/2026-09-05_11-37-52/2026-09-05_11-37-57_ppo_torch_stage1_mixed/checkpoints/best_agent.pt,ecf1a26095dfe976a926a1c7c3876aaafb1c80f1dd681f9e9f35bd678864cdf1,150d107225160ac498040fa20d4ccf9e26ec2703,True,fixed_per_environment_quotas_v2,mild,11,2,False,False,,7,0,True,False,-3.8694100379943848,0.8,0.09210179001092911,0.04417986050248146,0.49815648794174194
/home/donglei/isaac_projects/isaac_drone_racer/.worktrees/stage1-fake-vio/logs/skrl/stage1_recovery_20260905/2026-09-05_11-37-52/2026-09-05_11-37-57_ppo_torch_stage1_mixed/checkpoints/best_agent.pt,ecf1a26095dfe976a926a1c7c3876aaafb1c80f1dd681f9e9f35bd678864cdf1,150d107225160ac498040fa20d4ccf9e26ec2703,True,fixed_per_environment_quotas_v2,mild,11,3,False,False,,2,1,True,False,0.536015510559082,1.03,0.10288456082344055,0.049527522176504135,1.1955394744873047
/home/donglei/isaac_projects/isaac_drone_racer/.worktrees/stage1-fake-vio/logs/skrl/stage1_recovery_20260905/2026-09-05_11-37-52/2026-09-05_11-37-57_ppo_torch_stage1_mixed/checkpoints/best_agent.pt,ecf1a26095dfe976a926a1c7c3876aaafb1c80f1dd681f9e9f35bd678864cdf1,150d107225160ac498040fa20d4ccf9e26ec2703,True,fixed_per_environment_quotas_v2,mild,11,4,False,False,,2,1,True,False,2.0129733085632324,1.7,0.11510418355464935,0.05006358399987221,0.5633755326271057
/home/donglei/isaac_projects/isaac_drone_racer/.worktrees/stage1-fake-vio/logs/skrl/stage1_recovery_20260905/2026-09-05_11-37-52/2026-09-05_11-37-57_ppo_torch_stage1_mixed/checkpoints/best_agent.pt,ecf1a26095dfe976a926a1c7c3876aaafb1c80f1dd681f9e9f35bd678864cdf1,150d107225160ac498040fa20d4ccf9e26ec2703,True,fixed_per_environment_quotas_v2,mild,11,5,False,False,,4,2,True,False,9.663262367248535,3.0300000000000002,0.14464034140110016,0.06444559246301651,0.5383856892585754
/home/donglei/isaac_projects/isaac_drone_racer/.worktrees/stage1-fake-vio/logs/skrl/stage1_recovery_20260905/2026-09-05_11-37-52/2026-09-05_11-37-57_ppo_torch_stage1_mixed/checkpoints/best_agent.pt,ecf1a26095dfe976a926a1c7c3876aaafb1c80f1dd681f9e9f35bd678864cdf1,150d107225160ac498040fa20d4ccf9e26ec2703,True,fixed_per_environment_quotas_v2,mild,11,6,False,False,,6,2,False,True,0.2358994483947754,5.17,0.1171184554696083,0.14490312337875366,0.2583359479904175
/home/donglei/isaac_projects/isaac_drone_racer/.worktrees/stage1-fake-vio/logs/skrl/stage1_recovery_20260905/2026-09-05_11-37-52/2026-09-05_11-37-57_ppo_torch_stage1_mixed/checkpoints/best_agent.pt,ecf1a26095dfe976a926a1c7c3876aaafb1c80f1dd681f9e9f35bd678864cdf1,150d107225160ac498040fa20d4ccf9e26ec2703,True,fixed_per_environment_quotas_v2,mild,11,7,False,False,,2,5,True,False,24.85821533203125,5.5200000000000005,0.11149108409881592,0.06437459588050842,0.3715832233428955
/home/donglei/isaac_projects/isaac_drone_racer/.worktrees/stage1-fake-vio/logs/skrl/stage1_recovery_20260905/2026-09-05_11-37-52/2026-09-05_11-37-57_ppo_torch_stage1_mixed/checkpoints/best_agent.pt,ecf1a26095dfe976a926a1c7c3876aaafb1c80f1dd681f9e9f35bd678864cdf1,150d107225160ac498040fa20d4ccf9e26ec2703,True,fixed_per_environment_quotas_v2,mild,11,8,False,False,,5,5,True,False,23.440176010131836,5.69,0.12070092558860779,0.21641531586647034,0.5286718606948853
/home/donglei/isaac_projects/isaac_drone_racer/.worktrees/stage1-fake-vio/logs/skrl/stage1_recovery_20260905/2026-09-05_11-37-52/2026-09-05_11-37-57_ppo_torch_stage1_mixed/checkpoints/best_agent.pt,ecf1a26095dfe976a926a1c7c3876aaafb1c80f1dd681f9e9f35bd678864cdf1,150d107225160ac498040fa20d4ccf9e26ec2703,True,fixed_per_environment_quotas_v2,mild,11,9,True,True,6.04,,7,False,False,39.68616485595703,6.04,0.13335826992988586,0.0402948260307312,0.3345451354980469
/home/donglei/isaac_projects/isaac_drone_racer/.worktrees/stage1-fake-vio/logs/skrl/stage1_recovery_20260905/2026-09-05_11-37-52/2026-09-05_11-37-57_ppo_torch_stage1_mixed/checkpoints/best_agent.pt,ecf1a26095dfe976a926a1c7c3876aaafb1c80f1dd681f9e9f35bd678864cdf1,150d107225160ac498040fa20d4ccf9e26ec2703,True,fixed_per_environment_quotas_v2,mild,11,10,True,True,5.94,,7,False,False,39.51232147216797,5.94,0.1303051859140396,0.04117661714553833,0.324183851480484
/home/donglei/isaac_projects/isaac_drone_racer/.worktrees/stage1-fake-vio/logs/skrl/stage1_recovery_20260905/2026-09-05_11-37-52/2026-09-05_11-37-57_ppo_torch_stage1_mixed/checkpoints/best_agent.pt,ecf1a26095dfe976a926a1c7c3876aaafb1c80f1dd681f9e9f35bd678864cdf1,150d107225160ac498040fa20d4ccf9e26ec2703,True,fixed_per_environment_quotas_v2,mild,11,11,True,True,5.92,,7,False,False,39.4736328125,5.92,0.1250043362379074,0.04338659346103668,0.3098107874393463
/home/donglei/isaac_projects/isaac_drone_racer/.worktrees/stage1-fake-vio/logs/skrl/stage1_recovery_20260905/2026-09-05_11-37-52/2026-09-05_11-37-57_ppo_torch_stage1_mixed/checkpoints/best_agent.pt,ecf1a26095dfe976a926a1c7c3876aaafb1c80f1dd681f9e9f35bd678864cdf1,150d107225160ac498040fa20d4ccf9e26ec2703,True,fixed_per_environment_quotas_v2,mild,11,12,True,True,6.12,,7,False,False,39.72663497924805,6.12,0.12096312642097473,0.0429723784327507,0.3210357427597046
/home/donglei/isaac_projects/isaac_drone_racer/.worktrees/stage1-fake-vio/logs/skrl/stage1_recovery_20260905/2026-09-05_11-37-52/2026-09-05_11-37-57_ppo_torch_stage1_mixed/checkpoints/best_agent.pt,ecf1a26095dfe976a926a1c7c3876aaafb1c80f1dd681f9e9f35bd678864cdf1,150d107225160ac498040fa20d4ccf9e26ec2703,True,fixed_per_environment_quotas_v2,mild,11,13,True,True,6.08,,7,False,False,39.7513542175293,6.08,0.12108221650123596,0.03929746150970459,0.31809771060943604
/home/donglei/isaac_projects/isaac_drone_racer/.worktrees/stage1-fake-vio/logs/skrl/stage1_recovery_20260905/2026-09-05_11-37-52/2026-09-05_11-37-57_ppo_torch_stage1_mixed/checkpoints/best_agent.pt,ecf1a26095dfe976a926a1c7c3876aaafb1c80f1dd681f9e9f35bd678864cdf1,150d107225160ac498040fa20d4ccf9e26ec2703,True,fixed_per_environment_quotas_v2,mild,11,14,True,True,6.11,,7,False,False,39.7101936340332,6.11,0.12308584153652191,0.04309287667274475,0.31792351603507996
/home/donglei/isaac_projects/isaac_drone_racer/.worktrees/stage1-fake-vio/logs/skrl/stage1_recovery_20260905/2026-09-05_11-37-52/2026-09-05_11-37-57_ppo_torch_stage1_mixed/checkpoints/best_agent.pt,ecf1a26095dfe976a926a1c7c3876aaafb1c80f1dd681f9e9f35bd678864cdf1,150d107225160ac498040fa20d4ccf9e26ec2703,True,fixed_per_environment_quotas_v2,mild,11,15,True,True,6.32,,7,False,False,39.866943359375,6.32,0.11833181232213974,0.04060302674770355,0.3159816265106201
/home/donglei/isaac_projects/isaac_drone_racer/.worktrees/stage1-fake-vio/logs/skrl/stage1_recovery_20260905/2026-09-05_11-37-52/2026-09-05_11-37-57_ppo_torch_stage1_mixed/checkpoints/best_agent.pt,ecf1a26095dfe976a926a1c7c3876aaafb1c80f1dd681f9e9f35bd678864cdf1,150d107225160ac498040fa20d4ccf9e26ec2703,True,fixed_per_environment_quotas_v2,mild,11,16,True,True,6.0200000000000005,,7,False,False,39.687652587890625,6.0200000000000005,0.12761837244033813,0.04066579043865204,0.33300989866256714
/home/donglei/isaac_projects/isaac_drone_racer/.worktrees/stage1-fake-vio/logs/skrl/stage1_recovery_20260905/2026-09-05_11-37-52/2026-09-05_11-37-57_ppo_torch_stage1_mixed/checkpoints/best_agent.pt,ecf1a26095dfe976a926a1c7c3876aaafb1c80f1dd681f9e9f35bd678864cdf1,150d107225160ac498040fa20d4ccf9e26ec2703,True,fixed_per_environment_quotas_v2,mild,11,17,True,True,6.1000000000000005,,7,False,False,39.663902282714844,6.1000000000000005,0.1282593458890915,0.04202244430780411,0.32730990648269653
/home/donglei/isaac_projects/isaac_drone_racer/.worktrees/stage1-fake-vio/logs/skrl/stage1_recovery_20260905/2026-09-05_11-37-52/2026-09-05_11-37-57_ppo_torch_stage1_mixed/checkpoints/best_agent.pt,ecf1a26095dfe976a926a1c7c3876aaafb1c80f1dd681f9e9f35bd678864cdf1,150d107225160ac498040fa20d4ccf9e26ec2703,True,fixed_per_environment_quotas_v2,mild,11,18,True,True,5.8500000000000005,,7,False,False,39.69684982299805,5.8500000000000005,0.12147129327058792,0.04200248420238495,0.32102543115615845
/home/donglei/isaac_projects/isaac_drone_racer/.worktrees/stage1-fake-vio/logs/skrl/stage1_recovery_20260905/2026-09-05_11-37-52/2026-09-05_11-37-57_ppo_torch_stage1_mixed/checkpoints/best_agent.pt,ecf1a26095dfe976a926a1c7c3876aaafb1c80f1dd681f9e9f35bd678864cdf1,150d107225160ac498040fa20d4ccf9e26ec2703,True,fixed_per_environment_quotas_v2,mild,11,19,True,True,6.29,,7,False,False,39.840354919433594,6.29,0.11078456044197083,0.04110490158200264,0.2811654508113861
/home/donglei/isaac_projects/isaac_drone_racer/.worktrees/stage1-fake-vio/logs/skrl/stage1_recovery_20260905/2026-09-05_11-37-52/2026-09-05_11-37-57_ppo_torch_stage1_mixed/checkpoints/best_agent.pt,ecf1a26095dfe976a926a1c7c3876aaafb1c80f1dd681f9e9f35bd678864cdf1,150d107225160ac498040fa20d4ccf9e26ec2703,True,fixed_per_environment_quotas_v2,mild,11,20,True,True,5.8100000000000005,,7,False,False,39.69601821899414,5.8100000000000005,0.12931042909622192,0.03840889409184456,0.32132530212402344
/home/donglei/isaac_projects/isaac_drone_racer/.worktrees/stage1-fake-vio/logs/skrl/stage1_recovery_20260905/2026-09-05_11-37-52/2026-09-05_11-37-57_ppo_torch_stage1_mixed/checkpoints/best_agent.pt,ecf1a26095dfe976a926a1c7c3876aaafb1c80f1dd681f9e9f35bd678864cdf1,150d107225160ac498040fa20d4ccf9e26ec2703,True,fixed_per_environment_quotas_v2,mild,11,21,True,True,6.13,,7,False,False,39.68478775024414,6.13,0.1271832287311554,0.043663281947374344,0.32847076654434204
/home/donglei/isaac_projects/isaac_drone_racer/.worktrees/stage1-fake-vio/logs/skrl/stage1_recovery_20260905/2026-09-05_11-37-52/2026-09-05_11-37-57_ppo_torch_stage1_mixed/checkpoints/best_agent.pt,ecf1a26095dfe976a926a1c7c3876aaafb1c80f1dd681f9e9f35bd678864cdf1,150d107225160ac498040fa20d4ccf9e26ec2703,True,fixed_per_environment_quotas_v2,mild,11,22,True,True,5.88,,7,False,False,39.897682189941406,5.88,0.12087295949459076,0.0437028706073761,0.3166065812110901
/home/donglei/isaac_projects/isaac_drone_racer/.worktrees/stage1-fake-vio/logs/skrl/stage1_recovery_20260905/2026-09-05_11-37-52/2026-09-05_11-37-57_ppo_torch_stage1_mixed/checkpoints/best_agent.pt,ecf1a26095dfe976a926a1c7c3876aaafb1c80f1dd681f9e9f35bd678864cdf1,150d107225160ac498040fa20d4ccf9e26ec2703,True,fixed_per_environment_quotas_v2,mild,11,23,True,True,6.19,,7,False,False,39.74662399291992,6.19,0.1186731830239296,0.03890564292669296,0.3049403429031372
/home/donglei/isaac_projects/isaac_drone_racer/.worktrees/stage1-fake-vio/logs/skrl/stage1_recovery_20260905/2026-09-05_11-37-52/2026-09-05_11-37-57_ppo_torch_stage1_mixed/checkpoints/best_agent.pt,ecf1a26095dfe976a926a1c7c3876aaafb1c80f1dd681f9e9f35bd678864cdf1,150d107225160ac498040fa20d4ccf9e26ec2703,True,fixed_per_environment_quotas_v2,mild,11,24,True,True,5.92,,7,False,False,39.6443977355957,5.92,0.12461064755916595,0.04125552624464035,0.32547351717948914
/home/donglei/isaac_projects/isaac_drone_racer/.worktrees/stage1-fake-vio/logs/skrl/stage1_recovery_20260905/2026-09-05_11-37-52/2026-09-05_11-37-57_ppo_torch_stage1_mixed/checkpoints/best_agent.pt,ecf1a26095dfe976a926a1c7c3876aaafb1c80f1dd681f9e9f35bd678864cdf1,150d107225160ac498040fa20d4ccf9e26ec2703,True,fixed_per_environment_quotas_v2,mild,11,25,True,True,6.1000000000000005,,7,False,False,39.69533920288086,6.1000000000000005,0.1287396401166916,0.04302062466740608,0.3313671350479126
/home/donglei/isaac_projects/isaac_drone_racer/.worktrees/stage1-fake-vio/logs/skrl/stage1_recovery_20260905/2026-09-05_11-37-52/2026-09-05_11-37-57_ppo_torch_stage1_mixed/checkpoints/best_agent.pt,ecf1a26095dfe976a926a1c7c3876aaafb1c80f1dd681f9e9f35bd678864cdf1,150d107225160ac498040fa20d4ccf9e26ec2703,True,fixed_per_environment_quotas_v2,mild,11,26,True,True,6.15,,7,False,False,39.761322021484375,6.15,0.11989399045705795,0.04414987191557884,0.322221040725708
/home/donglei/isaac_projects/isaac_drone_racer/.worktrees/stage1-fake-vio/logs/skrl/stage1_recovery_20260905/2026-09-05_11-37-52/2026-09-05_11-37-57_ppo_torch_stage1_mixed/checkpoints/best_agent.pt,ecf1a26095dfe976a926a1c7c3876aaafb1c80f1dd681f9e9f35bd678864cdf1,150d107225160ac498040fa20d4ccf9e26ec2703,True,fixed_per_environment_quotas_v2,mild,11,27,True,True,6.03,,7,False,False,39.37739562988281,6.03,0.1264576017856598,0.04267708957195282,0.3335607945919037
/home/donglei/isaac_projects/isaac_drone_racer/.worktrees/stage1-fake-vio/logs/skrl/stage1_recovery_20260905/2026-09-05_11-37-52/2026-09-05_11-37-57_ppo_torch_stage1_mixed/checkpoints/best_agent.pt,ecf1a26095dfe976a926a1c7c3876aaafb1c80f1dd681f9e9f35bd678864cdf1,150d107225160ac498040fa20d4ccf9e26ec2703,True,fixed_per_environment_quotas_v2,mild,11,28,True,True,5.91,,7,False,False,39.81698989868164,5.91,0.1293453723192215,0.04196031764149666,0.33764955401420593
/home/donglei/isaac_projects/isaac_drone_racer/.worktrees/stage1-fake-vio/logs/skrl/stage1_recovery_20260905/2026-09-05_11-37-52/2026-09-05_11-37-57_ppo_torch_stage1_mixed/checkpoints/best_agent.pt,ecf1a26095dfe976a926a1c7c3876aaafb1c80f1dd681f9e9f35bd678864cdf1,150d107225160ac498040fa20d4ccf9e26ec2703,True,fixed_per_environment_quotas_v2,mild,11,29,True,True,5.79,,7,False,False,39.75015640258789,5.79,0.1306266486644745,0.03803739324212074,0.33057236671447754
/home/donglei/isaac_projects/isaac_drone_racer/.worktrees/stage1-fake-vio/logs/skrl/stage1_recovery_20260905/2026-09-05_11-37-52/2026-09-05_11-37-57_ppo_torch_stage1_mixed/checkpoints/best_agent.pt,ecf1a26095dfe976a926a1c7c3876aaafb1c80f1dd681f9e9f35bd678864cdf1,150d107225160ac498040fa20d4ccf9e26ec2703,True,fixed_per_environment_quotas_v2,mild,11,30,True,True,6.05,,7,False,False,39.75773239135742,6.05,0.11847075819969177,0.04192819818854332,0.3034120500087738
/home/donglei/isaac_projects/isaac_drone_racer/.worktrees/stage1-fake-vio/logs/skrl/stage1_recovery_20260905/2026-09-05_11-37-52/2026-09-05_11-37-57_ppo_torch_stage1_mixed/checkpoints/best_agent.pt,ecf1a26095dfe976a926a1c7c3876aaafb1c80f1dd681f9e9f35bd678864cdf1,150d107225160ac498040fa20d4ccf9e26ec2703,True,fixed_per_environment_quotas_v2,mild,11,31,True,True,5.73,,7,False,False,39.55112075805664,5.73,0.1292671114206314,0.037996556609869,0.32977986335754395
/home/donglei/isaac_projects/isaac_drone_racer/.worktrees/stage1-fake-vio/logs/skrl/stage1_recovery_20260905/2026-09-05_11-37-52/2026-09-05_11-37-57_ppo_torch_stage1_mixed/checkpoints/best_agent.pt,ecf1a26095dfe976a926a1c7c3876aaafb1c80f1dd681f9e9f35bd678864cdf1,150d107225160ac498040fa20d4ccf9e26ec2703,True,fixed_per_environment_quotas_v2,mild,11,32,True,True,5.83,,7,False,False,39.58934020996094,5.83,0.131230428814888,0.040060486644506454,0.32244443893432617
/home/donglei/isaac_projects/isaac_drone_racer/.worktrees/stage1-fake-vio/logs/skrl/stage1_recovery_20260905/2026-09-05_11-37-52/2026-09-05_11-37-57_ppo_torch_stage1_mixed/checkpoints/best_agent.pt,ecf1a26095dfe976a926a1c7c3876aaafb1c80f1dd681f9e9f35bd678864cdf1,150d107225160ac498040fa20d4ccf9e26ec2703,True,fixed_per_environment_quotas_v2,mild,11,33,True,True,6.0,,7,False,False,39.49138641357422,6.0,0.12795419991016388,0.04167958348989487,0.320139616727829
/home/donglei/isaac_projects/isaac_drone_racer/.worktrees/stage1-fake-vio/logs/skrl/stage1_recovery_20260905/2026-09-05_11-37-52/2026-09-05_11-37-57_ppo_torch_stage1_mixed/checkpoints/best_agent.pt,ecf1a26095dfe976a926a1c7c3876aaafb1c80f1dd681f9e9f35bd678864cdf1,150d107225160ac498040fa20d4ccf9e26ec2703,True,fixed_per_environment_quotas_v2,mild,11,34,True,True,6.05,,7,False,False,39.5497932434082,6.05,0.12834206223487854,0.04358039051294327,0.3311186730861664
/home/donglei/isaac_projects/isaac_drone_racer/.worktrees/stage1-fake-vio/logs/skrl/stage1_recovery_20260905/2026-09-05_11-37-52/2026-09-05_11-37-57_ppo_torch_stage1_mixed/checkpoints/best_agent.pt,ecf1a26095dfe976a926a1c7c3876aaafb1c80f1dd681f9e9f35bd678864cdf1,150d107225160ac498040fa20d4ccf9e26ec2703,True,fixed_per_environment_quotas_v2,mild,11,35,True,True,5.92,,7,False,False,39.76934814453125,5.92,0.12472900003194809,0.03788917511701584,0.3125777244567871
/home/donglei/isaac_projects/isaac_drone_racer/.worktrees/stage1-fake-vio/logs/skrl/stage1_recovery_20260905/2026-09-05_11-37-52/2026-09-05_11-37-57_ppo_torch_stage1_mixed/checkpoints/best_agent.pt,ecf1a26095dfe976a926a1c7c3876aaafb1c80f1dd681f9e9f35bd678864cdf1,150d107225160ac498040fa20d4ccf9e26ec2703,True,fixed_per_environment_quotas_v2,mild,11,36,True,True,5.93,,7,False,False,39.79143524169922,5.93,0.1296108514070511,0.04090309515595436,0.3370498716831207
/home/donglei/isaac_projects/isaac_drone_racer/.worktrees/stage1-fake-vio/logs/skrl/stage1_recovery_20260905/2026-09-05_11-37-52/2026-09-05_11-37-57_ppo_torch_stage1_mixed/checkpoints/best_agent.pt,ecf1a26095dfe976a926a1c7c3876aaafb1c80f1dd681f9e9f35bd678864cdf1,150d107225160ac498040fa20d4ccf9e26ec2703,True,fixed_per_environment_quotas_v2,mild,11,37,True,True,6.17,,7,False,False,39.64809799194336,6.17,0.12846437096595764,0.042635541409254074,0.32971757650375366
/home/donglei/isaac_projects/isaac_drone_racer/.worktrees/stage1-fake-vio/logs/skrl/stage1_recovery_20260905/2026-09-05_11-37-52/2026-09-05_11-37-57_ppo_torch_stage1_mixed/checkpoints/best_agent.pt,ecf1a26095dfe976a926a1c7c3876aaafb1c80f1dd681f9e9f35bd678864cdf1,150d107225160ac498040fa20d4ccf9e26ec2703,True,fixed_per_environment_quotas_v2,mild,11,38,True,True,5.8100000000000005,,7,False,False,39.438148498535156,5.8100000000000005,0.12861721217632294,0.04024716466665268,0.31911003589630127
/home/donglei/isaac_projects/isaac_drone_racer/.worktrees/stage1-fake-vio/logs/skrl/stage1_recovery_20260905/2026-09-05_11-37-52/2026-09-05_11-37-57_ppo_torch_stage1_mixed/checkpoints/best_agent.pt,ecf1a26095dfe976a926a1c7c3876aaafb1c80f1dd681f9e9f35bd678864cdf1,150d107225160ac498040fa20d4ccf9e26ec2703,True,fixed_per_environment_quotas_v2,mild,11,39,True,True,5.98,,7,False,False,39.58258056640625,5.98,0.12261489778757095,0.04184729978442192,0.31595009565353394
/home/donglei/isaac_projects/isaac_drone_racer/.worktrees/stage1-fake-vio/logs/skrl/stage1_recovery_20260905/2026-09-05_11-37-52/2026-09-05_11-37-57_ppo_torch_stage1_mixed/checkpoints/best_agent.pt,ecf1a26095dfe976a926a1c7c3876aaafb1c80f1dd681f9e9f35bd678864cdf1,150d107225160ac498040fa20d4ccf9e26ec2703,True,fixed_per_environment_quotas_v2,mild,11,40,True,True,6.07,,7,False,False,39.67709732055664,6.07,0.12322347611188889,0.04204164445400238,0.3234989047050476
/home/donglei/isaac_projects/isaac_drone_racer/.worktrees/stage1-fake-vio/logs/skrl/stage1_recovery_20260905/2026-09-05_11-37-52/2026-09-05_11-37-57_ppo_torch_stage1_mixed/checkpoints/best_agent.pt,ecf1a26095dfe976a926a1c7c3876aaafb1c80f1dd681f9e9f35bd678864cdf1,150d107225160ac498040fa20d4ccf9e26ec2703,True,fixed_per_environment_quotas_v2,mild,11,41,True,True,6.08,,7,False,False,39.92030334472656,6.08,0.11580334603786469,0.0426357239484787,0.304898202419281
/home/donglei/isaac_projects/isaac_drone_racer/.worktrees/stage1-fake-vio/logs/skrl/stage1_recovery_20260905/2026-09-05_11-37-52/2026-09-05_11-37-57_ppo_torch_stage1_mixed/checkpoints/best_agent.pt,ecf1a26095dfe976a926a1c7c3876aaafb1c80f1dd681f9e9f35bd678864cdf1,150d107225160ac498040fa20d4ccf9e26ec2703,True,fixed_per_environment_quotas_v2,mild,11,42,True,True,5.89,,7,False,False,39.79158020019531,5.89,0.128660649061203,0.03900742530822754,0.3133370280265808
/home/donglei/isaac_projects/isaac_drone_racer/.worktrees/stage1-fake-vio/logs/skrl/stage1_recovery_20260905/2026-09-05_11-37-52/2026-09-05_11-37-57_ppo_torch_stage1_mixed/checkpoints/best_agent.pt,ecf1a26095dfe976a926a1c7c3876aaafb1c80f1dd681f9e9f35bd678864cdf1,150d107225160ac498040fa20d4ccf9e26ec2703,True,fixed_per_environment_quotas_v2,mild,11,43,True,True,5.96,,7,False,False,39.39925003051758,5.96,0.12261759489774704,0.04328744858503342,0.3093506395816803
/home/donglei/isaac_projects/isaac_drone_racer/.worktrees/stage1-fake-vio/logs/skrl/stage1_recovery_20260905/2026-09-05_11-37-52/2026-09-05_11-37-57_ppo_torch_stage1_mixed/checkpoints/best_agent.pt,ecf1a26095dfe976a926a1c7c3876aaafb1c80f1dd681f9e9f35bd678864cdf1,150d107225160ac498040fa20d4ccf9e26ec2703,True,fixed_per_environment_quotas_v2,mild,11,44,True,True,6.09,,7,False,False,39.702728271484375,6.09,0.1208086684346199,0.042313527315855026,0.3206876814365387
/home/donglei/isaac_projects/isaac_drone_racer/.worktrees/stage1-fake-vio/logs/skrl/stage1_recovery_20260905/2026-09-05_11-37-52/2026-09-05_11-37-57_ppo_torch_stage1_mixed/checkpoints/best_agent.pt,ecf1a26095dfe976a926a1c7c3876aaafb1c80f1dd681f9e9f35bd678864cdf1,150d107225160ac498040fa20d4ccf9e26ec2703,True,fixed_per_environment_quotas_v2,mild,11,45,True,True,6.09,,7,False,False,39.541019439697266,6.09,0.12766695022583008,0.04280960559844971,0.3333585560321808
/home/donglei/isaac_projects/isaac_drone_racer/.worktrees/stage1-fake-vio/logs/skrl/stage1_recovery_20260905/2026-09-05_11-37-52/2026-09-05_11-37-57_ppo_torch_stage1_mixed/checkpoints/best_agent.pt,ecf1a26095dfe976a926a1c7c3876aaafb1c80f1dd681f9e9f35bd678864cdf1,150d107225160ac498040fa20d4ccf9e26ec2703,True,fixed_per_environment_quotas_v2,mild,11,46,True,True,5.89,,7,False,False,39.799537658691406,5.89,0.1270107626914978,0.038470786064863205,0.3103312849998474
/home/donglei/isaac_projects/isaac_drone_racer/.worktrees/stage1-fake-vio/logs/skrl/stage1_recovery_20260905/2026-09-05_11-37-52/2026-09-05_11-37-57_ppo_torch_stage1_mixed/checkpoints/best_agent.pt,ecf1a26095dfe976a926a1c7c3876aaafb1c80f1dd681f9e9f35bd678864cdf1,150d107225160ac498040fa20d4ccf9e26ec2703,True,fixed_per_environment_quotas_v2,mild,11,47,True,True,5.8500000000000005,,7,False,False,39.6394157409668,5.8500000000000005,0.1280013769865036,0.03941876441240311,0.3150538504123688
/home/donglei/isaac_projects/isaac_drone_racer/.worktrees/stage1-fake-vio/logs/skrl/stage1_recovery_20260905/2026-09-05_11-37-52/2026-09-05_11-37-57_ppo_torch_stage1_mixed/checkpoints/best_agent.pt,ecf1a26095dfe976a926a1c7c3876aaafb1c80f1dd681f9e9f35bd678864cdf1,150d107225160ac498040fa20d4ccf9e26ec2703,True,fixed_per_environment_quotas_v2,mild,11,48,True,True,5.76,,7,False,False,39.59334182739258,5.76,0.12856145203113556,0.03799891844391823,0.3223053216934204
/home/donglei/isaac_projects/isaac_drone_racer/.worktrees/stage1-fake-vio/logs/skrl/stage1_recovery_20260905/2026-09-05_11-37-52/2026-09-05_11-37-57_ppo_torch_stage1_mixed/checkpoints/best_agent.pt,ecf1a26095dfe976a926a1c7c3876aaafb1c80f1dd681f9e9f35bd678864cdf1,150d107225160ac498040fa20d4ccf9e26ec2703,True,fixed_per_environment_quotas_v2,mild,11,49,True,True,6.19,,7,False,False,39.7974853515625,6.19,0.1240910068154335,0.039317574352025986,0.317708820104599
/home/donglei/isaac_projects/isaac_drone_racer/.worktrees/stage1-fake-vio/logs/skrl/stage1_recovery_20260905/2026-09-05_11-37-52/2026-09-05_11-37-57_ppo_torch_stage1_mixed/checkpoints/best_agent.pt,ecf1a26095dfe976a926a1c7c3876aaafb1c80f1dd681f9e9f35bd678864cdf1,150d107225160ac498040fa20d4ccf9e26ec2703,True,fixed_per_environment_quotas_v2,mild,11,50,True,True,6.01,,7,False,False,39.74869155883789,6.01,0.12253840267658234,0.039491914212703705,0.3046012818813324
/home/donglei/isaac_projects/isaac_drone_racer/.worktrees/stage1-fake-vio/logs/skrl/stage1_recovery_20260905/2026-09-05_11-37-52/2026-09-05_11-37-57_ppo_torch_stage1_mixed/checkpoints/best_agent.pt,ecf1a26095dfe976a926a1c7c3876aaafb1c80f1dd681f9e9f35bd678864cdf1,150d107225160ac498040fa20d4ccf9e26ec2703,True,fixed_per_environment_quotas_v2,mild,11,51,True,True,5.88,,7,False,False,39.6972541809082,5.88,0.12501783668994904,0.03840339556336403,0.3235521614551544
/home/donglei/isaac_projects/isaac_drone_racer/.worktrees/stage1-fake-vio/logs/skrl/stage1_recovery_20260905/2026-09-05_11-37-52/2026-09-05_11-37-57_ppo_torch_stage1_mixed/checkpoints/best_agent.pt,ecf1a26095dfe976a926a1c7c3876aaafb1c80f1dd681f9e9f35bd678864cdf1,150d107225160ac498040fa20d4ccf9e26ec2703,True,fixed_per_environment_quotas_v2,mild,11,52,True,True,6.11,,7,False,False,39.91374206542969,6.11,0.11859671771526337,0.04431941732764244,0.30479198694229126
/home/donglei/isaac_projects/isaac_drone_racer/.worktrees/stage1-fake-vio/logs/skrl/stage1_recovery_20260905/2026-09-05_11-37-52/2026-09-05_11-37-57_ppo_torch_stage1_mixed/checkpoints/best_agent.pt,ecf1a26095dfe976a926a1c7c3876aaafb1c80f1dd681f9e9f35bd678864cdf1,150d107225160ac498040fa20d4ccf9e26ec2703,True,fixed_per_environment_quotas_v2,mild,11,53,True,True,6.08,,7,False,False,39.5903434753418,6.08,0.12196403741836548,0.04524031654000282,0.3329862058162689
/home/donglei/isaac_projects/isaac_drone_racer/.worktrees/stage1-fake-vio/logs/skrl/stage1_recovery_20260905/2026-09-05_11-37-52/2026-09-05_11-37-57_ppo_torch_stage1_mixed/checkpoints/best_agent.pt,ecf1a26095dfe976a926a1c7c3876aaafb1c80f1dd681f9e9f35bd678864cdf1,150d107225160ac498040fa20d4ccf9e26ec2703,True,fixed_per_environment_quotas_v2,mild,11,54,True,True,5.75,,7,False,False,39.51638412475586,5.75,0.1238185241818428,0.038432247936725616,0.31656408309936523
/home/donglei/isaac_projects/isaac_drone_racer/.worktrees/stage1-fake-vio/logs/skrl/stage1_recovery_20260905/2026-09-05_11-37-52/2026-09-05_11-37-57_ppo_torch_stage1_mixed/checkpoints/best_agent.pt,ecf1a26095dfe976a926a1c7c3876aaafb1c80f1dd681f9e9f35bd678864cdf1,150d107225160ac498040fa20d4ccf9e26ec2703,True,fixed_per_environment_quotas_v2,mild,11,55,True,True,6.140000000000001,,7,False,False,39.97190856933594,6.140000000000001,0.11784294247627258,0.04377785325050354,0.30260613560676575
/home/donglei/isaac_projects/isaac_drone_racer/.worktrees/stage1-fake-vio/logs/skrl/stage1_recovery_20260905/2026-09-05_11-37-52/2026-09-05_11-37-57_ppo_torch_stage1_mixed/checkpoints/best_agent.pt,ecf1a26095dfe976a926a1c7c3876aaafb1c80f1dd681f9e9f35bd678864cdf1,150d107225160ac498040fa20d4ccf9e26ec2703,True,fixed_per_environment_quotas_v2,mild,11,56,True,True,6.05,,7,False,False,39.57819747924805,6.05,0.12252716720104218,0.04185555875301361,0.32127147912979126
/home/donglei/isaac_projects/isaac_drone_racer/.worktrees/stage1-fake-vio/logs/skrl/stage1_recovery_20260905/2026-09-05_11-37-52/2026-09-05_11-37-57_ppo_torch_stage1_mixed/checkpoints/best_agent.pt,ecf1a26095dfe976a926a1c7c3876aaafb1c80f1dd681f9e9f35bd678864cdf1,150d107225160ac498040fa20d4ccf9e26ec2703,True,fixed_per_environment_quotas_v2,mild,11,57,True,True,5.86,,7,False,False,39.65638732910156,5.86,0.12923257052898407,0.036582086235284805,0.31780943274497986
/home/donglei/isaac_projects/isaac_drone_racer/.worktrees/stage1-fake-vio/logs/skrl/stage1_recovery_20260905/2026-09-05_11-37-52/2026-09-05_11-37-57_ppo_torch_stage1_mixed/checkpoints/best_agent.pt,ecf1a26095dfe976a926a1c7c3876aaafb1c80f1dd681f9e9f35bd678864cdf1,150d107225160ac498040fa20d4ccf9e26ec2703,True,fixed_per_environment_quotas_v2,mild,11,58,True,True,5.97,,7,False,False,39.680973052978516,5.97,0.12599249184131622,0.0412447415292263,0.32542169094085693
/home/donglei/isaac_projects/isaac_drone_racer/.worktrees/stage1-fake-vio/logs/skrl/stage1_recovery_20260905/2026-09-05_11-37-52/2026-09-05_11-37-57_ppo_torch_stage1_mixed/checkpoints/best_agent.pt,ecf1a26095dfe976a926a1c7c3876aaafb1c80f1dd681f9e9f35bd678864cdf1,150d107225160ac498040fa20d4ccf9e26ec2703,True,fixed_per_environment_quotas_v2,mild,11,59,True,True,6.0,,7,False,False,39.82073974609375,6.0,0.1215982660651207,0.045157935470342636,0.31804022192955017
/home/donglei/isaac_projects/isaac_drone_racer/.worktrees/stage1-fake-vio/logs/skrl/stage1_recovery_20260905/2026-09-05_11-37-52/2026-09-05_11-37-57_ppo_torch_stage1_mixed/checkpoints/best_agent.pt,ecf1a26095dfe976a926a1c7c3876aaafb1c80f1dd681f9e9f35bd678864cdf1,150d107225160ac498040fa20d4ccf9e26ec2703,True,fixed_per_environment_quotas_v2,mild,11,60,True,True,5.73,,7,False,False,39.56229019165039,5.73,0.13025665283203125,0.03642594814300537,0.32247650623321533
/home/donglei/isaac_projects/isaac_drone_racer/.worktrees/stage1-fake-vio/logs/skrl/stage1_recovery_20260905/2026-09-05_11-37-52/2026-09-05_11-37-57_ppo_torch_stage1_mixed/checkpoints/best_agent.pt,ecf1a26095dfe976a926a1c7c3876aaafb1c80f1dd681f9e9f35bd678864cdf1,150d107225160ac498040fa20d4ccf9e26ec2703,True,fixed_per_environment_quotas_v2,mild,11,61,True,True,6.16,,7,False,False,39.7765998840332,6.16,0.11793576925992966,0.04066721349954605,0.3168521821498871
/home/donglei/isaac_projects/isaac_drone_racer/.worktrees/stage1-fake-vio/logs/skrl/stage1_recovery_20260905/2026-09-05_11-37-52/2026-09-05_11-37-57_ppo_torch_stage1_mixed/checkpoints/best_agent.pt,ecf1a26095dfe976a926a1c7c3876aaafb1c80f1dd681f9e9f35bd678864cdf1,150d107225160ac498040fa20d4ccf9e26ec2703,True,fixed_per_environment_quotas_v2,mild,11,62,True,True,6.2700000000000005,,7,False,False,39.623653411865234,6.2700000000000005,0.11677184700965881,0.0403175950050354,0.3046938478946686
/home/donglei/isaac_projects/isaac_drone_racer/.worktrees/stage1-fake-vio/logs/skrl/stage1_recovery_20260905/2026-09-05_11-37-52/2026-09-05_11-37-57_ppo_torch_stage1_mixed/checkpoints/best_agent.pt,ecf1a26095dfe976a926a1c7c3876aaafb1c80f1dd681f9e9f35bd678864cdf1,150d107225160ac498040fa20d4ccf9e26ec2703,True,fixed_per_environment_quotas_v2,mild,11,63,True,True,5.84,,7,False,False,39.627281188964844,5.84,0.1291467696428299,0.03736604377627373,0.31939154863357544
/home/donglei/isaac_projects/isaac_drone_racer/.worktrees/stage1-fake-vio/logs/skrl/stage1_recovery_20260905/2026-09-05_11-37-52/2026-09-05_11-37-57_ppo_torch_stage1_mixed/checkpoints/best_agent.pt,ecf1a26095dfe976a926a1c7c3876aaafb1c80f1dd681f9e9f35bd678864cdf1,150d107225160ac498040fa20d4ccf9e26ec2703,True,fixed_per_environment_quotas_v2,mild,11,64,True,True,5.87,,7,False,False,39.45942306518555,5.87,0.12693391740322113,0.04003532975912094,0.31243249773979187
/home/donglei/isaac_projects/isaac_drone_racer/.worktrees/stage1-fake-vio/logs/skrl/stage1_recovery_20260905/2026-09-05_11-37-52/2026-09-05_11-37-57_ppo_torch_stage1_mixed/checkpoints/best_agent.pt,ecf1a26095dfe976a926a1c7c3876aaafb1c80f1dd681f9e9f35bd678864cdf1,150d107225160ac498040fa20d4ccf9e26ec2703,True,fixed_per_environment_quotas_v2,mild,11,65,True,True,5.89,,7,False,False,39.54298400878906,5.89,0.12506097555160522,0.040523674339056015,0.323892742395401
/home/donglei/isaac_projects/isaac_drone_racer/.worktrees/stage1-fake-vio/logs/skrl/stage1_recovery_20260905/2026-09-05_11-37-52/2026-09-05_11-37-57_ppo_torch_stage1_mixed/checkpoints/best_agent.pt,ecf1a26095dfe976a926a1c7c3876aaafb1c80f1dd681f9e9f35bd678864cdf1,150d107225160ac498040fa20d4ccf9e26ec2703,True,fixed_per_environment_quotas_v2,mild,11,66,True,True,5.88,,7,False,False,39.3538818359375,5.88,0.1271226853132248,0.04109877720475197,0.3145865499973297
/home/donglei/isaac_projects/isaac_drone_racer/.worktrees/stage1-fake-vio/logs/skrl/stage1_recovery_20260905/2026-09-05_11-37-52/2026-09-05_11-37-57_ppo_torch_stage1_mixed/checkpoints/best_agent.pt,ecf1a26095dfe976a926a1c7c3876aaafb1c80f1dd681f9e9f35bd678864cdf1,150d107225160ac498040fa20d4ccf9e26ec2703,True,fixed_per_environment_quotas_v2,mild,11,67,False,False,,5,0,True,False,-4.639882564544678,0.72,0.0359242781996727,0.03703074902296066,0.2601557672023773
/home/donglei/isaac_projects/isaac_drone_racer/.worktrees/stage1-fake-vio/logs/skrl/stage1_recovery_20260905/2026-09-05_11-37-52/2026-09-05_11-37-57_ppo_torch_stage1_mixed/checkpoints/best_agent.pt,ecf1a26095dfe976a926a1c7c3876aaafb1c80f1dd681f9e9f35bd678864cdf1,150d107225160ac498040fa20d4ccf9e26ec2703,True,fixed_per_environment_quotas_v2,mild,11,68,False,False,,6,1,True,False,-0.34934282302856445,0.88,0.06849702447652817,0.1274854987859726,0.27102240920066833
/home/donglei/isaac_projects/isaac_drone_racer/.worktrees/stage1-fake-vio/logs/skrl/stage1_recovery_20260905/2026-09-05_11-37-52/2026-09-05_11-37-57_ppo_torch_stage1_mixed/checkpoints/best_agent.pt,ecf1a26095dfe976a926a1c7c3876aaafb1c80f1dd681f9e9f35bd678864cdf1,150d107225160ac498040fa20d4ccf9e26ec2703,True,fixed_per_environment_quotas_v2,mild,11,69,True,True,6.09,,7,False,False,39.858421325683594,6.09,0.1272989958524704,0.04103563353419304,0.3278683125972748
/home/donglei/isaac_projects/isaac_drone_racer/.worktrees/stage1-fake-vio/logs/skrl/stage1_recovery_20260905/2026-09-05_11-37-52/2026-09-05_11-37-57_ppo_torch_stage1_mixed/checkpoints/best_agent.pt,ecf1a26095dfe976a926a1c7c3876aaafb1c80f1dd681f9e9f35bd678864cdf1,150d107225160ac498040fa20d4ccf9e26ec2703,True,fixed_per_environment_quotas_v2,mild,11,70,False,False,,5,0,True,False,-5.87570333480835,1.2,0.07957220822572708,0.05323271453380585,0.279864639043808
/home/donglei/isaac_projects/isaac_drone_racer/.worktrees/stage1-fake-vio/logs/skrl/stage1_recovery_20260905/2026-09-05_11-37-52/2026-09-05_11-37-57_ppo_torch_stage1_mixed/checkpoints/best_agent.pt,ecf1a26095dfe976a926a1c7c3876aaafb1c80f1dd681f9e9f35bd678864cdf1,150d107225160ac498040fa20d4ccf9e26ec2703,True,fixed_per_environment_quotas_v2,mild,11,71,False,False,,6,1,True,False,1.5314106941223145,1.53,0.11383477598428726,0.04964502900838852,1.0345138311386108
/home/donglei/isaac_projects/isaac_drone_racer/.worktrees/stage1-fake-vio/logs/skrl/stage1_recovery_20260905/2026-09-05_11-37-52/2026-09-05_11-37-57_ppo_torch_stage1_mixed/checkpoints/best_agent.pt,ecf1a26095dfe976a926a1c7c3876aaafb1c80f1dd681f9e9f35bd678864cdf1,150d107225160ac498040fa20d4ccf9e26ec2703,True,fixed_per_environment_quotas_v2,mild,11,72,True,True,6.12,,7,False,False,39.81988525390625,6.12,0.11247116327285767,0.04345126450061798,0.29845064878463745
/home/donglei/isaac_projects/isaac_drone_racer/.worktrees/stage1-fake-vio/logs/skrl/stage1_recovery_20260905/2026-09-05_11-37-52/2026-09-05_11-37-57_ppo_torch_stage1_mixed/checkpoints/best_agent.pt,ecf1a26095dfe976a926a1c7c3876aaafb1c80f1dd681f9e9f35bd678864cdf1,150d107225160ac498040fa20d4ccf9e26ec2703,True,fixed_per_environment_quotas_v2,mild,11,73,False,False,,3,2,True,False,6.010135173797607,2.16,0.11503241956233978,0.13570328056812286,0.4945748746395111
/home/donglei/isaac_projects/isaac_drone_racer/.worktrees/stage1-fake-vio/logs/skrl/stage1_recovery_20260905/2026-09-05_11-37-52/2026-09-05_11-37-57_ppo_torch_stage1_mixed/checkpoints/best_agent.pt,ecf1a26095dfe976a926a1c7c3876aaafb1c80f1dd681f9e9f35bd678864cdf1,150d107225160ac498040fa20d4ccf9e26ec2703,True,fixed_per_environment_quotas_v2,mild,11,74,False,False,,6,2,True,False,8.32661247253418,2.59,0.12268112599849701,0.04268776252865791,0.3355463743209839
/home/donglei/isaac_projects/isaac_drone_racer/.worktrees/stage1-fake-vio/logs/skrl/stage1_recovery_20260905/2026-09-05_11-37-52/2026-09-05_11-37-57_ppo_torch_stage1_mixed/checkpoints/best_agent.pt,ecf1a26095dfe976a926a1c7c3876aaafb1c80f1dd681f9e9f35bd678864cdf1,150d107225160ac498040fa20d4ccf9e26ec2703,True,fixed_per_environment_quotas_v2,mild,11,75,True,True,5.9,,7,False,False,39.512725830078125,5.9,0.12483076006174088,0.03948318958282471,0.3285505473613739
/home/donglei/isaac_projects/isaac_drone_racer/.worktrees/stage1-fake-vio/logs/skrl/stage1_recovery_20260905/2026-09-05_11-37-52/2026-09-05_11-37-57_ppo_torch_stage1_mixed/checkpoints/best_agent.pt,ecf1a26095dfe976a926a1c7c3876aaafb1c80f1dd681f9e9f35bd678864cdf1,150d107225160ac498040fa20d4ccf9e26ec2703,True,fixed_per_environment_quotas_v2,mild,11,76,True,True,5.95,,7,False,False,39.50775146484375,5.95,0.12119267135858536,0.043738141655921936,0.3320096433162689
/home/donglei/isaac_projects/isaac_drone_racer/.worktrees/stage1-fake-vio/logs/skrl/stage1_recovery_20260905/2026-09-05_11-37-52/2026-09-05_11-37-57_ppo_torch_stage1_mixed/checkpoints/best_agent.pt,ecf1a26095dfe976a926a1c7c3876aaafb1c80f1dd681f9e9f35bd678864cdf1,150d107225160ac498040fa20d4ccf9e26ec2703,True,fixed_per_environment_quotas_v2,mild,11,77,True,True,6.05,,7,False,False,39.56297302246094,6.05,0.12308945506811142,0.04402082785964012,0.30916985869407654
/home/donglei/isaac_projects/isaac_drone_racer/.worktrees/stage1-fake-vio/logs/skrl/stage1_recovery_20260905/2026-09-05_11-37-52/2026-09-05_11-37-57_ppo_torch_stage1_mixed/checkpoints/best_agent.pt,ecf1a26095dfe976a926a1c7c3876aaafb1c80f1dd681f9e9f35bd678864cdf1,150d107225160ac498040fa20d4ccf9e26ec2703,True,fixed_per_environment_quotas_v2,mild,11,78,True,True,6.11,,7,False,False,39.824607849121094,6.11,0.11206822097301483,0.040475163608789444,0.2820403575897217
/home/donglei/isaac_projects/isaac_drone_racer/.worktrees/stage1-fake-vio/logs/skrl/stage1_recovery_20260905/2026-09-05_11-37-52/2026-09-05_11-37-57_ppo_torch_stage1_mixed/checkpoints/best_agent.pt,ecf1a26095dfe976a926a1c7c3876aaafb1c80f1dd681f9e9f35bd678864cdf1,150d107225160ac498040fa20d4ccf9e26ec2703,True,fixed_per_environment_quotas_v2,mild,11,79,True,True,5.97,,7,False,False,39.53833770751953,5.97,0.1276044398546219,0.04180781915783882,0.31480345129966736
/home/donglei/isaac_projects/isaac_drone_racer/.worktrees/stage1-fake-vio/logs/skrl/stage1_recovery_20260905/2026-09-05_11-37-52/2026-09-05_11-37-57_ppo_torch_stage1_mixed/checkpoints/best_agent.pt,ecf1a26095dfe976a926a1c7c3876aaafb1c80f1dd681f9e9f35bd678864cdf1,150d107225160ac498040fa20d4ccf9e26ec2703,True,fixed_per_environment_quotas_v2,mild,11,80,True,True,6.04,,7,False,False,39.507911682128906,6.04,0.1252235323190689,0.042549628764390945,0.31889697909355164
/home/donglei/isaac_projects/isaac_drone_racer/.worktrees/stage1-fake-vio/logs/skrl/stage1_recovery_20260905/2026-09-05_11-37-52/2026-09-05_11-37-57_ppo_torch_stage1_mixed/checkpoints/best_agent.pt,ecf1a26095dfe976a926a1c7c3876aaafb1c80f1dd681f9e9f35bd678864cdf1,150d107225160ac498040fa20d4ccf9e26ec2703,True,fixed_per_environment_quotas_v2,mild,11,81,True,True,6.5,,7,False,False,39.5931282043457,6.5,0.11517930030822754,0.041065752506256104,0.3005550801753998
/home/donglei/isaac_projects/isaac_drone_racer/.worktrees/stage1-fake-vio/logs/skrl/stage1_recovery_20260905/2026-09-05_11-37-52/2026-09-05_11-37-57_ppo_torch_stage1_mixed/checkpoints/best_agent.pt,ecf1a26095dfe976a926a1c7c3876aaafb1c80f1dd681f9e9f35bd678864cdf1,150d107225160ac498040fa20d4ccf9e26ec2703,True,fixed_per_environment_quotas_v2,mild,11,82,True,True,6.08,,7,False,False,39.77370834350586,6.08,0.12499595433473587,0.036579933017492294,0.31581541895866394
/home/donglei/isaac_projects/isaac_drone_racer/.worktrees/stage1-fake-vio/logs/skrl/stage1_recovery_20260905/2026-09-05_11-37-52/2026-09-05_11-37-57_ppo_torch_stage1_mixed/checkpoints/best_agent.pt,ecf1a26095dfe976a926a1c7c3876aaafb1c80f1dd681f9e9f35bd678864cdf1,150d107225160ac498040fa20d4ccf9e26ec2703,True,fixed_per_environment_quotas_v2,mild,11,83,True,True,6.01,,7,False,False,39.76922607421875,6.01,0.1219901517033577,0.04019429534673691,0.32413536310195923
/home/donglei/isaac_projects/isaac_drone_racer/.worktrees/stage1-fake-vio/logs/skrl/stage1_recovery_20260905/2026-09-05_11-37-52/2026-09-05_11-37-57_ppo_torch_stage1_mixed/checkpoints/best_agent.pt,ecf1a26095dfe976a926a1c7c3876aaafb1c80f1dd681f9e9f35bd678864cdf1,150d107225160ac498040fa20d4ccf9e26ec2703,True,fixed_per_environment_quotas_v2,mild,11,84,True,True,6.0200000000000005,,7,False,False,39.533287048339844,6.0200000000000005,0.12210606783628464,0.03979777544736862,0.32183733582496643
/home/donglei/isaac_projects/isaac_drone_racer/.worktrees/stage1-fake-vio/logs/skrl/stage1_recovery_20260905/2026-09-05_11-37-52/2026-09-05_11-37-57_ppo_torch_stage1_mixed/checkpoints/best_agent.pt,ecf1a26095dfe976a926a1c7c3876aaafb1c80f1dd681f9e9f35bd678864cdf1,150d107225160ac498040fa20d4ccf9e26ec2703,True,fixed_per_environment_quotas_v2,mild,11,85,True,True,6.0600000000000005,,7,False,False,39.67820358276367,6.0600000000000005,0.12527963519096375,0.04158938303589821,0.3200174868106842
/home/donglei/isaac_projects/isaac_drone_racer/.worktrees/stage1-fake-vio/logs/skrl/stage1_recovery_20260905/2026-09-05_11-37-52/2026-09-05_11-37-57_ppo_torch_stage1_mixed/checkpoints/best_agent.pt,ecf1a26095dfe976a926a1c7c3876aaafb1c80f1dd681f9e9f35bd678864cdf1,150d107225160ac498040fa20d4ccf9e26ec2703,True,fixed_per_environment_quotas_v2,mild,11,86,True,True,6.01,,7,False,False,39.575557708740234,6.01,0.12394566088914871,0.04225333407521248,0.313844233751297
/home/donglei/isaac_projects/isaac_drone_racer/.worktrees/stage1-fake-vio/logs/skrl/stage1_recovery_20260905/2026-09-05_11-37-52/2026-09-05_11-37-57_ppo_torch_stage1_mixed/checkpoints/best_agent.pt,ecf1a26095dfe976a926a1c7c3876aaafb1c80f1dd681f9e9f35bd678864cdf1,150d107225160ac498040fa20d4ccf9e26ec2703,True,fixed_per_environment_quotas_v2,mild,11,87,True,True,6.13,,7,False,False,39.68894577026367,6.13,0.13018926978111267,0.04290280118584633,0.33233195543289185
/home/donglei/isaac_projects/isaac_drone_racer/.worktrees/stage1-fake-vio/logs/skrl/stage1_recovery_20260905/2026-09-05_11-37-52/2026-09-05_11-37-57_ppo_torch_stage1_mixed/checkpoints/best_agent.pt,ecf1a26095dfe976a926a1c7c3876aaafb1c80f1dd681f9e9f35bd678864cdf1,150d107225160ac498040fa20d4ccf9e26ec2703,True,fixed_per_environment_quotas_v2,mild,11,88,True,True,6.28,,7,False,False,39.84493637084961,6.28,0.1167929396033287,0.0432051382958889,0.29762977361679077
/home/donglei/isaac_projects/isaac_drone_racer/.worktrees/stage1-fake-vio/logs/skrl/stage1_recovery_20260905/2026-09-05_11-37-52/2026-09-05_11-37-57_ppo_torch_stage1_mixed/checkpoints/best_agent.pt,ecf1a26095dfe976a926a1c7c3876aaafb1c80f1dd681f9e9f35bd678864cdf1,150d107225160ac498040fa20d4ccf9e26ec2703,True,fixed_per_environment_quotas_v2,mild,11,89,True,True,6.08,,7,False,False,40.008888244628906,6.08,0.11558200418949127,0.04130908474326134,0.29284951090812683
/home/donglei/isaac_projects/isaac_drone_racer/.worktrees/stage1-fake-vio/logs/skrl/stage1_recovery_20260905/2026-09-05_11-37-52/2026-09-05_11-37-57_ppo_torch_stage1_mixed/checkpoints/best_agent.pt,ecf1a26095dfe976a926a1c7c3876aaafb1c80f1dd681f9e9f35bd678864cdf1,150d107225160ac498040fa20d4ccf9e26ec2703,True,fixed_per_environment_quotas_v2,mild,11,90,True,True,6.0200000000000005,,7,False,False,39.75815200805664,6.0200000000000005,0.11717694252729416,0.04235983267426491,0.3072217106819153
/home/donglei/isaac_projects/isaac_drone_racer/.worktrees/stage1-fake-vio/logs/skrl/stage1_recovery_20260905/2026-09-05_11-37-52/2026-09-05_11-37-57_ppo_torch_stage1_mixed/checkpoints/best_agent.pt,ecf1a26095dfe976a926a1c7c3876aaafb1c80f1dd681f9e9f35bd678864cdf1,150d107225160ac498040fa20d4ccf9e26ec2703,True,fixed_per_environment_quotas_v2,mild,11,91,True,True,6.08,,7,False,False,39.70954513549805,6.08,0.11973057687282562,0.041238799691200256,0.3160196542739868
/home/donglei/isaac_projects/isaac_drone_racer/.worktrees/stage1-fake-vio/logs/skrl/stage1_recovery_20260905/2026-09-05_11-37-52/2026-09-05_11-37-57_ppo_torch_stage1_mixed/checkpoints/best_agent.pt,ecf1a26095dfe976a926a1c7c3876aaafb1c80f1dd681f9e9f35bd678864cdf1,150d107225160ac498040fa20d4ccf9e26ec2703,True,fixed_per_environment_quotas_v2,mild,11,92,True,True,5.94,,7,False,False,39.57625198364258,5.94,0.1232859194278717,0.04084867238998413,0.32433584332466125
/home/donglei/isaac_projects/isaac_drone_racer/.worktrees/stage1-fake-vio/logs/skrl/stage1_recovery_20260905/2026-09-05_11-37-52/2026-09-05_11-37-57_ppo_torch_stage1_mixed/checkpoints/best_agent.pt,ecf1a26095dfe976a926a1c7c3876aaafb1c80f1dd681f9e9f35bd678864cdf1,150d107225160ac498040fa20d4ccf9e26ec2703,True,fixed_per_environment_quotas_v2,mild,11,93,True,True,5.88,,7,False,False,39.81967544555664,5.88,0.12878188490867615,0.04037840664386749,0.3364652991294861
/home/donglei/isaac_projects/isaac_drone_racer/.worktrees/stage1-fake-vio/logs/skrl/stage1_recovery_20260905/2026-09-05_11-37-52/2026-09-05_11-37-57_ppo_torch_stage1_mixed/checkpoints/best_agent.pt,ecf1a26095dfe976a926a1c7c3876aaafb1c80f1dd681f9e9f35bd678864cdf1,150d107225160ac498040fa20d4ccf9e26ec2703,True,fixed_per_environment_quotas_v2,mild,11,94,True,True,5.97,,7,False,False,39.76654052734375,5.97,0.12325753271579742,0.03984503448009491,0.3187335133552551
/home/donglei/isaac_projects/isaac_drone_racer/.worktrees/stage1-fake-vio/logs/skrl/stage1_recovery_20260905/2026-09-05_11-37-52/2026-09-05_11-37-57_ppo_torch_stage1_mixed/checkpoints/best_agent.pt,ecf1a26095dfe976a926a1c7c3876aaafb1c80f1dd681f9e9f35bd678864cdf1,150d107225160ac498040fa20d4ccf9e26ec2703,True,fixed_per_environment_quotas_v2,mild,11,95,True,True,6.0200000000000005,,7,False,False,39.7161979675293,6.0200000000000005,0.11943652480840683,0.036587800830602646,0.2980911433696747
/home/donglei/isaac_projects/isaac_drone_racer/.worktrees/stage1-fake-vio/logs/skrl/stage1_recovery_20260905/2026-09-05_11-37-52/2026-09-05_11-37-57_ppo_torch_stage1_mixed/checkpoints/best_agent.pt,ecf1a26095dfe976a926a1c7c3876aaafb1c80f1dd681f9e9f35bd678864cdf1,150d107225160ac498040fa20d4ccf9e26ec2703,True,fixed_per_environment_quotas_v2,mild,11,96,True,True,5.76,,7,False,False,39.42758560180664,5.76,0.1337440460920334,0.03927202150225639,0.3210107982158661
/home/donglei/isaac_projects/isaac_drone_racer/.worktrees/stage1-fake-vio/logs/skrl/stage1_recovery_20260905/2026-09-05_11-37-52/2026-09-05_11-37-57_ppo_torch_stage1_mixed/checkpoints/best_agent.pt,ecf1a26095dfe976a926a1c7c3876aaafb1c80f1dd681f9e9f35bd678864cdf1,150d107225160ac498040fa20d4ccf9e26ec2703,True,fixed_per_environment_quotas_v2,mild,11,97,True,True,6.07,,7,False,False,39.75044631958008,6.07,0.11781853437423706,0.041618652641773224,0.304646760225296
/home/donglei/isaac_projects/isaac_drone_racer/.worktrees/stage1-fake-vio/logs/skrl/stage1_recovery_20260905/2026-09-05_11-37-52/2026-09-05_11-37-57_ppo_torch_stage1_mixed/checkpoints/best_agent.pt,ecf1a26095dfe976a926a1c7c3876aaafb1c80f1dd681f9e9f35bd678864cdf1,150d107225160ac498040fa20d4ccf9e26ec2703,True,fixed_per_environment_quotas_v2,mild,11,98,True,True,6.140000000000001,,7,False,False,39.926055908203125,6.140000000000001,0.11471885442733765,0.041826680302619934,0.3041219413280487
/home/donglei/isaac_projects/isaac_drone_racer/.worktrees/stage1-fake-vio/logs/skrl/stage1_recovery_20260905/2026-09-05_11-37-52/2026-09-05_11-37-57_ppo_torch_stage1_mixed/checkpoints/best_agent.pt,ecf1a26095dfe976a926a1c7c3876aaafb1c80f1dd681f9e9f35bd678864cdf1,150d107225160ac498040fa20d4ccf9e26ec2703,True,fixed_per_environment_quotas_v2,mild,11,99,True,True,6.13,,7,False,False,39.863136291503906,6.13,0.12902405858039856,0.043628592044115067,0.3326904773712158
/home/donglei/isaac_projects/isaac_drone_racer/.worktrees/stage1-fake-vio/logs/skrl/stage1_recovery_20260905/2026-09-05_11-37-52/2026-09-05_11-37-57_ppo_torch_stage1_mixed/checkpoints/best_agent.pt,ecf1a26095dfe976a926a1c7c3876aaafb1c80f1dd681f9e9f35bd678864cdf1,150d107225160ac498040fa20d4ccf9e26ec2703,True,fixed_per_environment_quotas_v2,mild,11,100,True,True,6.0,,7,False,False,39.505615234375,6.0,0.11959413439035416,0.03826656937599182,0.3204975128173828
/home/donglei/isaac_projects/isaac_drone_racer/.worktrees/stage1-fake-vio/logs/skrl/stage1_recovery_20260905/2026-09-05_11-37-52/2026-09-05_11-37-57_ppo_torch_stage1_mixed/checkpoints/best_agent.pt,ecf1a26095dfe976a926a1c7c3876aaafb1c80f1dd681f9e9f35bd678864cdf1,150d107225160ac498040fa20d4ccf9e26ec2703,True,fixed_per_environment_quotas_v2,mild,11,101,True,True,6.3100000000000005,,7,False,False,39.96058654785156,6.3100000000000005,0.11161470413208008,0.04171781986951828,0.28221696615219116
/home/donglei/isaac_projects/isaac_drone_racer/.worktrees/stage1-fake-vio/logs/skrl/stage1_recovery_20260905/2026-09-05_11-37-52/2026-09-05_11-37-57_ppo_torch_stage1_mixed/checkpoints/best_agent.pt,ecf1a26095dfe976a926a1c7c3876aaafb1c80f1dd681f9e9f35bd678864cdf1,150d107225160ac498040fa20d4ccf9e26ec2703,True,fixed_per_environment_quotas_v2,mild,11,102,True,True,6.1000000000000005,,7,False,False,39.70762252807617,6.1000000000000005,0.12404800951480865,0.041282471269369125,0.3192870616912842
/home/donglei/isaac_projects/isaac_drone_racer/.worktrees/stage1-fake-vio/logs/skrl/stage1_recovery_20260905/2026-09-05_11-37-52/2026-09-05_11-37-57_ppo_torch_stage1_mixed/checkpoints/best_agent.pt,ecf1a26095dfe976a926a1c7c3876aaafb1c80f1dd681f9e9f35bd678864cdf1,150d107225160ac498040fa20d4ccf9e26ec2703,True,fixed_per_environment_quotas_v2,mild,11,103,True,True,5.96,,7,False,False,39.69523620605469,5.96,0.11892818659543991,0.03879743814468384,0.30984288454055786
/home/donglei/isaac_projects/isaac_drone_racer/.worktrees/stage1-fake-vio/logs/skrl/stage1_recovery_20260905/2026-09-05_11-37-52/2026-09-05_11-37-57_ppo_torch_stage1_mixed/checkpoints/best_agent.pt,ecf1a26095dfe976a926a1c7c3876aaafb1c80f1dd681f9e9f35bd678864cdf1,150d107225160ac498040fa20d4ccf9e26ec2703,True,fixed_per_environment_quotas_v2,mild,11,104,True,True,5.8500000000000005,,7,False,False,39.731746673583984,5.8500000000000005,0.1283530443906784,0.038041241466999054,0.316355437040329
/home/donglei/isaac_projects/isaac_drone_racer/.worktrees/stage1-fake-vio/logs/skrl/stage1_recovery_20260905/2026-09-05_11-37-52/2026-09-05_11-37-57_ppo_torch_stage1_mixed/checkpoints/best_agent.pt,ecf1a26095dfe976a926a1c7c3876aaafb1c80f1dd681f9e9f35bd678864cdf1,150d107225160ac498040fa20d4ccf9e26ec2703,True,fixed_per_environment_quotas_v2,mild,11,105,True,True,5.87,,7,False,False,39.69911575317383,5.87,0.12822310626506805,0.03843894228339195,0.31452301144599915
/home/donglei/isaac_projects/isaac_drone_racer/.worktrees/stage1-fake-vio/logs/skrl/stage1_recovery_20260905/2026-09-05_11-37-52/2026-09-05_11-37-57_ppo_torch_stage1_mixed/checkpoints/best_agent.pt,ecf1a26095dfe976a926a1c7c3876aaafb1c80f1dd681f9e9f35bd678864cdf1,150d107225160ac498040fa20d4ccf9e26ec2703,True,fixed_per_environment_quotas_v2,mild,11,106,True,True,6.09,,7,False,False,39.6522331237793,6.09,0.12374893575906754,0.04341975226998329,0.31117671728134155
/home/donglei/isaac_projects/isaac_drone_racer/.worktrees/stage1-fake-vio/logs/skrl/stage1_recovery_20260905/2026-09-05_11-37-52/2026-09-05_11-37-57_ppo_torch_stage1_mixed/checkpoints/best_agent.pt,ecf1a26095dfe976a926a1c7c3876aaafb1c80f1dd681f9e9f35bd678864cdf1,150d107225160ac498040fa20d4ccf9e26ec2703,True,fixed_per_environment_quotas_v2,mild,11,107,True,True,5.88,,7,False,False,39.71678161621094,5.88,0.1308421492576599,0.04094962030649185,0.33678796887397766
/home/donglei/isaac_projects/isaac_drone_racer/.worktrees/stage1-fake-vio/logs/skrl/stage1_recovery_20260905/2026-09-05_11-37-52/2026-09-05_11-37-57_ppo_torch_stage1_mixed/checkpoints/best_agent.pt,ecf1a26095dfe976a926a1c7c3876aaafb1c80f1dd681f9e9f35bd678864cdf1,150d107225160ac498040fa20d4ccf9e26ec2703,True,fixed_per_environment_quotas_v2,mild,11,108,True,True,6.03,,7,False,False,39.6677360534668,6.03,0.12081640958786011,0.04449845105409622,0.3266785740852356
/home/donglei/isaac_projects/isaac_drone_racer/.worktrees/stage1-fake-vio/logs/skrl/stage1_recovery_20260905/2026-09-05_11-37-52/2026-09-05_11-37-57_ppo_torch_stage1_mixed/checkpoints/best_agent.pt,ecf1a26095dfe976a926a1c7c3876aaafb1c80f1dd681f9e9f35bd678864cdf1,150d107225160ac498040fa20d4ccf9e26ec2703,True,fixed_per_environment_quotas_v2,mild,11,109,True,True,5.72,,7,False,False,39.51523208618164,5.72,0.1308889091014862,0.036815375089645386,0.31861403584480286
/home/donglei/isaac_projects/isaac_drone_racer/.worktrees/stage1-fake-vio/logs/skrl/stage1_recovery_20260905/2026-09-05_11-37-52/2026-09-05_11-37-57_ppo_torch_stage1_mixed/checkpoints/best_agent.pt,ecf1a26095dfe976a926a1c7c3876aaafb1c80f1dd681f9e9f35bd678864cdf1,150d107225160ac498040fa20d4ccf9e26ec2703,True,fixed_per_environment_quotas_v2,mild,11,110,True,True,6.15,,7,False,False,39.661678314208984,6.15,0.12272752076387405,0.04233241081237793,0.3209691047668457
/home/donglei/isaac_projects/isaac_drone_racer/.worktrees/stage1-fake-vio/logs/skrl/stage1_recovery_20260905/2026-09-05_11-37-52/2026-09-05_11-37-57_ppo_torch_stage1_mixed/checkpoints/best_agent.pt,ecf1a26095dfe976a926a1c7c3876aaafb1c80f1dd681f9e9f35bd678864cdf1,150d107225160ac498040fa20d4ccf9e26ec2703,True,fixed_per_environment_quotas_v2,mild,11,111,True,True,6.05,,7,False,False,39.86166763305664,6.05,0.1276664435863495,0.0439436174929142,0.3297399878501892
/home/donglei/isaac_projects/isaac_drone_racer/.worktrees/stage1-fake-vio/logs/skrl/stage1_recovery_20260905/2026-09-05_11-37-52/2026-09-05_11-37-57_ppo_torch_stage1_mixed/checkpoints/best_agent.pt,ecf1a26095dfe976a926a1c7c3876aaafb1c80f1dd681f9e9f35bd678864cdf1,150d107225160ac498040fa20d4ccf9e26ec2703,True,fixed_per_environment_quotas_v2,mild,11,112,True,True,6.09,,7,False,False,39.57663345336914,6.09,0.12145031243562698,0.04140709340572357,0.31539806723594666
/home/donglei/isaac_projects/isaac_drone_racer/.worktrees/stage1-fake-vio/logs/skrl/stage1_recovery_20260905/2026-09-05_11-37-52/2026-09-05_11-37-57_ppo_torch_stage1_mixed/checkpoints/best_agent.pt,ecf1a26095dfe976a926a1c7c3876aaafb1c80f1dd681f9e9f35bd678864cdf1,150d107225160ac498040fa20d4ccf9e26ec2703,True,fixed_per_environment_quotas_v2,mild,11,113,True,True,6.01,,7,False,False,39.77312088012695,6.01,0.12723283469676971,0.04291798546910286,0.3235069811344147
/home/donglei/isaac_projects/isaac_drone_racer/.worktrees/stage1-fake-vio/logs/skrl/stage1_recovery_20260905/2026-09-05_11-37-52/2026-09-05_11-37-57_ppo_torch_stage1_mixed/checkpoints/best_agent.pt,ecf1a26095dfe976a926a1c7c3876aaafb1c80f1dd681f9e9f35bd678864cdf1,150d107225160ac498040fa20d4ccf9e26ec2703,True,fixed_per_environment_quotas_v2,mild,11,114,True,True,5.82,,7,False,False,39.44941329956055,5.82,0.1272837370634079,0.040585026144981384,0.32221585512161255
/home/donglei/isaac_projects/isaac_drone_racer/.worktrees/stage1-fake-vio/logs/skrl/stage1_recovery_20260905/2026-09-05_11-37-52/2026-09-05_11-37-57_ppo_torch_stage1_mixed/checkpoints/best_agent.pt,ecf1a26095dfe976a926a1c7c3876aaafb1c80f1dd681f9e9f35bd678864cdf1,150d107225160ac498040fa20d4ccf9e26ec2703,True,fixed_per_environment_quotas_v2,mild,11,115,True,True,5.92,,7,False,False,39.756046295166016,5.92,0.12774838507175446,0.03950537368655205,0.32705312967300415
/home/donglei/isaac_projects/isaac_drone_racer/.worktrees/stage1-fake-vio/logs/skrl/stage1_recovery_20260905/2026-09-05_11-37-52/2026-09-05_11-37-57_ppo_torch_stage1_mixed/checkpoints/best_agent.pt,ecf1a26095dfe976a926a1c7c3876aaafb1c80f1dd681f9e9f35bd678864cdf1,150d107225160ac498040fa20d4ccf9e26ec2703,True,fixed_per_environment_quotas_v2,mild,11,116,True,True,6.08,,7,False,False,39.74817657470703,6.08,0.13052521646022797,0.04283656179904938,0.33736300468444824
/home/donglei/isaac_projects/isaac_drone_racer/.worktrees/stage1-fake-vio/logs/skrl/stage1_recovery_20260905/2026-09-05_11-37-52/2026-09-05_11-37-57_ppo_torch_stage1_mixed/checkpoints/best_agent.pt,ecf1a26095dfe976a926a1c7c3876aaafb1c80f1dd681f9e9f35bd678864cdf1,150d107225160ac498040fa20d4ccf9e26ec2703,True,fixed_per_environment_quotas_v2,mild,11,117,True,True,6.140000000000001,,7,False,False,39.57130813598633,6.140000000000001,0.11928872019052505,0.04485725611448288,0.31999605894088745
/home/donglei/isaac_projects/isaac_drone_racer/.worktrees/stage1-fake-vio/logs/skrl/stage1_recovery_20260905/2026-09-05_11-37-52/2026-09-05_11-37-57_ppo_torch_stage1_mixed/checkpoints/best_agent.pt,ecf1a26095dfe976a926a1c7c3876aaafb1c80f1dd681f9e9f35bd678864cdf1,150d107225160ac498040fa20d4ccf9e26ec2703,True,fixed_per_environment_quotas_v2,mild,11,118,True,True,5.98,,7,False,False,39.80156707763672,5.98,0.12821677327156067,0.037208061665296555,0.31708014011383057
/home/donglei/isaac_projects/isaac_drone_racer/.worktrees/stage1-fake-vio/logs/skrl/stage1_recovery_20260905/2026-09-05_11-37-52/2026-09-05_11-37-57_ppo_torch_stage1_mixed/checkpoints/best_agent.pt,ecf1a26095dfe976a926a1c7c3876aaafb1c80f1dd681f9e9f35bd678864cdf1,150d107225160ac498040fa20d4ccf9e26ec2703,True,fixed_per_environment_quotas_v2,mild,11,119,True,True,5.9,,7,False,False,39.754520416259766,5.9,0.13092103600502014,0.04105013981461525,0.3391933739185333
/home/donglei/isaac_projects/isaac_drone_racer/.worktrees/stage1-fake-vio/logs/skrl/stage1_recovery_20260905/2026-09-05_11-37-52/2026-09-05_11-37-57_ppo_torch_stage1_mixed/checkpoints/best_agent.pt,ecf1a26095dfe976a926a1c7c3876aaafb1c80f1dd681f9e9f35bd678864cdf1,150d107225160ac498040fa20d4ccf9e26ec2703,True,fixed_per_environment_quotas_v2,mild,11,120,True,True,6.16,,7,False,False,39.71417236328125,6.16,0.11991740018129349,0.045409541577100754,0.3070788085460663
/home/donglei/isaac_projects/isaac_drone_racer/.worktrees/stage1-fake-vio/logs/skrl/stage1_recovery_20260905/2026-09-05_11-37-52/2026-09-05_11-37-57_ppo_torch_stage1_mixed/checkpoints/best_agent.pt,ecf1a26095dfe976a926a1c7c3876aaafb1c80f1dd681f9e9f35bd678864cdf1,150d107225160ac498040fa20d4ccf9e26ec2703,True,fixed_per_environment_quotas_v2,mild,11,121,True,True,5.88,,7,False,False,39.84866714477539,5.88,0.12210439890623093,0.038606565445661545,0.30730533599853516
/home/donglei/isaac_projects/isaac_drone_racer/.worktrees/stage1-fake-vio/logs/skrl/stage1_recovery_20260905/2026-09-05_11-37-52/2026-09-05_11-37-57_ppo_torch_stage1_mixed/checkpoints/best_agent.pt,ecf1a26095dfe976a926a1c7c3876aaafb1c80f1dd681f9e9f35bd678864cdf1,150d107225160ac498040fa20d4ccf9e26ec2703,True,fixed_per_environment_quotas_v2,mild,11,122,True,True,5.92,,7,False,False,39.8143310546875,5.92,0.12508347630500793,0.03927168250083923,0.30767637491226196
/home/donglei/isaac_projects/isaac_drone_racer/.worktrees/stage1-fake-vio/logs/skrl/stage1_recovery_20260905/2026-09-05_11-37-52/2026-09-05_11-37-57_ppo_torch_stage1_mixed/checkpoints/best_agent.pt,ecf1a26095dfe976a926a1c7c3876aaafb1c80f1dd681f9e9f35bd678864cdf1,150d107225160ac498040fa20d4ccf9e26ec2703,True,fixed_per_environment_quotas_v2,mild,11,123,True,True,5.84,,7,False,False,39.62442398071289,5.84,0.12864568829536438,0.03819764032959938,0.3132244944572449
/home/donglei/isaac_projects/isaac_drone_racer/.worktrees/stage1-fake-vio/logs/skrl/stage1_recovery_20260905/2026-09-05_11-37-52/2026-09-05_11-37-57_ppo_torch_stage1_mixed/checkpoints/best_agent.pt,ecf1a26095dfe976a926a1c7c3876aaafb1c80f1dd681f9e9f35bd678864cdf1,150d107225160ac498040fa20d4ccf9e26ec2703,True,fixed_per_environment_quotas_v2,mild,11,124,True,True,5.87,,7,False,False,39.37178421020508,5.87,0.12944309413433075,0.04172949120402336,0.3170950412750244
/home/donglei/isaac_projects/isaac_drone_racer/.worktrees/stage1-fake-vio/logs/skrl/stage1_recovery_20260905/2026-09-05_11-37-52/2026-09-05_11-37-57_ppo_torch_stage1_mixed/checkpoints/best_agent.pt,ecf1a26095dfe976a926a1c7c3876aaafb1c80f1dd681f9e9f35bd678864cdf1,150d107225160ac498040fa20d4ccf9e26ec2703,True,fixed_per_environment_quotas_v2,mild,11,125,True,True,5.9,,7,False,False,39.65513610839844,5.9,0.12583176791667938,0.041749417781829834,0.31053686141967773
/home/donglei/isaac_projects/isaac_drone_racer/.worktrees/stage1-fake-vio/logs/skrl/stage1_recovery_20260905/2026-09-05_11-37-52/2026-09-05_11-37-57_ppo_torch_stage1_mixed/checkpoints/best_agent.pt,ecf1a26095dfe976a926a1c7c3876aaafb1c80f1dd681f9e9f35bd678864cdf1,150d107225160ac498040fa20d4ccf9e26ec2703,True,fixed_per_environment_quotas_v2,mild,11,126,True,True,5.91,,7,False,False,39.54808044433594,5.91,0.12358469516038895,0.04288396239280701,0.3110712170600891
/home/donglei/isaac_projects/isaac_drone_racer/.worktrees/stage1-fake-vio/logs/skrl/stage1_recovery_20260905/2026-09-05_11-37-52/2026-09-05_11-37-57_ppo_torch_stage1_mixed/checkpoints/best_agent.pt,ecf1a26095dfe976a926a1c7c3876aaafb1c80f1dd681f9e9f35bd678864cdf1,150d107225160ac498040fa20d4ccf9e26ec2703,True,fixed_per_environment_quotas_v2,mild,11,127,True,True,6.13,,7,False,False,39.6325569152832,6.13,0.11838271468877792,0.040168751031160355,0.3148118555545807
/home/donglei/isaac_projects/isaac_drone_racer/.worktrees/stage1-fake-vio/logs/skrl/stage1_recovery_20260905/2026-09-05_11-37-52/2026-09-05_11-37-57_ppo_torch_stage1_mixed/checkpoints/best_agent.pt,ecf1a26095dfe976a926a1c7c3876aaafb1c80f1dd681f9e9f35bd678864cdf1,150d107225160ac498040fa20d4ccf9e26ec2703,True,fixed_per_environment_quotas_v2,mild,29,0,False,False,,3,0,False,False,0.9159489274024963,0.32,0.1541488766670227,0.033420074731111526,0.3207642436027527
/home/donglei/isaac_projects/isaac_drone_racer/.worktrees/stage1-fake-vio/logs/skrl/stage1_recovery_20260905/2026-09-05_11-37-52/2026-09-05_11-37-57_ppo_torch_stage1_mixed/checkpoints/best_agent.pt,ecf1a26095dfe976a926a1c7c3876aaafb1c80f1dd681f9e9f35bd678864cdf1,150d107225160ac498040fa20d4ccf9e26ec2703,True,fixed_per_environment_quotas_v2,mild,29,1,False,False,,3,1,False,False,4.4426445960998535,0.63,0.11256958544254303,0.018851427361369133,0.3612961173057556
/home/donglei/isaac_projects/isaac_drone_racer/.worktrees/stage1-fake-vio/logs/skrl/stage1_recovery_20260905/2026-09-05_11-37-52/2026-09-05_11-37-57_ppo_torch_stage1_mixed/checkpoints/best_agent.pt,ecf1a26095dfe976a926a1c7c3876aaafb1c80f1dd681f9e9f35bd678864cdf1,150d107225160ac498040fa20d4ccf9e26ec2703,True,fixed_per_environment_quotas_v2,mild,29,2,False,False,,5,0,True,False,-5.822530746459961,0.6900000000000001,0.10047350078821182,0.15354163944721222,0.566000759601593
/home/donglei/isaac_projects/isaac_drone_racer/.worktrees/stage1-fake-vio/logs/skrl/stage1_recovery_20260905/2026-09-05_11-37-52/2026-09-05_11-37-57_ppo_torch_stage1_mixed/checkpoints/best_agent.pt,ecf1a26095dfe976a926a1c7c3876aaafb1c80f1dd681f9e9f35bd678864cdf1,150d107225160ac498040fa20d4ccf9e26ec2703,True,fixed_per_environment_quotas_v2,mild,29,3,False,False,,2,1,False,False,5.203866004943848,0.72,0.09721065312623978,0.04136408865451813,0.32491984963417053
/home/donglei/isaac_projects/isaac_drone_racer/.worktrees/stage1-fake-vio/logs/skrl/stage1_recovery_20260905/2026-09-05_11-37-52/2026-09-05_11-37-57_ppo_torch_stage1_mixed/checkpoints/best_agent.pt,ecf1a26095dfe976a926a1c7c3876aaafb1c80f1dd681f9e9f35bd678864cdf1,150d107225160ac498040fa20d4ccf9e26ec2703,True,fixed_per_environment_quotas_v2,mild,29,4,False,False,,5,1,False,False,6.479697227478027,1.2,0.1372949182987213,0.03964940831065178,0.3568921387195587
/home/donglei/isaac_projects/isaac_drone_racer/.worktrees/stage1-fake-vio/logs/skrl/stage1_recovery_20260905/2026-09-05_11-37-52/2026-09-05_11-37-57_ppo_torch_stage1_mixed/checkpoints/best_agent.pt,ecf1a26095dfe976a926a1c7c3876aaafb1c80f1dd681f9e9f35bd678864cdf1,150d107225160ac498040fa20d4ccf9e26ec2703,True,fixed_per_environment_quotas_v2,mild,29,5,False,False,,5,2,False,False,11.536482810974121,1.53,0.15303325653076172,0.041886020451784134,0.35427916049957275
/home/donglei/isaac_projects/isaac_drone_racer/.worktrees/stage1-fake-vio/logs/skrl/stage1_recovery_20260905/2026-09-05_11-37-52/2026-09-05_11-37-57_ppo_torch_stage1_mixed/checkpoints/best_agent.pt,ecf1a26095dfe976a926a1c7c3876aaafb1c80f1dd681f9e9f35bd678864cdf1,150d107225160ac498040fa20d4ccf9e26ec2703,True,fixed_per_environment_quotas_v2,mild,29,6,False,False,,3,2,True,False,6.129887104034424,1.9100000000000001,0.10762858390808105,0.2172296792268753,1.0901296138763428
/home/donglei/isaac_projects/isaac_drone_racer/.worktrees/stage1-fake-vio/logs/skrl/stage1_recovery_20260905/2026-09-05_11-37-52/2026-09-05_11-37-57_ppo_torch_stage1_mixed/checkpoints/best_agent.pt,ecf1a26095dfe976a926a1c7c3876aaafb1c80f1dd681f9e9f35bd678864cdf1,150d107225160ac498040fa20d4ccf9e26ec2703,True,fixed_per_environment_quotas_v2,mild,29,7,False,False,,4,2,False,False,13.422701835632324,2.16,0.15769453346729279,0.03657392039895058,0.3418189287185669
/home/donglei/isaac_projects/isaac_drone_racer/.worktrees/stage1-fake-vio/logs/skrl/stage1_recovery_20260905/2026-09-05_11-37-52/2026-09-05_11-37-57_ppo_torch_stage1_mixed/checkpoints/best_agent.pt,ecf1a26095dfe976a926a1c7c3876aaafb1c80f1dd681f9e9f35bd678864cdf1,150d107225160ac498040fa20d4ccf9e26ec2703,True,fixed_per_environment_quotas_v2,mild,29,8,False,False,,4,2,False,False,13.656083106994629,2.2600000000000002,0.15834343433380127,0.04205179959535599,0.32539495825767517
/home/donglei/isaac_projects/isaac_drone_racer/.worktrees/stage1-fake-vio/logs/skrl/stage1_recovery_20260905/2026-09-05_11-37-52/2026-09-05_11-37-57_ppo_torch_stage1_mixed/checkpoints/best_agent.pt,ecf1a26095dfe976a926a1c7c3876aaafb1c80f1dd681f9e9f35bd678864cdf1,150d107225160ac498040fa20d4ccf9e26ec2703,True,fixed_per_environment_quotas_v2,mild,29,9,False,False,,4,2,False,False,14.564912796020508,2.59,0.15726985037326813,0.03949566185474396,0.32730501890182495
/home/donglei/isaac_projects/isaac_drone_racer/.worktrees/stage1-fake-vio/logs/skrl/stage1_recovery_20260905/2026-09-05_11-37-52/2026-09-05_11-37-57_ppo_torch_stage1_mixed/checkpoints/best_agent.pt,ecf1a26095dfe976a926a1c7c3876aaafb1c80f1dd681f9e9f35bd678864cdf1,150d107225160ac498040fa20d4ccf9e26ec2703,True,fixed_per_environment_quotas_v2,mild,29,10,False,False,,7,3,True,False,12.495954513549805,2.9,0.11724241822957993,0.06944677233695984,0.687427282333374
/home/donglei/isaac_projects/isaac_drone_racer/.worktrees/stage1-fake-vio/logs/skrl/stage1_recovery_20260905/2026-09-05_11-37-52/2026-09-05_11-37-57_ppo_torch_stage1_mixed/checkpoints/best_agent.pt,ecf1a26095dfe976a926a1c7c3876aaafb1c80f1dd681f9e9f35bd678864cdf1,150d107225160ac498040fa20d4ccf9e26ec2703,True,fixed_per_environment_quotas_v2,mild,29,11,False,False,,2,4,False,False,21.208240509033203,3.0300000000000002,0.11210308969020844,0.038401734083890915,0.332425057888031
/home/donglei/isaac_projects/isaac_drone_racer/.worktrees/stage1-fake-vio/logs/skrl/stage1_recovery_20260905/2026-09-05_11-37-52/2026-09-05_11-37-57_ppo_torch_stage1_mixed/checkpoints/best_agent.pt,ecf1a26095dfe976a926a1c7c3876aaafb1c80f1dd681f9e9f35bd678864cdf1,150d107225160ac498040fa20d4ccf9e26ec2703,True,fixed_per_environment_quotas_v2,mild,29,12,False,False,,4,2,True,False,4.4021077156066895,3.46,0.1473744511604309,0.3316742181777954,0.5694853663444519
/home/donglei/isaac_projects/isaac_drone_racer/.worktrees/stage1-fake-vio/logs/skrl/stage1_recovery_20260905/2026-09-05_11-37-52/2026-09-05_11-37-57_ppo_torch_stage1_mixed/checkpoints/best_agent.pt,ecf1a26095dfe976a926a1c7c3876aaafb1c80f1dd681f9e9f35bd678864cdf1,150d107225160ac498040fa20d4ccf9e26ec2703,True,fixed_per_environment_quotas_v2,mild,29,13,False,False,,7,0,True,False,-4.146610260009766,1.41,0.07216539978981018,0.1090560257434845,0.8362259268760681
/home/donglei/isaac_projects/isaac_drone_racer/.worktrees/stage1-fake-vio/logs/skrl/stage1_recovery_20260905/2026-09-05_11-37-52/2026-09-05_11-37-57_ppo_torch_stage1_mixed/checkpoints/best_agent.pt,ecf1a26095dfe976a926a1c7c3876aaafb1c80f1dd681f9e9f35bd678864cdf1,150d107225160ac498040fa20d4ccf9e26ec2703,True,fixed_per_environment_quotas_v2,mild,29,14,False,False,,3,6,False,False,31.427654266357422,4.32,0.11898554861545563,0.03915753960609436,0.33626458048820496
/home/donglei/isaac_projects/isaac_drone_racer/.worktrees/stage1-fake-vio/logs/skrl/stage1_recovery_20260905/2026-09-05_11-37-52/2026-09-05_11-37-57_ppo_torch_stage1_mixed/checkpoints/best_agent.pt,ecf1a26095dfe976a926a1c7c3876aaafb1c80f1dd681f9e9f35bd678864cdf1,150d107225160ac498040fa20d4ccf9e26ec2703,True,fixed_per_environment_quotas_v2,mild,29,15,False,False,,4,2,True,False,9.563898086547852,2.97,0.15073180198669434,0.04780060052871704,1.2063593864440918
/home/donglei/isaac_projects/isaac_drone_racer/.worktrees/stage1-fake-vio/logs/skrl/stage1_recovery_20260905/2026-09-05_11-37-52/2026-09-05_11-37-57_ppo_torch_stage1_mixed/checkpoints/best_agent.pt,ecf1a26095dfe976a926a1c7c3876aaafb1c80f1dd681f9e9f35bd678864cdf1,150d107225160ac498040fa20d4ccf9e26ec2703,True,fixed_per_environment_quotas_v2,mild,29,16,True,True,5.71,,7,False,False,39.53181838989258,5.71,0.13594605028629303,0.03674064204096794,0.332582026720047
/home/donglei/isaac_projects/isaac_drone_racer/.worktrees/stage1-fake-vio/logs/skrl/stage1_recovery_20260905/2026-09-05_11-37-52/2026-09-05_11-37-57_ppo_torch_stage1_mixed/checkpoints/best_agent.pt,ecf1a26095dfe976a926a1c7c3876aaafb1c80f1dd681f9e9f35bd678864cdf1,150d107225160ac498040fa20d4ccf9e26ec2703,True,fixed_per_environment_quotas_v2,mild,29,17,True,True,5.69,,7,False,False,39.39736557006836,5.69,0.13574495911598206,0.035062938928604126,0.3217484652996063
/home/donglei/isaac_projects/isaac_drone_racer/.worktrees/stage1-fake-vio/logs/skrl/stage1_recovery_20260905/2026-09-05_11-37-52/2026-09-05_11-37-57_ppo_torch_stage1_mixed/checkpoints/best_agent.pt,ecf1a26095dfe976a926a1c7c3876aaafb1c80f1dd681f9e9f35bd678864cdf1,150d107225160ac498040fa20d4ccf9e26ec2703,True,fixed_per_environment_quotas_v2,mild,29,18,True,True,5.43,,7,False,False,38.945743560791016,5.43,0.13268257677555084,0.04011400789022446,0.3412264585494995
/home/donglei/isaac_projects/isaac_drone_racer/.worktrees/stage1-fake-vio/logs/skrl/stage1_recovery_20260905/2026-09-05_11-37-52/2026-09-05_11-37-57_ppo_torch_stage1_mixed/checkpoints/best_agent.pt,ecf1a26095dfe976a926a1c7c3876aaafb1c80f1dd681f9e9f35bd678864cdf1,150d107225160ac498040fa20d4ccf9e26ec2703,True,fixed_per_environment_quotas_v2,mild,29,19,True,True,4.92,,7,False,False,38.64057922363281,4.92,0.1354740709066391,0.04046465829014778,0.3287173807621002
/home/donglei/isaac_projects/isaac_drone_racer/.worktrees/stage1-fake-vio/logs/skrl/stage1_recovery_20260905/2026-09-05_11-37-52/2026-09-05_11-37-57_ppo_torch_stage1_mixed/checkpoints/best_agent.pt,ecf1a26095dfe976a926a1c7c3876aaafb1c80f1dd681f9e9f35bd678864cdf1,150d107225160ac498040fa20d4ccf9e26ec2703,True,fixed_per_environment_quotas_v2,mild,29,20,True,True,5.45,,7,False,False,39.43498229980469,5.45,0.13031913340091705,0.03970351815223694,0.3290345072746277
/home/donglei/isaac_projects/isaac_drone_racer/.worktrees/stage1-fake-vio/logs/skrl/stage1_recovery_20260905/2026-09-05_11-37-52/2026-09-05_11-37-57_ppo_torch_stage1_mixed/checkpoints/best_agent.pt,ecf1a26095dfe976a926a1c7c3876aaafb1c80f1dd681f9e9f35bd678864cdf1,150d107225160ac498040fa20d4ccf9e26ec2703,True,fixed_per_environment_quotas_v2,mild,29,21,True,True,5.24,,7,False,False,38.76532745361328,5.24,0.1367490589618683,0.036945465952157974,0.33935680985450745
/home/donglei/isaac_projects/isaac_drone_racer/.worktrees/stage1-fake-vio/logs/skrl/stage1_recovery_20260905/2026-09-05_11-37-52/2026-09-05_11-37-57_ppo_torch_stage1_mixed/checkpoints/best_agent.pt,ecf1a26095dfe976a926a1c7c3876aaafb1c80f1dd681f9e9f35bd678864cdf1,150d107225160ac498040fa20d4ccf9e26ec2703,True,fixed_per_environment_quotas_v2,mild,29,22,True,True,4.88,,7,False,False,38.47072219848633,4.88,0.13555103540420532,0.03936464712023735,0.3205324411392212
/home/donglei/isaac_projects/isaac_drone_racer/.worktrees/stage1-fake-vio/logs/skrl/stage1_recovery_20260905/2026-09-05_11-37-52/2026-09-05_11-37-57_ppo_torch_stage1_mixed/checkpoints/best_agent.pt,ecf1a26095dfe976a926a1c7c3876aaafb1c80f1dd681f9e9f35bd678864cdf1,150d107225160ac498040fa20d4ccf9e26ec2703,True,fixed_per_environment_quotas_v2,mild,29,23,True,True,5.88,,7,False,False,39.60345458984375,5.88,0.12427186220884323,0.040822066366672516,0.32410216331481934
/home/donglei/isaac_projects/isaac_drone_racer/.worktrees/stage1-fake-vio/logs/skrl/stage1_recovery_20260905/2026-09-05_11-37-52/2026-09-05_11-37-57_ppo_torch_stage1_mixed/checkpoints/best_agent.pt,ecf1a26095dfe976a926a1c7c3876aaafb1c80f1dd681f9e9f35bd678864cdf1,150d107225160ac498040fa20d4ccf9e26ec2703,True,fixed_per_environment_quotas_v2,mild,29,24,True,True,5.24,,7,False,False,38.95850372314453,5.24,0.1284617930650711,0.038845598697662354,0.3360598683357239
/home/donglei/isaac_projects/isaac_drone_racer/.worktrees/stage1-fake-vio/logs/skrl/stage1_recovery_20260905/2026-09-05_11-37-52/2026-09-05_11-37-57_ppo_torch_stage1_mixed/checkpoints/best_agent.pt,ecf1a26095dfe976a926a1c7c3876aaafb1c80f1dd681f9e9f35bd678864cdf1,150d107225160ac498040fa20d4ccf9e26ec2703,True,fixed_per_environment_quotas_v2,mild,29,25,True,True,5.72,,7,False,False,39.645843505859375,5.72,0.12884558737277985,0.03876775875687599,0.3271595537662506
/home/donglei/isaac_projects/isaac_drone_racer/.worktrees/stage1-fake-vio/logs/skrl/stage1_recovery_20260905/2026-09-05_11-37-52/2026-09-05_11-37-57_ppo_torch_stage1_mixed/checkpoints/best_agent.pt,ecf1a26095dfe976a926a1c7c3876aaafb1c80f1dd681f9e9f35bd678864cdf1,150d107225160ac498040fa20d4ccf9e26ec2703,True,fixed_per_environment_quotas_v2,mild,29,26,True,True,5.3100000000000005,,7,False,False,38.53374481201172,5.3100000000000005,0.13611093163490295,0.03789211064577103,0.3426961600780487
/home/donglei/isaac_projects/isaac_drone_racer/.worktrees/stage1-fake-vio/logs/skrl/stage1_recovery_20260905/2026-09-05_11-37-52/2026-09-05_11-37-57_ppo_torch_stage1_mixed/checkpoints/best_agent.pt,ecf1a26095dfe976a926a1c7c3876aaafb1c80f1dd681f9e9f35bd678864cdf1,150d107225160ac498040fa20d4ccf9e26ec2703,True,fixed_per_environment_quotas_v2,mild,29,27,True,True,5.3,,7,False,False,39.113956451416016,5.3,0.13336317241191864,0.03982348367571831,0.3251756429672241
/home/donglei/isaac_projects/isaac_drone_racer/.worktrees/stage1-fake-vio/logs/skrl/stage1_recovery_20260905/2026-09-05_11-37-52/2026-09-05_11-37-57_ppo_torch_stage1_mixed/checkpoints/best_agent.pt,ecf1a26095dfe976a926a1c7c3876aaafb1c80f1dd681f9e9f35bd678864cdf1,150d107225160ac498040fa20d4ccf9e26ec2703,True,fixed_per_environment_quotas_v2,mild,29,28,True,True,5.63,,7,False,False,39.565185546875,5.63,0.13162559270858765,0.038241010159254074,0.3305499851703644
/home/donglei/isaac_projects/isaac_drone_racer/.worktrees/stage1-fake-vio/logs/skrl/stage1_recovery_20260905/2026-09-05_11-37-52/2026-09-05_11-37-57_ppo_torch_stage1_mixed/checkpoints/best_agent.pt,ecf1a26095dfe976a926a1c7c3876aaafb1c80f1dd681f9e9f35bd678864cdf1,150d107225160ac498040fa20d4ccf9e26ec2703,True,fixed_per_environment_quotas_v2,mild,29,29,True,True,6.0600000000000005,,7,False,False,39.91009521484375,6.0600000000000005,0.11661683768033981,0.041460245847702026,0.29954293370246887
/home/donglei/isaac_projects/isaac_drone_racer/.worktrees/stage1-fake-vio/logs/skrl/stage1_recovery_20260905/2026-09-05_11-37-52/2026-09-05_11-37-57_ppo_torch_stage1_mixed/checkpoints/best_agent.pt,ecf1a26095dfe976a926a1c7c3876aaafb1c80f1dd681f9e9f35bd678864cdf1,150d107225160ac498040fa20d4ccf9e26ec2703,True,fixed_per_environment_quotas_v2,mild,29,30,True,True,5.54,,7,False,False,39.62849426269531,5.54,0.13117995858192444,0.037793226540088654,0.33272185921669006
/home/donglei/isaac_projects/isaac_drone_racer/.worktrees/stage1-fake-vio/logs/skrl/stage1_recovery_20260905/2026-09-05_11-37-52/2026-09-05_11-37-57_ppo_torch_stage1_mixed/checkpoints/best_agent.pt,ecf1a26095dfe976a926a1c7c3876aaafb1c80f1dd681f9e9f35bd678864cdf1,150d107225160ac498040fa20d4ccf9e26ec2703,True,fixed_per_environment_quotas_v2,mild,29,31,True,True,5.93,,7,False,False,39.58880615234375,5.93,0.12683986127376556,0.04027269408106804,0.31641459465026855
/home/donglei/isaac_projects/isaac_drone_racer/.worktrees/stage1-fake-vio/logs/skrl/stage1_recovery_20260905/2026-09-05_11-37-52/2026-09-05_11-37-57_ppo_torch_stage1_mixed/checkpoints/best_agent.pt,ecf1a26095dfe976a926a1c7c3876aaafb1c80f1dd681f9e9f35bd678864cdf1,150d107225160ac498040fa20d4ccf9e26ec2703,True,fixed_per_environment_quotas_v2,mild,29,32,True,True,5.55,,7,False,False,39.53017807006836,5.55,0.13346625864505768,0.03833191469311714,0.33352306485176086
/home/donglei/isaac_projects/isaac_drone_racer/.worktrees/stage1-fake-vio/logs/skrl/stage1_recovery_20260905/2026-09-05_11-37-52/2026-09-05_11-37-57_ppo_torch_stage1_mixed/checkpoints/best_agent.pt,ecf1a26095dfe976a926a1c7c3876aaafb1c80f1dd681f9e9f35bd678864cdf1,150d107225160ac498040fa20d4ccf9e26ec2703,True,fixed_per_environment_quotas_v2,mild,29,33,False,False,,5,0,True,False,-4.656087398529053,0.64,0.03542529419064522,0.030415145680308342,0.8944534063339233
/home/donglei/isaac_projects/isaac_drone_racer/.worktrees/stage1-fake-vio/logs/skrl/stage1_recovery_20260905/2026-09-05_11-37-52/2026-09-05_11-37-57_ppo_torch_stage1_mixed/checkpoints/best_agent.pt,ecf1a26095dfe976a926a1c7c3876aaafb1c80f1dd681f9e9f35bd678864cdf1,150d107225160ac498040fa20d4ccf9e26ec2703,True,fixed_per_environment_quotas_v2,mild,29,34,True,True,5.34,,7,False,False,39.11412811279297,5.34,0.12237875908613205,0.041664112359285355,0.3044773042201996
/home/donglei/isaac_projects/isaac_drone_racer/.worktrees/stage1-fake-vio/logs/skrl/stage1_recovery_20260905/2026-09-05_11-37-52/2026-09-05_11-37-57_ppo_torch_stage1_mixed/checkpoints/best_agent.pt,ecf1a26095dfe976a926a1c7c3876aaafb1c80f1dd681f9e9f35bd678864cdf1,150d107225160ac498040fa20d4ccf9e26ec2703,True,fixed_per_environment_quotas_v2,mild,29,35,True,True,5.6000000000000005,,7,False,False,39.362770080566406,5.6000000000000005,0.1335168480873108,0.03993033617734909,0.33924591541290283
/home/donglei/isaac_projects/isaac_drone_racer/.worktrees/stage1-fake-vio/logs/skrl/stage1_recovery_20260905/2026-09-05_11-37-52/2026-09-05_11-37-57_ppo_torch_stage1_mixed/checkpoints/best_agent.pt,ecf1a26095dfe976a926a1c7c3876aaafb1c80f1dd681f9e9f35bd678864cdf1,150d107225160ac498040fa20d4ccf9e26ec2703,True,fixed_per_environment_quotas_v2,mild,29,36,True,True,5.76,,7,False,False,39.49650192260742,5.76,0.12528640031814575,0.0407562293112278,0.3289170563220978
/home/donglei/isaac_projects/isaac_drone_racer/.worktrees/stage1-fake-vio/logs/skrl/stage1_recovery_20260905/2026-09-05_11-37-52/2026-09-05_11-37-57_ppo_torch_stage1_mixed/checkpoints/best_agent.pt,ecf1a26095dfe976a926a1c7c3876aaafb1c80f1dd681f9e9f35bd678864cdf1,150d107225160ac498040fa20d4ccf9e26ec2703,True,fixed_per_environment_quotas_v2,mild,29,37,True,True,6.0,,7,False,False,39.7154541015625,6.0,0.12060610949993134,0.04194490611553192,0.3128061890602112
/home/donglei/isaac_projects/isaac_drone_racer/.worktrees/stage1-fake-vio/logs/skrl/stage1_recovery_20260905/2026-09-05_11-37-52/2026-09-05_11-37-57_ppo_torch_stage1_mixed/checkpoints/best_agent.pt,ecf1a26095dfe976a926a1c7c3876aaafb1c80f1dd681f9e9f35bd678864cdf1,150d107225160ac498040fa20d4ccf9e26ec2703,True,fixed_per_environment_quotas_v2,mild,29,38,True,True,5.97,,7,False,False,39.73910140991211,5.97,0.13124951720237732,0.0400848463177681,0.3309248089790344
/home/donglei/isaac_projects/isaac_drone_racer/.worktrees/stage1-fake-vio/logs/skrl/stage1_recovery_20260905/2026-09-05_11-37-52/2026-09-05_11-37-57_ppo_torch_stage1_mixed/checkpoints/best_agent.pt,ecf1a26095dfe976a926a1c7c3876aaafb1c80f1dd681f9e9f35bd678864cdf1,150d107225160ac498040fa20d4ccf9e26ec2703,True,fixed_per_environment_quotas_v2,mild,29,39,True,True,6.12,,7,False,False,39.686370849609375,6.12,0.12297055870294571,0.04360118880867958,0.31622880697250366
/home/donglei/isaac_projects/isaac_drone_racer/.worktrees/stage1-fake-vio/logs/skrl/stage1_recovery_20260905/2026-09-05_11-37-52/2026-09-05_11-37-57_ppo_torch_stage1_mixed/checkpoints/best_agent.pt,ecf1a26095dfe976a926a1c7c3876aaafb1c80f1dd681f9e9f35bd678864cdf1,150d107225160ac498040fa20d4ccf9e26ec2703,True,fixed_per_environment_quotas_v2,mild,29,40,True,True,5.96,,7,False,False,39.93604278564453,5.96,0.11952488124370575,0.04302997142076492,0.31106510758399963
/home/donglei/isaac_projects/isaac_drone_racer/.worktrees/stage1-fake-vio/logs/skrl/stage1_recovery_20260905/2026-09-05_11-37-52/2026-09-05_11-37-57_ppo_torch_stage1_mixed/checkpoints/best_agent.pt,ecf1a26095dfe976a926a1c7c3876aaafb1c80f1dd681f9e9f35bd678864cdf1,150d107225160ac498040fa20d4ccf9e26ec2703,True,fixed_per_environment_quotas_v2,mild,29,41,True,True,6.04,,7,False,False,39.63296890258789,6.04,0.12938232719898224,0.04179884120821953,0.32857653498649597
/home/donglei/isaac_projects/isaac_drone_racer/.worktrees/stage1-fake-vio/logs/skrl/stage1_recovery_20260905/2026-09-05_11-37-52/2026-09-05_11-37-57_ppo_torch_stage1_mixed/checkpoints/best_agent.pt,ecf1a26095dfe976a926a1c7c3876aaafb1c80f1dd681f9e9f35bd678864cdf1,150d107225160ac498040fa20d4ccf9e26ec2703,True,fixed_per_environment_quotas_v2,mild,29,42,True,True,6.140000000000001,,7,False,False,39.8837890625,6.140000000000001,0.12887491285800934,0.04321383312344551,0.3318046033382416
/home/donglei/isaac_projects/isaac_drone_racer/.worktrees/stage1-fake-vio/logs/skrl/stage1_recovery_20260905/2026-09-05_11-37-52/2026-09-05_11-37-57_ppo_torch_stage1_mixed/checkpoints/best_agent.pt,ecf1a26095dfe976a926a1c7c3876aaafb1c80f1dd681f9e9f35bd678864cdf1,150d107225160ac498040fa20d4ccf9e26ec2703,True,fixed_per_environment_quotas_v2,mild,29,43,True,True,6.08,,7,False,False,39.78893280029297,6.08,0.1168113574385643,0.04276048019528389,0.30813977122306824
/home/donglei/isaac_projects/isaac_drone_racer/.worktrees/stage1-fake-vio/logs/skrl/stage1_recovery_20260905/2026-09-05_11-37-52/2026-09-05_11-37-57_ppo_torch_stage1_mixed/checkpoints/best_agent.pt,ecf1a26095dfe976a926a1c7c3876aaafb1c80f1dd681f9e9f35bd678864cdf1,150d107225160ac498040fa20d4ccf9e26ec2703,True,fixed_per_environment_quotas_v2,mild,29,44,True,True,5.86,,7,False,False,39.56863784790039,5.86,0.12737734615802765,0.043475404381752014,0.3159011900424957
/home/donglei/isaac_projects/isaac_drone_racer/.worktrees/stage1-fake-vio/logs/skrl/stage1_recovery_20260905/2026-09-05_11-37-52/2026-09-05_11-37-57_ppo_torch_stage1_mixed/checkpoints/best_agent.pt,ecf1a26095dfe976a926a1c7c3876aaafb1c80f1dd681f9e9f35bd678864cdf1,150d107225160ac498040fa20d4ccf9e26ec2703,True,fixed_per_environment_quotas_v2,mild,29,45,True,True,5.8,,7,False,False,39.614967346191406,5.8,0.1307324916124344,0.03866667300462723,0.3158184289932251
/home/donglei/isaac_projects/isaac_drone_racer/.worktrees/stage1-fake-vio/logs/skrl/stage1_recovery_20260905/2026-09-05_11-37-52/2026-09-05_11-37-57_ppo_torch_stage1_mixed/checkpoints/best_agent.pt,ecf1a26095dfe976a926a1c7c3876aaafb1c80f1dd681f9e9f35bd678864cdf1,150d107225160ac498040fa20d4ccf9e26ec2703,True,fixed_per_environment_quotas_v2,mild,29,46,True,True,5.88,,7,False,False,39.478519439697266,5.88,0.12377770990133286,0.03800341114401817,0.32395055890083313
/home/donglei/isaac_projects/isaac_drone_racer/.worktrees/stage1-fake-vio/logs/skrl/stage1_recovery_20260905/2026-09-05_11-37-52/2026-09-05_11-37-57_ppo_torch_stage1_mixed/checkpoints/best_agent.pt,ecf1a26095dfe976a926a1c7c3876aaafb1c80f1dd681f9e9f35bd678864cdf1,150d107225160ac498040fa20d4ccf9e26ec2703,True,fixed_per_environment_quotas_v2,mild,29,47,True,True,6.140000000000001,,7,False,False,39.673160552978516,6.140000000000001,0.12016720324754715,0.04335017502307892,0.3208252191543579
/home/donglei/isaac_projects/isaac_drone_racer/.worktrees/stage1-fake-vio/logs/skrl/stage1_recovery_20260905/2026-09-05_11-37-52/2026-09-05_11-37-57_ppo_torch_stage1_mixed/checkpoints/best_agent.pt,ecf1a26095dfe976a926a1c7c3876aaafb1c80f1dd681f9e9f35bd678864cdf1,150d107225160ac498040fa20d4ccf9e26ec2703,True,fixed_per_environment_quotas_v2,mild,29,48,True,True,5.99,,7,False,False,39.70526885986328,5.99,0.12591619789600372,0.04085259139537811,0.3213028609752655
/home/donglei/isaac_projects/isaac_drone_racer/.worktrees/stage1-fake-vio/logs/skrl/stage1_recovery_20260905/2026-09-05_11-37-52/2026-09-05_11-37-57_ppo_torch_stage1_mixed/checkpoints/best_agent.pt,ecf1a26095dfe976a926a1c7c3876aaafb1c80f1dd681f9e9f35bd678864cdf1,150d107225160ac498040fa20d4ccf9e26ec2703,True,fixed_per_environment_quotas_v2,mild,29,49,True,True,6.140000000000001,,7,False,False,39.987762451171875,6.140000000000001,0.11485987156629562,0.04248615354299545,0.2923024296760559
/home/donglei/isaac_projects/isaac_drone_racer/.worktrees/stage1-fake-vio/logs/skrl/stage1_recovery_20260905/2026-09-05_11-37-52/2026-09-05_11-37-57_ppo_torch_stage1_mixed/checkpoints/best_agent.pt,ecf1a26095dfe976a926a1c7c3876aaafb1c80f1dd681f9e9f35bd678864cdf1,150d107225160ac498040fa20d4ccf9e26ec2703,True,fixed_per_environment_quotas_v2,mild,29,50,True,True,5.68,,7,False,False,39.57533264160156,5.68,0.13147032260894775,0.03995712846517563,0.3237520754337311
/home/donglei/isaac_projects/isaac_drone_racer/.worktrees/stage1-fake-vio/logs/skrl/stage1_recovery_20260905/2026-09-05_11-37-52/2026-09-05_11-37-57_ppo_torch_stage1_mixed/checkpoints/best_agent.pt,ecf1a26095dfe976a926a1c7c3876aaafb1c80f1dd681f9e9f35bd678864cdf1,150d107225160ac498040fa20d4ccf9e26ec2703,True,fixed_per_environment_quotas_v2,mild,29,51,True,True,6.1000000000000005,,7,False,False,39.528709411621094,6.1000000000000005,0.12023211270570755,0.045636121183633804,0.3367407023906708
/home/donglei/isaac_projects/isaac_drone_racer/.worktrees/stage1-fake-vio/logs/skrl/stage1_recovery_20260905/2026-09-05_11-37-52/2026-09-05_11-37-57_ppo_torch_stage1_mixed/checkpoints/best_agent.pt,ecf1a26095dfe976a926a1c7c3876aaafb1c80f1dd681f9e9f35bd678864cdf1,150d107225160ac498040fa20d4ccf9e26ec2703,True,fixed_per_environment_quotas_v2,mild,29,52,True,True,5.98,,7,False,False,39.79950714111328,5.98,0.1187419444322586,0.04301578924059868,0.3074873089790344
/home/donglei/isaac_projects/isaac_drone_racer/.worktrees/stage1-fake-vio/logs/skrl/stage1_recovery_20260905/2026-09-05_11-37-52/2026-09-05_11-37-57_ppo_torch_stage1_mixed/checkpoints/best_agent.pt,ecf1a26095dfe976a926a1c7c3876aaafb1c80f1dd681f9e9f35bd678864cdf1,150d107225160ac498040fa20d4ccf9e26ec2703,True,fixed_per_environment_quotas_v2,mild,29,53,True,True,6.1000000000000005,,7,False,False,39.63167953491211,6.1000000000000005,0.1343073844909668,0.041162535548210144,0.3333624601364136
/home/donglei/isaac_projects/isaac_drone_racer/.worktrees/stage1-fake-vio/logs/skrl/stage1_recovery_20260905/2026-09-05_11-37-52/2026-09-05_11-37-57_ppo_torch_stage1_mixed/checkpoints/best_agent.pt,ecf1a26095dfe976a926a1c7c3876aaafb1c80f1dd681f9e9f35bd678864cdf1,150d107225160ac498040fa20d4ccf9e26ec2703,True,fixed_per_environment_quotas_v2,mild,29,54,True,True,6.05,,7,False,False,39.59086608886719,6.05,0.12223989516496658,0.04022379219532013,0.31585508584976196
/home/donglei/isaac_projects/isaac_drone_racer/.worktrees/stage1-fake-vio/logs/skrl/stage1_recovery_20260905/2026-09-05_11-37-52/2026-09-05_11-37-57_ppo_torch_stage1_mixed/checkpoints/best_agent.pt,ecf1a26095dfe976a926a1c7c3876aaafb1c80f1dd681f9e9f35bd678864cdf1,150d107225160ac498040fa20d4ccf9e26ec2703,True,fixed_per_environment_quotas_v2,mild,29,55,True,True,6.0,,7,False,False,39.54096984863281,6.0,0.12366625666618347,0.04272027313709259,0.3275222182273865
/home/donglei/isaac_projects/isaac_drone_racer/.worktrees/stage1-fake-vio/logs/skrl/stage1_recovery_20260905/2026-09-05_11-37-52/2026-09-05_11-37-57_ppo_torch_stage1_mixed/checkpoints/best_agent.pt,ecf1a26095dfe976a926a1c7c3876aaafb1c80f1dd681f9e9f35bd678864cdf1,150d107225160ac498040fa20d4ccf9e26ec2703,True,fixed_per_environment_quotas_v2,mild,29,56,True,True,5.92,,7,False,False,39.5247688293457,5.92,0.13085336983203888,0.042987432330846786,0.3229922950267792
/home/donglei/isaac_projects/isaac_drone_racer/.worktrees/stage1-fake-vio/logs/skrl/stage1_recovery_20260905/2026-09-05_11-37-52/2026-09-05_11-37-57_ppo_torch_stage1_mixed/checkpoints/best_agent.pt,ecf1a26095dfe976a926a1c7c3876aaafb1c80f1dd681f9e9f35bd678864cdf1,150d107225160ac498040fa20d4ccf9e26ec2703,True,fixed_per_environment_quotas_v2,mild,29,57,True,True,6.03,,7,False,False,39.79884719848633,6.03,0.1222861185669899,0.039127614349126816,0.30756306648254395
/home/donglei/isaac_projects/isaac_drone_racer/.worktrees/stage1-fake-vio/logs/skrl/stage1_recovery_20260905/2026-09-05_11-37-52/2026-09-05_11-37-57_ppo_torch_stage1_mixed/checkpoints/best_agent.pt,ecf1a26095dfe976a926a1c7c3876aaafb1c80f1dd681f9e9f35bd678864cdf1,150d107225160ac498040fa20d4ccf9e26ec2703,True,fixed_per_environment_quotas_v2,mild,29,58,True,True,5.86,,7,False,False,39.63751220703125,5.86,0.12213308364152908,0.04310343787074089,0.3248855471611023
/home/donglei/isaac_projects/isaac_drone_racer/.worktrees/stage1-fake-vio/logs/skrl/stage1_recovery_20260905/2026-09-05_11-37-52/2026-09-05_11-37-57_ppo_torch_stage1_mixed/checkpoints/best_agent.pt,ecf1a26095dfe976a926a1c7c3876aaafb1c80f1dd681f9e9f35bd678864cdf1,150d107225160ac498040fa20d4ccf9e26ec2703,True,fixed_per_environment_quotas_v2,mild,29,59,True,True,6.16,,7,False,False,39.79389190673828,6.16,0.12950298190116882,0.04370052367448807,0.3356897532939911
/home/donglei/isaac_projects/isaac_drone_racer/.worktrees/stage1-fake-vio/logs/skrl/stage1_recovery_20260905/2026-09-05_11-37-52/2026-09-05_11-37-57_ppo_torch_stage1_mixed/checkpoints/best_agent.pt,ecf1a26095dfe976a926a1c7c3876aaafb1c80f1dd681f9e9f35bd678864cdf1,150d107225160ac498040fa20d4ccf9e26ec2703,True,fixed_per_environment_quotas_v2,mild,29,60,True,True,5.8500000000000005,,7,False,False,39.70988845825195,5.8500000000000005,0.12801381945610046,0.037389133125543594,0.3183317184448242
/home/donglei/isaac_projects/isaac_drone_racer/.worktrees/stage1-fake-vio/logs/skrl/stage1_recovery_20260905/2026-09-05_11-37-52/2026-09-05_11-37-57_ppo_torch_stage1_mixed/checkpoints/best_agent.pt,ecf1a26095dfe976a926a1c7c3876aaafb1c80f1dd681f9e9f35bd678864cdf1,150d107225160ac498040fa20d4ccf9e26ec2703,True,fixed_per_environment_quotas_v2,mild,29,61,True,True,6.0,,7,False,False,39.927162170410156,6.0,0.1296362578868866,0.03957593813538551,0.32965758442878723
/home/donglei/isaac_projects/isaac_drone_racer/.worktrees/stage1-fake-vio/logs/skrl/stage1_recovery_20260905/2026-09-05_11-37-52/2026-09-05_11-37-57_ppo_torch_stage1_mixed/checkpoints/best_agent.pt,ecf1a26095dfe976a926a1c7c3876aaafb1c80f1dd681f9e9f35bd678864cdf1,150d107225160ac498040fa20d4ccf9e26ec2703,True,fixed_per_environment_quotas_v2,mild,29,62,True,True,6.0600000000000005,,7,False,False,39.66020965576172,6.0600000000000005,0.13233910501003265,0.04260151833295822,0.3364585041999817
/home/donglei/isaac_projects/isaac_drone_racer/.worktrees/stage1-fake-vio/logs/skrl/stage1_recovery_20260905/2026-09-05_11-37-52/2026-09-05_11-37-57_ppo_torch_stage1_mixed/checkpoints/best_agent.pt,ecf1a26095dfe976a926a1c7c3876aaafb1c80f1dd681f9e9f35bd678864cdf1,150d107225160ac498040fa20d4ccf9e26ec2703,True,fixed_per_environment_quotas_v2,mild,29,63,True,True,6.0,,7,False,False,39.7308349609375,6.0,0.12544292211532593,0.0421903058886528,0.3291950821876526
/home/donglei/isaac_projects/isaac_drone_racer/.worktrees/stage1-fake-vio/logs/skrl/stage1_recovery_20260905/2026-09-05_11-37-52/2026-09-05_11-37-57_ppo_torch_stage1_mixed/checkpoints/best_agent.pt,ecf1a26095dfe976a926a1c7c3876aaafb1c80f1dd681f9e9f35bd678864cdf1,150d107225160ac498040fa20d4ccf9e26ec2703,True,fixed_per_environment_quotas_v2,mild,29,64,True,True,5.86,,7,False,False,39.676170349121094,5.86,0.13121841847896576,0.03953932598233223,0.3405848443508148
/home/donglei/isaac_projects/isaac_drone_racer/.worktrees/stage1-fake-vio/logs/skrl/stage1_recovery_20260905/2026-09-05_11-37-52/2026-09-05_11-37-57_ppo_torch_stage1_mixed/checkpoints/best_agent.pt,ecf1a26095dfe976a926a1c7c3876aaafb1c80f1dd681f9e9f35bd678864cdf1,150d107225160ac498040fa20d4ccf9e26ec2703,True,fixed_per_environment_quotas_v2,mild,29,65,True,True,6.4,,7,False,False,39.69863510131836,6.4,0.11423429101705551,0.04412692412734032,0.30565062165260315
/home/donglei/isaac_projects/isaac_drone_racer/.worktrees/stage1-fake-vio/logs/skrl/stage1_recovery_20260905/2026-09-05_11-37-52/2026-09-05_11-37-57_ppo_torch_stage1_mixed/checkpoints/best_agent.pt,ecf1a26095dfe976a926a1c7c3876aaafb1c80f1dd681f9e9f35bd678864cdf1,150d107225160ac498040fa20d4ccf9e26ec2703,True,fixed_per_environment_quotas_v2,mild,29,66,True,True,5.82,,7,False,False,39.620418548583984,5.82,0.1262052357196808,0.039759647101163864,0.31728997826576233
/home/donglei/isaac_projects/isaac_drone_racer/.worktrees/stage1-fake-vio/logs/skrl/stage1_recovery_20260905/2026-09-05_11-37-52/2026-09-05_11-37-57_ppo_torch_stage1_mixed/checkpoints/best_agent.pt,ecf1a26095dfe976a926a1c7c3876aaafb1c80f1dd681f9e9f35bd678864cdf1,150d107225160ac498040fa20d4ccf9e26ec2703,True,fixed_per_environment_quotas_v2,mild,29,67,True,True,5.86,,7,False,False,39.735809326171875,5.86,0.1300218403339386,0.03667169809341431,0.3147299289703369
/home/donglei/isaac_projects/isaac_drone_racer/.worktrees/stage1-fake-vio/logs/skrl/stage1_recovery_20260905/2026-09-05_11-37-52/2026-09-05_11-37-57_ppo_torch_stage1_mixed/checkpoints/best_agent.pt,ecf1a26095dfe976a926a1c7c3876aaafb1c80f1dd681f9e9f35bd678864cdf1,150d107225160ac498040fa20d4ccf9e26ec2703,True,fixed_per_environment_quotas_v2,mild,29,68,True,True,6.1000000000000005,,7,False,False,39.61176300048828,6.1000000000000005,0.1310805231332779,0.04312780871987343,0.33825820684432983
/home/donglei/isaac_projects/isaac_drone_racer/.worktrees/stage1-fake-vio/logs/skrl/stage1_recovery_20260905/2026-09-05_11-37-52/2026-09-05_11-37-57_ppo_torch_stage1_mixed/checkpoints/best_agent.pt,ecf1a26095dfe976a926a1c7c3876aaafb1c80f1dd681f9e9f35bd678864cdf1,150d107225160ac498040fa20d4ccf9e26ec2703,True,fixed_per_environment_quotas_v2,mild,29,69,True,True,5.86,,7,False,False,39.63179397583008,5.86,0.1275271624326706,0.04049774631857872,0.3332575857639313
/home/donglei/isaac_projects/isaac_drone_racer/.worktrees/stage1-fake-vio/logs/skrl/stage1_recovery_20260905/2026-09-05_11-37-52/2026-09-05_11-37-57_ppo_torch_stage1_mixed/checkpoints/best_agent.pt,ecf1a26095dfe976a926a1c7c3876aaafb1c80f1dd681f9e9f35bd678864cdf1,150d107225160ac498040fa20d4ccf9e26ec2703,True,fixed_per_environment_quotas_v2,mild,29,70,True,True,5.92,,7,False,False,39.846923828125,5.92,0.12908953428268433,0.03808792307972908,0.3158610165119171
/home/donglei/isaac_projects/isaac_drone_racer/.worktrees/stage1-fake-vio/logs/skrl/stage1_recovery_20260905/2026-09-05_11-37-52/2026-09-05_11-37-57_ppo_torch_stage1_mixed/checkpoints/best_agent.pt,ecf1a26095dfe976a926a1c7c3876aaafb1c80f1dd681f9e9f35bd678864cdf1,150d107225160ac498040fa20d4ccf9e26ec2703,True,fixed_per_environment_quotas_v2,mild,29,71,False,False,,7,0,True,False,-3.856624126434326,1.02,0.07623840123414993,0.045556794852018356,0.29833275079727173
/home/donglei/isaac_projects/isaac_drone_racer/.worktrees/stage1-fake-vio/logs/skrl/stage1_recovery_20260905/2026-09-05_11-37-52/2026-09-05_11-37-57_ppo_torch_stage1_mixed/checkpoints/best_agent.pt,ecf1a26095dfe976a926a1c7c3876aaafb1c80f1dd681f9e9f35bd678864cdf1,150d107225160ac498040fa20d4ccf9e26ec2703,True,fixed_per_environment_quotas_v2,mild,29,72,True,True,5.92,,7,False,False,39.801246643066406,5.92,0.13066039979457855,0.03939639404416084,0.33026227355003357
/home/donglei/isaac_projects/isaac_drone_racer/.worktrees/stage1-fake-vio/logs/skrl/stage1_recovery_20260905/2026-09-05_11-37-52/2026-09-05_11-37-57_ppo_torch_stage1_mixed/checkpoints/best_agent.pt,ecf1a26095dfe976a926a1c7c3876aaafb1c80f1dd681f9e9f35bd678864cdf1,150d107225160ac498040fa20d4ccf9e26ec2703,True,fixed_per_environment_quotas_v2,mild,29,73,False,False,,4,3,False,True,6.516058921813965,5.78,0.13401758670806885,0.23461778461933136,0.2903811037540436
/home/donglei/isaac_projects/isaac_drone_racer/.worktrees/stage1-fake-vio/logs/skrl/stage1_recovery_20260905/2026-09-05_11-37-52/2026-09-05_11-37-57_ppo_torch_stage1_mixed/checkpoints/best_agent.pt,ecf1a26095dfe976a926a1c7c3876aaafb1c80f1dd681f9e9f35bd678864cdf1,150d107225160ac498040fa20d4ccf9e26ec2703,True,fixed_per_environment_quotas_v2,mild,29,74,True,True,6.37,,7,False,False,39.56884002685547,6.37,0.11576580256223679,0.04524350166320801,0.3101051449775696
/home/donglei/isaac_projects/isaac_drone_racer/.worktrees/stage1-fake-vio/logs/skrl/stage1_recovery_20260905/2026-09-05_11-37-52/2026-09-05_11-37-57_ppo_torch_stage1_mixed/checkpoints/best_agent.pt,ecf1a26095dfe976a926a1c7c3876aaafb1c80f1dd681f9e9f35bd678864cdf1,150d107225160ac498040fa20d4ccf9e26ec2703,True,fixed_per_environment_quotas_v2,mild,29,75,False,False,,1,2,True,False,6.223377227783203,1.87,0.11142905056476593,0.04911743476986885,0.5490899085998535
/home/donglei/isaac_projects/isaac_drone_racer/.worktrees/stage1-fake-vio/logs/skrl/stage1_recovery_20260905/2026-09-05_11-37-52/2026-09-05_11-37-57_ppo_torch_stage1_mixed/checkpoints/best_agent.pt,ecf1a26095dfe976a926a1c7c3876aaafb1c80f1dd681f9e9f35bd678864cdf1,150d107225160ac498040fa20d4ccf9e26ec2703,True,fixed_per_environment_quotas_v2,mild,29,76,True,True,6.19,,7,False,False,39.42677688598633,6.19,0.11549130827188492,0.04542238265275955,0.3249222934246063
/home/donglei/isaac_projects/isaac_drone_racer/.worktrees/stage1-fake-vio/logs/skrl/stage1_recovery_20260905/2026-09-05_11-37-52/2026-09-05_11-37-57_ppo_torch_stage1_mixed/checkpoints/best_agent.pt,ecf1a26095dfe976a926a1c7c3876aaafb1c80f1dd681f9e9f35bd678864cdf1,150d107225160ac498040fa20d4ccf9e26ec2703,True,fixed_per_environment_quotas_v2,mild,29,77,True,True,6.0,,7,False,False,39.71528625488281,6.0,0.11751848459243774,0.04098576307296753,0.3034346103668213
/home/donglei/isaac_projects/isaac_drone_racer/.worktrees/stage1-fake-vio/logs/skrl/stage1_recovery_20260905/2026-09-05_11-37-52/2026-09-05_11-37-57_ppo_torch_stage1_mixed/checkpoints/best_agent.pt,ecf1a26095dfe976a926a1c7c3876aaafb1c80f1dd681f9e9f35bd678864cdf1,150d107225160ac498040fa20d4ccf9e26ec2703,True,fixed_per_environment_quotas_v2,mild,29,78,True,True,5.91,,7,False,False,39.73721694946289,5.91,0.1259705126285553,0.039926521480083466,0.3132452070713043
/home/donglei/isaac_projects/isaac_drone_racer/.worktrees/stage1-fake-vio/logs/skrl/stage1_recovery_20260905/2026-09-05_11-37-52/2026-09-05_11-37-57_ppo_torch_stage1_mixed/checkpoints/best_agent.pt,ecf1a26095dfe976a926a1c7c3876aaafb1c80f1dd681f9e9f35bd678864cdf1,150d107225160ac498040fa20d4ccf9e26ec2703,True,fixed_per_environment_quotas_v2,mild,29,79,True,True,6.2,,7,False,False,39.93214797973633,6.2,0.11261291801929474,0.04307304695248604,0.28544190526008606
/home/donglei/isaac_projects/isaac_drone_racer/.worktrees/stage1-fake-vio/logs/skrl/stage1_recovery_20260905/2026-09-05_11-37-52/2026-09-05_11-37-57_ppo_torch_stage1_mixed/checkpoints/best_agent.pt,ecf1a26095dfe976a926a1c7c3876aaafb1c80f1dd681f9e9f35bd678864cdf1,150d107225160ac498040fa20d4ccf9e26ec2703,True,fixed_per_environment_quotas_v2,mild,29,80,False,False,,3,2,False,True,3.7866005897521973,3.45,0.12554074823856354,0.2869657278060913,0.3331252336502075
/home/donglei/isaac_projects/isaac_drone_racer/.worktrees/stage1-fake-vio/logs/skrl/stage1_recovery_20260905/2026-09-05_11-37-52/2026-09-05_11-37-57_ppo_torch_stage1_mixed/checkpoints/best_agent.pt,ecf1a26095dfe976a926a1c7c3876aaafb1c80f1dd681f9e9f35bd678864cdf1,150d107225160ac498040fa20d4ccf9e26ec2703,True,fixed_per_environment_quotas_v2,mild,29,81,True,True,5.99,,7,False,False,39.67828369140625,5.99,0.12685613334178925,0.04005078971385956,0.318095326423645
/home/donglei/isaac_projects/isaac_drone_racer/.worktrees/stage1-fake-vio/logs/skrl/stage1_recovery_20260905/2026-09-05_11-37-52/2026-09-05_11-37-57_ppo_torch_stage1_mixed/checkpoints/best_agent.pt,ecf1a26095dfe976a926a1c7c3876aaafb1c80f1dd681f9e9f35bd678864cdf1,150d107225160ac498040fa20d4ccf9e26ec2703,True,fixed_per_environment_quotas_v2,mild,29,82,True,True,6.01,,7,False,False,39.5625,6.01,0.12205810844898224,0.044331904500722885,0.3154088258743286
/home/donglei/isaac_projects/isaac_drone_racer/.worktrees/stage1-fake-vio/logs/skrl/stage1_recovery_20260905/2026-09-05_11-37-52/2026-09-05_11-37-57_ppo_torch_stage1_mixed/checkpoints/best_agent.pt,ecf1a26095dfe976a926a1c7c3876aaafb1c80f1dd681f9e9f35bd678864cdf1,150d107225160ac498040fa20d4ccf9e26ec2703,True,fixed_per_environment_quotas_v2,mild,29,83,True,True,6.0200000000000005,,7,False,False,39.54187774658203,6.0200000000000005,0.1293853223323822,0.03784099593758583,0.3356192111968994
/home/donglei/isaac_projects/isaac_drone_racer/.worktrees/stage1-fake-vio/logs/skrl/stage1_recovery_20260905/2026-09-05_11-37-52/2026-09-05_11-37-57_ppo_torch_stage1_mixed/checkpoints/best_agent.pt,ecf1a26095dfe976a926a1c7c3876aaafb1c80f1dd681f9e9f35bd678864cdf1,150d107225160ac498040fa20d4ccf9e26ec2703,True,fixed_per_environment_quotas_v2,mild,29,84,True,True,6.05,,7,False,False,39.60366439819336,6.05,0.12286852300167084,0.04134802892804146,0.321492075920105
/home/donglei/isaac_projects/isaac_drone_racer/.worktrees/stage1-fake-vio/logs/skrl/stage1_recovery_20260905/2026-09-05_11-37-52/2026-09-05_11-37-57_ppo_torch_stage1_mixed/checkpoints/best_agent.pt,ecf1a26095dfe976a926a1c7c3876aaafb1c80f1dd681f9e9f35bd678864cdf1,150d107225160ac498040fa20d4ccf9e26ec2703,True,fixed_per_environment_quotas_v2,mild,29,85,True,True,6.0200000000000005,,7,False,False,40.03585433959961,6.0200000000000005,0.11832711845636368,0.0413268618285656,0.2975340485572815
/home/donglei/isaac_projects/isaac_drone_racer/.worktrees/stage1-fake-vio/logs/skrl/stage1_recovery_20260905/2026-09-05_11-37-52/2026-09-05_11-37-57_ppo_torch_stage1_mixed/checkpoints/best_agent.pt,ecf1a26095dfe976a926a1c7c3876aaafb1c80f1dd681f9e9f35bd678864cdf1,150d107225160ac498040fa20d4ccf9e26ec2703,True,fixed_per_environment_quotas_v2,mild,29,86,True,True,6.09,,7,False,False,39.51873779296875,6.09,0.13147138059139252,0.03954170271754265,0.31767746806144714
/home/donglei/isaac_projects/isaac_drone_racer/.worktrees/stage1-fake-vio/logs/skrl/stage1_recovery_20260905/2026-09-05_11-37-52/2026-09-05_11-37-57_ppo_torch_stage1_mixed/checkpoints/best_agent.pt,ecf1a26095dfe976a926a1c7c3876aaafb1c80f1dd681f9e9f35bd678864cdf1,150d107225160ac498040fa20d4ccf9e26ec2703,True,fixed_per_environment_quotas_v2,mild,29,87,True,True,6.05,,7,False,False,39.68546676635742,6.05,0.12227647006511688,0.043739236891269684,0.32000529766082764
/home/donglei/isaac_projects/isaac_drone_racer/.worktrees/stage1-fake-vio/logs/skrl/stage1_recovery_20260905/2026-09-05_11-37-52/2026-09-05_11-37-57_ppo_torch_stage1_mixed/checkpoints/best_agent.pt,ecf1a26095dfe976a926a1c7c3876aaafb1c80f1dd681f9e9f35bd678864cdf1,150d107225160ac498040fa20d4ccf9e26ec2703,True,fixed_per_environment_quotas_v2,mild,29,88,True,True,5.96,,7,False,False,39.783897399902344,5.96,0.12729611992835999,0.03787032142281532,0.31801262497901917
/home/donglei/isaac_projects/isaac_drone_racer/.worktrees/stage1-fake-vio/logs/skrl/stage1_recovery_20260905/2026-09-05_11-37-52/2026-09-05_11-37-57_ppo_torch_stage1_mixed/checkpoints/best_agent.pt,ecf1a26095dfe976a926a1c7c3876aaafb1c80f1dd681f9e9f35bd678864cdf1,150d107225160ac498040fa20d4ccf9e26ec2703,True,fixed_per_environment_quotas_v2,mild,29,89,True,True,5.82,,7,False,False,39.567893981933594,5.82,0.12861301004886627,0.039798952639102936,0.3266468346118927
/home/donglei/isaac_projects/isaac_drone_racer/.worktrees/stage1-fake-vio/logs/skrl/stage1_recovery_20260905/2026-09-05_11-37-52/2026-09-05_11-37-57_ppo_torch_stage1_mixed/checkpoints/best_agent.pt,ecf1a26095dfe976a926a1c7c3876aaafb1c80f1dd681f9e9f35bd678864cdf1,150d107225160ac498040fa20d4ccf9e26ec2703,True,fixed_per_environment_quotas_v2,mild,29,90,True,True,5.84,,7,False,False,39.34309768676758,5.84,0.12740939855575562,0.040043797343969345,0.319184273481369
/home/donglei/isaac_projects/isaac_drone_racer/.worktrees/stage1-fake-vio/logs/skrl/stage1_recovery_20260905/2026-09-05_11-37-52/2026-09-05_11-37-57_ppo_torch_stage1_mixed/checkpoints/best_agent.pt,ecf1a26095dfe976a926a1c7c3876aaafb1c80f1dd681f9e9f35bd678864cdf1,150d107225160ac498040fa20d4ccf9e26ec2703,True,fixed_per_environment_quotas_v2,mild,29,91,True,True,5.95,,7,False,False,39.57265853881836,5.95,0.12645301222801208,0.04186322167515755,0.33136454224586487
/home/donglei/isaac_projects/isaac_drone_racer/.worktrees/stage1-fake-vio/logs/skrl/stage1_recovery_20260905/2026-09-05_11-37-52/2026-09-05_11-37-57_ppo_torch_stage1_mixed/checkpoints/best_agent.pt,ecf1a26095dfe976a926a1c7c3876aaafb1c80f1dd681f9e9f35bd678864cdf1,150d107225160ac498040fa20d4ccf9e26ec2703,True,fixed_per_environment_quotas_v2,mild,29,92,True,True,6.140000000000001,,7,False,False,39.87650680541992,6.140000000000001,0.11879728734493256,0.04331361502408981,0.30245059728622437
/home/donglei/isaac_projects/isaac_drone_racer/.worktrees/stage1-fake-vio/logs/skrl/stage1_recovery_20260905/2026-09-05_11-37-52/2026-09-05_11-37-57_ppo_torch_stage1_mixed/checkpoints/best_agent.pt,ecf1a26095dfe976a926a1c7c3876aaafb1c80f1dd681f9e9f35bd678864cdf1,150d107225160ac498040fa20d4ccf9e26ec2703,True,fixed_per_environment_quotas_v2,mild,29,93,True,True,5.82,,7,False,False,39.563331604003906,5.82,0.12760227918624878,0.039313871413469315,0.31993135809898376
/home/donglei/isaac_projects/isaac_drone_racer/.worktrees/stage1-fake-vio/logs/skrl/stage1_recovery_20260905/2026-09-05_11-37-52/2026-09-05_11-37-57_ppo_torch_stage1_mixed/checkpoints/best_agent.pt,ecf1a26095dfe976a926a1c7c3876aaafb1c80f1dd681f9e9f35bd678864cdf1,150d107225160ac498040fa20d4ccf9e26ec2703,True,fixed_per_environment_quotas_v2,mild,29,94,True,True,6.140000000000001,,7,False,False,39.53252410888672,6.140000000000001,0.12147398293018341,0.04373708739876747,0.31649336218833923
/home/donglei/isaac_projects/isaac_drone_racer/.worktrees/stage1-fake-vio/logs/skrl/stage1_recovery_20260905/2026-09-05_11-37-52/2026-09-05_11-37-57_ppo_torch_stage1_mixed/checkpoints/best_agent.pt,ecf1a26095dfe976a926a1c7c3876aaafb1c80f1dd681f9e9f35bd678864cdf1,150d107225160ac498040fa20d4ccf9e26ec2703,True,fixed_per_environment_quotas_v2,mild,29,95,True,True,6.05,,7,False,False,39.92041778564453,6.05,0.12519903481006622,0.039766825735569,0.3173440992832184
/home/donglei/isaac_projects/isaac_drone_racer/.worktrees/stage1-fake-vio/logs/skrl/stage1_recovery_20260905/2026-09-05_11-37-52/2026-09-05_11-37-57_ppo_torch_stage1_mixed/checkpoints/best_agent.pt,ecf1a26095dfe976a926a1c7c3876aaafb1c80f1dd681f9e9f35bd678864cdf1,150d107225160ac498040fa20d4ccf9e26ec2703,True,fixed_per_environment_quotas_v2,mild,29,96,True,True,6.21,,7,False,False,39.67319107055664,6.21,0.11796198785305023,0.042692627757787704,0.3141765892505646
/home/donglei/isaac_projects/isaac_drone_racer/.worktrees/stage1-fake-vio/logs/skrl/stage1_recovery_20260905/2026-09-05_11-37-52/2026-09-05_11-37-57_ppo_torch_stage1_mixed/checkpoints/best_agent.pt,ecf1a26095dfe976a926a1c7c3876aaafb1c80f1dd681f9e9f35bd678864cdf1,150d107225160ac498040fa20d4ccf9e26ec2703,True,fixed_per_environment_quotas_v2,mild,29,97,True,True,5.88,,7,False,False,39.582313537597656,5.88,0.1313234120607376,0.0399283766746521,0.34507882595062256
/home/donglei/isaac_projects/isaac_drone_racer/.worktrees/stage1-fake-vio/logs/skrl/stage1_recovery_20260905/2026-09-05_11-37-52/2026-09-05_11-37-57_ppo_torch_stage1_mixed/checkpoints/best_agent.pt,ecf1a26095dfe976a926a1c7c3876aaafb1c80f1dd681f9e9f35bd678864cdf1,150d107225160ac498040fa20d4ccf9e26ec2703,True,fixed_per_environment_quotas_v2,mild,29,98,True,True,6.04,,7,False,False,39.78702163696289,6.04,0.12484507262706757,0.03685411065816879,0.3152669370174408
/home/donglei/isaac_projects/isaac_drone_racer/.worktrees/stage1-fake-vio/logs/skrl/stage1_recovery_20260905/2026-09-05_11-37-52/2026-09-05_11-37-57_ppo_torch_stage1_mixed/checkpoints/best_agent.pt,ecf1a26095dfe976a926a1c7c3876aaafb1c80f1dd681f9e9f35bd678864cdf1,150d107225160ac498040fa20d4ccf9e26ec2703,True,fixed_per_environment_quotas_v2,mild,29,99,True,True,6.140000000000001,,7,False,False,39.89109420776367,6.140000000000001,0.1272960603237152,0.04352317005395889,0.3318430185317993
/home/donglei/isaac_projects/isaac_drone_racer/.worktrees/stage1-fake-vio/logs/skrl/stage1_recovery_20260905/2026-09-05_11-37-52/2026-09-05_11-37-57_ppo_torch_stage1_mixed/checkpoints/best_agent.pt,ecf1a26095dfe976a926a1c7c3876aaafb1c80f1dd681f9e9f35bd678864cdf1,150d107225160ac498040fa20d4ccf9e26ec2703,True,fixed_per_environment_quotas_v2,mild,29,100,True,True,6.01,,7,False,False,39.75266647338867,6.01,0.11829676479101181,0.04392638057470322,0.31103402376174927
/home/donglei/isaac_projects/isaac_drone_racer/.worktrees/stage1-fake-vio/logs/skrl/stage1_recovery_20260905/2026-09-05_11-37-52/2026-09-05_11-37-57_ppo_torch_stage1_mixed/checkpoints/best_agent.pt,ecf1a26095dfe976a926a1c7c3876aaafb1c80f1dd681f9e9f35bd678864cdf1,150d107225160ac498040fa20d4ccf9e26ec2703,True,fixed_per_environment_quotas_v2,mild,29,101,True,True,5.8,,7,False,False,39.678688049316406,5.8,0.1303005963563919,0.03909321874380112,0.3212873935699463
/home/donglei/isaac_projects/isaac_drone_racer/.worktrees/stage1-fake-vio/logs/skrl/stage1_recovery_20260905/2026-09-05_11-37-52/2026-09-05_11-37-57_ppo_torch_stage1_mixed/checkpoints/best_agent.pt,ecf1a26095dfe976a926a1c7c3876aaafb1c80f1dd681f9e9f35bd678864cdf1,150d107225160ac498040fa20d4ccf9e26ec2703,True,fixed_per_environment_quotas_v2,mild,29,102,True,True,5.8,,7,False,False,39.68489074707031,5.8,0.12092994898557663,0.03816220536828041,0.3118433356285095
/home/donglei/isaac_projects/isaac_drone_racer/.worktrees/stage1-fake-vio/logs/skrl/stage1_recovery_20260905/2026-09-05_11-37-52/2026-09-05_11-37-57_ppo_torch_stage1_mixed/checkpoints/best_agent.pt,ecf1a26095dfe976a926a1c7c3876aaafb1c80f1dd681f9e9f35bd678864cdf1,150d107225160ac498040fa20d4ccf9e26ec2703,True,fixed_per_environment_quotas_v2,mild,29,103,True,True,6.0,,7,False,False,39.695289611816406,6.0,0.12112794071435928,0.040520038455724716,0.3184596002101898
/home/donglei/isaac_projects/isaac_drone_racer/.worktrees/stage1-fake-vio/logs/skrl/stage1_recovery_20260905/2026-09-05_11-37-52/2026-09-05_11-37-57_ppo_torch_stage1_mixed/checkpoints/best_agent.pt,ecf1a26095dfe976a926a1c7c3876aaafb1c80f1dd681f9e9f35bd678864cdf1,150d107225160ac498040fa20d4ccf9e26ec2703,True,fixed_per_environment_quotas_v2,mild,29,104,True,True,6.0600000000000005,,7,False,False,39.55976104736328,6.0600000000000005,0.13161219656467438,0.042403750121593475,0.32990196347236633
/home/donglei/isaac_projects/isaac_drone_racer/.worktrees/stage1-fake-vio/logs/skrl/stage1_recovery_20260905/2026-09-05_11-37-52/2026-09-05_11-37-57_ppo_torch_stage1_mixed/checkpoints/best_agent.pt,ecf1a26095dfe976a926a1c7c3876aaafb1c80f1dd681f9e9f35bd678864cdf1,150d107225160ac498040fa20d4ccf9e26ec2703,True,fixed_per_environment_quotas_v2,mild,29,105,True,True,5.92,,7,False,False,39.832122802734375,5.92,0.1276892125606537,0.037343885749578476,0.31224942207336426
/home/donglei/isaac_projects/isaac_drone_racer/.worktrees/stage1-fake-vio/logs/skrl/stage1_recovery_20260905/2026-09-05_11-37-52/2026-09-05_11-37-57_ppo_torch_stage1_mixed/checkpoints/best_agent.pt,ecf1a26095dfe976a926a1c7c3876aaafb1c80f1dd681f9e9f35bd678864cdf1,150d107225160ac498040fa20d4ccf9e26ec2703,True,fixed_per_environment_quotas_v2,mild,29,106,True,True,6.140000000000001,,7,False,False,39.61894607543945,6.140000000000001,0.12185880541801453,0.04681466519832611,0.3349790573120117
/home/donglei/isaac_projects/isaac_drone_racer/.worktrees/stage1-fake-vio/logs/skrl/stage1_recovery_20260905/2026-09-05_11-37-52/2026-09-05_11-37-57_ppo_torch_stage1_mixed/checkpoints/best_agent.pt,ecf1a26095dfe976a926a1c7c3876aaafb1c80f1dd681f9e9f35bd678864cdf1,150d107225160ac498040fa20d4ccf9e26ec2703,True,fixed_per_environment_quotas_v2,mild,29,107,True,True,6.15,,7,False,False,39.6398811340332,6.15,0.12220564484596252,0.03994124382734299,0.30972740054130554
/home/donglei/isaac_projects/isaac_drone_racer/.worktrees/stage1-fake-vio/logs/skrl/stage1_recovery_20260905/2026-09-05_11-37-52/2026-09-05_11-37-57_ppo_torch_stage1_mixed/checkpoints/best_agent.pt,ecf1a26095dfe976a926a1c7c3876aaafb1c80f1dd681f9e9f35bd678864cdf1,150d107225160ac498040fa20d4ccf9e26ec2703,True,fixed_per_environment_quotas_v2,mild,29,108,True,True,5.89,,7,False,False,39.79208755493164,5.89,0.13011980056762695,0.04146946594119072,0.3411950170993805
/home/donglei/isaac_projects/isaac_drone_racer/.worktrees/stage1-fake-vio/logs/skrl/stage1_recovery_20260905/2026-09-05_11-37-52/2026-09-05_11-37-57_ppo_torch_stage1_mixed/checkpoints/best_agent.pt,ecf1a26095dfe976a926a1c7c3876aaafb1c80f1dd681f9e9f35bd678864cdf1,150d107225160ac498040fa20d4ccf9e26ec2703,True,fixed_per_environment_quotas_v2,mild,29,109,True,True,6.21,,7,False,False,39.82587814331055,6.21,0.11770929396152496,0.040122464299201965,0.31113630533218384
/home/donglei/isaac_projects/isaac_drone_racer/.worktrees/stage1-fake-vio/logs/skrl/stage1_recovery_20260905/2026-09-05_11-37-52/2026-09-05_11-37-57_ppo_torch_stage1_mixed/checkpoints/best_agent.pt,ecf1a26095dfe976a926a1c7c3876aaafb1c80f1dd681f9e9f35bd678864cdf1,150d107225160ac498040fa20d4ccf9e26ec2703,True,fixed_per_environment_quotas_v2,mild,29,110,True,True,5.97,,7,False,False,39.728572845458984,5.97,0.1207498237490654,0.04138971492648125,0.3141269385814667
/home/donglei/isaac_projects/isaac_drone_racer/.worktrees/stage1-fake-vio/logs/skrl/stage1_recovery_20260905/2026-09-05_11-37-52/2026-09-05_11-37-57_ppo_torch_stage1_mixed/checkpoints/best_agent.pt,ecf1a26095dfe976a926a1c7c3876aaafb1c80f1dd681f9e9f35bd678864cdf1,150d107225160ac498040fa20d4ccf9e26ec2703,True,fixed_per_environment_quotas_v2,mild,29,111,True,True,5.86,,7,False,False,39.76044464111328,5.86,0.13083957135677338,0.037651464343070984,0.3302564322948456
/home/donglei/isaac_projects/isaac_drone_racer/.worktrees/stage1-fake-vio/logs/skrl/stage1_recovery_20260905/2026-09-05_11-37-52/2026-09-05_11-37-57_ppo_torch_stage1_mixed/checkpoints/best_agent.pt,ecf1a26095dfe976a926a1c7c3876aaafb1c80f1dd681f9e9f35bd678864cdf1,150d107225160ac498040fa20d4ccf9e26ec2703,True,fixed_per_environment_quotas_v2,mild,29,112,True,True,6.140000000000001,,7,False,False,39.75141525268555,6.140000000000001,0.12054099887609482,0.04307016357779503,0.31944558024406433
/home/donglei/isaac_projects/isaac_drone_racer/.worktrees/stage1-fake-vio/logs/skrl/stage1_recovery_20260905/2026-09-05_11-37-52/2026-09-05_11-37-57_ppo_torch_stage1_mixed/checkpoints/best_agent.pt,ecf1a26095dfe976a926a1c7c3876aaafb1c80f1dd681f9e9f35bd678864cdf1,150d107225160ac498040fa20d4ccf9e26ec2703,True,fixed_per_environment_quotas_v2,mild,29,113,True,True,5.79,,7,False,False,39.63626480102539,5.79,0.13013753294944763,0.03916061297059059,0.31816333532333374
/home/donglei/isaac_projects/isaac_drone_racer/.worktrees/stage1-fake-vio/logs/skrl/stage1_recovery_20260905/2026-09-05_11-37-52/2026-09-05_11-37-57_ppo_torch_stage1_mixed/checkpoints/best_agent.pt,ecf1a26095dfe976a926a1c7c3876aaafb1c80f1dd681f9e9f35bd678864cdf1,150d107225160ac498040fa20d4ccf9e26ec2703,True,fixed_per_environment_quotas_v2,mild,29,114,True,True,6.09,,7,False,False,39.7201042175293,6.09,0.12404179573059082,0.04118397831916809,0.3149532973766327
/home/donglei/isaac_projects/isaac_drone_racer/.worktrees/stage1-fake-vio/logs/skrl/stage1_recovery_20260905/2026-09-05_11-37-52/2026-09-05_11-37-57_ppo_torch_stage1_mixed/checkpoints/best_agent.pt,ecf1a26095dfe976a926a1c7c3876aaafb1c80f1dd681f9e9f35bd678864cdf1,150d107225160ac498040fa20d4ccf9e26ec2703,True,fixed_per_environment_quotas_v2,mild,29,115,True,True,6.09,,7,False,False,39.38447189331055,6.09,0.11915405094623566,0.044799260795116425,0.32588768005371094
/home/donglei/isaac_projects/isaac_drone_racer/.worktrees/stage1-fake-vio/logs/skrl/stage1_recovery_20260905/2026-09-05_11-37-52/2026-09-05_11-37-57_ppo_torch_stage1_mixed/checkpoints/best_agent.pt,ecf1a26095dfe976a926a1c7c3876aaafb1c80f1dd681f9e9f35bd678864cdf1,150d107225160ac498040fa20d4ccf9e26ec2703,True,fixed_per_environment_quotas_v2,mild,29,116,True,True,6.09,,7,False,False,39.72788619995117,6.09,0.11866375058889389,0.03929559886455536,0.31313449144363403
/home/donglei/isaac_projects/isaac_drone_racer/.worktrees/stage1-fake-vio/logs/skrl/stage1_recovery_20260905/2026-09-05_11-37-52/2026-09-05_11-37-57_ppo_torch_stage1_mixed/checkpoints/best_agent.pt,ecf1a26095dfe976a926a1c7c3876aaafb1c80f1dd681f9e9f35bd678864cdf1,150d107225160ac498040fa20d4ccf9e26ec2703,True,fixed_per_environment_quotas_v2,mild,29,117,True,True,5.91,,7,False,False,39.55845260620117,5.91,0.12811876833438873,0.04124439135193825,0.31376534700393677
/home/donglei/isaac_projects/isaac_drone_racer/.worktrees/stage1-fake-vio/logs/skrl/stage1_recovery_20260905/2026-09-05_11-37-52/2026-09-05_11-37-57_ppo_torch_stage1_mixed/checkpoints/best_agent.pt,ecf1a26095dfe976a926a1c7c3876aaafb1c80f1dd681f9e9f35bd678864cdf1,150d107225160ac498040fa20d4ccf9e26ec2703,True,fixed_per_environment_quotas_v2,mild,29,118,True,True,5.9,,7,False,False,39.583621978759766,5.9,0.12662018835544586,0.04094520956277847,0.31867992877960205
/home/donglei/isaac_projects/isaac_drone_racer/.worktrees/stage1-fake-vio/logs/skrl/stage1_recovery_20260905/2026-09-05_11-37-52/2026-09-05_11-37-57_ppo_torch_stage1_mixed/checkpoints/best_agent.pt,ecf1a26095dfe976a926a1c7c3876aaafb1c80f1dd681f9e9f35bd678864cdf1,150d107225160ac498040fa20d4ccf9e26ec2703,True,fixed_per_environment_quotas_v2,mild,29,119,True,True,5.94,,7,False,False,39.57661056518555,5.94,0.1311829835176468,0.0402514785528183,0.3377401828765869
/home/donglei/isaac_projects/isaac_drone_racer/.worktrees/stage1-fake-vio/logs/skrl/stage1_recovery_20260905/2026-09-05_11-37-52/2026-09-05_11-37-57_ppo_torch_stage1_mixed/checkpoints/best_agent.pt,ecf1a26095dfe976a926a1c7c3876aaafb1c80f1dd681f9e9f35bd678864cdf1,150d107225160ac498040fa20d4ccf9e26ec2703,True,fixed_per_environment_quotas_v2,mild,29,120,True,True,6.16,,7,False,False,39.66987228393555,6.16,0.13046522438526154,0.042902570217847824,0.33166882395744324
/home/donglei/isaac_projects/isaac_drone_racer/.worktrees/stage1-fake-vio/logs/skrl/stage1_recovery_20260905/2026-09-05_11-37-52/2026-09-05_11-37-57_ppo_torch_stage1_mixed/checkpoints/best_agent.pt,ecf1a26095dfe976a926a1c7c3876aaafb1c80f1dd681f9e9f35bd678864cdf1,150d107225160ac498040fa20d4ccf9e26ec2703,True,fixed_per_environment_quotas_v2,mild,29,121,True,True,5.8,,7,False,False,39.464195251464844,5.8,0.13080058991909027,0.04268604516983032,0.3219437003135681
/home/donglei/isaac_projects/isaac_drone_racer/.worktrees/stage1-fake-vio/logs/skrl/stage1_recovery_20260905/2026-09-05_11-37-52/2026-09-05_11-37-57_ppo_torch_stage1_mixed/checkpoints/best_agent.pt,ecf1a26095dfe976a926a1c7c3876aaafb1c80f1dd681f9e9f35bd678864cdf1,150d107225160ac498040fa20d4ccf9e26ec2703,True,fixed_per_environment_quotas_v2,mild,29,122,True,True,6.0,,7,False,False,39.905189514160156,6.0,0.11925282329320908,0.04248116537928581,0.30971649289131165
/home/donglei/isaac_projects/isaac_drone_racer/.worktrees/stage1-fake-vio/logs/skrl/stage1_recovery_20260905/2026-09-05_11-37-52/2026-09-05_11-37-57_ppo_torch_stage1_mixed/checkpoints/best_agent.pt,ecf1a26095dfe976a926a1c7c3876aaafb1c80f1dd681f9e9f35bd678864cdf1,150d107225160ac498040fa20d4ccf9e26ec2703,True,fixed_per_environment_quotas_v2,mild,29,123,True,True,6.140000000000001,,7,False,False,39.52232360839844,6.140000000000001,0.12805236876010895,0.0439363457262516,0.3320450484752655
/home/donglei/isaac_projects/isaac_drone_racer/.worktrees/stage1-fake-vio/logs/skrl/stage1_recovery_20260905/2026-09-05_11-37-52/2026-09-05_11-37-57_ppo_torch_stage1_mixed/checkpoints/best_agent.pt,ecf1a26095dfe976a926a1c7c3876aaafb1c80f1dd681f9e9f35bd678864cdf1,150d107225160ac498040fa20d4ccf9e26ec2703,True,fixed_per_environment_quotas_v2,mild,29,124,True,True,6.09,,7,False,False,39.72250747680664,6.09,0.12918226420879364,0.04183124750852585,0.328000009059906
/home/donglei/isaac_projects/isaac_drone_racer/.worktrees/stage1-fake-vio/logs/skrl/stage1_recovery_20260905/2026-09-05_11-37-52/2026-09-05_11-37-57_ppo_torch_stage1_mixed/checkpoints/best_agent.pt,ecf1a26095dfe976a926a1c7c3876aaafb1c80f1dd681f9e9f35bd678864cdf1,150d107225160ac498040fa20d4ccf9e26ec2703,True,fixed_per_environment_quotas_v2,mild,29,125,True,True,6.08,,7,False,False,39.7108268737793,6.08,0.12262608855962753,0.04388336464762688,0.31270843744277954
/home/donglei/isaac_projects/isaac_drone_racer/.worktrees/stage1-fake-vio/logs/skrl/stage1_recovery_20260905/2026-09-05_11-37-52/2026-09-05_11-37-57_ppo_torch_stage1_mixed/checkpoints/best_agent.pt,ecf1a26095dfe976a926a1c7c3876aaafb1c80f1dd681f9e9f35bd678864cdf1,150d107225160ac498040fa20d4ccf9e26ec2703,True,fixed_per_environment_quotas_v2,mild,29,126,True,True,5.9,,7,False,False,39.83027267456055,5.9,0.1279451996088028,0.04078520089387894,0.33227649331092834
/home/donglei/isaac_projects/isaac_drone_racer/.worktrees/stage1-fake-vio/logs/skrl/stage1_recovery_20260905/2026-09-05_11-37-52/2026-09-05_11-37-57_ppo_torch_stage1_mixed/checkpoints/best_agent.pt,ecf1a26095dfe976a926a1c7c3876aaafb1c80f1dd681f9e9f35bd678864cdf1,150d107225160ac498040fa20d4ccf9e26ec2703,True,fixed_per_environment_quotas_v2,mild,29,127,True,True,6.3100000000000005,,7,False,False,39.616455078125,6.3100000000000005,0.12105586379766464,0.04483827203512192,0.31598156690597534
/home/donglei/isaac_projects/isaac_drone_racer/.worktrees/stage1-fake-vio/logs/skrl/stage1_recovery_20260905/2026-09-05_11-37-52/2026-09-05_11-37-57_ppo_torch_stage1_mixed/checkpoints/best_agent.pt,ecf1a26095dfe976a926a1c7c3876aaafb1c80f1dd681f9e9f35bd678864cdf1,150d107225160ac498040fa20d4ccf9e26ec2703,True,fixed_per_environment_quotas_v2,mild,47,0,False,False,,1,0,False,True,-5.756599426269531,0.14,0.29268574714660645,0.2613682746887207,0.28439342975616455
/home/donglei/isaac_projects/isaac_drone_racer/.worktrees/stage1-fake-vio/logs/skrl/stage1_recovery_20260905/2026-09-05_11-37-52/2026-09-05_11-37-57_ppo_torch_stage1_mixed/checkpoints/best_agent.pt,ecf1a26095dfe976a926a1c7c3876aaafb1c80f1dd681f9e9f35bd678864cdf1,150d107225160ac498040fa20d4ccf9e26ec2703,True,fixed_per_environment_quotas_v2,mild,47,1,False,False,,2,0,False,False,0.968258798122406,0.32,0.15210197865962982,0.05534723028540611,0.25233638286590576
/home/donglei/isaac_projects/isaac_drone_racer/.worktrees/stage1-fake-vio/logs/skrl/stage1_recovery_20260905/2026-09-05_11-37-52/2026-09-05_11-37-57_ppo_torch_stage1_mixed/checkpoints/best_agent.pt,ecf1a26095dfe976a926a1c7c3876aaafb1c80f1dd681f9e9f35bd678864cdf1,150d107225160ac498040fa20d4ccf9e26ec2703,True,fixed_per_environment_quotas_v2,mild,47,2,False,False,,3,0,True,False,-4.771277904510498,0.35000000000000003,0.04070957005023956,0.05583622679114342,0.297719269990921
/home/donglei/isaac_projects/isaac_drone_racer/.worktrees/stage1-fake-vio/logs/skrl/stage1_recovery_20260905/2026-09-05_11-37-52/2026-09-05_11-37-57_ppo_torch_stage1_mixed/checkpoints/best_agent.pt,ecf1a26095dfe976a926a1c7c3876aaafb1c80f1dd681f9e9f35bd678864cdf1,150d107225160ac498040fa20d4ccf9e26ec2703,True,fixed_per_environment_quotas_v2,mild,47,3,False,False,,2,1,False,False,4.866695880889893,0.63,0.09739944338798523,0.03904212638735771,0.39987581968307495
/home/donglei/isaac_projects/isaac_drone_racer/.worktrees/stage1-fake-vio/logs/skrl/stage1_recovery_20260905/2026-09-05_11-37-52/2026-09-05_11-37-57_ppo_torch_stage1_mixed/checkpoints/best_agent.pt,ecf1a26095dfe976a926a1c7c3876aaafb1c80f1dd681f9e9f35bd678864cdf1,150d107225160ac498040fa20d4ccf9e26ec2703,True,fixed_per_environment_quotas_v2,mild,47,4,False,False,,4,1,False,False,5.914084434509277,0.6900000000000001,0.16480571031570435,0.026981592178344727,0.31374743580818176
/home/donglei/isaac_projects/isaac_drone_racer/.worktrees/stage1-fake-vio/logs/skrl/stage1_recovery_20260905/2026-09-05_11-37-52/2026-09-05_11-37-57_ppo_torch_stage1_mixed/checkpoints/best_agent.pt,ecf1a26095dfe976a926a1c7c3876aaafb1c80f1dd681f9e9f35bd678864cdf1,150d107225160ac498040fa20d4ccf9e26ec2703,True,fixed_per_environment_quotas_v2,mild,47,5,False,False,,4,1,False,False,6.1737871170043945,0.72,0.17772039771080017,0.027470503002405167,0.33205726742744446
/home/donglei/isaac_projects/isaac_drone_racer/.worktrees/stage1-fake-vio/logs/skrl/stage1_recovery_20260905/2026-09-05_11-37-52/2026-09-05_11-37-57_ppo_torch_stage1_mixed/checkpoints/best_agent.pt,ecf1a26095dfe976a926a1c7c3876aaafb1c80f1dd681f9e9f35bd678864cdf1,150d107225160ac498040fa20d4ccf9e26ec2703,True,fixed_per_environment_quotas_v2,mild,47,6,False,False,,4,0,True,False,-2.210115432739258,0.89,0.18659204244613647,0.04420731961727142,0.3845180869102478
/home/donglei/isaac_projects/isaac_drone_racer/.worktrees/stage1-fake-vio/logs/skrl/stage1_recovery_20260905/2026-09-05_11-37-52/2026-09-05_11-37-57_ppo_torch_stage1_mixed/checkpoints/best_agent.pt,ecf1a26095dfe976a926a1c7c3876aaafb1c80f1dd681f9e9f35bd678864cdf1,150d107225160ac498040fa20d4ccf9e26ec2703,True,fixed_per_environment_quotas_v2,mild,47,7,False,False,,7,0,True,False,-3.908848762512207,0.9400000000000001,0.08160019665956497,0.048827797174453735,0.5757627487182617
/home/donglei/isaac_projects/isaac_drone_racer/.worktrees/stage1-fake-vio/logs/skrl/stage1_recovery_20260905/2026-09-05_11-37-52/2026-09-05_11-37-57_ppo_torch_stage1_mixed/checkpoints/best_agent.pt,ecf1a26095dfe976a926a1c7c3876aaafb1c80f1dd681f9e9f35bd678864cdf1,150d107225160ac498040fa20d4ccf9e26ec2703,True,fixed_per_environment_quotas_v2,mild,47,8,False,False,,4,1,False,False,7.311805248260498,1.02,0.179734006524086,0.045379579067230225,0.32427066564559937
/home/donglei/isaac_projects/isaac_drone_racer/.worktrees/stage1-fake-vio/logs/skrl/stage1_recovery_20260905/2026-09-05_11-37-52/2026-09-05_11-37-57_ppo_torch_stage1_mixed/checkpoints/best_agent.pt,ecf1a26095dfe976a926a1c7c3876aaafb1c80f1dd681f9e9f35bd678864cdf1,150d107225160ac498040fa20d4ccf9e26ec2703,True,fixed_per_environment_quotas_v2,mild,47,9,False,False,,3,1,False,False,6.128282070159912,1.2,0.13922177255153656,0.038128022104501724,0.33316969871520996
/home/donglei/isaac_projects/isaac_drone_racer/.worktrees/stage1-fake-vio/logs/skrl/stage1_recovery_20260905/2026-09-05_11-37-52/2026-09-05_11-37-57_ppo_torch_stage1_mixed/checkpoints/best_agent.pt,ecf1a26095dfe976a926a1c7c3876aaafb1c80f1dd681f9e9f35bd678864cdf1,150d107225160ac498040fa20d4ccf9e26ec2703,True,fixed_per_environment_quotas_v2,mild,47,10,False,False,,6,2,False,False,11.222301483154297,1.3900000000000001,0.13764837384223938,0.04199300333857536,0.34234341979026794
/home/donglei/isaac_projects/isaac_drone_racer/.worktrees/stage1-fake-vio/logs/skrl/stage1_recovery_20260905/2026-09-05_11-37-52/2026-09-05_11-37-57_ppo_torch_stage1_mixed/checkpoints/best_agent.pt,ecf1a26095dfe976a926a1c7c3876aaafb1c80f1dd681f9e9f35bd678864cdf1,150d107225160ac498040fa20d4ccf9e26ec2703,True,fixed_per_environment_quotas_v2,mild,47,11,False,False,,7,2,False,False,10.848663330078125,1.53,0.1209336668252945,0.03581857308745384,0.3088333010673523
/home/donglei/isaac_projects/isaac_drone_racer/.worktrees/stage1-fake-vio/logs/skrl/stage1_recovery_20260905/2026-09-05_11-37-52/2026-09-05_11-37-57_ppo_torch_stage1_mixed/checkpoints/best_agent.pt,ecf1a26095dfe976a926a1c7c3876aaafb1c80f1dd681f9e9f35bd678864cdf1,150d107225160ac498040fa20d4ccf9e26ec2703,True,fixed_per_environment_quotas_v2,mild,47,12,False,False,,2,1,True,False,1.998551368713379,1.6400000000000001,0.1087154895067215,0.053183671087026596,0.3341571092605591
/home/donglei/isaac_projects/isaac_drone_racer/.worktrees/stage1-fake-vio/logs/skrl/stage1_recovery_20260905/2026-09-05_11-37-52/2026-09-05_11-37-57_ppo_torch_stage1_mixed/checkpoints/best_agent.pt,ecf1a26095dfe976a926a1c7c3876aaafb1c80f1dd681f9e9f35bd678864cdf1,150d107225160ac498040fa20d4ccf9e26ec2703,True,fixed_per_environment_quotas_v2,mild,47,13,False,False,,5,2,False,False,12.707473754882812,1.87,0.1597777158021927,0.04269637167453766,0.34680914878845215
/home/donglei/isaac_projects/isaac_drone_racer/.worktrees/stage1-fake-vio/logs/skrl/stage1_recovery_20260905/2026-09-05_11-37-52/2026-09-05_11-37-57_ppo_torch_stage1_mixed/checkpoints/best_agent.pt,ecf1a26095dfe976a926a1c7c3876aaafb1c80f1dd681f9e9f35bd678864cdf1,150d107225160ac498040fa20d4ccf9e26ec2703,True,fixed_per_environment_quotas_v2,mild,47,14,False,False,,1,2,False,False,11.48261833190918,1.9100000000000001,0.11983495950698853,0.03954331576824188,0.3407793939113617
/home/donglei/isaac_projects/isaac_drone_racer/.worktrees/stage1-fake-vio/logs/skrl/stage1_recovery_20260905/2026-09-05_11-37-52/2026-09-05_11-37-57_ppo_torch_stage1_mixed/checkpoints/best_agent.pt,ecf1a26095dfe976a926a1c7c3876aaafb1c80f1dd681f9e9f35bd678864cdf1,150d107225160ac498040fa20d4ccf9e26ec2703,True,fixed_per_environment_quotas_v2,mild,47,15,False,False,,3,2,False,False,12.354364395141602,2.16,0.13238005340099335,0.03691070154309273,0.3336614966392517
/home/donglei/isaac_projects/isaac_drone_racer/.worktrees/stage1-fake-vio/logs/skrl/stage1_recovery_20260905/2026-09-05_11-37-52/2026-09-05_11-37-57_ppo_torch_stage1_mixed/checkpoints/best_agent.pt,ecf1a26095dfe976a926a1c7c3876aaafb1c80f1dd681f9e9f35bd678864cdf1,150d107225160ac498040fa20d4ccf9e26ec2703,True,fixed_per_environment_quotas_v2,mild,47,16,False,False,,2,1,True,False,0.7669215202331543,1.25,0.09946159273386002,0.09381520748138428,0.6315310001373291
/home/donglei/isaac_projects/isaac_drone_racer/.worktrees/stage1-fake-vio/logs/skrl/stage1_recovery_20260905/2026-09-05_11-37-52/2026-09-05_11-37-57_ppo_torch_stage1_mixed/checkpoints/best_agent.pt,ecf1a26095dfe976a926a1c7c3876aaafb1c80f1dd681f9e9f35bd678864cdf1,150d107225160ac498040fa20d4ccf9e26ec2703,True,fixed_per_environment_quotas_v2,mild,47,17,False,False,,3,3,False,False,15.90754508972168,2.2600000000000002,0.12240660935640335,0.03810562565922737,0.346638560295105
/home/donglei/isaac_projects/isaac_drone_racer/.worktrees/stage1-fake-vio/logs/skrl/stage1_recovery_20260905/2026-09-05_11-37-52/2026-09-05_11-37-57_ppo_torch_stage1_mixed/checkpoints/best_agent.pt,ecf1a26095dfe976a926a1c7c3876aaafb1c80f1dd681f9e9f35bd678864cdf1,150d107225160ac498040fa20d4ccf9e26ec2703,True,fixed_per_environment_quotas_v2,mild,47,18,False,False,,5,3,False,False,18.023283004760742,2.9,0.14534856379032135,0.03343556076288223,0.31451815366744995
/home/donglei/isaac_projects/isaac_drone_racer/.worktrees/stage1-fake-vio/logs/skrl/stage1_recovery_20260905/2026-09-05_11-37-52/2026-09-05_11-37-57_ppo_torch_stage1_mixed/checkpoints/best_agent.pt,ecf1a26095dfe976a926a1c7c3876aaafb1c80f1dd681f9e9f35bd678864cdf1,150d107225160ac498040fa20d4ccf9e26ec2703,True,fixed_per_environment_quotas_v2,mild,47,19,False,False,,7,4,False,False,23.63939094543457,3.45,0.14216437935829163,0.036376696079969406,0.33327698707580566
/home/donglei/isaac_projects/isaac_drone_racer/.worktrees/stage1-fake-vio/logs/skrl/stage1_recovery_20260905/2026-09-05_11-37-52/2026-09-05_11-37-57_ppo_torch_stage1_mixed/checkpoints/best_agent.pt,ecf1a26095dfe976a926a1c7c3876aaafb1c80f1dd681f9e9f35bd678864cdf1,150d107225160ac498040fa20d4ccf9e26ec2703,True,fixed_per_environment_quotas_v2,mild,47,20,False,False,,2,5,False,False,26.12615966796875,3.46,0.11424099653959274,0.036882322281599045,0.34162968397140503
/home/donglei/isaac_projects/isaac_drone_racer/.worktrees/stage1-fake-vio/logs/skrl/stage1_recovery_20260905/2026-09-05_11-37-52/2026-09-05_11-37-57_ppo_torch_stage1_mixed/checkpoints/best_agent.pt,ecf1a26095dfe976a926a1c7c3876aaafb1c80f1dd681f9e9f35bd678864cdf1,150d107225160ac498040fa20d4ccf9e26ec2703,True,fixed_per_environment_quotas_v2,mild,47,21,False,False,,4,4,False,False,24.778728485107422,4.0,0.135135218501091,0.041583459824323654,0.3380843698978424
/home/donglei/isaac_projects/isaac_drone_racer/.worktrees/stage1-fake-vio/logs/skrl/stage1_recovery_20260905/2026-09-05_11-37-52/2026-09-05_11-37-57_ppo_torch_stage1_mixed/checkpoints/best_agent.pt,ecf1a26095dfe976a926a1c7c3876aaafb1c80f1dd681f9e9f35bd678864cdf1,150d107225160ac498040fa20d4ccf9e26ec2703,True,fixed_per_environment_quotas_v2,mild,47,22,False,False,,4,2,False,True,-0.43381452560424805,4.15,0.1442110240459442,0.1983730047941208,0.2623009979724884
/home/donglei/isaac_projects/isaac_drone_racer/.worktrees/stage1-fake-vio/logs/skrl/stage1_recovery_20260905/2026-09-05_11-37-52/2026-09-05_11-37-57_ppo_torch_stage1_mixed/checkpoints/best_agent.pt,ecf1a26095dfe976a926a1c7c3876aaafb1c80f1dd681f9e9f35bd678864cdf1,150d107225160ac498040fa20d4ccf9e26ec2703,True,fixed_per_environment_quotas_v2,mild,47,23,False,False,,5,5,False,False,28.603099822998047,4.32,0.13729938864707947,0.04167490452528,0.33990976214408875
/home/donglei/isaac_projects/isaac_drone_racer/.worktrees/stage1-fake-vio/logs/skrl/stage1_recovery_20260905/2026-09-05_11-37-52/2026-09-05_11-37-57_ppo_torch_stage1_mixed/checkpoints/best_agent.pt,ecf1a26095dfe976a926a1c7c3876aaafb1c80f1dd681f9e9f35bd678864cdf1,150d107225160ac498040fa20d4ccf9e26ec2703,True,fixed_per_environment_quotas_v2,mild,47,24,False,False,,7,0,True,False,-3.8560938835144043,0.9500000000000001,0.08597207069396973,0.05541441962122917,0.897924542427063
/home/donglei/isaac_projects/isaac_drone_racer/.worktrees/stage1-fake-vio/logs/skrl/stage1_recovery_20260905/2026-09-05_11-37-52/2026-09-05_11-37-57_ppo_torch_stage1_mixed/checkpoints/best_agent.pt,ecf1a26095dfe976a926a1c7c3876aaafb1c80f1dd681f9e9f35bd678864cdf1,150d107225160ac498040fa20d4ccf9e26ec2703,True,fixed_per_environment_quotas_v2,mild,47,25,False,False,,3,6,True,False,29.77669906616211,5.58,0.13238655030727386,0.04027498885989189,0.4362814128398895
/home/donglei/isaac_projects/isaac_drone_racer/.worktrees/stage1-fake-vio/logs/skrl/stage1_recovery_20260905/2026-09-05_11-37-52/2026-09-05_11-37-57_ppo_torch_stage1_mixed/checkpoints/best_agent.pt,ecf1a26095dfe976a926a1c7c3876aaafb1c80f1dd681f9e9f35bd678864cdf1,150d107225160ac498040fa20d4ccf9e26ec2703,True,fixed_per_environment_quotas_v2,mild,47,26,True,True,5.38,,7,False,False,39.36220932006836,5.38,0.131510391831398,0.03996839001774788,0.3357684910297394
/home/donglei/isaac_projects/isaac_drone_racer/.worktrees/stage1-fake-vio/logs/skrl/stage1_recovery_20260905/2026-09-05_11-37-52/2026-09-05_11-37-57_ppo_torch_stage1_mixed/checkpoints/best_agent.pt,ecf1a26095dfe976a926a1c7c3876aaafb1c80f1dd681f9e9f35bd678864cdf1,150d107225160ac498040fa20d4ccf9e26ec2703,True,fixed_per_environment_quotas_v2,mild,47,27,True,True,5.13,,7,False,False,39.22433853149414,5.13,0.13347674906253815,0.03928108140826225,0.3219035267829895
/home/donglei/isaac_projects/isaac_drone_racer/.worktrees/stage1-fake-vio/logs/skrl/stage1_recovery_20260905/2026-09-05_11-37-52/2026-09-05_11-37-57_ppo_torch_stage1_mixed/checkpoints/best_agent.pt,ecf1a26095dfe976a926a1c7c3876aaafb1c80f1dd681f9e9f35bd678864cdf1,150d107225160ac498040fa20d4ccf9e26ec2703,True,fixed_per_environment_quotas_v2,mild,47,28,True,True,5.36,,7,False,False,38.57704162597656,5.36,0.1289777308702469,0.038557495921850204,0.33577582240104675
/home/donglei/isaac_projects/isaac_drone_racer/.worktrees/stage1-fake-vio/logs/skrl/stage1_recovery_20260905/2026-09-05_11-37-52/2026-09-05_11-37-57_ppo_torch_stage1_mixed/checkpoints/best_agent.pt,ecf1a26095dfe976a926a1c7c3876aaafb1c80f1dd681f9e9f35bd678864cdf1,150d107225160ac498040fa20d4ccf9e26ec2703,True,fixed_per_environment_quotas_v2,mild,47,29,True,True,5.5,,7,False,False,39.346923828125,5.5,0.13683246076107025,0.037281330674886703,0.3323022723197937
/home/donglei/isaac_projects/isaac_drone_racer/.worktrees/stage1-fake-vio/logs/skrl/stage1_recovery_20260905/2026-09-05_11-37-52/2026-09-05_11-37-57_ppo_torch_stage1_mixed/checkpoints/best_agent.pt,ecf1a26095dfe976a926a1c7c3876aaafb1c80f1dd681f9e9f35bd678864cdf1,150d107225160ac498040fa20d4ccf9e26ec2703,True,fixed_per_environment_quotas_v2,mild,47,30,True,True,6.23,,7,False,False,39.65904998779297,6.23,0.11929303407669067,0.04286754131317139,0.31424275040626526
/home/donglei/isaac_projects/isaac_drone_racer/.worktrees/stage1-fake-vio/logs/skrl/stage1_recovery_20260905/2026-09-05_11-37-52/2026-09-05_11-37-57_ppo_torch_stage1_mixed/checkpoints/best_agent.pt,ecf1a26095dfe976a926a1c7c3876aaafb1c80f1dd681f9e9f35bd678864cdf1,150d107225160ac498040fa20d4ccf9e26ec2703,True,fixed_per_environment_quotas_v2,mild,47,31,False,False,,2,1,True,False,2.029754638671875,1.78,0.10554495453834534,0.052626874297857285,0.37613174319267273
/home/donglei/isaac_projects/isaac_drone_racer/.worktrees/stage1-fake-vio/logs/skrl/stage1_recovery_20260905/2026-09-05_11-37-52/2026-09-05_11-37-57_ppo_torch_stage1_mixed/checkpoints/best_agent.pt,ecf1a26095dfe976a926a1c7c3876aaafb1c80f1dd681f9e9f35bd678864cdf1,150d107225160ac498040fa20d4ccf9e26ec2703,True,fixed_per_environment_quotas_v2,mild,47,32,True,True,5.61,,7,False,False,39.569881439208984,5.61,0.13189268112182617,0.038312919437885284,0.33292725682258606
/home/donglei/isaac_projects/isaac_drone_racer/.worktrees/stage1-fake-vio/logs/skrl/stage1_recovery_20260905/2026-09-05_11-37-52/2026-09-05_11-37-57_ppo_torch_stage1_mixed/checkpoints/best_agent.pt,ecf1a26095dfe976a926a1c7c3876aaafb1c80f1dd681f9e9f35bd678864cdf1,150d107225160ac498040fa20d4ccf9e26ec2703,True,fixed_per_environment_quotas_v2,mild,47,33,True,True,5.94,,7,False,False,39.35271072387695,5.94,0.12921279668807983,0.04088737443089485,0.34132879972457886
/home/donglei/isaac_projects/isaac_drone_racer/.worktrees/stage1-fake-vio/logs/skrl/stage1_recovery_20260905/2026-09-05_11-37-52/2026-09-05_11-37-57_ppo_torch_stage1_mixed/checkpoints/best_agent.pt,ecf1a26095dfe976a926a1c7c3876aaafb1c80f1dd681f9e9f35bd678864cdf1,150d107225160ac498040fa20d4ccf9e26ec2703,True,fixed_per_environment_quotas_v2,mild,47,34,True,True,5.07,,7,False,False,37.430625915527344,5.07,0.1301983743906021,0.03650248795747757,0.3431534767150879
/home/donglei/isaac_projects/isaac_drone_racer/.worktrees/stage1-fake-vio/logs/skrl/stage1_recovery_20260905/2026-09-05_11-37-52/2026-09-05_11-37-57_ppo_torch_stage1_mixed/checkpoints/best_agent.pt,ecf1a26095dfe976a926a1c7c3876aaafb1c80f1dd681f9e9f35bd678864cdf1,150d107225160ac498040fa20d4ccf9e26ec2703,True,fixed_per_environment_quotas_v2,mild,47,35,True,True,5.5200000000000005,,7,False,False,38.952335357666016,5.5200000000000005,0.13186998665332794,0.03881837800145149,0.3308395743370056
/home/donglei/isaac_projects/isaac_drone_racer/.worktrees/stage1-fake-vio/logs/skrl/stage1_recovery_20260905/2026-09-05_11-37-52/2026-09-05_11-37-57_ppo_torch_stage1_mixed/checkpoints/best_agent.pt,ecf1a26095dfe976a926a1c7c3876aaafb1c80f1dd681f9e9f35bd678864cdf1,150d107225160ac498040fa20d4ccf9e26ec2703,True,fixed_per_environment_quotas_v2,mild,47,36,True,True,5.99,,7,False,False,39.49269104003906,5.99,0.12122374027967453,0.04179496318101883,0.320561945438385
/home/donglei/isaac_projects/isaac_drone_racer/.worktrees/stage1-fake-vio/logs/skrl/stage1_recovery_20260905/2026-09-05_11-37-52/2026-09-05_11-37-57_ppo_torch_stage1_mixed/checkpoints/best_agent.pt,ecf1a26095dfe976a926a1c7c3876aaafb1c80f1dd681f9e9f35bd678864cdf1,150d107225160ac498040fa20d4ccf9e26ec2703,True,fixed_per_environment_quotas_v2,mild,47,37,True,True,5.15,,7,False,False,37.75619125366211,5.15,0.12652237713336945,0.03872067108750343,0.3421376943588257
/home/donglei/isaac_projects/isaac_drone_racer/.worktrees/stage1-fake-vio/logs/skrl/stage1_recovery_20260905/2026-09-05_11-37-52/2026-09-05_11-37-57_ppo_torch_stage1_mixed/checkpoints/best_agent.pt,ecf1a26095dfe976a926a1c7c3876aaafb1c80f1dd681f9e9f35bd678864cdf1,150d107225160ac498040fa20d4ccf9e26ec2703,True,fixed_per_environment_quotas_v2,mild,47,38,True,True,6.05,,7,False,False,39.86699295043945,6.05,0.11839975416660309,0.041469965130090714,0.2940156161785126
/home/donglei/isaac_projects/isaac_drone_racer/.worktrees/stage1-fake-vio/logs/skrl/stage1_recovery_20260905/2026-09-05_11-37-52/2026-09-05_11-37-57_ppo_torch_stage1_mixed/checkpoints/best_agent.pt,ecf1a26095dfe976a926a1c7c3876aaafb1c80f1dd681f9e9f35bd678864cdf1,150d107225160ac498040fa20d4ccf9e26ec2703,True,fixed_per_environment_quotas_v2,mild,47,39,True,True,4.95,,7,False,False,38.07393264770508,4.95,0.13026350736618042,0.03519820794463158,0.33110710978507996
/home/donglei/isaac_projects/isaac_drone_racer/.worktrees/stage1-fake-vio/logs/skrl/stage1_recovery_20260905/2026-09-05_11-37-52/2026-09-05_11-37-57_ppo_torch_stage1_mixed/checkpoints/best_agent.pt,ecf1a26095dfe976a926a1c7c3876aaafb1c80f1dd681f9e9f35bd678864cdf1,150d107225160ac498040fa20d4ccf9e26ec2703,True,fixed_per_environment_quotas_v2,mild,47,40,True,True,5.38,,7,False,False,39.447784423828125,5.38,0.1326337605714798,0.04003211110830307,0.32894548773765564
/home/donglei/isaac_projects/isaac_drone_racer/.worktrees/stage1-fake-vio/logs/skrl/stage1_recovery_20260905/2026-09-05_11-37-52/2026-09-05_11-37-57_ppo_torch_stage1_mixed/checkpoints/best_agent.pt,ecf1a26095dfe976a926a1c7c3876aaafb1c80f1dd681f9e9f35bd678864cdf1,150d107225160ac498040fa20d4ccf9e26ec2703,True,fixed_per_environment_quotas_v2,mild,47,41,True,True,6.03,,7,False,False,40.01315689086914,6.03,0.11778304725885391,0.04067812114953995,0.2961242198944092
/home/donglei/isaac_projects/isaac_drone_racer/.worktrees/stage1-fake-vio/logs/skrl/stage1_recovery_20260905/2026-09-05_11-37-52/2026-09-05_11-37-57_ppo_torch_stage1_mixed/checkpoints/best_agent.pt,ecf1a26095dfe976a926a1c7c3876aaafb1c80f1dd681f9e9f35bd678864cdf1,150d107225160ac498040fa20d4ccf9e26ec2703,True,fixed_per_environment_quotas_v2,mild,47,42,True,True,5.73,,7,False,False,39.5576286315918,5.73,0.1313258409500122,0.039904799312353134,0.3301161825656891
/home/donglei/isaac_projects/isaac_drone_racer/.worktrees/stage1-fake-vio/logs/skrl/stage1_recovery_20260905/2026-09-05_11-37-52/2026-09-05_11-37-57_ppo_torch_stage1_mixed/checkpoints/best_agent.pt,ecf1a26095dfe976a926a1c7c3876aaafb1c80f1dd681f9e9f35bd678864cdf1,150d107225160ac498040fa20d4ccf9e26ec2703,True,fixed_per_environment_quotas_v2,mild,47,43,True,True,5.64,,7,False,False,39.388221740722656,5.64,0.1312849372625351,0.04103406146168709,0.3265368640422821
/home/donglei/isaac_projects/isaac_drone_racer/.worktrees/stage1-fake-vio/logs/skrl/stage1_recovery_20260905/2026-09-05_11-37-52/2026-09-05_11-37-57_ppo_torch_stage1_mixed/checkpoints/best_agent.pt,ecf1a26095dfe976a926a1c7c3876aaafb1c80f1dd681f9e9f35bd678864cdf1,150d107225160ac498040fa20d4ccf9e26ec2703,True,fixed_per_environment_quotas_v2,mild,47,44,True,True,5.76,,7,False,False,39.784576416015625,5.76,0.12253907322883606,0.03936660289764404,0.31822749972343445
/home/donglei/isaac_projects/isaac_drone_racer/.worktrees/stage1-fake-vio/logs/skrl/stage1_recovery_20260905/2026-09-05_11-37-52/2026-09-05_11-37-57_ppo_torch_stage1_mixed/checkpoints/best_agent.pt,ecf1a26095dfe976a926a1c7c3876aaafb1c80f1dd681f9e9f35bd678864cdf1,150d107225160ac498040fa20d4ccf9e26ec2703,True,fixed_per_environment_quotas_v2,mild,47,45,True,True,5.89,,7,False,False,39.24974822998047,5.89,0.12830786406993866,0.04046214371919632,0.3411157429218292
/home/donglei/isaac_projects/isaac_drone_racer/.worktrees/stage1-fake-vio/logs/skrl/stage1_recovery_20260905/2026-09-05_11-37-52/2026-09-05_11-37-57_ppo_torch_stage1_mixed/checkpoints/best_agent.pt,ecf1a26095dfe976a926a1c7c3876aaafb1c80f1dd681f9e9f35bd678864cdf1,150d107225160ac498040fa20d4ccf9e26ec2703,True,fixed_per_environment_quotas_v2,mild,47,46,True,True,4.95,,7,False,False,38.29150390625,4.95,0.1236254870891571,0.04248001426458359,0.31727463006973267
/home/donglei/isaac_projects/isaac_drone_racer/.worktrees/stage1-fake-vio/logs/skrl/stage1_recovery_20260905/2026-09-05_11-37-52/2026-09-05_11-37-57_ppo_torch_stage1_mixed/checkpoints/best_agent.pt,ecf1a26095dfe976a926a1c7c3876aaafb1c80f1dd681f9e9f35bd678864cdf1,150d107225160ac498040fa20d4ccf9e26ec2703,True,fixed_per_environment_quotas_v2,mild,47,47,True,True,5.1000000000000005,,7,False,False,38.81516647338867,5.1000000000000005,0.13281692564487457,0.039079733192920685,0.3347582519054413
/home/donglei/isaac_projects/isaac_drone_racer/.worktrees/stage1-fake-vio/logs/skrl/stage1_recovery_20260905/2026-09-05_11-37-52/2026-09-05_11-37-57_ppo_torch_stage1_mixed/checkpoints/best_agent.pt,ecf1a26095dfe976a926a1c7c3876aaafb1c80f1dd681f9e9f35bd678864cdf1,150d107225160ac498040fa20d4ccf9e26ec2703,True,fixed_per_environment_quotas_v2,mild,47,48,True,True,5.15,,7,False,False,38.32332992553711,5.15,0.12546122074127197,0.04095921665430069,0.33849191665649414
/home/donglei/isaac_projects/isaac_drone_racer/.worktrees/stage1-fake-vio/logs/skrl/stage1_recovery_20260905/2026-09-05_11-37-52/2026-09-05_11-37-57_ppo_torch_stage1_mixed/checkpoints/best_agent.pt,ecf1a26095dfe976a926a1c7c3876aaafb1c80f1dd681f9e9f35bd678864cdf1,150d107225160ac498040fa20d4ccf9e26ec2703,True,fixed_per_environment_quotas_v2,mild,47,49,True,True,5.26,,7,False,False,38.65235137939453,5.26,0.1175013855099678,0.04092828929424286,0.30420780181884766
/home/donglei/isaac_projects/isaac_drone_racer/.worktrees/stage1-fake-vio/logs/skrl/stage1_recovery_20260905/2026-09-05_11-37-52/2026-09-05_11-37-57_ppo_torch_stage1_mixed/checkpoints/best_agent.pt,ecf1a26095dfe976a926a1c7c3876aaafb1c80f1dd681f9e9f35bd678864cdf1,150d107225160ac498040fa20d4ccf9e26ec2703,True,fixed_per_environment_quotas_v2,mild,47,50,True,True,5.1000000000000005,,7,False,False,39.26581954956055,5.1000000000000005,0.1333734393119812,0.04087691754102707,0.3269087076187134
/home/donglei/isaac_projects/isaac_drone_racer/.worktrees/stage1-fake-vio/logs/skrl/stage1_recovery_20260905/2026-09-05_11-37-52/2026-09-05_11-37-57_ppo_torch_stage1_mixed/checkpoints/best_agent.pt,ecf1a26095dfe976a926a1c7c3876aaafb1c80f1dd681f9e9f35bd678864cdf1,150d107225160ac498040fa20d4ccf9e26ec2703,True,fixed_per_environment_quotas_v2,mild,47,51,True,True,5.88,,7,False,False,39.60730743408203,5.88,0.1285955309867859,0.03833450749516487,0.3267519474029541
/home/donglei/isaac_projects/isaac_drone_racer/.worktrees/stage1-fake-vio/logs/skrl/stage1_recovery_20260905/2026-09-05_11-37-52/2026-09-05_11-37-57_ppo_torch_stage1_mixed/checkpoints/best_agent.pt,ecf1a26095dfe976a926a1c7c3876aaafb1c80f1dd681f9e9f35bd678864cdf1,150d107225160ac498040fa20d4ccf9e26ec2703,True,fixed_per_environment_quotas_v2,mild,47,52,True,True,5.63,,7,False,False,39.60028839111328,5.63,0.1285826563835144,0.039289623498916626,0.31541353464126587
/home/donglei/isaac_projects/isaac_drone_racer/.worktrees/stage1-fake-vio/logs/skrl/stage1_recovery_20260905/2026-09-05_11-37-52/2026-09-05_11-37-57_ppo_torch_stage1_mixed/checkpoints/best_agent.pt,ecf1a26095dfe976a926a1c7c3876aaafb1c80f1dd681f9e9f35bd678864cdf1,150d107225160ac498040fa20d4ccf9e26ec2703,True,fixed_per_environment_quotas_v2,mild,47,53,True,True,5.79,,7,False,False,39.70793914794922,5.79,0.12883654236793518,0.03934866562485695,0.32532429695129395
/home/donglei/isaac_projects/isaac_drone_racer/.worktrees/stage1-fake-vio/logs/skrl/stage1_recovery_20260905/2026-09-05_11-37-52/2026-09-05_11-37-57_ppo_torch_stage1_mixed/checkpoints/best_agent.pt,ecf1a26095dfe976a926a1c7c3876aaafb1c80f1dd681f9e9f35bd678864cdf1,150d107225160ac498040fa20d4ccf9e26ec2703,True,fixed_per_environment_quotas_v2,mild,47,54,True,True,5.71,,7,False,False,39.407958984375,5.71,0.13176965713500977,0.03750284016132355,0.31883901357650757
/home/donglei/isaac_projects/isaac_drone_racer/.worktrees/stage1-fake-vio/logs/skrl/stage1_recovery_20260905/2026-09-05_11-37-52/2026-09-05_11-37-57_ppo_torch_stage1_mixed/checkpoints/best_agent.pt,ecf1a26095dfe976a926a1c7c3876aaafb1c80f1dd681f9e9f35bd678864cdf1,150d107225160ac498040fa20d4ccf9e26ec2703,True,fixed_per_environment_quotas_v2,mild,47,55,True,True,6.17,,7,False,False,39.76205825805664,6.17,0.12874700129032135,0.04225197806954384,0.3341488242149353
/home/donglei/isaac_projects/isaac_drone_racer/.worktrees/stage1-fake-vio/logs/skrl/stage1_recovery_20260905/2026-09-05_11-37-52/2026-09-05_11-37-57_ppo_torch_stage1_mixed/checkpoints/best_agent.pt,ecf1a26095dfe976a926a1c7c3876aaafb1c80f1dd681f9e9f35bd678864cdf1,150d107225160ac498040fa20d4ccf9e26ec2703,True,fixed_per_environment_quotas_v2,mild,47,56,True,True,5.99,,7,False,False,39.76991653442383,5.99,0.12397724390029907,0.0393705777823925,0.3241226077079773
/home/donglei/isaac_projects/isaac_drone_racer/.worktrees/stage1-fake-vio/logs/skrl/stage1_recovery_20260905/2026-09-05_11-37-52/2026-09-05_11-37-57_ppo_torch_stage1_mixed/checkpoints/best_agent.pt,ecf1a26095dfe976a926a1c7c3876aaafb1c80f1dd681f9e9f35bd678864cdf1,150d107225160ac498040fa20d4ccf9e26ec2703,True,fixed_per_environment_quotas_v2,mild,47,57,True,True,5.93,,7,False,False,39.73326873779297,5.93,0.1259850114583969,0.03779423236846924,0.322624534368515
/home/donglei/isaac_projects/isaac_drone_racer/.worktrees/stage1-fake-vio/logs/skrl/stage1_recovery_20260905/2026-09-05_11-37-52/2026-09-05_11-37-57_ppo_torch_stage1_mixed/checkpoints/best_agent.pt,ecf1a26095dfe976a926a1c7c3876aaafb1c80f1dd681f9e9f35bd678864cdf1,150d107225160ac498040fa20d4ccf9e26ec2703,True,fixed_per_environment_quotas_v2,mild,47,58,True,True,5.87,,7,False,False,39.75864791870117,5.87,0.1300516277551651,0.04150424152612686,0.32595258951187134
/home/donglei/isaac_projects/isaac_drone_racer/.worktrees/stage1-fake-vio/logs/skrl/stage1_recovery_20260905/2026-09-05_11-37-52/2026-09-05_11-37-57_ppo_torch_stage1_mixed/checkpoints/best_agent.pt,ecf1a26095dfe976a926a1c7c3876aaafb1c80f1dd681f9e9f35bd678864cdf1,150d107225160ac498040fa20d4ccf9e26ec2703,True,fixed_per_environment_quotas_v2,mild,47,59,True,True,6.0,,7,False,False,39.78135299682617,6.0,0.12596926093101501,0.04040462523698807,0.3238089084625244
/home/donglei/isaac_projects/isaac_drone_racer/.worktrees/stage1-fake-vio/logs/skrl/stage1_recovery_20260905/2026-09-05_11-37-52/2026-09-05_11-37-57_ppo_torch_stage1_mixed/checkpoints/best_agent.pt,ecf1a26095dfe976a926a1c7c3876aaafb1c80f1dd681f9e9f35bd678864cdf1,150d107225160ac498040fa20d4ccf9e26ec2703,True,fixed_per_environment_quotas_v2,mild,47,60,True,True,6.11,,7,False,False,39.86249542236328,6.11,0.12816227972507477,0.041420526802539825,0.3267785906791687
/home/donglei/isaac_projects/isaac_drone_racer/.worktrees/stage1-fake-vio/logs/skrl/stage1_recovery_20260905/2026-09-05_11-37-52/2026-09-05_11-37-57_ppo_torch_stage1_mixed/checkpoints/best_agent.pt,ecf1a26095dfe976a926a1c7c3876aaafb1c80f1dd681f9e9f35bd678864cdf1,150d107225160ac498040fa20d4ccf9e26ec2703,True,fixed_per_environment_quotas_v2,mild,47,61,True,True,6.01,,7,False,False,39.5311393737793,6.01,0.12628190219402313,0.04287615418434143,0.3157738745212555
/home/donglei/isaac_projects/isaac_drone_racer/.worktrees/stage1-fake-vio/logs/skrl/stage1_recovery_20260905/2026-09-05_11-37-52/2026-09-05_11-37-57_ppo_torch_stage1_mixed/checkpoints/best_agent.pt,ecf1a26095dfe976a926a1c7c3876aaafb1c80f1dd681f9e9f35bd678864cdf1,150d107225160ac498040fa20d4ccf9e26ec2703,True,fixed_per_environment_quotas_v2,mild,47,62,True,True,6.01,,7,False,False,39.43657684326172,6.01,0.12097009271383286,0.04307182878255844,0.32399412989616394
/home/donglei/isaac_projects/isaac_drone_racer/.worktrees/stage1-fake-vio/logs/skrl/stage1_recovery_20260905/2026-09-05_11-37-52/2026-09-05_11-37-57_ppo_torch_stage1_mixed/checkpoints/best_agent.pt,ecf1a26095dfe976a926a1c7c3876aaafb1c80f1dd681f9e9f35bd678864cdf1,150d107225160ac498040fa20d4ccf9e26ec2703,True,fixed_per_environment_quotas_v2,mild,47,63,True,True,5.94,,7,False,False,39.50239181518555,5.94,0.1239868775010109,0.03946465626358986,0.31025251746177673
/home/donglei/isaac_projects/isaac_drone_racer/.worktrees/stage1-fake-vio/logs/skrl/stage1_recovery_20260905/2026-09-05_11-37-52/2026-09-05_11-37-57_ppo_torch_stage1_mixed/checkpoints/best_agent.pt,ecf1a26095dfe976a926a1c7c3876aaafb1c80f1dd681f9e9f35bd678864cdf1,150d107225160ac498040fa20d4ccf9e26ec2703,True,fixed_per_environment_quotas_v2,mild,47,64,True,True,6.0200000000000005,,7,False,False,39.696693420410156,6.0200000000000005,0.13077834248542786,0.041962459683418274,0.33710336685180664
/home/donglei/isaac_projects/isaac_drone_racer/.worktrees/stage1-fake-vio/logs/skrl/stage1_recovery_20260905/2026-09-05_11-37-52/2026-09-05_11-37-57_ppo_torch_stage1_mixed/checkpoints/best_agent.pt,ecf1a26095dfe976a926a1c7c3876aaafb1c80f1dd681f9e9f35bd678864cdf1,150d107225160ac498040fa20d4ccf9e26ec2703,True,fixed_per_environment_quotas_v2,mild,47,65,True,True,5.96,,7,False,False,39.572364807128906,5.96,0.13167835772037506,0.039398811757564545,0.3363317847251892
/home/donglei/isaac_projects/isaac_drone_racer/.worktrees/stage1-fake-vio/logs/skrl/stage1_recovery_20260905/2026-09-05_11-37-52/2026-09-05_11-37-57_ppo_torch_stage1_mixed/checkpoints/best_agent.pt,ecf1a26095dfe976a926a1c7c3876aaafb1c80f1dd681f9e9f35bd678864cdf1,150d107225160ac498040fa20d4ccf9e26ec2703,True,fixed_per_environment_quotas_v2,mild,47,66,True,True,5.95,,7,False,False,39.86853790283203,5.95,0.1232854574918747,0.03917711228132248,0.30956369638442993
/home/donglei/isaac_projects/isaac_drone_racer/.worktrees/stage1-fake-vio/logs/skrl/stage1_recovery_20260905/2026-09-05_11-37-52/2026-09-05_11-37-57_ppo_torch_stage1_mixed/checkpoints/best_agent.pt,ecf1a26095dfe976a926a1c7c3876aaafb1c80f1dd681f9e9f35bd678864cdf1,150d107225160ac498040fa20d4ccf9e26ec2703,True,fixed_per_environment_quotas_v2,mild,47,67,True,True,6.05,,7,False,False,39.70714569091797,6.05,0.13322268426418304,0.03958400338888168,0.3329754173755646
/home/donglei/isaac_projects/isaac_drone_racer/.worktrees/stage1-fake-vio/logs/skrl/stage1_recovery_20260905/2026-09-05_11-37-52/2026-09-05_11-37-57_ppo_torch_stage1_mixed/checkpoints/best_agent.pt,ecf1a26095dfe976a926a1c7c3876aaafb1c80f1dd681f9e9f35bd678864cdf1,150d107225160ac498040fa20d4ccf9e26ec2703,True,fixed_per_environment_quotas_v2,mild,47,68,True,True,5.8500000000000005,,7,False,False,39.878787994384766,5.8500000000000005,0.12315749377012253,0.04335831478238106,0.3129284679889679
/home/donglei/isaac_projects/isaac_drone_racer/.worktrees/stage1-fake-vio/logs/skrl/stage1_recovery_20260905/2026-09-05_11-37-52/2026-09-05_11-37-57_ppo_torch_stage1_mixed/checkpoints/best_agent.pt,ecf1a26095dfe976a926a1c7c3876aaafb1c80f1dd681f9e9f35bd678864cdf1,150d107225160ac498040fa20d4ccf9e26ec2703,True,fixed_per_environment_quotas_v2,mild,47,69,True,True,6.18,,7,False,False,39.536590576171875,6.18,0.12113039195537567,0.041942961513996124,0.3148941397666931
/home/donglei/isaac_projects/isaac_drone_racer/.worktrees/stage1-fake-vio/logs/skrl/stage1_recovery_20260905/2026-09-05_11-37-52/2026-09-05_11-37-57_ppo_torch_stage1_mixed/checkpoints/best_agent.pt,ecf1a26095dfe976a926a1c7c3876aaafb1c80f1dd681f9e9f35bd678864cdf1,150d107225160ac498040fa20d4ccf9e26ec2703,True,fixed_per_environment_quotas_v2,mild,47,70,True,True,6.0200000000000005,,7,False,False,39.723358154296875,6.0200000000000005,0.12795650959014893,0.043547019362449646,0.3308263123035431
/home/donglei/isaac_projects/isaac_drone_racer/.worktrees/stage1-fake-vio/logs/skrl/stage1_recovery_20260905/2026-09-05_11-37-52/2026-09-05_11-37-57_ppo_torch_stage1_mixed/checkpoints/best_agent.pt,ecf1a26095dfe976a926a1c7c3876aaafb1c80f1dd681f9e9f35bd678864cdf1,150d107225160ac498040fa20d4ccf9e26ec2703,True,fixed_per_environment_quotas_v2,mild,47,71,True,True,5.91,,7,False,False,39.64924621582031,5.91,0.12412397563457489,0.0412951335310936,0.3211789131164551
/home/donglei/isaac_projects/isaac_drone_racer/.worktrees/stage1-fake-vio/logs/skrl/stage1_recovery_20260905/2026-09-05_11-37-52/2026-09-05_11-37-57_ppo_torch_stage1_mixed/checkpoints/best_agent.pt,ecf1a26095dfe976a926a1c7c3876aaafb1c80f1dd681f9e9f35bd678864cdf1,150d107225160ac498040fa20d4ccf9e26ec2703,True,fixed_per_environment_quotas_v2,mild,47,72,True,True,6.08,,7,False,False,39.95317459106445,6.08,0.12461747974157333,0.03962549939751625,0.30612680315971375
/home/donglei/isaac_projects/isaac_drone_racer/.worktrees/stage1-fake-vio/logs/skrl/stage1_recovery_20260905/2026-09-05_11-37-52/2026-09-05_11-37-57_ppo_torch_stage1_mixed/checkpoints/best_agent.pt,ecf1a26095dfe976a926a1c7c3876aaafb1c80f1dd681f9e9f35bd678864cdf1,150d107225160ac498040fa20d4ccf9e26ec2703,True,fixed_per_environment_quotas_v2,mild,47,73,True,True,6.19,,7,False,False,39.652435302734375,6.19,0.12113666534423828,0.043699655681848526,0.31023067235946655
/home/donglei/isaac_projects/isaac_drone_racer/.worktrees/stage1-fake-vio/logs/skrl/stage1_recovery_20260905/2026-09-05_11-37-52/2026-09-05_11-37-57_ppo_torch_stage1_mixed/checkpoints/best_agent.pt,ecf1a26095dfe976a926a1c7c3876aaafb1c80f1dd681f9e9f35bd678864cdf1,150d107225160ac498040fa20d4ccf9e26ec2703,True,fixed_per_environment_quotas_v2,mild,47,74,True,True,6.140000000000001,,7,False,False,39.651756286621094,6.140000000000001,0.11801785975694656,0.03866381570696831,0.3112514913082123
/home/donglei/isaac_projects/isaac_drone_racer/.worktrees/stage1-fake-vio/logs/skrl/stage1_recovery_20260905/2026-09-05_11-37-52/2026-09-05_11-37-57_ppo_torch_stage1_mixed/checkpoints/best_agent.pt,ecf1a26095dfe976a926a1c7c3876aaafb1c80f1dd681f9e9f35bd678864cdf1,150d107225160ac498040fa20d4ccf9e26ec2703,True,fixed_per_environment_quotas_v2,mild,47,75,True,True,6.44,,7,False,False,39.457881927490234,6.44,0.11499028652906418,0.04288563132286072,0.306148886680603
/home/donglei/isaac_projects/isaac_drone_racer/.worktrees/stage1-fake-vio/logs/skrl/stage1_recovery_20260905/2026-09-05_11-37-52/2026-09-05_11-37-57_ppo_torch_stage1_mixed/checkpoints/best_agent.pt,ecf1a26095dfe976a926a1c7c3876aaafb1c80f1dd681f9e9f35bd678864cdf1,150d107225160ac498040fa20d4ccf9e26ec2703,True,fixed_per_environment_quotas_v2,mild,47,76,True,True,5.88,,7,False,False,39.66501998901367,5.88,0.1320052295923233,0.03679833933711052,0.3231263756752014
/home/donglei/isaac_projects/isaac_drone_racer/.worktrees/stage1-fake-vio/logs/skrl/stage1_recovery_20260905/2026-09-05_11-37-52/2026-09-05_11-37-57_ppo_torch_stage1_mixed/checkpoints/best_agent.pt,ecf1a26095dfe976a926a1c7c3876aaafb1c80f1dd681f9e9f35bd678864cdf1,150d107225160ac498040fa20d4ccf9e26ec2703,True,fixed_per_environment_quotas_v2,mild,47,77,True,True,5.89,,7,False,False,39.65869140625,5.89,0.12811198830604553,0.03626014664769173,0.31319740414619446
/home/donglei/isaac_projects/isaac_drone_racer/.worktrees/stage1-fake-vio/logs/skrl/stage1_recovery_20260905/2026-09-05_11-37-52/2026-09-05_11-37-57_ppo_torch_stage1_mixed/checkpoints/best_agent.pt,ecf1a26095dfe976a926a1c7c3876aaafb1c80f1dd681f9e9f35bd678864cdf1,150d107225160ac498040fa20d4ccf9e26ec2703,True,fixed_per_environment_quotas_v2,mild,47,78,True,True,5.99,,7,False,False,40.00560760498047,5.99,0.11599666625261307,0.04140167683362961,0.3012143075466156
/home/donglei/isaac_projects/isaac_drone_racer/.worktrees/stage1-fake-vio/logs/skrl/stage1_recovery_20260905/2026-09-05_11-37-52/2026-09-05_11-37-57_ppo_torch_stage1_mixed/checkpoints/best_agent.pt,ecf1a26095dfe976a926a1c7c3876aaafb1c80f1dd681f9e9f35bd678864cdf1,150d107225160ac498040fa20d4ccf9e26ec2703,True,fixed_per_environment_quotas_v2,mild,47,79,True,True,6.1000000000000005,,7,False,False,39.81220626831055,6.1000000000000005,0.12785829603672028,0.04341939836740494,0.33558395504951477
/home/donglei/isaac_projects/isaac_drone_racer/.worktrees/stage1-fake-vio/logs/skrl/stage1_recovery_20260905/2026-09-05_11-37-52/2026-09-05_11-37-57_ppo_torch_stage1_mixed/checkpoints/best_agent.pt,ecf1a26095dfe976a926a1c7c3876aaafb1c80f1dd681f9e9f35bd678864cdf1,150d107225160ac498040fa20d4ccf9e26ec2703,True,fixed_per_environment_quotas_v2,mild,47,80,True,True,6.1000000000000005,,7,False,False,39.86920928955078,6.1000000000000005,0.11807519942522049,0.04270435869693756,0.3053224980831146
/home/donglei/isaac_projects/isaac_drone_racer/.worktrees/stage1-fake-vio/logs/skrl/stage1_recovery_20260905/2026-09-05_11-37-52/2026-09-05_11-37-57_ppo_torch_stage1_mixed/checkpoints/best_agent.pt,ecf1a26095dfe976a926a1c7c3876aaafb1c80f1dd681f9e9f35bd678864cdf1,150d107225160ac498040fa20d4ccf9e26ec2703,True,fixed_per_environment_quotas_v2,mild,47,81,True,True,5.91,,7,False,False,39.674442291259766,5.91,0.1359766572713852,0.03890032693743706,0.3365580439567566
/home/donglei/isaac_projects/isaac_drone_racer/.worktrees/stage1-fake-vio/logs/skrl/stage1_recovery_20260905/2026-09-05_11-37-52/2026-09-05_11-37-57_ppo_torch_stage1_mixed/checkpoints/best_agent.pt,ecf1a26095dfe976a926a1c7c3876aaafb1c80f1dd681f9e9f35bd678864cdf1,150d107225160ac498040fa20d4ccf9e26ec2703,True,fixed_per_environment_quotas_v2,mild,47,82,False,False,,4,3,True,False,12.013084411621094,2.82,0.12728926539421082,0.03871941193938255,0.36366158723831177
/home/donglei/isaac_projects/isaac_drone_racer/.worktrees/stage1-fake-vio/logs/skrl/stage1_recovery_20260905/2026-09-05_11-37-52/2026-09-05_11-37-57_ppo_torch_stage1_mixed/checkpoints/best_agent.pt,ecf1a26095dfe976a926a1c7c3876aaafb1c80f1dd681f9e9f35bd678864cdf1,150d107225160ac498040fa20d4ccf9e26ec2703,True,fixed_per_environment_quotas_v2,mild,47,83,True,True,6.21,,7,False,False,39.602684020996094,6.21,0.12309431284666061,0.04330374300479889,0.32157865166664124
/home/donglei/isaac_projects/isaac_drone_racer/.worktrees/stage1-fake-vio/logs/skrl/stage1_recovery_20260905/2026-09-05_11-37-52/2026-09-05_11-37-57_ppo_torch_stage1_mixed/checkpoints/best_agent.pt,ecf1a26095dfe976a926a1c7c3876aaafb1c80f1dd681f9e9f35bd678864cdf1,150d107225160ac498040fa20d4ccf9e26ec2703,True,fixed_per_environment_quotas_v2,mild,47,84,True,True,5.91,,7,False,False,39.61874771118164,5.91,0.12886138260364532,0.03678986057639122,0.31729841232299805
/home/donglei/isaac_projects/isaac_drone_racer/.worktrees/stage1-fake-vio/logs/skrl/stage1_recovery_20260905/2026-09-05_11-37-52/2026-09-05_11-37-57_ppo_torch_stage1_mixed/checkpoints/best_agent.pt,ecf1a26095dfe976a926a1c7c3876aaafb1c80f1dd681f9e9f35bd678864cdf1,150d107225160ac498040fa20d4ccf9e26ec2703,True,fixed_per_environment_quotas_v2,mild,47,85,True,True,6.01,,7,False,False,39.859344482421875,6.01,0.1270420104265213,0.04332899674773216,0.3303573429584503
/home/donglei/isaac_projects/isaac_drone_racer/.worktrees/stage1-fake-vio/logs/skrl/stage1_recovery_20260905/2026-09-05_11-37-52/2026-09-05_11-37-57_ppo_torch_stage1_mixed/checkpoints/best_agent.pt,ecf1a26095dfe976a926a1c7c3876aaafb1c80f1dd681f9e9f35bd678864cdf1,150d107225160ac498040fa20d4ccf9e26ec2703,True,fixed_per_environment_quotas_v2,mild,47,86,True,True,6.16,,7,False,False,39.726444244384766,6.16,0.11696673929691315,0.03857537731528282,0.3074895143508911
/home/donglei/isaac_projects/isaac_drone_racer/.worktrees/stage1-fake-vio/logs/skrl/stage1_recovery_20260905/2026-09-05_11-37-52/2026-09-05_11-37-57_ppo_torch_stage1_mixed/checkpoints/best_agent.pt,ecf1a26095dfe976a926a1c7c3876aaafb1c80f1dd681f9e9f35bd678864cdf1,150d107225160ac498040fa20d4ccf9e26ec2703,True,fixed_per_environment_quotas_v2,mild,47,87,True,True,5.8,,7,False,False,39.692420959472656,5.8,0.12688268721103668,0.03755158185958862,0.3153379559516907
/home/donglei/isaac_projects/isaac_drone_racer/.worktrees/stage1-fake-vio/logs/skrl/stage1_recovery_20260905/2026-09-05_11-37-52/2026-09-05_11-37-57_ppo_torch_stage1_mixed/checkpoints/best_agent.pt,ecf1a26095dfe976a926a1c7c3876aaafb1c80f1dd681f9e9f35bd678864cdf1,150d107225160ac498040fa20d4ccf9e26ec2703,True,fixed_per_environment_quotas_v2,mild,47,88,True,True,6.1000000000000005,,7,False,False,40.02943420410156,6.1000000000000005,0.1187637448310852,0.04101123288273811,0.3005501627922058
/home/donglei/isaac_projects/isaac_drone_racer/.worktrees/stage1-fake-vio/logs/skrl/stage1_recovery_20260905/2026-09-05_11-37-52/2026-09-05_11-37-57_ppo_torch_stage1_mixed/checkpoints/best_agent.pt,ecf1a26095dfe976a926a1c7c3876aaafb1c80f1dd681f9e9f35bd678864cdf1,150d107225160ac498040fa20d4ccf9e26ec2703,True,fixed_per_environment_quotas_v2,mild,47,89,True,True,5.89,,7,False,False,39.60923385620117,5.89,0.12553896009922028,0.03830629587173462,0.3282923698425293
/home/donglei/isaac_projects/isaac_drone_racer/.worktrees/stage1-fake-vio/logs/skrl/stage1_recovery_20260905/2026-09-05_11-37-52/2026-09-05_11-37-57_ppo_torch_stage1_mixed/checkpoints/best_agent.pt,ecf1a26095dfe976a926a1c7c3876aaafb1c80f1dd681f9e9f35bd678864cdf1,150d107225160ac498040fa20d4ccf9e26ec2703,True,fixed_per_environment_quotas_v2,mild,47,90,True,True,6.0,,7,False,False,39.747833251953125,6.0,0.1338740587234497,0.04066251963376999,0.33138009905815125
/home/donglei/isaac_projects/isaac_drone_racer/.worktrees/stage1-fake-vio/logs/skrl/stage1_recovery_20260905/2026-09-05_11-37-52/2026-09-05_11-37-57_ppo_torch_stage1_mixed/checkpoints/best_agent.pt,ecf1a26095dfe976a926a1c7c3876aaafb1c80f1dd681f9e9f35bd678864cdf1,150d107225160ac498040fa20d4ccf9e26ec2703,True,fixed_per_environment_quotas_v2,mild,47,91,True,True,6.0600000000000005,,7,False,False,39.46981430053711,6.0600000000000005,0.11836809664964676,0.046935759484767914,0.3276260197162628
/home/donglei/isaac_projects/isaac_drone_racer/.worktrees/stage1-fake-vio/logs/skrl/stage1_recovery_20260905/2026-09-05_11-37-52/2026-09-05_11-37-57_ppo_torch_stage1_mixed/checkpoints/best_agent.pt,ecf1a26095dfe976a926a1c7c3876aaafb1c80f1dd681f9e9f35bd678864cdf1,150d107225160ac498040fa20d4ccf9e26ec2703,True,fixed_per_environment_quotas_v2,mild,47,92,True,True,5.97,,7,False,False,39.83717727661133,5.97,0.12855882942676544,0.04325083643198013,0.32761120796203613
/home/donglei/isaac_projects/isaac_drone_racer/.worktrees/stage1-fake-vio/logs/skrl/stage1_recovery_20260905/2026-09-05_11-37-52/2026-09-05_11-37-57_ppo_torch_stage1_mixed/checkpoints/best_agent.pt,ecf1a26095dfe976a926a1c7c3876aaafb1c80f1dd681f9e9f35bd678864cdf1,150d107225160ac498040fa20d4ccf9e26ec2703,True,fixed_per_environment_quotas_v2,mild,47,93,True,True,6.0200000000000005,,7,False,False,39.66017532348633,6.0200000000000005,0.13031913340091705,0.04113796353340149,0.3289983570575714
/home/donglei/isaac_projects/isaac_drone_racer/.worktrees/stage1-fake-vio/logs/skrl/stage1_recovery_20260905/2026-09-05_11-37-52/2026-09-05_11-37-57_ppo_torch_stage1_mixed/checkpoints/best_agent.pt,ecf1a26095dfe976a926a1c7c3876aaafb1c80f1dd681f9e9f35bd678864cdf1,150d107225160ac498040fa20d4ccf9e26ec2703,True,fixed_per_environment_quotas_v2,mild,47,94,True,True,6.13,,7,False,False,39.8992919921875,6.13,0.11514680832624435,0.04247767850756645,0.29203781485557556
/home/donglei/isaac_projects/isaac_drone_racer/.worktrees/stage1-fake-vio/logs/skrl/stage1_recovery_20260905/2026-09-05_11-37-52/2026-09-05_11-37-57_ppo_torch_stage1_mixed/checkpoints/best_agent.pt,ecf1a26095dfe976a926a1c7c3876aaafb1c80f1dd681f9e9f35bd678864cdf1,150d107225160ac498040fa20d4ccf9e26ec2703,True,fixed_per_environment_quotas_v2,mild,47,95,True,True,5.96,,7,False,False,39.57999038696289,5.96,0.12373984605073929,0.042316634207963943,0.31505998969078064
/home/donglei/isaac_projects/isaac_drone_racer/.worktrees/stage1-fake-vio/logs/skrl/stage1_recovery_20260905/2026-09-05_11-37-52/2026-09-05_11-37-57_ppo_torch_stage1_mixed/checkpoints/best_agent.pt,ecf1a26095dfe976a926a1c7c3876aaafb1c80f1dd681f9e9f35bd678864cdf1,150d107225160ac498040fa20d4ccf9e26ec2703,True,fixed_per_environment_quotas_v2,mild,47,96,True,True,6.11,,7,False,False,39.638648986816406,6.11,0.12087347358465195,0.04150870814919472,0.31534335017204285
/home/donglei/isaac_projects/isaac_drone_racer/.worktrees/stage1-fake-vio/logs/skrl/stage1_recovery_20260905/2026-09-05_11-37-52/2026-09-05_11-37-57_ppo_torch_stage1_mixed/checkpoints/best_agent.pt,ecf1a26095dfe976a926a1c7c3876aaafb1c80f1dd681f9e9f35bd678864cdf1,150d107225160ac498040fa20d4ccf9e26ec2703,True,fixed_per_environment_quotas_v2,mild,47,97,True,True,5.93,,7,False,False,39.49000930786133,5.93,0.13073541224002838,0.036919210106134415,0.33755728602409363
/home/donglei/isaac_projects/isaac_drone_racer/.worktrees/stage1-fake-vio/logs/skrl/stage1_recovery_20260905/2026-09-05_11-37-52/2026-09-05_11-37-57_ppo_torch_stage1_mixed/checkpoints/best_agent.pt,ecf1a26095dfe976a926a1c7c3876aaafb1c80f1dd681f9e9f35bd678864cdf1,150d107225160ac498040fa20d4ccf9e26ec2703,True,fixed_per_environment_quotas_v2,mild,47,98,True,True,5.92,,7,False,False,39.76509094238281,5.92,0.13610240817070007,0.04043575003743172,0.3430646061897278
/home/donglei/isaac_projects/isaac_drone_racer/.worktrees/stage1-fake-vio/logs/skrl/stage1_recovery_20260905/2026-09-05_11-37-52/2026-09-05_11-37-57_ppo_torch_stage1_mixed/checkpoints/best_agent.pt,ecf1a26095dfe976a926a1c7c3876aaafb1c80f1dd681f9e9f35bd678864cdf1,150d107225160ac498040fa20d4ccf9e26ec2703,True,fixed_per_environment_quotas_v2,mild,47,99,True,True,6.1000000000000005,,7,False,False,39.69203567504883,6.1000000000000005,0.11619724333286285,0.03985942527651787,0.3079526722431183
/home/donglei/isaac_projects/isaac_drone_racer/.worktrees/stage1-fake-vio/logs/skrl/stage1_recovery_20260905/2026-09-05_11-37-52/2026-09-05_11-37-57_ppo_torch_stage1_mixed/checkpoints/best_agent.pt,ecf1a26095dfe976a926a1c7c3876aaafb1c80f1dd681f9e9f35bd678864cdf1,150d107225160ac498040fa20d4ccf9e26ec2703,True,fixed_per_environment_quotas_v2,mild,47,100,True,True,6.21,,7,False,False,39.907798767089844,6.21,0.11564131826162338,0.04234891012310982,0.29599514603614807
/home/donglei/isaac_projects/isaac_drone_racer/.worktrees/stage1-fake-vio/logs/skrl/stage1_recovery_20260905/2026-09-05_11-37-52/2026-09-05_11-37-57_ppo_torch_stage1_mixed/checkpoints/best_agent.pt,ecf1a26095dfe976a926a1c7c3876aaafb1c80f1dd681f9e9f35bd678864cdf1,150d107225160ac498040fa20d4ccf9e26ec2703,True,fixed_per_environment_quotas_v2,mild,47,101,True,True,6.0600000000000005,,7,False,False,39.64512252807617,6.0600000000000005,0.12473446130752563,0.04269355535507202,0.3263219892978668
/home/donglei/isaac_projects/isaac_drone_racer/.worktrees/stage1-fake-vio/logs/skrl/stage1_recovery_20260905/2026-09-05_11-37-52/2026-09-05_11-37-57_ppo_torch_stage1_mixed/checkpoints/best_agent.pt,ecf1a26095dfe976a926a1c7c3876aaafb1c80f1dd681f9e9f35bd678864cdf1,150d107225160ac498040fa20d4ccf9e26ec2703,True,fixed_per_environment_quotas_v2,mild,47,102,True,True,6.33,,7,False,False,39.699520111083984,6.33,0.11674749851226807,0.041043125092983246,0.3071288466453552
/home/donglei/isaac_projects/isaac_drone_racer/.worktrees/stage1-fake-vio/logs/skrl/stage1_recovery_20260905/2026-09-05_11-37-52/2026-09-05_11-37-57_ppo_torch_stage1_mixed/checkpoints/best_agent.pt,ecf1a26095dfe976a926a1c7c3876aaafb1c80f1dd681f9e9f35bd678864cdf1,150d107225160ac498040fa20d4ccf9e26ec2703,True,fixed_per_environment_quotas_v2,mild,47,103,True,True,6.16,,7,False,False,39.895809173583984,6.16,0.12286918610334396,0.040906473994255066,0.3128771185874939
/home/donglei/isaac_projects/isaac_drone_racer/.worktrees/stage1-fake-vio/logs/skrl/stage1_recovery_20260905/2026-09-05_11-37-52/2026-09-05_11-37-57_ppo_torch_stage1_mixed/checkpoints/best_agent.pt,ecf1a26095dfe976a926a1c7c3876aaafb1c80f1dd681f9e9f35bd678864cdf1,150d107225160ac498040fa20d4ccf9e26ec2703,True,fixed_per_environment_quotas_v2,mild,47,104,True,True,5.96,,7,False,False,39.90219497680664,5.96,0.11782757192850113,0.04073493555188179,0.2970787286758423
/home/donglei/isaac_projects/isaac_drone_racer/.worktrees/stage1-fake-vio/logs/skrl/stage1_recovery_20260905/2026-09-05_11-37-52/2026-09-05_11-37-57_ppo_torch_stage1_mixed/checkpoints/best_agent.pt,ecf1a26095dfe976a926a1c7c3876aaafb1c80f1dd681f9e9f35bd678864cdf1,150d107225160ac498040fa20d4ccf9e26ec2703,True,fixed_per_environment_quotas_v2,mild,47,105,True,True,6.26,,7,False,False,39.74728012084961,6.26,0.11994576454162598,0.04341685771942139,0.3170590102672577
/home/donglei/isaac_projects/isaac_drone_racer/.worktrees/stage1-fake-vio/logs/skrl/stage1_recovery_20260905/2026-09-05_11-37-52/2026-09-05_11-37-57_ppo_torch_stage1_mixed/checkpoints/best_agent.pt,ecf1a26095dfe976a926a1c7c3876aaafb1c80f1dd681f9e9f35bd678864cdf1,150d107225160ac498040fa20d4ccf9e26ec2703,True,fixed_per_environment_quotas_v2,mild,47,106,True,True,5.76,,7,False,False,39.728572845458984,5.76,0.12308216840028763,0.04026644304394722,0.31963488459587097
/home/donglei/isaac_projects/isaac_drone_racer/.worktrees/stage1-fake-vio/logs/skrl/stage1_recovery_20260905/2026-09-05_11-37-52/2026-09-05_11-37-57_ppo_torch_stage1_mixed/checkpoints/best_agent.pt,ecf1a26095dfe976a926a1c7c3876aaafb1c80f1dd681f9e9f35bd678864cdf1,150d107225160ac498040fa20d4ccf9e26ec2703,True,fixed_per_environment_quotas_v2,mild,47,107,True,True,5.8,,7,False,False,39.47695541381836,5.8,0.12769000232219696,0.043106358498334885,0.3199819028377533
/home/donglei/isaac_projects/isaac_drone_racer/.worktrees/stage1-fake-vio/logs/skrl/stage1_recovery_20260905/2026-09-05_11-37-52/2026-09-05_11-37-57_ppo_torch_stage1_mixed/checkpoints/best_agent.pt,ecf1a26095dfe976a926a1c7c3876aaafb1c80f1dd681f9e9f35bd678864cdf1,150d107225160ac498040fa20d4ccf9e26ec2703,True,fixed_per_environment_quotas_v2,mild,47,108,True,True,6.09,,7,False,False,39.76253128051758,6.09,0.12023915350437164,0.04282011836767197,0.31885528564453125
/home/donglei/isaac_projects/isaac_drone_racer/.worktrees/stage1-fake-vio/logs/skrl/stage1_recovery_20260905/2026-09-05_11-37-52/2026-09-05_11-37-57_ppo_torch_stage1_mixed/checkpoints/best_agent.pt,ecf1a26095dfe976a926a1c7c3876aaafb1c80f1dd681f9e9f35bd678864cdf1,150d107225160ac498040fa20d4ccf9e26ec2703,True,fixed_per_environment_quotas_v2,mild,47,109,True,True,5.98,,7,False,False,39.6030158996582,5.98,0.1281815767288208,0.04273676127195358,0.3167579472064972
/home/donglei/isaac_projects/isaac_drone_racer/.worktrees/stage1-fake-vio/logs/skrl/stage1_recovery_20260905/2026-09-05_11-37-52/2026-09-05_11-37-57_ppo_torch_stage1_mixed/checkpoints/best_agent.pt,ecf1a26095dfe976a926a1c7c3876aaafb1c80f1dd681f9e9f35bd678864cdf1,150d107225160ac498040fa20d4ccf9e26ec2703,True,fixed_per_environment_quotas_v2,mild,47,110,True,True,6.04,,7,False,False,39.86259078979492,6.04,0.11720288544893265,0.0433325432240963,0.3070692718029022
/home/donglei/isaac_projects/isaac_drone_racer/.worktrees/stage1-fake-vio/logs/skrl/stage1_recovery_20260905/2026-09-05_11-37-52/2026-09-05_11-37-57_ppo_torch_stage1_mixed/checkpoints/best_agent.pt,ecf1a26095dfe976a926a1c7c3876aaafb1c80f1dd681f9e9f35bd678864cdf1,150d107225160ac498040fa20d4ccf9e26ec2703,True,fixed_per_environment_quotas_v2,mild,47,111,True,True,6.08,,7,False,False,39.766048431396484,6.08,0.12090893089771271,0.0403156615793705,0.3169980049133301
/home/donglei/isaac_projects/isaac_drone_racer/.worktrees/stage1-fake-vio/logs/skrl/stage1_recovery_20260905/2026-09-05_11-37-52/2026-09-05_11-37-57_ppo_torch_stage1_mixed/checkpoints/best_agent.pt,ecf1a26095dfe976a926a1c7c3876aaafb1c80f1dd681f9e9f35bd678864cdf1,150d107225160ac498040fa20d4ccf9e26ec2703,True,fixed_per_environment_quotas_v2,mild,47,112,True,True,5.66,,7,False,False,39.52106475830078,5.66,0.12983250617980957,0.03912998363375664,0.319146990776062
/home/donglei/isaac_projects/isaac_drone_racer/.worktrees/stage1-fake-vio/logs/skrl/stage1_recovery_20260905/2026-09-05_11-37-52/2026-09-05_11-37-57_ppo_torch_stage1_mixed/checkpoints/best_agent.pt,ecf1a26095dfe976a926a1c7c3876aaafb1c80f1dd681f9e9f35bd678864cdf1,150d107225160ac498040fa20d4ccf9e26ec2703,True,fixed_per_environment_quotas_v2,mild,47,113,True,True,6.24,,7,False,False,39.730682373046875,6.24,0.1206836849451065,0.04030008241534233,0.31426018476486206
/home/donglei/isaac_projects/isaac_drone_racer/.worktrees/stage1-fake-vio/logs/skrl/stage1_recovery_20260905/2026-09-05_11-37-52/2026-09-05_11-37-57_ppo_torch_stage1_mixed/checkpoints/best_agent.pt,ecf1a26095dfe976a926a1c7c3876aaafb1c80f1dd681f9e9f35bd678864cdf1,150d107225160ac498040fa20d4ccf9e26ec2703,True,fixed_per_environment_quotas_v2,mild,47,114,True,True,6.0200000000000005,,7,False,False,39.64711380004883,6.0200000000000005,0.12192182242870331,0.0441289022564888,0.3125494420528412
/home/donglei/isaac_projects/isaac_drone_racer/.worktrees/stage1-fake-vio/logs/skrl/stage1_recovery_20260905/2026-09-05_11-37-52/2026-09-05_11-37-57_ppo_torch_stage1_mixed/checkpoints/best_agent.pt,ecf1a26095dfe976a926a1c7c3876aaafb1c80f1dd681f9e9f35bd678864cdf1,150d107225160ac498040fa20d4ccf9e26ec2703,True,fixed_per_environment_quotas_v2,mild,47,115,True,True,5.86,,7,False,False,39.63217544555664,5.86,0.1281931847333908,0.03666435554623604,0.32968372106552124
/home/donglei/isaac_projects/isaac_drone_racer/.worktrees/stage1-fake-vio/logs/skrl/stage1_recovery_20260905/2026-09-05_11-37-52/2026-09-05_11-37-57_ppo_torch_stage1_mixed/checkpoints/best_agent.pt,ecf1a26095dfe976a926a1c7c3876aaafb1c80f1dd681f9e9f35bd678864cdf1,150d107225160ac498040fa20d4ccf9e26ec2703,True,fixed_per_environment_quotas_v2,mild,47,116,True,True,6.16,,7,False,False,39.576473236083984,6.16,0.12466289103031158,0.04248356074094772,0.3157849609851837
/home/donglei/isaac_projects/isaac_drone_racer/.worktrees/stage1-fake-vio/logs/skrl/stage1_recovery_20260905/2026-09-05_11-37-52/2026-09-05_11-37-57_ppo_torch_stage1_mixed/checkpoints/best_agent.pt,ecf1a26095dfe976a926a1c7c3876aaafb1c80f1dd681f9e9f35bd678864cdf1,150d107225160ac498040fa20d4ccf9e26ec2703,True,fixed_per_environment_quotas_v2,mild,47,117,True,True,6.03,,7,False,False,39.82155227661133,6.03,0.11672033369541168,0.042154476046562195,0.2964889407157898
/home/donglei/isaac_projects/isaac_drone_racer/.worktrees/stage1-fake-vio/logs/skrl/stage1_recovery_20260905/2026-09-05_11-37-52/2026-09-05_11-37-57_ppo_torch_stage1_mixed/checkpoints/best_agent.pt,ecf1a26095dfe976a926a1c7c3876aaafb1c80f1dd681f9e9f35bd678864cdf1,150d107225160ac498040fa20d4ccf9e26ec2703,True,fixed_per_environment_quotas_v2,mild,47,118,True,True,6.0,,7,False,False,39.675777435302734,6.0,0.1216987743973732,0.044170234352350235,0.3112516701221466
/home/donglei/isaac_projects/isaac_drone_racer/.worktrees/stage1-fake-vio/logs/skrl/stage1_recovery_20260905/2026-09-05_11-37-52/2026-09-05_11-37-57_ppo_torch_stage1_mixed/checkpoints/best_agent.pt,ecf1a26095dfe976a926a1c7c3876aaafb1c80f1dd681f9e9f35bd678864cdf1,150d107225160ac498040fa20d4ccf9e26ec2703,True,fixed_per_environment_quotas_v2,mild,47,119,True,True,6.07,,7,False,False,39.77826690673828,6.07,0.129790261387825,0.04259872063994408,0.3349265158176422
/home/donglei/isaac_projects/isaac_drone_racer/.worktrees/stage1-fake-vio/logs/skrl/stage1_recovery_20260905/2026-09-05_11-37-52/2026-09-05_11-37-57_ppo_torch_stage1_mixed/checkpoints/best_agent.pt,ecf1a26095dfe976a926a1c7c3876aaafb1c80f1dd681f9e9f35bd678864cdf1,150d107225160ac498040fa20d4ccf9e26ec2703,True,fixed_per_environment_quotas_v2,mild,47,120,True,True,6.08,,7,False,False,39.6416130065918,6.08,0.12889358401298523,0.04297042638063431,0.33166012167930603
/home/donglei/isaac_projects/isaac_drone_racer/.worktrees/stage1-fake-vio/logs/skrl/stage1_recovery_20260905/2026-09-05_11-37-52/2026-09-05_11-37-57_ppo_torch_stage1_mixed/checkpoints/best_agent.pt,ecf1a26095dfe976a926a1c7c3876aaafb1c80f1dd681f9e9f35bd678864cdf1,150d107225160ac498040fa20d4ccf9e26ec2703,True,fixed_per_environment_quotas_v2,mild,47,121,True,True,5.99,,7,False,False,39.49945068359375,5.99,0.12431743741035461,0.042746055871248245,0.30883434414863586
/home/donglei/isaac_projects/isaac_drone_racer/.worktrees/stage1-fake-vio/logs/skrl/stage1_recovery_20260905/2026-09-05_11-37-52/2026-09-05_11-37-57_ppo_torch_stage1_mixed/checkpoints/best_agent.pt,ecf1a26095dfe976a926a1c7c3876aaafb1c80f1dd681f9e9f35bd678864cdf1,150d107225160ac498040fa20d4ccf9e26ec2703,True,fixed_per_environment_quotas_v2,mild,47,122,True,True,6.0600000000000005,,7,False,False,39.82229232788086,6.0600000000000005,0.12027930468320847,0.03720952197909355,0.31042149662971497
/home/donglei/isaac_projects/isaac_drone_racer/.worktrees/stage1-fake-vio/logs/skrl/stage1_recovery_20260905/2026-09-05_11-37-52/2026-09-05_11-37-57_ppo_torch_stage1_mixed/checkpoints/best_agent.pt,ecf1a26095dfe976a926a1c7c3876aaafb1c80f1dd681f9e9f35bd678864cdf1,150d107225160ac498040fa20d4ccf9e26ec2703,True,fixed_per_environment_quotas_v2,mild,47,123,True,True,6.01,,7,False,False,39.65663528442383,6.01,0.1312381625175476,0.04111890867352486,0.33345797657966614
/home/donglei/isaac_projects/isaac_drone_racer/.worktrees/stage1-fake-vio/logs/skrl/stage1_recovery_20260905/2026-09-05_11-37-52/2026-09-05_11-37-57_ppo_torch_stage1_mixed/checkpoints/best_agent.pt,ecf1a26095dfe976a926a1c7c3876aaafb1c80f1dd681f9e9f35bd678864cdf1,150d107225160ac498040fa20d4ccf9e26ec2703,True,fixed_per_environment_quotas_v2,mild,47,124,True,True,5.8500000000000005,,7,False,False,39.62434387207031,5.8500000000000005,0.1251019984483719,0.03987584263086319,0.3123278021812439
/home/donglei/isaac_projects/isaac_drone_racer/.worktrees/stage1-fake-vio/logs/skrl/stage1_recovery_20260905/2026-09-05_11-37-52/2026-09-05_11-37-57_ppo_torch_stage1_mixed/checkpoints/best_agent.pt,ecf1a26095dfe976a926a1c7c3876aaafb1c80f1dd681f9e9f35bd678864cdf1,150d107225160ac498040fa20d4ccf9e26ec2703,True,fixed_per_environment_quotas_v2,mild,47,125,True,True,6.26,,7,False,False,39.79793930053711,6.26,0.11072883754968643,0.040281835943460464,0.27957025170326233
/home/donglei/isaac_projects/isaac_drone_racer/.worktrees/stage1-fake-vio/logs/skrl/stage1_recovery_20260905/2026-09-05_11-37-52/2026-09-05_11-37-57_ppo_torch_stage1_mixed/checkpoints/best_agent.pt,ecf1a26095dfe976a926a1c7c3876aaafb1c80f1dd681f9e9f35bd678864cdf1,150d107225160ac498040fa20d4ccf9e26ec2703,True,fixed_per_environment_quotas_v2,mild,47,126,True,True,5.83,,7,False,False,39.8228759765625,5.83,0.1280655562877655,0.04123764485120773,0.33272185921669006
/home/donglei/isaac_projects/isaac_drone_racer/.worktrees/stage1-fake-vio/logs/skrl/stage1_recovery_20260905/2026-09-05_11-37-52/2026-09-05_11-37-57_ppo_torch_stage1_mixed/checkpoints/best_agent.pt,ecf1a26095dfe976a926a1c7c3876aaafb1c80f1dd681f9e9f35bd678864cdf1,150d107225160ac498040fa20d4ccf9e26ec2703,True,fixed_per_environment_quotas_v2,mild,47,127,True,True,5.86,,7,False,False,39.7534294128418,5.86,0.12964290380477905,0.040331918746232986,0.33164408802986145
/home/donglei/isaac_projects/isaac_drone_racer/.worktrees/stage1-fake-vio/logs/skrl/stage1_recovery_20260905/2026-09-05_11-37-52/2026-09-05_11-37-57_ppo_torch_stage1_mixed/checkpoints/best_agent.pt,ecf1a26095dfe976a926a1c7c3876aaafb1c80f1dd681f9e9f35bd678864cdf1,150d107225160ac498040fa20d4ccf9e26ec2703,True,fixed_per_environment_quotas_v2,nominal,11,0,False,False,,3,0,True,False,-4.931488037109375,0.32,0.041758935898542404,0.1244436576962471,0.438912570476532
/home/donglei/isaac_projects/isaac_drone_racer/.worktrees/stage1-fake-vio/logs/skrl/stage1_recovery_20260905/2026-09-05_11-37-52/2026-09-05_11-37-57_ppo_torch_stage1_mixed/checkpoints/best_agent.pt,ecf1a26095dfe976a926a1c7c3876aaafb1c80f1dd681f9e9f35bd678864cdf1,150d107225160ac498040fa20d4ccf9e26ec2703,True,fixed_per_environment_quotas_v2,nominal,11,1,False,False,,3,0,True,False,-4.828841209411621,0.54,0.11018935590982437,0.21171897649765015,0.6703004837036133
/home/donglei/isaac_projects/isaac_drone_racer/.worktrees/stage1-fake-vio/logs/skrl/stage1_recovery_20260905/2026-09-05_11-37-52/2026-09-05_11-37-57_ppo_torch_stage1_mixed/checkpoints/best_agent.pt,ecf1a26095dfe976a926a1c7c3876aaafb1c80f1dd681f9e9f35bd678864cdf1,150d107225160ac498040fa20d4ccf9e26ec2703,True,fixed_per_environment_quotas_v2,nominal,11,2,False,False,,3,0,True,False,-3.1808972358703613,1.2,0.4308340847492218,0.19782119989395142,0.9852009415626526
/home/donglei/isaac_projects/isaac_drone_racer/.worktrees/stage1-fake-vio/logs/skrl/stage1_recovery_20260905/2026-09-05_11-37-52/2026-09-05_11-37-57_ppo_torch_stage1_mixed/checkpoints/best_agent.pt,ecf1a26095dfe976a926a1c7c3876aaafb1c80f1dd681f9e9f35bd678864cdf1,150d107225160ac498040fa20d4ccf9e26ec2703,True,fixed_per_environment_quotas_v2,nominal,11,3,False,False,,2,1,True,False,0.3942422866821289,1.26,0.418356716632843,0.4507424235343933,2.055678129196167
/home/donglei/isaac_projects/isaac_drone_racer/.worktrees/stage1-fake-vio/logs/skrl/stage1_recovery_20260905/2026-09-05_11-37-52/2026-09-05_11-37-57_ppo_torch_stage1_mixed/checkpoints/best_agent.pt,ecf1a26095dfe976a926a1c7c3876aaafb1c80f1dd681f9e9f35bd678864cdf1,150d107225160ac498040fa20d4ccf9e26ec2703,True,fixed_per_environment_quotas_v2,nominal,11,4,False,False,,4,0,True,False,-2.1548361778259277,1.33,0.4417027235031128,0.1761486530303955,1.0562907457351685
/home/donglei/isaac_projects/isaac_drone_racer/.worktrees/stage1-fake-vio/logs/skrl/stage1_recovery_20260905/2026-09-05_11-37-52/2026-09-05_11-37-57_ppo_torch_stage1_mixed/checkpoints/best_agent.pt,ecf1a26095dfe976a926a1c7c3876aaafb1c80f1dd681f9e9f35bd678864cdf1,150d107225160ac498040fa20d4ccf9e26ec2703,True,fixed_per_environment_quotas_v2,nominal,11,5,False,False,,4,2,True,False,9.578126907348633,4.0600000000000005,0.5574219226837158,0.2136160135269165,1.3408448696136475
/home/donglei/isaac_projects/isaac_drone_racer/.worktrees/stage1-fake-vio/logs/skrl/stage1_recovery_20260905/2026-09-05_11-37-52/2026-09-05_11-37-57_ppo_torch_stage1_mixed/checkpoints/best_agent.pt,ecf1a26095dfe976a926a1c7c3876aaafb1c80f1dd681f9e9f35bd678864cdf1,150d107225160ac498040fa20d4ccf9e26ec2703,True,fixed_per_environment_quotas_v2,nominal,11,6,False,False,,5,4,True,False,16.622760772705078,4.66,0.355294793844223,0.5623411536216736,1.286482810974121
/home/donglei/isaac_projects/isaac_drone_racer/.worktrees/stage1-fake-vio/logs/skrl/stage1_recovery_20260905/2026-09-05_11-37-52/2026-09-05_11-37-57_ppo_torch_stage1_mixed/checkpoints/best_agent.pt,ecf1a26095dfe976a926a1c7c3876aaafb1c80f1dd681f9e9f35bd678864cdf1,150d107225160ac498040fa20d4ccf9e26ec2703,True,fixed_per_environment_quotas_v2,nominal,11,7,False,False,,2,2,False,True,3.2242937088012695,4.96,0.2988467812538147,0.3918713927268982,1.3245636224746704
/home/donglei/isaac_projects/isaac_drone_racer/.worktrees/stage1-fake-vio/logs/skrl/stage1_recovery_20260905/2026-09-05_11-37-52/2026-09-05_11-37-57_ppo_torch_stage1_mixed/checkpoints/best_agent.pt,ecf1a26095dfe976a926a1c7c3876aaafb1c80f1dd681f9e9f35bd678864cdf1,150d107225160ac498040fa20d4ccf9e26ec2703,True,fixed_per_environment_quotas_v2,nominal,11,8,True,True,6.3500000000000005,,7,False,False,39.6241455078125,6.3500000000000005,0.1878686249256134,0.06688779592514038,0.5090269446372986
/home/donglei/isaac_projects/isaac_drone_racer/.worktrees/stage1-fake-vio/logs/skrl/stage1_recovery_20260905/2026-09-05_11-37-52/2026-09-05_11-37-57_ppo_torch_stage1_mixed/checkpoints/best_agent.pt,ecf1a26095dfe976a926a1c7c3876aaafb1c80f1dd681f9e9f35bd678864cdf1,150d107225160ac498040fa20d4ccf9e26ec2703,True,fixed_per_environment_quotas_v2,nominal,11,9,True,True,6.140000000000001,,7,False,False,39.59342956542969,6.140000000000001,0.42894965410232544,0.14625084400177002,1.112913727760315
/home/donglei/isaac_projects/isaac_drone_racer/.worktrees/stage1-fake-vio/logs/skrl/stage1_recovery_20260905/2026-09-05_11-37-52/2026-09-05_11-37-57_ppo_torch_stage1_mixed/checkpoints/best_agent.pt,ecf1a26095dfe976a926a1c7c3876aaafb1c80f1dd681f9e9f35bd678864cdf1,150d107225160ac498040fa20d4ccf9e26ec2703,True,fixed_per_environment_quotas_v2,nominal,11,10,True,True,6.21,,7,False,False,39.94012451171875,6.21,0.29671168327331543,0.10740422457456589,0.7470331192016602
/home/donglei/isaac_projects/isaac_drone_racer/.worktrees/stage1-fake-vio/logs/skrl/stage1_recovery_20260905/2026-09-05_11-37-52/2026-09-05_11-37-57_ppo_torch_stage1_mixed/checkpoints/best_agent.pt,ecf1a26095dfe976a926a1c7c3876aaafb1c80f1dd681f9e9f35bd678864cdf1,150d107225160ac498040fa20d4ccf9e26ec2703,True,fixed_per_environment_quotas_v2,nominal,11,11,True,True,6.3,,7,False,False,39.868099212646484,6.3,0.19430029392242432,0.07006366550922394,0.5251284837722778
/home/donglei/isaac_projects/isaac_drone_racer/.worktrees/stage1-fake-vio/logs/skrl/stage1_recovery_20260905/2026-09-05_11-37-52/2026-09-05_11-37-57_ppo_torch_stage1_mixed/checkpoints/best_agent.pt,ecf1a26095dfe976a926a1c7c3876aaafb1c80f1dd681f9e9f35bd678864cdf1,150d107225160ac498040fa20d4ccf9e26ec2703,True,fixed_per_environment_quotas_v2,nominal,11,12,True,True,6.2700000000000005,,7,False,False,39.78531265258789,6.2700000000000005,0.5307731628417969,0.18665996193885803,1.4325401782989502
/home/donglei/isaac_projects/isaac_drone_racer/.worktrees/stage1-fake-vio/logs/skrl/stage1_recovery_20260905/2026-09-05_11-37-52/2026-09-05_11-37-57_ppo_torch_stage1_mixed/checkpoints/best_agent.pt,ecf1a26095dfe976a926a1c7c3876aaafb1c80f1dd681f9e9f35bd678864cdf1,150d107225160ac498040fa20d4ccf9e26ec2703,True,fixed_per_environment_quotas_v2,nominal,11,13,False,False,,5,0,True,False,-4.688989639282227,0.58,0.13815727829933167,0.22038239240646362,0.6200255155563354
/home/donglei/isaac_projects/isaac_drone_racer/.worktrees/stage1-fake-vio/logs/skrl/stage1_recovery_20260905/2026-09-05_11-37-52/2026-09-05_11-37-57_ppo_torch_stage1_mixed/checkpoints/best_agent.pt,ecf1a26095dfe976a926a1c7c3876aaafb1c80f1dd681f9e9f35bd678864cdf1,150d107225160ac498040fa20d4ccf9e26ec2703,True,fixed_per_environment_quotas_v2,nominal,11,14,True,True,6.32,,7,False,False,39.8699951171875,6.32,0.5243226885795593,0.20670486986637115,1.4708892107009888
/home/donglei/isaac_projects/isaac_drone_racer/.worktrees/stage1-fake-vio/logs/skrl/stage1_recovery_20260905/2026-09-05_11-37-52/2026-09-05_11-37-57_ppo_torch_stage1_mixed/checkpoints/best_agent.pt,ecf1a26095dfe976a926a1c7c3876aaafb1c80f1dd681f9e9f35bd678864cdf1,150d107225160ac498040fa20d4ccf9e26ec2703,True,fixed_per_environment_quotas_v2,nominal,11,15,True,True,6.1000000000000005,,7,False,False,39.6628532409668,6.1000000000000005,0.44765010476112366,0.14665240049362183,1.1368193626403809
/home/donglei/isaac_projects/isaac_drone_racer/.worktrees/stage1-fake-vio/logs/skrl/stage1_recovery_20260905/2026-09-05_11-37-52/2026-09-05_11-37-57_ppo_torch_stage1_mixed/checkpoints/best_agent.pt,ecf1a26095dfe976a926a1c7c3876aaafb1c80f1dd681f9e9f35bd678864cdf1,150d107225160ac498040fa20d4ccf9e26ec2703,True,fixed_per_environment_quotas_v2,nominal,11,16,True,True,6.01,,7,False,False,39.791507720947266,6.01,0.4486583471298218,0.153439000248909,1.1811381578445435
/home/donglei/isaac_projects/isaac_drone_racer/.worktrees/stage1-fake-vio/logs/skrl/stage1_recovery_20260905/2026-09-05_11-37-52/2026-09-05_11-37-57_ppo_torch_stage1_mixed/checkpoints/best_agent.pt,ecf1a26095dfe976a926a1c7c3876aaafb1c80f1dd681f9e9f35bd678864cdf1,150d107225160ac498040fa20d4ccf9e26ec2703,True,fixed_per_environment_quotas_v2,nominal,11,17,True,True,5.91,,7,False,False,39.76412582397461,5.91,0.4257257878780365,0.14805728197097778,1.1111243963241577
/home/donglei/isaac_projects/isaac_drone_racer/.worktrees/stage1-fake-vio/logs/skrl/stage1_recovery_20260905/2026-09-05_11-37-52/2026-09-05_11-37-57_ppo_torch_stage1_mixed/checkpoints/best_agent.pt,ecf1a26095dfe976a926a1c7c3876aaafb1c80f1dd681f9e9f35bd678864cdf1,150d107225160ac498040fa20d4ccf9e26ec2703,True,fixed_per_environment_quotas_v2,nominal,11,18,True,True,6.42,,7,False,False,39.75592041015625,6.42,0.19354303181171417,0.07273390144109726,0.5073201656341553
/home/donglei/isaac_projects/isaac_drone_racer/.worktrees/stage1-fake-vio/logs/skrl/stage1_recovery_20260905/2026-09-05_11-37-52/2026-09-05_11-37-57_ppo_torch_stage1_mixed/checkpoints/best_agent.pt,ecf1a26095dfe976a926a1c7c3876aaafb1c80f1dd681f9e9f35bd678864cdf1,150d107225160ac498040fa20d4ccf9e26ec2703,True,fixed_per_environment_quotas_v2,nominal,11,19,True,True,5.89,,7,False,False,39.796627044677734,5.89,0.3252531886100769,0.09649240970611572,0.8017681241035461
/home/donglei/isaac_projects/isaac_drone_racer/.worktrees/stage1-fake-vio/logs/skrl/stage1_recovery_20260905/2026-09-05_11-37-52/2026-09-05_11-37-57_ppo_torch_stage1_mixed/checkpoints/best_agent.pt,ecf1a26095dfe976a926a1c7c3876aaafb1c80f1dd681f9e9f35bd678864cdf1,150d107225160ac498040fa20d4ccf9e26ec2703,True,fixed_per_environment_quotas_v2,nominal,11,20,True,True,5.95,,7,False,False,39.85029220581055,5.95,0.56920325756073,0.19761613011360168,1.5192195177078247
/home/donglei/isaac_projects/isaac_drone_racer/.worktrees/stage1-fake-vio/logs/skrl/stage1_recovery_20260905/2026-09-05_11-37-52/2026-09-05_11-37-57_ppo_torch_stage1_mixed/checkpoints/best_agent.pt,ecf1a26095dfe976a926a1c7c3876aaafb1c80f1dd681f9e9f35bd678864cdf1,150d107225160ac498040fa20d4ccf9e26ec2703,True,fixed_per_environment_quotas_v2,nominal,11,21,True,True,6.0600000000000005,,7,False,False,39.782066345214844,6.0600000000000005,0.32451677322387695,0.11242887377738953,0.8304750323295593
/home/donglei/isaac_projects/isaac_drone_racer/.worktrees/stage1-fake-vio/logs/skrl/stage1_recovery_20260905/2026-09-05_11-37-52/2026-09-05_11-37-57_ppo_torch_stage1_mixed/checkpoints/best_agent.pt,ecf1a26095dfe976a926a1c7c3876aaafb1c80f1dd681f9e9f35bd678864cdf1,150d107225160ac498040fa20d4ccf9e26ec2703,True,fixed_per_environment_quotas_v2,nominal,11,22,True,True,5.99,,7,False,False,39.8887825012207,5.99,0.5402792692184448,0.19219736754894257,1.4086123704910278
/home/donglei/isaac_projects/isaac_drone_racer/.worktrees/stage1-fake-vio/logs/skrl/stage1_recovery_20260905/2026-09-05_11-37-52/2026-09-05_11-37-57_ppo_torch_stage1_mixed/checkpoints/best_agent.pt,ecf1a26095dfe976a926a1c7c3876aaafb1c80f1dd681f9e9f35bd678864cdf1,150d107225160ac498040fa20d4ccf9e26ec2703,True,fixed_per_environment_quotas_v2,nominal,11,23,True,True,5.87,,7,False,False,39.42085647583008,5.87,0.42975741624832153,0.13938605785369873,1.1416243314743042
/home/donglei/isaac_projects/isaac_drone_racer/.worktrees/stage1-fake-vio/logs/skrl/stage1_recovery_20260905/2026-09-05_11-37-52/2026-09-05_11-37-57_ppo_torch_stage1_mixed/checkpoints/best_agent.pt,ecf1a26095dfe976a926a1c7c3876aaafb1c80f1dd681f9e9f35bd678864cdf1,150d107225160ac498040fa20d4ccf9e26ec2703,True,fixed_per_environment_quotas_v2,nominal,11,24,True,True,6.0600000000000005,,7,False,False,39.517765045166016,6.0600000000000005,0.5339452028274536,0.19007490575313568,1.4007823467254639
/home/donglei/isaac_projects/isaac_drone_racer/.worktrees/stage1-fake-vio/logs/skrl/stage1_recovery_20260905/2026-09-05_11-37-52/2026-09-05_11-37-57_ppo_torch_stage1_mixed/checkpoints/best_agent.pt,ecf1a26095dfe976a926a1c7c3876aaafb1c80f1dd681f9e9f35bd678864cdf1,150d107225160ac498040fa20d4ccf9e26ec2703,True,fixed_per_environment_quotas_v2,nominal,11,25,True,True,5.92,,7,False,False,39.73176956176758,5.92,0.4335075616836548,0.1513165533542633,1.2187303304672241
/home/donglei/isaac_projects/isaac_drone_racer/.worktrees/stage1-fake-vio/logs/skrl/stage1_recovery_20260905/2026-09-05_11-37-52/2026-09-05_11-37-57_ppo_torch_stage1_mixed/checkpoints/best_agent.pt,ecf1a26095dfe976a926a1c7c3876aaafb1c80f1dd681f9e9f35bd678864cdf1,150d107225160ac498040fa20d4ccf9e26ec2703,True,fixed_per_environment_quotas_v2,nominal,11,26,True,True,5.7,,7,False,False,39.71085739135742,5.7,0.47514817118644714,0.144028440117836,1.2156792879104614
/home/donglei/isaac_projects/isaac_drone_racer/.worktrees/stage1-fake-vio/logs/skrl/stage1_recovery_20260905/2026-09-05_11-37-52/2026-09-05_11-37-57_ppo_torch_stage1_mixed/checkpoints/best_agent.pt,ecf1a26095dfe976a926a1c7c3876aaafb1c80f1dd681f9e9f35bd678864cdf1,150d107225160ac498040fa20d4ccf9e26ec2703,True,fixed_per_environment_quotas_v2,nominal,11,27,True,True,5.99,,7,False,False,39.72316360473633,5.99,0.33164772391319275,0.10923708230257034,0.8570551872253418
/home/donglei/isaac_projects/isaac_drone_racer/.worktrees/stage1-fake-vio/logs/skrl/stage1_recovery_20260905/2026-09-05_11-37-52/2026-09-05_11-37-57_ppo_torch_stage1_mixed/checkpoints/best_agent.pt,ecf1a26095dfe976a926a1c7c3876aaafb1c80f1dd681f9e9f35bd678864cdf1,150d107225160ac498040fa20d4ccf9e26ec2703,True,fixed_per_environment_quotas_v2,nominal,11,28,True,True,6.18,,7,False,False,39.78311538696289,6.18,0.3046591579914093,0.11827787756919861,0.8276312351226807
/home/donglei/isaac_projects/isaac_drone_racer/.worktrees/stage1-fake-vio/logs/skrl/stage1_recovery_20260905/2026-09-05_11-37-52/2026-09-05_11-37-57_ppo_torch_stage1_mixed/checkpoints/best_agent.pt,ecf1a26095dfe976a926a1c7c3876aaafb1c80f1dd681f9e9f35bd678864cdf1,150d107225160ac498040fa20d4ccf9e26ec2703,True,fixed_per_environment_quotas_v2,nominal,11,29,True,True,6.140000000000001,,7,False,False,39.64474868774414,6.140000000000001,0.43961888551712036,0.16822730004787445,1.2041451930999756
/home/donglei/isaac_projects/isaac_drone_racer/.worktrees/stage1-fake-vio/logs/skrl/stage1_recovery_20260905/2026-09-05_11-37-52/2026-09-05_11-37-57_ppo_torch_stage1_mixed/checkpoints/best_agent.pt,ecf1a26095dfe976a926a1c7c3876aaafb1c80f1dd681f9e9f35bd678864cdf1,150d107225160ac498040fa20d4ccf9e26ec2703,True,fixed_per_environment_quotas_v2,nominal,11,30,True,True,5.92,,7,False,False,39.86838912963867,5.92,0.4394281208515167,0.15162037312984467,1.1809146404266357
/home/donglei/isaac_projects/isaac_drone_racer/.worktrees/stage1-fake-vio/logs/skrl/stage1_recovery_20260905/2026-09-05_11-37-52/2026-09-05_11-37-57_ppo_torch_stage1_mixed/checkpoints/best_agent.pt,ecf1a26095dfe976a926a1c7c3876aaafb1c80f1dd681f9e9f35bd678864cdf1,150d107225160ac498040fa20d4ccf9e26ec2703,True,fixed_per_environment_quotas_v2,nominal,11,31,True,True,5.73,,7,False,False,39.60426330566406,5.73,0.21749764680862427,0.060656093060970306,0.542603075504303
/home/donglei/isaac_projects/isaac_drone_racer/.worktrees/stage1-fake-vio/logs/skrl/stage1_recovery_20260905/2026-09-05_11-37-52/2026-09-05_11-37-57_ppo_torch_stage1_mixed/checkpoints/best_agent.pt,ecf1a26095dfe976a926a1c7c3876aaafb1c80f1dd681f9e9f35bd678864cdf1,150d107225160ac498040fa20d4ccf9e26ec2703,True,fixed_per_environment_quotas_v2,nominal,11,32,True,True,5.96,,7,False,False,39.75434494018555,5.96,0.45268863439559937,0.15675881505012512,1.1592220067977905
/home/donglei/isaac_projects/isaac_drone_racer/.worktrees/stage1-fake-vio/logs/skrl/stage1_recovery_20260905/2026-09-05_11-37-52/2026-09-05_11-37-57_ppo_torch_stage1_mixed/checkpoints/best_agent.pt,ecf1a26095dfe976a926a1c7c3876aaafb1c80f1dd681f9e9f35bd678864cdf1,150d107225160ac498040fa20d4ccf9e26ec2703,True,fixed_per_environment_quotas_v2,nominal,11,33,True,True,5.7700000000000005,,7,False,False,39.69035339355469,5.7700000000000005,0.21011440455913544,0.06523928791284561,0.5091302394866943
/home/donglei/isaac_projects/isaac_drone_racer/.worktrees/stage1-fake-vio/logs/skrl/stage1_recovery_20260905/2026-09-05_11-37-52/2026-09-05_11-37-57_ppo_torch_stage1_mixed/checkpoints/best_agent.pt,ecf1a26095dfe976a926a1c7c3876aaafb1c80f1dd681f9e9f35bd678864cdf1,150d107225160ac498040fa20d4ccf9e26ec2703,True,fixed_per_environment_quotas_v2,nominal,11,34,True,True,6.04,,7,False,False,39.75176239013672,6.04,0.5628080368041992,0.19092267751693726,1.4150621891021729
/home/donglei/isaac_projects/isaac_drone_racer/.worktrees/stage1-fake-vio/logs/skrl/stage1_recovery_20260905/2026-09-05_11-37-52/2026-09-05_11-37-57_ppo_torch_stage1_mixed/checkpoints/best_agent.pt,ecf1a26095dfe976a926a1c7c3876aaafb1c80f1dd681f9e9f35bd678864cdf1,150d107225160ac498040fa20d4ccf9e26ec2703,True,fixed_per_environment_quotas_v2,nominal,11,35,True,True,6.15,,7,False,False,39.712013244628906,6.15,0.5711113810539246,0.2017747461795807,1.4607501029968262
/home/donglei/isaac_projects/isaac_drone_racer/.worktrees/stage1-fake-vio/logs/skrl/stage1_recovery_20260905/2026-09-05_11-37-52/2026-09-05_11-37-57_ppo_torch_stage1_mixed/checkpoints/best_agent.pt,ecf1a26095dfe976a926a1c7c3876aaafb1c80f1dd681f9e9f35bd678864cdf1,150d107225160ac498040fa20d4ccf9e26ec2703,True,fixed_per_environment_quotas_v2,nominal,11,36,True,True,5.76,,7,False,False,39.41764450073242,5.76,0.2156345695257187,0.06325926631689072,0.5282820463180542
/home/donglei/isaac_projects/isaac_drone_racer/.worktrees/stage1-fake-vio/logs/skrl/stage1_recovery_20260905/2026-09-05_11-37-52/2026-09-05_11-37-57_ppo_torch_stage1_mixed/checkpoints/best_agent.pt,ecf1a26095dfe976a926a1c7c3876aaafb1c80f1dd681f9e9f35bd678864cdf1,150d107225160ac498040fa20d4ccf9e26ec2703,True,fixed_per_environment_quotas_v2,nominal,11,37,True,True,5.96,,7,False,False,39.81568908691406,5.96,0.3379089832305908,0.10997166484594345,0.8714431524276733
/home/donglei/isaac_projects/isaac_drone_racer/.worktrees/stage1-fake-vio/logs/skrl/stage1_recovery_20260905/2026-09-05_11-37-52/2026-09-05_11-37-57_ppo_torch_stage1_mixed/checkpoints/best_agent.pt,ecf1a26095dfe976a926a1c7c3876aaafb1c80f1dd681f9e9f35bd678864cdf1,150d107225160ac498040fa20d4ccf9e26ec2703,True,fixed_per_environment_quotas_v2,nominal,11,38,True,True,6.0600000000000005,,7,False,False,40.093326568603516,6.0600000000000005,0.3114464282989502,0.1014401838183403,0.7774744629859924
/home/donglei/isaac_projects/isaac_drone_racer/.worktrees/stage1-fake-vio/logs/skrl/stage1_recovery_20260905/2026-09-05_11-37-52/2026-09-05_11-37-57_ppo_torch_stage1_mixed/checkpoints/best_agent.pt,ecf1a26095dfe976a926a1c7c3876aaafb1c80f1dd681f9e9f35bd678864cdf1,150d107225160ac498040fa20d4ccf9e26ec2703,True,fixed_per_environment_quotas_v2,nominal,11,39,True,True,6.16,,7,False,False,39.68518829345703,6.16,0.32888954877853394,0.10683972388505936,0.8195443749427795
/home/donglei/isaac_projects/isaac_drone_racer/.worktrees/stage1-fake-vio/logs/skrl/stage1_recovery_20260905/2026-09-05_11-37-52/2026-09-05_11-37-57_ppo_torch_stage1_mixed/checkpoints/best_agent.pt,ecf1a26095dfe976a926a1c7c3876aaafb1c80f1dd681f9e9f35bd678864cdf1,150d107225160ac498040fa20d4ccf9e26ec2703,True,fixed_per_environment_quotas_v2,nominal,11,40,True,True,5.94,,7,False,False,39.60677719116211,5.94,0.5577669143676758,0.19284500181674957,1.435718297958374
/home/donglei/isaac_projects/isaac_drone_racer/.worktrees/stage1-fake-vio/logs/skrl/stage1_recovery_20260905/2026-09-05_11-37-52/2026-09-05_11-37-57_ppo_torch_stage1_mixed/checkpoints/best_agent.pt,ecf1a26095dfe976a926a1c7c3876aaafb1c80f1dd681f9e9f35bd678864cdf1,150d107225160ac498040fa20d4ccf9e26ec2703,True,fixed_per_environment_quotas_v2,nominal,11,41,True,True,6.0,,7,False,False,39.74264144897461,6.0,0.30737215280532837,0.10196363925933838,0.8246000409126282
/home/donglei/isaac_projects/isaac_drone_racer/.worktrees/stage1-fake-vio/logs/skrl/stage1_recovery_20260905/2026-09-05_11-37-52/2026-09-05_11-37-57_ppo_torch_stage1_mixed/checkpoints/best_agent.pt,ecf1a26095dfe976a926a1c7c3876aaafb1c80f1dd681f9e9f35bd678864cdf1,150d107225160ac498040fa20d4ccf9e26ec2703,True,fixed_per_environment_quotas_v2,nominal,11,42,True,True,6.3500000000000005,,7,False,False,39.843231201171875,6.3500000000000005,0.5312424898147583,0.1970071941614151,1.3994364738464355
/home/donglei/isaac_projects/isaac_drone_racer/.worktrees/stage1-fake-vio/logs/skrl/stage1_recovery_20260905/2026-09-05_11-37-52/2026-09-05_11-37-57_ppo_torch_stage1_mixed/checkpoints/best_agent.pt,ecf1a26095dfe976a926a1c7c3876aaafb1c80f1dd681f9e9f35bd678864cdf1,150d107225160ac498040fa20d4ccf9e26ec2703,True,fixed_per_environment_quotas_v2,nominal,11,43,True,True,6.01,,7,False,False,39.439979553222656,6.01,0.5687606930732727,0.1883126050233841,1.513800024986267
/home/donglei/isaac_projects/isaac_drone_racer/.worktrees/stage1-fake-vio/logs/skrl/stage1_recovery_20260905/2026-09-05_11-37-52/2026-09-05_11-37-57_ppo_torch_stage1_mixed/checkpoints/best_agent.pt,ecf1a26095dfe976a926a1c7c3876aaafb1c80f1dd681f9e9f35bd678864cdf1,150d107225160ac498040fa20d4ccf9e26ec2703,True,fixed_per_environment_quotas_v2,nominal,11,44,True,True,6.2,,7,False,False,39.92978286743164,6.2,0.5382768511772156,0.19199435412883759,1.381308913230896
/home/donglei/isaac_projects/isaac_drone_racer/.worktrees/stage1-fake-vio/logs/skrl/stage1_recovery_20260905/2026-09-05_11-37-52/2026-09-05_11-37-57_ppo_torch_stage1_mixed/checkpoints/best_agent.pt,ecf1a26095dfe976a926a1c7c3876aaafb1c80f1dd681f9e9f35bd678864cdf1,150d107225160ac498040fa20d4ccf9e26ec2703,True,fixed_per_environment_quotas_v2,nominal,11,45,True,True,5.92,,7,False,False,39.882686614990234,5.92,0.3423989415168762,0.10492553561925888,0.8180050253868103
/home/donglei/isaac_projects/isaac_drone_racer/.worktrees/stage1-fake-vio/logs/skrl/stage1_recovery_20260905/2026-09-05_11-37-52/2026-09-05_11-37-57_ppo_torch_stage1_mixed/checkpoints/best_agent.pt,ecf1a26095dfe976a926a1c7c3876aaafb1c80f1dd681f9e9f35bd678864cdf1,150d107225160ac498040fa20d4ccf9e26ec2703,True,fixed_per_environment_quotas_v2,nominal,11,46,True,True,6.08,,7,False,False,39.68085861206055,6.08,0.4326728582382202,0.15634074807167053,1.1058603525161743
/home/donglei/isaac_projects/isaac_drone_racer/.worktrees/stage1-fake-vio/logs/skrl/stage1_recovery_20260905/2026-09-05_11-37-52/2026-09-05_11-37-57_ppo_torch_stage1_mixed/checkpoints/best_agent.pt,ecf1a26095dfe976a926a1c7c3876aaafb1c80f1dd681f9e9f35bd678864cdf1,150d107225160ac498040fa20d4ccf9e26ec2703,True,fixed_per_environment_quotas_v2,nominal,11,47,True,True,6.18,,7,False,False,39.65349578857422,6.18,0.4154703617095947,0.16154806315898895,1.1651458740234375
/home/donglei/isaac_projects/isaac_drone_racer/.worktrees/stage1-fake-vio/logs/skrl/stage1_recovery_20260905/2026-09-05_11-37-52/2026-09-05_11-37-57_ppo_torch_stage1_mixed/checkpoints/best_agent.pt,ecf1a26095dfe976a926a1c7c3876aaafb1c80f1dd681f9e9f35bd678864cdf1,150d107225160ac498040fa20d4ccf9e26ec2703,True,fixed_per_environment_quotas_v2,nominal,11,48,True,True,6.07,,7,False,False,39.83357238769531,6.07,0.4299326241016388,0.14421512186527252,1.1154557466506958
/home/donglei/isaac_projects/isaac_drone_racer/.worktrees/stage1-fake-vio/logs/skrl/stage1_recovery_20260905/2026-09-05_11-37-52/2026-09-05_11-37-57_ppo_torch_stage1_mixed/checkpoints/best_agent.pt,ecf1a26095dfe976a926a1c7c3876aaafb1c80f1dd681f9e9f35bd678864cdf1,150d107225160ac498040fa20d4ccf9e26ec2703,True,fixed_per_environment_quotas_v2,nominal,11,49,True,True,5.97,,7,False,False,39.77412414550781,5.97,0.3146096467971802,0.1040835902094841,0.8032348155975342
/home/donglei/isaac_projects/isaac_drone_racer/.worktrees/stage1-fake-vio/logs/skrl/stage1_recovery_20260905/2026-09-05_11-37-52/2026-09-05_11-37-57_ppo_torch_stage1_mixed/checkpoints/best_agent.pt,ecf1a26095dfe976a926a1c7c3876aaafb1c80f1dd681f9e9f35bd678864cdf1,150d107225160ac498040fa20d4ccf9e26ec2703,True,fixed_per_environment_quotas_v2,nominal,11,50,True,True,5.79,,7,False,False,39.70851516723633,5.79,0.3296124339103699,0.10079406946897507,0.8032413721084595
/home/donglei/isaac_projects/isaac_drone_racer/.worktrees/stage1-fake-vio/logs/skrl/stage1_recovery_20260905/2026-09-05_11-37-52/2026-09-05_11-37-57_ppo_torch_stage1_mixed/checkpoints/best_agent.pt,ecf1a26095dfe976a926a1c7c3876aaafb1c80f1dd681f9e9f35bd678864cdf1,150d107225160ac498040fa20d4ccf9e26ec2703,True,fixed_per_environment_quotas_v2,nominal,11,51,True,True,6.23,,7,False,False,39.911956787109375,6.23,0.31553032994270325,0.10417573153972626,0.8002803325653076
/home/donglei/isaac_projects/isaac_drone_racer/.worktrees/stage1-fake-vio/logs/skrl/stage1_recovery_20260905/2026-09-05_11-37-52/2026-09-05_11-37-57_ppo_torch_stage1_mixed/checkpoints/best_agent.pt,ecf1a26095dfe976a926a1c7c3876aaafb1c80f1dd681f9e9f35bd678864cdf1,150d107225160ac498040fa20d4ccf9e26ec2703,True,fixed_per_environment_quotas_v2,nominal,11,52,True,True,6.09,,7,False,False,39.89141845703125,6.09,0.32117578387260437,0.10311474651098251,0.8254871964454651
/home/donglei/isaac_projects/isaac_drone_racer/.worktrees/stage1-fake-vio/logs/skrl/stage1_recovery_20260905/2026-09-05_11-37-52/2026-09-05_11-37-57_ppo_torch_stage1_mixed/checkpoints/best_agent.pt,ecf1a26095dfe976a926a1c7c3876aaafb1c80f1dd681f9e9f35bd678864cdf1,150d107225160ac498040fa20d4ccf9e26ec2703,True,fixed_per_environment_quotas_v2,nominal,11,53,True,True,5.96,,7,False,False,39.58867263793945,5.96,0.4359012544155121,0.14111651480197906,1.1518806219100952
/home/donglei/isaac_projects/isaac_drone_racer/.worktrees/stage1-fake-vio/logs/skrl/stage1_recovery_20260905/2026-09-05_11-37-52/2026-09-05_11-37-57_ppo_torch_stage1_mixed/checkpoints/best_agent.pt,ecf1a26095dfe976a926a1c7c3876aaafb1c80f1dd681f9e9f35bd678864cdf1,150d107225160ac498040fa20d4ccf9e26ec2703,True,fixed_per_environment_quotas_v2,nominal,11,54,True,True,5.92,,7,False,False,39.68267822265625,5.92,0.45379742980003357,0.14749334752559662,1.1207257509231567
/home/donglei/isaac_projects/isaac_drone_racer/.worktrees/stage1-fake-vio/logs/skrl/stage1_recovery_20260905/2026-09-05_11-37-52/2026-09-05_11-37-57_ppo_torch_stage1_mixed/checkpoints/best_agent.pt,ecf1a26095dfe976a926a1c7c3876aaafb1c80f1dd681f9e9f35bd678864cdf1,150d107225160ac498040fa20d4ccf9e26ec2703,True,fixed_per_environment_quotas_v2,nominal,11,55,True,True,6.04,,7,False,False,39.774749755859375,6.04,0.31561538577079773,0.11124531179666519,0.8438472151756287
/home/donglei/isaac_projects/isaac_drone_racer/.worktrees/stage1-fake-vio/logs/skrl/stage1_recovery_20260905/2026-09-05_11-37-52/2026-09-05_11-37-57_ppo_torch_stage1_mixed/checkpoints/best_agent.pt,ecf1a26095dfe976a926a1c7c3876aaafb1c80f1dd681f9e9f35bd678864cdf1,150d107225160ac498040fa20d4ccf9e26ec2703,True,fixed_per_environment_quotas_v2,nominal,11,56,True,True,5.8500000000000005,,7,False,False,39.749820709228516,5.8500000000000005,0.4482157826423645,0.14657746255397797,1.1280497312545776
/home/donglei/isaac_projects/isaac_drone_racer/.worktrees/stage1-fake-vio/logs/skrl/stage1_recovery_20260905/2026-09-05_11-37-52/2026-09-05_11-37-57_ppo_torch_stage1_mixed/checkpoints/best_agent.pt,ecf1a26095dfe976a926a1c7c3876aaafb1c80f1dd681f9e9f35bd678864cdf1,150d107225160ac498040fa20d4ccf9e26ec2703,True,fixed_per_environment_quotas_v2,nominal,11,57,True,True,5.86,,7,False,False,39.76239013671875,5.86,0.42351406812667847,0.14209730923175812,1.0952067375183105
/home/donglei/isaac_projects/isaac_drone_racer/.worktrees/stage1-fake-vio/logs/skrl/stage1_recovery_20260905/2026-09-05_11-37-52/2026-09-05_11-37-57_ppo_torch_stage1_mixed/checkpoints/best_agent.pt,ecf1a26095dfe976a926a1c7c3876aaafb1c80f1dd681f9e9f35bd678864cdf1,150d107225160ac498040fa20d4ccf9e26ec2703,True,fixed_per_environment_quotas_v2,nominal,11,58,True,True,6.24,,7,False,False,40.02564239501953,6.24,0.41326165199279785,0.15163090825080872,1.070285677909851
/home/donglei/isaac_projects/isaac_drone_racer/.worktrees/stage1-fake-vio/logs/skrl/stage1_recovery_20260905/2026-09-05_11-37-52/2026-09-05_11-37-57_ppo_torch_stage1_mixed/checkpoints/best_agent.pt,ecf1a26095dfe976a926a1c7c3876aaafb1c80f1dd681f9e9f35bd678864cdf1,150d107225160ac498040fa20d4ccf9e26ec2703,True,fixed_per_environment_quotas_v2,nominal,11,59,True,True,6.01,,7,False,False,39.595848083496094,6.01,0.42339804768562317,0.15548251569271088,1.1292816400527954
/home/donglei/isaac_projects/isaac_drone_racer/.worktrees/stage1-fake-vio/logs/skrl/stage1_recovery_20260905/2026-09-05_11-37-52/2026-09-05_11-37-57_ppo_torch_stage1_mixed/checkpoints/best_agent.pt,ecf1a26095dfe976a926a1c7c3876aaafb1c80f1dd681f9e9f35bd678864cdf1,150d107225160ac498040fa20d4ccf9e26ec2703,True,fixed_per_environment_quotas_v2,nominal,11,60,True,True,5.98,,7,False,False,39.89099884033203,5.98,0.3139899969100952,0.10032989829778671,0.7960962057113647
/home/donglei/isaac_projects/isaac_drone_racer/.worktrees/stage1-fake-vio/logs/skrl/stage1_recovery_20260905/2026-09-05_11-37-52/2026-09-05_11-37-57_ppo_torch_stage1_mixed/checkpoints/best_agent.pt,ecf1a26095dfe976a926a1c7c3876aaafb1c80f1dd681f9e9f35bd678864cdf1,150d107225160ac498040fa20d4ccf9e26ec2703,True,fixed_per_environment_quotas_v2,nominal,11,61,True,True,5.97,,7,False,False,39.82965087890625,5.97,0.33469483256340027,0.10811081528663635,0.9038471579551697
/home/donglei/isaac_projects/isaac_drone_racer/.worktrees/stage1-fake-vio/logs/skrl/stage1_recovery_20260905/2026-09-05_11-37-52/2026-09-05_11-37-57_ppo_torch_stage1_mixed/checkpoints/best_agent.pt,ecf1a26095dfe976a926a1c7c3876aaafb1c80f1dd681f9e9f35bd678864cdf1,150d107225160ac498040fa20d4ccf9e26ec2703,True,fixed_per_environment_quotas_v2,nominal,11,62,True,True,6.04,,7,False,False,39.69927215576172,6.04,0.5383839011192322,0.19966569542884827,1.436918020248413
/home/donglei/isaac_projects/isaac_drone_racer/.worktrees/stage1-fake-vio/logs/skrl/stage1_recovery_20260905/2026-09-05_11-37-52/2026-09-05_11-37-57_ppo_torch_stage1_mixed/checkpoints/best_agent.pt,ecf1a26095dfe976a926a1c7c3876aaafb1c80f1dd681f9e9f35bd678864cdf1,150d107225160ac498040fa20d4ccf9e26ec2703,True,fixed_per_environment_quotas_v2,nominal,11,63,True,True,5.76,,7,False,False,39.67033004760742,5.76,0.33352673053741455,0.09237165004014969,0.8378986120223999
/home/donglei/isaac_projects/isaac_drone_racer/.worktrees/stage1-fake-vio/logs/skrl/stage1_recovery_20260905/2026-09-05_11-37-52/2026-09-05_11-37-57_ppo_torch_stage1_mixed/checkpoints/best_agent.pt,ecf1a26095dfe976a926a1c7c3876aaafb1c80f1dd681f9e9f35bd678864cdf1,150d107225160ac498040fa20d4ccf9e26ec2703,True,fixed_per_environment_quotas_v2,nominal,11,64,True,True,6.0200000000000005,,7,False,False,39.71828079223633,6.0200000000000005,0.4213109612464905,0.14776693284511566,1.1172995567321777
/home/donglei/isaac_projects/isaac_drone_racer/.worktrees/stage1-fake-vio/logs/skrl/stage1_recovery_20260905/2026-09-05_11-37-52/2026-09-05_11-37-57_ppo_torch_stage1_mixed/checkpoints/best_agent.pt,ecf1a26095dfe976a926a1c7c3876aaafb1c80f1dd681f9e9f35bd678864cdf1,150d107225160ac498040fa20d4ccf9e26ec2703,True,fixed_per_environment_quotas_v2,nominal,11,65,True,True,6.12,,7,False,False,39.86213684082031,6.12,0.4135323464870453,0.14295519888401031,1.1147798299789429
/home/donglei/isaac_projects/isaac_drone_racer/.worktrees/stage1-fake-vio/logs/skrl/stage1_recovery_20260905/2026-09-05_11-37-52/2026-09-05_11-37-57_ppo_torch_stage1_mixed/checkpoints/best_agent.pt,ecf1a26095dfe976a926a1c7c3876aaafb1c80f1dd681f9e9f35bd678864cdf1,150d107225160ac498040fa20d4ccf9e26ec2703,True,fixed_per_environment_quotas_v2,nominal,11,66,True,True,5.93,,7,False,False,39.55763626098633,5.93,0.20858953893184662,0.06532050669193268,0.514046311378479
/home/donglei/isaac_projects/isaac_drone_racer/.worktrees/stage1-fake-vio/logs/skrl/stage1_recovery_20260905/2026-09-05_11-37-52/2026-09-05_11-37-57_ppo_torch_stage1_mixed/checkpoints/best_agent.pt,ecf1a26095dfe976a926a1c7c3876aaafb1c80f1dd681f9e9f35bd678864cdf1,150d107225160ac498040fa20d4ccf9e26ec2703,True,fixed_per_environment_quotas_v2,nominal,11,67,True,True,5.84,,7,False,False,39.52479934692383,5.84,0.5647794008255005,0.18530933558940887,1.4815890789031982
/home/donglei/isaac_projects/isaac_drone_racer/.worktrees/stage1-fake-vio/logs/skrl/stage1_recovery_20260905/2026-09-05_11-37-52/2026-09-05_11-37-57_ppo_torch_stage1_mixed/checkpoints/best_agent.pt,ecf1a26095dfe976a926a1c7c3876aaafb1c80f1dd681f9e9f35bd678864cdf1,150d107225160ac498040fa20d4ccf9e26ec2703,True,fixed_per_environment_quotas_v2,nominal,11,68,True,True,6.28,,7,False,False,40.01780700683594,6.28,0.5145249962806702,0.18168988823890686,1.2869359254837036
/home/donglei/isaac_projects/isaac_drone_racer/.worktrees/stage1-fake-vio/logs/skrl/stage1_recovery_20260905/2026-09-05_11-37-52/2026-09-05_11-37-57_ppo_torch_stage1_mixed/checkpoints/best_agent.pt,ecf1a26095dfe976a926a1c7c3876aaafb1c80f1dd681f9e9f35bd678864cdf1,150d107225160ac498040fa20d4ccf9e26ec2703,True,fixed_per_environment_quotas_v2,nominal,11,69,False,False,,6,1,True,False,-0.23363018035888672,0.92,0.16725392639636993,0.3324663043022156,0.7100399136543274
/home/donglei/isaac_projects/isaac_drone_racer/.worktrees/stage1-fake-vio/logs/skrl/stage1_recovery_20260905/2026-09-05_11-37-52/2026-09-05_11-37-57_ppo_torch_stage1_mixed/checkpoints/best_agent.pt,ecf1a26095dfe976a926a1c7c3876aaafb1c80f1dd681f9e9f35bd678864cdf1,150d107225160ac498040fa20d4ccf9e26ec2703,True,fixed_per_environment_quotas_v2,nominal,11,70,False,False,,5,0,True,False,-5.828037261962891,1.17,0.20282374322414398,0.1393989771604538,0.7086151838302612
/home/donglei/isaac_projects/isaac_drone_racer/.worktrees/stage1-fake-vio/logs/skrl/stage1_recovery_20260905/2026-09-05_11-37-52/2026-09-05_11-37-57_ppo_torch_stage1_mixed/checkpoints/best_agent.pt,ecf1a26095dfe976a926a1c7c3876aaafb1c80f1dd681f9e9f35bd678864cdf1,150d107225160ac498040fa20d4ccf9e26ec2703,True,fixed_per_environment_quotas_v2,nominal,11,71,False,False,,6,1,True,False,-0.1705021858215332,1.2,0.09164080023765564,0.2764985263347626,0.4057568609714508
/home/donglei/isaac_projects/isaac_drone_racer/.worktrees/stage1-fake-vio/logs/skrl/stage1_recovery_20260905/2026-09-05_11-37-52/2026-09-05_11-37-57_ppo_torch_stage1_mixed/checkpoints/best_agent.pt,ecf1a26095dfe976a926a1c7c3876aaafb1c80f1dd681f9e9f35bd678864cdf1,150d107225160ac498040fa20d4ccf9e26ec2703,True,fixed_per_environment_quotas_v2,nominal,11,72,True,True,5.95,,7,False,False,39.65861129760742,5.95,0.4279318153858185,0.13829363882541656,1.1572595834732056
/home/donglei/isaac_projects/isaac_drone_racer/.worktrees/stage1-fake-vio/logs/skrl/stage1_recovery_20260905/2026-09-05_11-37-52/2026-09-05_11-37-57_ppo_torch_stage1_mixed/checkpoints/best_agent.pt,ecf1a26095dfe976a926a1c7c3876aaafb1c80f1dd681f9e9f35bd678864cdf1,150d107225160ac498040fa20d4ccf9e26ec2703,True,fixed_per_environment_quotas_v2,nominal,11,73,False,False,,6,2,True,False,6.231827259063721,1.99,0.3703044056892395,0.297223299741745,1.0740724802017212
/home/donglei/isaac_projects/isaac_drone_racer/.worktrees/stage1-fake-vio/logs/skrl/stage1_recovery_20260905/2026-09-05_11-37-52/2026-09-05_11-37-57_ppo_torch_stage1_mixed/checkpoints/best_agent.pt,ecf1a26095dfe976a926a1c7c3876aaafb1c80f1dd681f9e9f35bd678864cdf1,150d107225160ac498040fa20d4ccf9e26ec2703,True,fixed_per_environment_quotas_v2,nominal,11,74,False,False,,7,2,True,False,5.89358377456665,2.09,0.4228736162185669,0.5044253468513489,1.8566644191741943
/home/donglei/isaac_projects/isaac_drone_racer/.worktrees/stage1-fake-vio/logs/skrl/stage1_recovery_20260905/2026-09-05_11-37-52/2026-09-05_11-37-57_ppo_torch_stage1_mixed/checkpoints/best_agent.pt,ecf1a26095dfe976a926a1c7c3876aaafb1c80f1dd681f9e9f35bd678864cdf1,150d107225160ac498040fa20d4ccf9e26ec2703,True,fixed_per_environment_quotas_v2,nominal,11,75,False,False,,5,1,False,True,-1.9235246181488037,3.02,0.4367550015449524,0.8208796977996826,1.133661150932312
/home/donglei/isaac_projects/isaac_drone_racer/.worktrees/stage1-fake-vio/logs/skrl/stage1_recovery_20260905/2026-09-05_11-37-52/2026-09-05_11-37-57_ppo_torch_stage1_mixed/checkpoints/best_agent.pt,ecf1a26095dfe976a926a1c7c3876aaafb1c80f1dd681f9e9f35bd678864cdf1,150d107225160ac498040fa20d4ccf9e26ec2703,True,fixed_per_environment_quotas_v2,nominal,11,76,True,True,6.0,,7,False,False,39.76979064941406,6.0,0.19533096253871918,0.06341440975666046,0.5067777037620544
/home/donglei/isaac_projects/isaac_drone_racer/.worktrees/stage1-fake-vio/logs/skrl/stage1_recovery_20260905/2026-09-05_11-37-52/2026-09-05_11-37-57_ppo_torch_stage1_mixed/checkpoints/best_agent.pt,ecf1a26095dfe976a926a1c7c3876aaafb1c80f1dd681f9e9f35bd678864cdf1,150d107225160ac498040fa20d4ccf9e26ec2703,True,fixed_per_environment_quotas_v2,nominal,11,77,True,True,5.87,,7,False,False,39.617095947265625,5.87,0.19909530878067017,0.07342827320098877,0.5013081431388855
/home/donglei/isaac_projects/isaac_drone_racer/.worktrees/stage1-fake-vio/logs/skrl/stage1_recovery_20260905/2026-09-05_11-37-52/2026-09-05_11-37-57_ppo_torch_stage1_mixed/checkpoints/best_agent.pt,ecf1a26095dfe976a926a1c7c3876aaafb1c80f1dd681f9e9f35bd678864cdf1,150d107225160ac498040fa20d4ccf9e26ec2703,True,fixed_per_environment_quotas_v2,nominal,11,78,True,True,6.1000000000000005,,7,False,False,39.812320709228516,6.1000000000000005,0.5650340914726257,0.20866267383098602,1.526774287223816
/home/donglei/isaac_projects/isaac_drone_racer/.worktrees/stage1-fake-vio/logs/skrl/stage1_recovery_20260905/2026-09-05_11-37-52/2026-09-05_11-37-57_ppo_torch_stage1_mixed/checkpoints/best_agent.pt,ecf1a26095dfe976a926a1c7c3876aaafb1c80f1dd681f9e9f35bd678864cdf1,150d107225160ac498040fa20d4ccf9e26ec2703,True,fixed_per_environment_quotas_v2,nominal,11,79,True,True,5.95,,7,False,False,39.62836456298828,5.95,0.20915690064430237,0.06759694963693619,0.5550198554992676
/home/donglei/isaac_projects/isaac_drone_racer/.worktrees/stage1-fake-vio/logs/skrl/stage1_recovery_20260905/2026-09-05_11-37-52/2026-09-05_11-37-57_ppo_torch_stage1_mixed/checkpoints/best_agent.pt,ecf1a26095dfe976a926a1c7c3876aaafb1c80f1dd681f9e9f35bd678864cdf1,150d107225160ac498040fa20d4ccf9e26ec2703,True,fixed_per_environment_quotas_v2,nominal,11,80,True,True,5.98,,7,False,False,39.77888107299805,5.98,0.19497452676296234,0.07136209309101105,0.5317493081092834
/home/donglei/isaac_projects/isaac_drone_racer/.worktrees/stage1-fake-vio/logs/skrl/stage1_recovery_20260905/2026-09-05_11-37-52/2026-09-05_11-37-57_ppo_torch_stage1_mixed/checkpoints/best_agent.pt,ecf1a26095dfe976a926a1c7c3876aaafb1c80f1dd681f9e9f35bd678864cdf1,150d107225160ac498040fa20d4ccf9e26ec2703,True,fixed_per_environment_quotas_v2,nominal,11,81,True,True,6.18,,7,False,False,39.69900894165039,6.18,0.5635179877281189,0.1819092184305191,1.416344165802002
/home/donglei/isaac_projects/isaac_drone_racer/.worktrees/stage1-fake-vio/logs/skrl/stage1_recovery_20260905/2026-09-05_11-37-52/2026-09-05_11-37-57_ppo_torch_stage1_mixed/checkpoints/best_agent.pt,ecf1a26095dfe976a926a1c7c3876aaafb1c80f1dd681f9e9f35bd678864cdf1,150d107225160ac498040fa20d4ccf9e26ec2703,True,fixed_per_environment_quotas_v2,nominal,11,82,True,True,5.79,,7,False,False,39.8322868347168,5.79,0.3341861367225647,0.1033732146024704,0.8572239875793457
/home/donglei/isaac_projects/isaac_drone_racer/.worktrees/stage1-fake-vio/logs/skrl/stage1_recovery_20260905/2026-09-05_11-37-52/2026-09-05_11-37-57_ppo_torch_stage1_mixed/checkpoints/best_agent.pt,ecf1a26095dfe976a926a1c7c3876aaafb1c80f1dd681f9e9f35bd678864cdf1,150d107225160ac498040fa20d4ccf9e26ec2703,True,fixed_per_environment_quotas_v2,nominal,11,83,True,True,6.04,,7,False,False,39.576377868652344,6.04,0.3445477783679962,0.1177138015627861,0.8692567348480225
/home/donglei/isaac_projects/isaac_drone_racer/.worktrees/stage1-fake-vio/logs/skrl/stage1_recovery_20260905/2026-09-05_11-37-52/2026-09-05_11-37-57_ppo_torch_stage1_mixed/checkpoints/best_agent.pt,ecf1a26095dfe976a926a1c7c3876aaafb1c80f1dd681f9e9f35bd678864cdf1,150d107225160ac498040fa20d4ccf9e26ec2703,True,fixed_per_environment_quotas_v2,nominal,11,84,True,True,5.99,,7,False,False,39.86450958251953,5.99,0.20791102945804596,0.06694503873586655,0.5215434432029724
/home/donglei/isaac_projects/isaac_drone_racer/.worktrees/stage1-fake-vio/logs/skrl/stage1_recovery_20260905/2026-09-05_11-37-52/2026-09-05_11-37-57_ppo_torch_stage1_mixed/checkpoints/best_agent.pt,ecf1a26095dfe976a926a1c7c3876aaafb1c80f1dd681f9e9f35bd678864cdf1,150d107225160ac498040fa20d4ccf9e26ec2703,True,fixed_per_environment_quotas_v2,nominal,11,85,True,True,5.9,,7,False,False,39.530792236328125,5.9,0.1941440999507904,0.06640996783971786,0.5112382769584656
/home/donglei/isaac_projects/isaac_drone_racer/.worktrees/stage1-fake-vio/logs/skrl/stage1_recovery_20260905/2026-09-05_11-37-52/2026-09-05_11-37-57_ppo_torch_stage1_mixed/checkpoints/best_agent.pt,ecf1a26095dfe976a926a1c7c3876aaafb1c80f1dd681f9e9f35bd678864cdf1,150d107225160ac498040fa20d4ccf9e26ec2703,True,fixed_per_environment_quotas_v2,nominal,11,86,True,True,5.78,,7,False,False,39.45022964477539,5.78,0.23461738228797913,0.06298568844795227,0.5693081021308899
/home/donglei/isaac_projects/isaac_drone_racer/.worktrees/stage1-fake-vio/logs/skrl/stage1_recovery_20260905/2026-09-05_11-37-52/2026-09-05_11-37-57_ppo_torch_stage1_mixed/checkpoints/best_agent.pt,ecf1a26095dfe976a926a1c7c3876aaafb1c80f1dd681f9e9f35bd678864cdf1,150d107225160ac498040fa20d4ccf9e26ec2703,True,fixed_per_environment_quotas_v2,nominal,11,87,True,True,6.08,,7,False,False,39.78481674194336,6.08,0.41737404465675354,0.14540845155715942,1.074023962020874
/home/donglei/isaac_projects/isaac_drone_racer/.worktrees/stage1-fake-vio/logs/skrl/stage1_recovery_20260905/2026-09-05_11-37-52/2026-09-05_11-37-57_ppo_torch_stage1_mixed/checkpoints/best_agent.pt,ecf1a26095dfe976a926a1c7c3876aaafb1c80f1dd681f9e9f35bd678864cdf1,150d107225160ac498040fa20d4ccf9e26ec2703,True,fixed_per_environment_quotas_v2,nominal,11,88,True,True,6.140000000000001,,7,False,False,39.97380065917969,6.140000000000001,0.299346387386322,0.10950755327939987,0.7714501619338989
/home/donglei/isaac_projects/isaac_drone_racer/.worktrees/stage1-fake-vio/logs/skrl/stage1_recovery_20260905/2026-09-05_11-37-52/2026-09-05_11-37-57_ppo_torch_stage1_mixed/checkpoints/best_agent.pt,ecf1a26095dfe976a926a1c7c3876aaafb1c80f1dd681f9e9f35bd678864cdf1,150d107225160ac498040fa20d4ccf9e26ec2703,True,fixed_per_environment_quotas_v2,nominal,11,89,True,True,5.92,,7,False,False,39.692420959472656,5.92,0.19831256568431854,0.0696476474404335,0.5467683672904968
/home/donglei/isaac_projects/isaac_drone_racer/.worktrees/stage1-fake-vio/logs/skrl/stage1_recovery_20260905/2026-09-05_11-37-52/2026-09-05_11-37-57_ppo_torch_stage1_mixed/checkpoints/best_agent.pt,ecf1a26095dfe976a926a1c7c3876aaafb1c80f1dd681f9e9f35bd678864cdf1,150d107225160ac498040fa20d4ccf9e26ec2703,True,fixed_per_environment_quotas_v2,nominal,11,90,True,True,6.17,,7,False,False,39.92279052734375,6.17,0.4457032382488251,0.15263988077640533,1.1647675037384033
/home/donglei/isaac_projects/isaac_drone_racer/.worktrees/stage1-fake-vio/logs/skrl/stage1_recovery_20260905/2026-09-05_11-37-52/2026-09-05_11-37-57_ppo_torch_stage1_mixed/checkpoints/best_agent.pt,ecf1a26095dfe976a926a1c7c3876aaafb1c80f1dd681f9e9f35bd678864cdf1,150d107225160ac498040fa20d4ccf9e26ec2703,True,fixed_per_environment_quotas_v2,nominal,11,91,True,True,6.08,,7,False,False,39.74187469482422,6.08,0.1979171633720398,0.06640899181365967,0.5165495276451111
/home/donglei/isaac_projects/isaac_drone_racer/.worktrees/stage1-fake-vio/logs/skrl/stage1_recovery_20260905/2026-09-05_11-37-52/2026-09-05_11-37-57_ppo_torch_stage1_mixed/checkpoints/best_agent.pt,ecf1a26095dfe976a926a1c7c3876aaafb1c80f1dd681f9e9f35bd678864cdf1,150d107225160ac498040fa20d4ccf9e26ec2703,True,fixed_per_environment_quotas_v2,nominal,11,92,True,True,6.26,,7,False,False,39.96036911010742,6.26,0.18857203423976898,0.0688835084438324,0.45183706283569336
/home/donglei/isaac_projects/isaac_drone_racer/.worktrees/stage1-fake-vio/logs/skrl/stage1_recovery_20260905/2026-09-05_11-37-52/2026-09-05_11-37-57_ppo_torch_stage1_mixed/checkpoints/best_agent.pt,ecf1a26095dfe976a926a1c7c3876aaafb1c80f1dd681f9e9f35bd678864cdf1,150d107225160ac498040fa20d4ccf9e26ec2703,True,fixed_per_environment_quotas_v2,nominal,11,93,True,True,6.04,,7,False,False,39.82745361328125,6.04,0.30797114968299866,0.10733961313962936,0.8233503699302673
/home/donglei/isaac_projects/isaac_drone_racer/.worktrees/stage1-fake-vio/logs/skrl/stage1_recovery_20260905/2026-09-05_11-37-52/2026-09-05_11-37-57_ppo_torch_stage1_mixed/checkpoints/best_agent.pt,ecf1a26095dfe976a926a1c7c3876aaafb1c80f1dd681f9e9f35bd678864cdf1,150d107225160ac498040fa20d4ccf9e26ec2703,True,fixed_per_environment_quotas_v2,nominal,11,94,True,True,6.12,,7,False,False,39.66047286987305,6.12,0.21916791796684265,0.06934413313865662,0.5432826280593872
/home/donglei/isaac_projects/isaac_drone_racer/.worktrees/stage1-fake-vio/logs/skrl/stage1_recovery_20260905/2026-09-05_11-37-52/2026-09-05_11-37-57_ppo_torch_stage1_mixed/checkpoints/best_agent.pt,ecf1a26095dfe976a926a1c7c3876aaafb1c80f1dd681f9e9f35bd678864cdf1,150d107225160ac498040fa20d4ccf9e26ec2703,True,fixed_per_environment_quotas_v2,nominal,11,95,True,True,5.98,,7,False,False,39.785003662109375,5.98,0.41879788041114807,0.14526882767677307,1.0610295534133911
/home/donglei/isaac_projects/isaac_drone_racer/.worktrees/stage1-fake-vio/logs/skrl/stage1_recovery_20260905/2026-09-05_11-37-52/2026-09-05_11-37-57_ppo_torch_stage1_mixed/checkpoints/best_agent.pt,ecf1a26095dfe976a926a1c7c3876aaafb1c80f1dd681f9e9f35bd678864cdf1,150d107225160ac498040fa20d4ccf9e26ec2703,True,fixed_per_environment_quotas_v2,nominal,11,96,True,True,6.03,,7,False,False,39.881202697753906,6.03,0.5427508354187012,0.18042294681072235,1.369367241859436
/home/donglei/isaac_projects/isaac_drone_racer/.worktrees/stage1-fake-vio/logs/skrl/stage1_recovery_20260905/2026-09-05_11-37-52/2026-09-05_11-37-57_ppo_torch_stage1_mixed/checkpoints/best_agent.pt,ecf1a26095dfe976a926a1c7c3876aaafb1c80f1dd681f9e9f35bd678864cdf1,150d107225160ac498040fa20d4ccf9e26ec2703,True,fixed_per_environment_quotas_v2,nominal,11,97,True,True,6.36,,7,False,False,39.69613265991211,6.36,0.42809635400772095,0.15055157244205475,1.0876435041427612
/home/donglei/isaac_projects/isaac_drone_racer/.worktrees/stage1-fake-vio/logs/skrl/stage1_recovery_20260905/2026-09-05_11-37-52/2026-09-05_11-37-57_ppo_torch_stage1_mixed/checkpoints/best_agent.pt,ecf1a26095dfe976a926a1c7c3876aaafb1c80f1dd681f9e9f35bd678864cdf1,150d107225160ac498040fa20d4ccf9e26ec2703,True,fixed_per_environment_quotas_v2,nominal,11,98,True,True,5.94,,7,False,False,39.81416320800781,5.94,0.19131213426589966,0.07053731381893158,0.49913471937179565
/home/donglei/isaac_projects/isaac_drone_racer/.worktrees/stage1-fake-vio/logs/skrl/stage1_recovery_20260905/2026-09-05_11-37-52/2026-09-05_11-37-57_ppo_torch_stage1_mixed/checkpoints/best_agent.pt,ecf1a26095dfe976a926a1c7c3876aaafb1c80f1dd681f9e9f35bd678864cdf1,150d107225160ac498040fa20d4ccf9e26ec2703,True,fixed_per_environment_quotas_v2,nominal,11,99,True,True,6.08,,7,False,False,39.684425354003906,6.08,0.19675560295581818,0.07220517843961716,0.5099667310714722
/home/donglei/isaac_projects/isaac_drone_racer/.worktrees/stage1-fake-vio/logs/skrl/stage1_recovery_20260905/2026-09-05_11-37-52/2026-09-05_11-37-57_ppo_torch_stage1_mixed/checkpoints/best_agent.pt,ecf1a26095dfe976a926a1c7c3876aaafb1c80f1dd681f9e9f35bd678864cdf1,150d107225160ac498040fa20d4ccf9e26ec2703,True,fixed_per_environment_quotas_v2,nominal,11,100,True,True,6.05,,7,False,False,39.54606628417969,6.05,0.21663326025009155,0.07374764233827591,0.547929048538208
/home/donglei/isaac_projects/isaac_drone_racer/.worktrees/stage1-fake-vio/logs/skrl/stage1_recovery_20260905/2026-09-05_11-37-52/2026-09-05_11-37-57_ppo_torch_stage1_mixed/checkpoints/best_agent.pt,ecf1a26095dfe976a926a1c7c3876aaafb1c80f1dd681f9e9f35bd678864cdf1,150d107225160ac498040fa20d4ccf9e26ec2703,True,fixed_per_environment_quotas_v2,nominal,11,101,True,True,5.94,,7,False,False,39.587677001953125,5.94,0.43004974722862244,0.14190883934497833,1.1745238304138184
/home/donglei/isaac_projects/isaac_drone_racer/.worktrees/stage1-fake-vio/logs/skrl/stage1_recovery_20260905/2026-09-05_11-37-52/2026-09-05_11-37-57_ppo_torch_stage1_mixed/checkpoints/best_agent.pt,ecf1a26095dfe976a926a1c7c3876aaafb1c80f1dd681f9e9f35bd678864cdf1,150d107225160ac498040fa20d4ccf9e26ec2703,True,fixed_per_environment_quotas_v2,nominal,11,102,True,True,5.9,,7,False,False,39.51993942260742,5.9,0.5707555413246155,0.18619969487190247,1.469891905784607
/home/donglei/isaac_projects/isaac_drone_racer/.worktrees/stage1-fake-vio/logs/skrl/stage1_recovery_20260905/2026-09-05_11-37-52/2026-09-05_11-37-57_ppo_torch_stage1_mixed/checkpoints/best_agent.pt,ecf1a26095dfe976a926a1c7c3876aaafb1c80f1dd681f9e9f35bd678864cdf1,150d107225160ac498040fa20d4ccf9e26ec2703,True,fixed_per_environment_quotas_v2,nominal,11,103,True,True,6.0600000000000005,,7,False,False,39.72699737548828,6.0600000000000005,0.43914592266082764,0.1589529812335968,1.1699262857437134
/home/donglei/isaac_projects/isaac_drone_racer/.worktrees/stage1-fake-vio/logs/skrl/stage1_recovery_20260905/2026-09-05_11-37-52/2026-09-05_11-37-57_ppo_torch_stage1_mixed/checkpoints/best_agent.pt,ecf1a26095dfe976a926a1c7c3876aaafb1c80f1dd681f9e9f35bd678864cdf1,150d107225160ac498040fa20d4ccf9e26ec2703,True,fixed_per_environment_quotas_v2,nominal,11,104,True,True,6.12,,7,False,False,40.08002853393555,6.12,0.24106080830097198,0.07624830305576324,0.5271533727645874
/home/donglei/isaac_projects/isaac_drone_racer/.worktrees/stage1-fake-vio/logs/skrl/stage1_recovery_20260905/2026-09-05_11-37-52/2026-09-05_11-37-57_ppo_torch_stage1_mixed/checkpoints/best_agent.pt,ecf1a26095dfe976a926a1c7c3876aaafb1c80f1dd681f9e9f35bd678864cdf1,150d107225160ac498040fa20d4ccf9e26ec2703,True,fixed_per_environment_quotas_v2,nominal,11,105,True,True,6.12,,7,False,False,39.63957214355469,6.12,0.20520097017288208,0.07267343997955322,0.510875940322876
/home/donglei/isaac_projects/isaac_drone_racer/.worktrees/stage1-fake-vio/logs/skrl/stage1_recovery_20260905/2026-09-05_11-37-52/2026-09-05_11-37-57_ppo_torch_stage1_mixed/checkpoints/best_agent.pt,ecf1a26095dfe976a926a1c7c3876aaafb1c80f1dd681f9e9f35bd678864cdf1,150d107225160ac498040fa20d4ccf9e26ec2703,True,fixed_per_environment_quotas_v2,nominal,11,106,True,True,5.95,,7,False,False,39.82729721069336,5.95,0.3211512267589569,0.11121034622192383,0.8561413288116455
/home/donglei/isaac_projects/isaac_drone_racer/.worktrees/stage1-fake-vio/logs/skrl/stage1_recovery_20260905/2026-09-05_11-37-52/2026-09-05_11-37-57_ppo_torch_stage1_mixed/checkpoints/best_agent.pt,ecf1a26095dfe976a926a1c7c3876aaafb1c80f1dd681f9e9f35bd678864cdf1,150d107225160ac498040fa20d4ccf9e26ec2703,True,fixed_per_environment_quotas_v2,nominal,11,107,True,True,6.05,,7,False,False,39.821075439453125,6.05,0.5639989376068115,0.20041824877262115,1.4814294576644897
/home/donglei/isaac_projects/isaac_drone_racer/.worktrees/stage1-fake-vio/logs/skrl/stage1_recovery_20260905/2026-09-05_11-37-52/2026-09-05_11-37-57_ppo_torch_stage1_mixed/checkpoints/best_agent.pt,ecf1a26095dfe976a926a1c7c3876aaafb1c80f1dd681f9e9f35bd678864cdf1,150d107225160ac498040fa20d4ccf9e26ec2703,True,fixed_per_environment_quotas_v2,nominal,11,108,True,True,5.87,,7,False,False,39.531288146972656,5.87,0.21892206370830536,0.07158231735229492,0.547413170337677
/home/donglei/isaac_projects/isaac_drone_racer/.worktrees/stage1-fake-vio/logs/skrl/stage1_recovery_20260905/2026-09-05_11-37-52/2026-09-05_11-37-57_ppo_torch_stage1_mixed/checkpoints/best_agent.pt,ecf1a26095dfe976a926a1c7c3876aaafb1c80f1dd681f9e9f35bd678864cdf1,150d107225160ac498040fa20d4ccf9e26ec2703,True,fixed_per_environment_quotas_v2,nominal,11,109,True,True,5.97,,7,False,False,39.678794860839844,5.97,0.564509928226471,0.1860339641571045,1.4596037864685059
/home/donglei/isaac_projects/isaac_drone_racer/.worktrees/stage1-fake-vio/logs/skrl/stage1_recovery_20260905/2026-09-05_11-37-52/2026-09-05_11-37-57_ppo_torch_stage1_mixed/checkpoints/best_agent.pt,ecf1a26095dfe976a926a1c7c3876aaafb1c80f1dd681f9e9f35bd678864cdf1,150d107225160ac498040fa20d4ccf9e26ec2703,True,fixed_per_environment_quotas_v2,nominal,11,110,True,True,6.0600000000000005,,7,False,False,39.842811584472656,6.0600000000000005,0.4481531083583832,0.15033690631389618,1.1752533912658691
/home/donglei/isaac_projects/isaac_drone_racer/.worktrees/stage1-fake-vio/logs/skrl/stage1_recovery_20260905/2026-09-05_11-37-52/2026-09-05_11-37-57_ppo_torch_stage1_mixed/checkpoints/best_agent.pt,ecf1a26095dfe976a926a1c7c3876aaafb1c80f1dd681f9e9f35bd678864cdf1,150d107225160ac498040fa20d4ccf9e26ec2703,True,fixed_per_environment_quotas_v2,nominal,11,111,True,True,6.0600000000000005,,7,False,False,39.54349136352539,6.0600000000000005,0.19706785678863525,0.08085358142852783,0.5246542692184448
/home/donglei/isaac_projects/isaac_drone_racer/.worktrees/stage1-fake-vio/logs/skrl/stage1_recovery_20260905/2026-09-05_11-37-52/2026-09-05_11-37-57_ppo_torch_stage1_mixed/checkpoints/best_agent.pt,ecf1a26095dfe976a926a1c7c3876aaafb1c80f1dd681f9e9f35bd678864cdf1,150d107225160ac498040fa20d4ccf9e26ec2703,True,fixed_per_environment_quotas_v2,nominal,11,112,True,True,6.03,,7,False,False,40.03392028808594,6.03,0.5791944861412048,0.18495804071426392,1.4428249597549438
/home/donglei/isaac_projects/isaac_drone_racer/.worktrees/stage1-fake-vio/logs/skrl/stage1_recovery_20260905/2026-09-05_11-37-52/2026-09-05_11-37-57_ppo_torch_stage1_mixed/checkpoints/best_agent.pt,ecf1a26095dfe976a926a1c7c3876aaafb1c80f1dd681f9e9f35bd678864cdf1,150d107225160ac498040fa20d4ccf9e26ec2703,True,fixed_per_environment_quotas_v2,nominal,11,113,True,True,5.8500000000000005,,7,False,False,39.790489196777344,5.8500000000000005,0.3327402174472809,0.10303252190351486,0.8421590328216553
/home/donglei/isaac_projects/isaac_drone_racer/.worktrees/stage1-fake-vio/logs/skrl/stage1_recovery_20260905/2026-09-05_11-37-52/2026-09-05_11-37-57_ppo_torch_stage1_mixed/checkpoints/best_agent.pt,ecf1a26095dfe976a926a1c7c3876aaafb1c80f1dd681f9e9f35bd678864cdf1,150d107225160ac498040fa20d4ccf9e26ec2703,True,fixed_per_environment_quotas_v2,nominal,11,114,True,True,5.91,,7,False,False,39.821372985839844,5.91,0.21269427239894867,0.06861287355422974,0.5408704876899719
/home/donglei/isaac_projects/isaac_drone_racer/.worktrees/stage1-fake-vio/logs/skrl/stage1_recovery_20260905/2026-09-05_11-37-52/2026-09-05_11-37-57_ppo_torch_stage1_mixed/checkpoints/best_agent.pt,ecf1a26095dfe976a926a1c7c3876aaafb1c80f1dd681f9e9f35bd678864cdf1,150d107225160ac498040fa20d4ccf9e26ec2703,True,fixed_per_environment_quotas_v2,nominal,11,115,True,True,5.92,,7,False,False,39.96194839477539,5.92,0.5527029633522034,0.17822563648223877,1.3864046335220337
/home/donglei/isaac_projects/isaac_drone_racer/.worktrees/stage1-fake-vio/logs/skrl/stage1_recovery_20260905/2026-09-05_11-37-52/2026-09-05_11-37-57_ppo_torch_stage1_mixed/checkpoints/best_agent.pt,ecf1a26095dfe976a926a1c7c3876aaafb1c80f1dd681f9e9f35bd678864cdf1,150d107225160ac498040fa20d4ccf9e26ec2703,True,fixed_per_environment_quotas_v2,nominal,11,116,True,True,5.8500000000000005,,7,False,False,39.69991683959961,5.8500000000000005,0.33542221784591675,0.10394096374511719,0.8744076490402222
/home/donglei/isaac_projects/isaac_drone_racer/.worktrees/stage1-fake-vio/logs/skrl/stage1_recovery_20260905/2026-09-05_11-37-52/2026-09-05_11-37-57_ppo_torch_stage1_mixed/checkpoints/best_agent.pt,ecf1a26095dfe976a926a1c7c3876aaafb1c80f1dd681f9e9f35bd678864cdf1,150d107225160ac498040fa20d4ccf9e26ec2703,True,fixed_per_environment_quotas_v2,nominal,11,117,True,True,6.04,,7,False,False,39.84296417236328,6.04,0.3040333390235901,0.11359204351902008,0.7799501419067383
/home/donglei/isaac_projects/isaac_drone_racer/.worktrees/stage1-fake-vio/logs/skrl/stage1_recovery_20260905/2026-09-05_11-37-52/2026-09-05_11-37-57_ppo_torch_stage1_mixed/checkpoints/best_agent.pt,ecf1a26095dfe976a926a1c7c3876aaafb1c80f1dd681f9e9f35bd678864cdf1,150d107225160ac498040fa20d4ccf9e26ec2703,True,fixed_per_environment_quotas_v2,nominal,11,118,True,True,6.03,,7,False,False,39.9927864074707,6.03,0.3104424774646759,0.1053130179643631,0.7857744693756104
/home/donglei/isaac_projects/isaac_drone_racer/.worktrees/stage1-fake-vio/logs/skrl/stage1_recovery_20260905/2026-09-05_11-37-52/2026-09-05_11-37-57_ppo_torch_stage1_mixed/checkpoints/best_agent.pt,ecf1a26095dfe976a926a1c7c3876aaafb1c80f1dd681f9e9f35bd678864cdf1,150d107225160ac498040fa20d4ccf9e26ec2703,True,fixed_per_environment_quotas_v2,nominal,11,119,True,True,5.87,,7,False,False,39.75849533081055,5.87,0.3318037688732147,0.09862761199474335,0.8252781629562378
/home/donglei/isaac_projects/isaac_drone_racer/.worktrees/stage1-fake-vio/logs/skrl/stage1_recovery_20260905/2026-09-05_11-37-52/2026-09-05_11-37-57_ppo_torch_stage1_mixed/checkpoints/best_agent.pt,ecf1a26095dfe976a926a1c7c3876aaafb1c80f1dd681f9e9f35bd678864cdf1,150d107225160ac498040fa20d4ccf9e26ec2703,True,fixed_per_environment_quotas_v2,nominal,11,120,True,True,5.97,,7,False,False,39.65641784667969,5.97,0.4364635944366455,0.15666212141513824,1.1101099252700806
/home/donglei/isaac_projects/isaac_drone_racer/.worktrees/stage1-fake-vio/logs/skrl/stage1_recovery_20260905/2026-09-05_11-37-52/2026-09-05_11-37-57_ppo_torch_stage1_mixed/checkpoints/best_agent.pt,ecf1a26095dfe976a926a1c7c3876aaafb1c80f1dd681f9e9f35bd678864cdf1,150d107225160ac498040fa20d4ccf9e26ec2703,True,fixed_per_environment_quotas_v2,nominal,11,121,True,True,5.89,,7,False,False,39.79522705078125,5.89,0.3192673921585083,0.11090796440839767,0.8181822299957275
/home/donglei/isaac_projects/isaac_drone_racer/.worktrees/stage1-fake-vio/logs/skrl/stage1_recovery_20260905/2026-09-05_11-37-52/2026-09-05_11-37-57_ppo_torch_stage1_mixed/checkpoints/best_agent.pt,ecf1a26095dfe976a926a1c7c3876aaafb1c80f1dd681f9e9f35bd678864cdf1,150d107225160ac498040fa20d4ccf9e26ec2703,True,fixed_per_environment_quotas_v2,nominal,11,122,True,True,6.01,,7,False,False,39.76515197753906,6.01,0.30891153216362,0.10373448580503464,0.8064032196998596
/home/donglei/isaac_projects/isaac_drone_racer/.worktrees/stage1-fake-vio/logs/skrl/stage1_recovery_20260905/2026-09-05_11-37-52/2026-09-05_11-37-57_ppo_torch_stage1_mixed/checkpoints/best_agent.pt,ecf1a26095dfe976a926a1c7c3876aaafb1c80f1dd681f9e9f35bd678864cdf1,150d107225160ac498040fa20d4ccf9e26ec2703,True,fixed_per_environment_quotas_v2,nominal,11,123,True,True,5.97,,7,False,False,39.76915740966797,5.97,0.43266579508781433,0.15104764699935913,1.0988709926605225
/home/donglei/isaac_projects/isaac_drone_racer/.worktrees/stage1-fake-vio/logs/skrl/stage1_recovery_20260905/2026-09-05_11-37-52/2026-09-05_11-37-57_ppo_torch_stage1_mixed/checkpoints/best_agent.pt,ecf1a26095dfe976a926a1c7c3876aaafb1c80f1dd681f9e9f35bd678864cdf1,150d107225160ac498040fa20d4ccf9e26ec2703,True,fixed_per_environment_quotas_v2,nominal,11,124,True,True,5.91,,7,False,False,39.79345703125,5.91,0.2021467685699463,0.06785296648740768,0.48539799451828003
/home/donglei/isaac_projects/isaac_drone_racer/.worktrees/stage1-fake-vio/logs/skrl/stage1_recovery_20260905/2026-09-05_11-37-52/2026-09-05_11-37-57_ppo_torch_stage1_mixed/checkpoints/best_agent.pt,ecf1a26095dfe976a926a1c7c3876aaafb1c80f1dd681f9e9f35bd678864cdf1,150d107225160ac498040fa20d4ccf9e26ec2703,True,fixed_per_environment_quotas_v2,nominal,11,125,True,True,5.96,,7,False,False,39.4579963684082,5.96,0.5543956756591797,0.18565873801708221,1.4762791395187378
/home/donglei/isaac_projects/isaac_drone_racer/.worktrees/stage1-fake-vio/logs/skrl/stage1_recovery_20260905/2026-09-05_11-37-52/2026-09-05_11-37-57_ppo_torch_stage1_mixed/checkpoints/best_agent.pt,ecf1a26095dfe976a926a1c7c3876aaafb1c80f1dd681f9e9f35bd678864cdf1,150d107225160ac498040fa20d4ccf9e26ec2703,True,fixed_per_environment_quotas_v2,nominal,11,126,True,True,6.09,,7,False,False,39.89588165283203,6.09,0.2990083694458008,0.10885301232337952,0.746135950088501
/home/donglei/isaac_projects/isaac_drone_racer/.worktrees/stage1-fake-vio/logs/skrl/stage1_recovery_20260905/2026-09-05_11-37-52/2026-09-05_11-37-57_ppo_torch_stage1_mixed/checkpoints/best_agent.pt,ecf1a26095dfe976a926a1c7c3876aaafb1c80f1dd681f9e9f35bd678864cdf1,150d107225160ac498040fa20d4ccf9e26ec2703,True,fixed_per_environment_quotas_v2,nominal,11,127,True,True,5.92,,7,False,False,39.55904769897461,5.92,0.20532400906085968,0.06448278576135635,0.5180453062057495
/home/donglei/isaac_projects/isaac_drone_racer/.worktrees/stage1-fake-vio/logs/skrl/stage1_recovery_20260905/2026-09-05_11-37-52/2026-09-05_11-37-57_ppo_torch_stage1_mixed/checkpoints/best_agent.pt,ecf1a26095dfe976a926a1c7c3876aaafb1c80f1dd681f9e9f35bd678864cdf1,150d107225160ac498040fa20d4ccf9e26ec2703,True,fixed_per_environment_quotas_v2,nominal,29,0,False,False,,3,0,False,False,1.0140466690063477,0.32,0.550827145576477,0.10912279784679413,0.9369606375694275
/home/donglei/isaac_projects/isaac_drone_racer/.worktrees/stage1-fake-vio/logs/skrl/stage1_recovery_20260905/2026-09-05_11-37-52/2026-09-05_11-37-57_ppo_torch_stage1_mixed/checkpoints/best_agent.pt,ecf1a26095dfe976a926a1c7c3876aaafb1c80f1dd681f9e9f35bd678864cdf1,150d107225160ac498040fa20d4ccf9e26ec2703,True,fixed_per_environment_quotas_v2,nominal,29,1,False,False,,3,0,True,False,-4.8564887046813965,0.42,0.09154080599546432,0.2636639177799225,0.7954627275466919
/home/donglei/isaac_projects/isaac_drone_racer/.worktrees/stage1-fake-vio/logs/skrl/stage1_recovery_20260905/2026-09-05_11-37-52/2026-09-05_11-37-57_ppo_torch_stage1_mixed/checkpoints/best_agent.pt,ecf1a26095dfe976a926a1c7c3876aaafb1c80f1dd681f9e9f35bd678864cdf1,150d107225160ac498040fa20d4ccf9e26ec2703,True,fixed_per_environment_quotas_v2,nominal,29,2,False,False,,5,1,False,False,6.863262176513672,0.93,0.2676064372062683,0.08985072374343872,0.5505566000938416
/home/donglei/isaac_projects/isaac_drone_racer/.worktrees/stage1-fake-vio/logs/skrl/stage1_recovery_20260905/2026-09-05_11-37-52/2026-09-05_11-37-57_ppo_torch_stage1_mixed/checkpoints/best_agent.pt,ecf1a26095dfe976a926a1c7c3876aaafb1c80f1dd681f9e9f35bd678864cdf1,150d107225160ac498040fa20d4ccf9e26ec2703,True,fixed_per_environment_quotas_v2,nominal,29,3,False,False,,6,1,True,False,-0.4794301986694336,0.9400000000000001,0.1512157917022705,0.8314622044563293,1.0515246391296387
/home/donglei/isaac_projects/isaac_drone_racer/.worktrees/stage1-fake-vio/logs/skrl/stage1_recovery_20260905/2026-09-05_11-37-52/2026-09-05_11-37-57_ppo_torch_stage1_mixed/checkpoints/best_agent.pt,ecf1a26095dfe976a926a1c7c3876aaafb1c80f1dd681f9e9f35bd678864cdf1,150d107225160ac498040fa20d4ccf9e26ec2703,True,fixed_per_environment_quotas_v2,nominal,29,4,False,False,,3,0,True,False,-3.264299154281616,1.06,0.4513832628726959,0.21599216759204865,1.6725349426269531
/home/donglei/isaac_projects/isaac_drone_racer/.worktrees/stage1-fake-vio/logs/skrl/stage1_recovery_20260905/2026-09-05_11-37-52/2026-09-05_11-37-57_ppo_torch_stage1_mixed/checkpoints/best_agent.pt,ecf1a26095dfe976a926a1c7c3876aaafb1c80f1dd681f9e9f35bd678864cdf1,150d107225160ac498040fa20d4ccf9e26ec2703,True,fixed_per_environment_quotas_v2,nominal,29,5,False,False,,1,1,False,False,5.855731010437012,1.17,0.15884284675121307,0.06141218543052673,0.5663647055625916
/home/donglei/isaac_projects/isaac_drone_racer/.worktrees/stage1-fake-vio/logs/skrl/stage1_recovery_20260905/2026-09-05_11-37-52/2026-09-05_11-37-57_ppo_torch_stage1_mixed/checkpoints/best_agent.pt,ecf1a26095dfe976a926a1c7c3876aaafb1c80f1dd681f9e9f35bd678864cdf1,150d107225160ac498040fa20d4ccf9e26ec2703,True,fixed_per_environment_quotas_v2,nominal,29,6,False,False,,6,2,False,False,10.002800941467285,1.2,0.4355635643005371,0.17258159816265106,1.200447678565979
/home/donglei/isaac_projects/isaac_drone_racer/.worktrees/stage1-fake-vio/logs/skrl/stage1_recovery_20260905/2026-09-05_11-37-52/2026-09-05_11-37-57_ppo_torch_stage1_mixed/checkpoints/best_agent.pt,ecf1a26095dfe976a926a1c7c3876aaafb1c80f1dd681f9e9f35bd678864cdf1,150d107225160ac498040fa20d4ccf9e26ec2703,True,fixed_per_environment_quotas_v2,nominal,29,7,False,False,,4,1,False,False,7.6130051612854,1.26,0.25590625405311584,0.07927002012729645,0.49871668219566345
/home/donglei/isaac_projects/isaac_drone_racer/.worktrees/stage1-fake-vio/logs/skrl/stage1_recovery_20260905/2026-09-05_11-37-52/2026-09-05_11-37-57_ppo_torch_stage1_mixed/checkpoints/best_agent.pt,ecf1a26095dfe976a926a1c7c3876aaafb1c80f1dd681f9e9f35bd678864cdf1,150d107225160ac498040fa20d4ccf9e26ec2703,True,fixed_per_environment_quotas_v2,nominal,29,8,False,False,,5,1,True,False,0.8819894790649414,2.04,0.28860723972320557,0.2253001481294632,0.7388489842414856
/home/donglei/isaac_projects/isaac_drone_racer/.worktrees/stage1-fake-vio/logs/skrl/stage1_recovery_20260905/2026-09-05_11-37-52/2026-09-05_11-37-57_ppo_torch_stage1_mixed/checkpoints/best_agent.pt,ecf1a26095dfe976a926a1c7c3876aaafb1c80f1dd681f9e9f35bd678864cdf1,150d107225160ac498040fa20d4ccf9e26ec2703,True,fixed_per_environment_quotas_v2,nominal,29,9,False,False,,3,3,False,False,15.527931213378906,2.09,0.4921197295188904,0.1798604130744934,1.549491047859192
/home/donglei/isaac_projects/isaac_drone_racer/.worktrees/stage1-fake-vio/logs/skrl/stage1_recovery_20260905/2026-09-05_11-37-52/2026-09-05_11-37-57_ppo_torch_stage1_mixed/checkpoints/best_agent.pt,ecf1a26095dfe976a926a1c7c3876aaafb1c80f1dd681f9e9f35bd678864cdf1,150d107225160ac498040fa20d4ccf9e26ec2703,True,fixed_per_environment_quotas_v2,nominal,29,10,False,False,,5,2,False,False,13.253752708435059,2.5300000000000002,0.2358907014131546,0.07094638794660568,0.5669306516647339
/home/donglei/isaac_projects/isaac_drone_racer/.worktrees/stage1-fake-vio/logs/skrl/stage1_recovery_20260905/2026-09-05_11-37-52/2026-09-05_11-37-57_ppo_torch_stage1_mixed/checkpoints/best_agent.pt,ecf1a26095dfe976a926a1c7c3876aaafb1c80f1dd681f9e9f35bd678864cdf1,150d107225160ac498040fa20d4ccf9e26ec2703,True,fixed_per_environment_quotas_v2,nominal,29,11,False,False,,1,4,False,False,21.712966918945312,3.02,0.30639785528182983,0.11177566647529602,0.8447028994560242
/home/donglei/isaac_projects/isaac_drone_racer/.worktrees/stage1-fake-vio/logs/skrl/stage1_recovery_20260905/2026-09-05_11-37-52/2026-09-05_11-37-57_ppo_torch_stage1_mixed/checkpoints/best_agent.pt,ecf1a26095dfe976a926a1c7c3876aaafb1c80f1dd681f9e9f35bd678864cdf1,150d107225160ac498040fa20d4ccf9e26ec2703,True,fixed_per_environment_quotas_v2,nominal,29,12,False,False,,3,4,False,False,23.929035186767578,3.91,0.20972177386283875,0.06400027126073837,0.5657655596733093
/home/donglei/isaac_projects/isaac_drone_racer/.worktrees/stage1-fake-vio/logs/skrl/stage1_recovery_20260905/2026-09-05_11-37-52/2026-09-05_11-37-57_ppo_torch_stage1_mixed/checkpoints/best_agent.pt,ecf1a26095dfe976a926a1c7c3876aaafb1c80f1dd681f9e9f35bd678864cdf1,150d107225160ac498040fa20d4ccf9e26ec2703,True,fixed_per_environment_quotas_v2,nominal,29,13,False,False,,5,4,False,False,24.176315307617188,4.0600000000000005,0.6147593855857849,0.18883225321769714,1.523741602897644
/home/donglei/isaac_projects/isaac_drone_racer/.worktrees/stage1-fake-vio/logs/skrl/stage1_recovery_20260905/2026-09-05_11-37-52/2026-09-05_11-37-57_ppo_torch_stage1_mixed/checkpoints/best_agent.pt,ecf1a26095dfe976a926a1c7c3876aaafb1c80f1dd681f9e9f35bd678864cdf1,150d107225160ac498040fa20d4ccf9e26ec2703,True,fixed_per_environment_quotas_v2,nominal,29,14,False,False,,1,4,True,False,18.702577590942383,4.65,0.2785016894340515,0.11327994614839554,0.7644672989845276
/home/donglei/isaac_projects/isaac_drone_racer/.worktrees/stage1-fake-vio/logs/skrl/stage1_recovery_20260905/2026-09-05_11-37-52/2026-09-05_11-37-57_ppo_torch_stage1_mixed/checkpoints/best_agent.pt,ecf1a26095dfe976a926a1c7c3876aaafb1c80f1dd681f9e9f35bd678864cdf1,150d107225160ac498040fa20d4ccf9e26ec2703,True,fixed_per_environment_quotas_v2,nominal,29,15,False,False,,4,6,False,False,34.54097366333008,4.96,0.4869513511657715,0.14496658742427826,1.23258638381958
/home/donglei/isaac_projects/isaac_drone_racer/.worktrees/stage1-fake-vio/logs/skrl/stage1_recovery_20260905/2026-09-05_11-37-52/2026-09-05_11-37-57_ppo_torch_stage1_mixed/checkpoints/best_agent.pt,ecf1a26095dfe976a926a1c7c3876aaafb1c80f1dd681f9e9f35bd678864cdf1,150d107225160ac498040fa20d4ccf9e26ec2703,True,fixed_per_environment_quotas_v2,nominal,29,16,True,True,5.07,,7,False,False,38.645198822021484,5.07,0.3633936047554016,0.10895118862390518,0.9146783351898193
/home/donglei/isaac_projects/isaac_drone_racer/.worktrees/stage1-fake-vio/logs/skrl/stage1_recovery_20260905/2026-09-05_11-37-52/2026-09-05_11-37-57_ppo_torch_stage1_mixed/checkpoints/best_agent.pt,ecf1a26095dfe976a926a1c7c3876aaafb1c80f1dd681f9e9f35bd678864cdf1,150d107225160ac498040fa20d4ccf9e26ec2703,True,fixed_per_environment_quotas_v2,nominal,29,17,True,True,5.24,,7,False,False,38.71806335449219,5.24,0.3823196291923523,0.11738156527280807,0.8620704412460327
/home/donglei/isaac_projects/isaac_drone_racer/.worktrees/stage1-fake-vio/logs/skrl/stage1_recovery_20260905/2026-09-05_11-37-52/2026-09-05_11-37-57_ppo_torch_stage1_mixed/checkpoints/best_agent.pt,ecf1a26095dfe976a926a1c7c3876aaafb1c80f1dd681f9e9f35bd678864cdf1,150d107225160ac498040fa20d4ccf9e26ec2703,True,fixed_per_environment_quotas_v2,nominal,29,18,True,True,6.51,,7,False,False,39.639705657958984,6.51,0.42375051975250244,0.1430559903383255,1.070014238357544
/home/donglei/isaac_projects/isaac_drone_racer/.worktrees/stage1-fake-vio/logs/skrl/stage1_recovery_20260905/2026-09-05_11-37-52/2026-09-05_11-37-57_ppo_torch_stage1_mixed/checkpoints/best_agent.pt,ecf1a26095dfe976a926a1c7c3876aaafb1c80f1dd681f9e9f35bd678864cdf1,150d107225160ac498040fa20d4ccf9e26ec2703,True,fixed_per_environment_quotas_v2,nominal,29,19,True,True,5.36,,7,False,False,39.492164611816406,5.36,0.2770756185054779,0.07419560104608536,0.7862934470176697
/home/donglei/isaac_projects/isaac_drone_racer/.worktrees/stage1-fake-vio/logs/skrl/stage1_recovery_20260905/2026-09-05_11-37-52/2026-09-05_11-37-57_ppo_torch_stage1_mixed/checkpoints/best_agent.pt,ecf1a26095dfe976a926a1c7c3876aaafb1c80f1dd681f9e9f35bd678864cdf1,150d107225160ac498040fa20d4ccf9e26ec2703,True,fixed_per_environment_quotas_v2,nominal,29,20,True,True,5.05,,7,False,False,37.88336944580078,5.05,0.4398807883262634,0.14424504339694977,1.1787424087524414
/home/donglei/isaac_projects/isaac_drone_racer/.worktrees/stage1-fake-vio/logs/skrl/stage1_recovery_20260905/2026-09-05_11-37-52/2026-09-05_11-37-57_ppo_torch_stage1_mixed/checkpoints/best_agent.pt,ecf1a26095dfe976a926a1c7c3876aaafb1c80f1dd681f9e9f35bd678864cdf1,150d107225160ac498040fa20d4ccf9e26ec2703,True,fixed_per_environment_quotas_v2,nominal,29,21,True,True,4.78,,7,False,False,36.90055847167969,4.78,0.1981271207332611,0.06208819895982742,0.5315111875534058
/home/donglei/isaac_projects/isaac_drone_racer/.worktrees/stage1-fake-vio/logs/skrl/stage1_recovery_20260905/2026-09-05_11-37-52/2026-09-05_11-37-57_ppo_torch_stage1_mixed/checkpoints/best_agent.pt,ecf1a26095dfe976a926a1c7c3876aaafb1c80f1dd681f9e9f35bd678864cdf1,150d107225160ac498040fa20d4ccf9e26ec2703,True,fixed_per_environment_quotas_v2,nominal,29,22,True,True,5.82,,7,False,False,39.83921432495117,5.82,0.2345334142446518,0.07450280338525772,0.5242030024528503
/home/donglei/isaac_projects/isaac_drone_racer/.worktrees/stage1-fake-vio/logs/skrl/stage1_recovery_20260905/2026-09-05_11-37-52/2026-09-05_11-37-57_ppo_torch_stage1_mixed/checkpoints/best_agent.pt,ecf1a26095dfe976a926a1c7c3876aaafb1c80f1dd681f9e9f35bd678864cdf1,150d107225160ac498040fa20d4ccf9e26ec2703,True,fixed_per_environment_quotas_v2,nominal,29,23,True,True,6.01,,7,False,False,39.86974334716797,6.01,0.2124405801296234,0.07313938438892365,0.5183907747268677
/home/donglei/isaac_projects/isaac_drone_racer/.worktrees/stage1-fake-vio/logs/skrl/stage1_recovery_20260905/2026-09-05_11-37-52/2026-09-05_11-37-57_ppo_torch_stage1_mixed/checkpoints/best_agent.pt,ecf1a26095dfe976a926a1c7c3876aaafb1c80f1dd681f9e9f35bd678864cdf1,150d107225160ac498040fa20d4ccf9e26ec2703,True,fixed_per_environment_quotas_v2,nominal,29,24,True,True,6.09,,7,False,False,39.793724060058594,6.09,0.20435625314712524,0.0679035633802414,0.50981605052948
/home/donglei/isaac_projects/isaac_drone_racer/.worktrees/stage1-fake-vio/logs/skrl/stage1_recovery_20260905/2026-09-05_11-37-52/2026-09-05_11-37-57_ppo_torch_stage1_mixed/checkpoints/best_agent.pt,ecf1a26095dfe976a926a1c7c3876aaafb1c80f1dd681f9e9f35bd678864cdf1,150d107225160ac498040fa20d4ccf9e26ec2703,True,fixed_per_environment_quotas_v2,nominal,29,25,True,True,6.0600000000000005,,7,False,False,39.81135940551758,6.0600000000000005,0.22256329655647278,0.06929650157690048,0.5491366982460022
/home/donglei/isaac_projects/isaac_drone_racer/.worktrees/stage1-fake-vio/logs/skrl/stage1_recovery_20260905/2026-09-05_11-37-52/2026-09-05_11-37-57_ppo_torch_stage1_mixed/checkpoints/best_agent.pt,ecf1a26095dfe976a926a1c7c3876aaafb1c80f1dd681f9e9f35bd678864cdf1,150d107225160ac498040fa20d4ccf9e26ec2703,True,fixed_per_environment_quotas_v2,nominal,29,26,True,True,5.99,,7,False,False,39.77090835571289,5.99,0.5691715478897095,0.182364821434021,1.4716085195541382
/home/donglei/isaac_projects/isaac_drone_racer/.worktrees/stage1-fake-vio/logs/skrl/stage1_recovery_20260905/2026-09-05_11-37-52/2026-09-05_11-37-57_ppo_torch_stage1_mixed/checkpoints/best_agent.pt,ecf1a26095dfe976a926a1c7c3876aaafb1c80f1dd681f9e9f35bd678864cdf1,150d107225160ac498040fa20d4ccf9e26ec2703,True,fixed_per_environment_quotas_v2,nominal,29,27,True,True,5.94,,7,False,False,39.51934051513672,5.94,0.3150573968887329,0.11126222461462021,0.8241475224494934
/home/donglei/isaac_projects/isaac_drone_racer/.worktrees/stage1-fake-vio/logs/skrl/stage1_recovery_20260905/2026-09-05_11-37-52/2026-09-05_11-37-57_ppo_torch_stage1_mixed/checkpoints/best_agent.pt,ecf1a26095dfe976a926a1c7c3876aaafb1c80f1dd681f9e9f35bd678864cdf1,150d107225160ac498040fa20d4ccf9e26ec2703,True,fixed_per_environment_quotas_v2,nominal,29,28,True,True,6.1000000000000005,,7,False,False,39.93947219848633,6.1000000000000005,0.3088837265968323,0.1100611612200737,0.7833292484283447
/home/donglei/isaac_projects/isaac_drone_racer/.worktrees/stage1-fake-vio/logs/skrl/stage1_recovery_20260905/2026-09-05_11-37-52/2026-09-05_11-37-57_ppo_torch_stage1_mixed/checkpoints/best_agent.pt,ecf1a26095dfe976a926a1c7c3876aaafb1c80f1dd681f9e9f35bd678864cdf1,150d107225160ac498040fa20d4ccf9e26ec2703,True,fixed_per_environment_quotas_v2,nominal,29,29,True,True,5.89,,7,False,False,39.803043365478516,5.89,0.43154194951057434,0.14930282533168793,1.1133582592010498
/home/donglei/isaac_projects/isaac_drone_racer/.worktrees/stage1-fake-vio/logs/skrl/stage1_recovery_20260905/2026-09-05_11-37-52/2026-09-05_11-37-57_ppo_torch_stage1_mixed/checkpoints/best_agent.pt,ecf1a26095dfe976a926a1c7c3876aaafb1c80f1dd681f9e9f35bd678864cdf1,150d107225160ac498040fa20d4ccf9e26ec2703,True,fixed_per_environment_quotas_v2,nominal,29,30,True,True,6.4,,7,False,False,39.82720184326172,6.4,0.19311563670635223,0.07123710960149765,0.5097461342811584
/home/donglei/isaac_projects/isaac_drone_racer/.worktrees/stage1-fake-vio/logs/skrl/stage1_recovery_20260905/2026-09-05_11-37-52/2026-09-05_11-37-57_ppo_torch_stage1_mixed/checkpoints/best_agent.pt,ecf1a26095dfe976a926a1c7c3876aaafb1c80f1dd681f9e9f35bd678864cdf1,150d107225160ac498040fa20d4ccf9e26ec2703,True,fixed_per_environment_quotas_v2,nominal,29,31,True,True,6.0,,7,False,False,39.884029388427734,6.0,0.4254983365535736,0.15074673295021057,1.1028169393539429
/home/donglei/isaac_projects/isaac_drone_racer/.worktrees/stage1-fake-vio/logs/skrl/stage1_recovery_20260905/2026-09-05_11-37-52/2026-09-05_11-37-57_ppo_torch_stage1_mixed/checkpoints/best_agent.pt,ecf1a26095dfe976a926a1c7c3876aaafb1c80f1dd681f9e9f35bd678864cdf1,150d107225160ac498040fa20d4ccf9e26ec2703,True,fixed_per_environment_quotas_v2,nominal,29,32,True,True,6.21,,7,False,False,39.96372985839844,6.21,0.3106647729873657,0.10997943580150604,0.7429500222206116
/home/donglei/isaac_projects/isaac_drone_racer/.worktrees/stage1-fake-vio/logs/skrl/stage1_recovery_20260905/2026-09-05_11-37-52/2026-09-05_11-37-57_ppo_torch_stage1_mixed/checkpoints/best_agent.pt,ecf1a26095dfe976a926a1c7c3876aaafb1c80f1dd681f9e9f35bd678864cdf1,150d107225160ac498040fa20d4ccf9e26ec2703,True,fixed_per_environment_quotas_v2,nominal,29,33,True,True,5.92,,7,False,False,39.663185119628906,5.92,0.44400015473365784,0.15777629613876343,1.1395618915557861
/home/donglei/isaac_projects/isaac_drone_racer/.worktrees/stage1-fake-vio/logs/skrl/stage1_recovery_20260905/2026-09-05_11-37-52/2026-09-05_11-37-57_ppo_torch_stage1_mixed/checkpoints/best_agent.pt,ecf1a26095dfe976a926a1c7c3876aaafb1c80f1dd681f9e9f35bd678864cdf1,150d107225160ac498040fa20d4ccf9e26ec2703,True,fixed_per_environment_quotas_v2,nominal,29,34,True,True,5.98,,7,False,False,39.94148635864258,5.98,0.42551788687705994,0.1487547904253006,1.1092236042022705
/home/donglei/isaac_projects/isaac_drone_racer/.worktrees/stage1-fake-vio/logs/skrl/stage1_recovery_20260905/2026-09-05_11-37-52/2026-09-05_11-37-57_ppo_torch_stage1_mixed/checkpoints/best_agent.pt,ecf1a26095dfe976a926a1c7c3876aaafb1c80f1dd681f9e9f35bd678864cdf1,150d107225160ac498040fa20d4ccf9e26ec2703,True,fixed_per_environment_quotas_v2,nominal,29,35,True,True,5.95,,7,False,False,39.750465393066406,5.95,0.34762847423553467,0.0997760221362114,0.8631914854049683
/home/donglei/isaac_projects/isaac_drone_racer/.worktrees/stage1-fake-vio/logs/skrl/stage1_recovery_20260905/2026-09-05_11-37-52/2026-09-05_11-37-57_ppo_torch_stage1_mixed/checkpoints/best_agent.pt,ecf1a26095dfe976a926a1c7c3876aaafb1c80f1dd681f9e9f35bd678864cdf1,150d107225160ac498040fa20d4ccf9e26ec2703,True,fixed_per_environment_quotas_v2,nominal,29,36,True,True,5.84,,7,False,False,39.7012939453125,5.84,0.6100082993507385,0.176252543926239,1.5195294618606567
/home/donglei/isaac_projects/isaac_drone_racer/.worktrees/stage1-fake-vio/logs/skrl/stage1_recovery_20260905/2026-09-05_11-37-52/2026-09-05_11-37-57_ppo_torch_stage1_mixed/checkpoints/best_agent.pt,ecf1a26095dfe976a926a1c7c3876aaafb1c80f1dd681f9e9f35bd678864cdf1,150d107225160ac498040fa20d4ccf9e26ec2703,True,fixed_per_environment_quotas_v2,nominal,29,37,True,True,6.12,,7,False,False,39.70186233520508,6.12,0.20100250840187073,0.06520254909992218,0.524754524230957
/home/donglei/isaac_projects/isaac_drone_racer/.worktrees/stage1-fake-vio/logs/skrl/stage1_recovery_20260905/2026-09-05_11-37-52/2026-09-05_11-37-57_ppo_torch_stage1_mixed/checkpoints/best_agent.pt,ecf1a26095dfe976a926a1c7c3876aaafb1c80f1dd681f9e9f35bd678864cdf1,150d107225160ac498040fa20d4ccf9e26ec2703,True,fixed_per_environment_quotas_v2,nominal,29,38,True,True,6.33,,7,False,False,39.85552215576172,6.33,0.5425440669059753,0.21986332535743713,1.4551669359207153
/home/donglei/isaac_projects/isaac_drone_racer/.worktrees/stage1-fake-vio/logs/skrl/stage1_recovery_20260905/2026-09-05_11-37-52/2026-09-05_11-37-57_ppo_torch_stage1_mixed/checkpoints/best_agent.pt,ecf1a26095dfe976a926a1c7c3876aaafb1c80f1dd681f9e9f35bd678864cdf1,150d107225160ac498040fa20d4ccf9e26ec2703,True,fixed_per_environment_quotas_v2,nominal,29,39,True,True,5.82,,7,False,False,39.599456787109375,5.82,0.20566684007644653,0.06049411743879318,0.521583080291748
/home/donglei/isaac_projects/isaac_drone_racer/.worktrees/stage1-fake-vio/logs/skrl/stage1_recovery_20260905/2026-09-05_11-37-52/2026-09-05_11-37-57_ppo_torch_stage1_mixed/checkpoints/best_agent.pt,ecf1a26095dfe976a926a1c7c3876aaafb1c80f1dd681f9e9f35bd678864cdf1,150d107225160ac498040fa20d4ccf9e26ec2703,True,fixed_per_environment_quotas_v2,nominal,29,40,True,True,5.91,,7,False,False,39.63821029663086,5.91,0.5551170706748962,0.19077159464359283,1.4635114669799805
/home/donglei/isaac_projects/isaac_drone_racer/.worktrees/stage1-fake-vio/logs/skrl/stage1_recovery_20260905/2026-09-05_11-37-52/2026-09-05_11-37-57_ppo_torch_stage1_mixed/checkpoints/best_agent.pt,ecf1a26095dfe976a926a1c7c3876aaafb1c80f1dd681f9e9f35bd678864cdf1,150d107225160ac498040fa20d4ccf9e26ec2703,True,fixed_per_environment_quotas_v2,nominal,29,41,True,True,6.0200000000000005,,7,False,False,39.6961555480957,6.0200000000000005,0.3008151650428772,0.11021562665700912,0.8051432967185974
/home/donglei/isaac_projects/isaac_drone_racer/.worktrees/stage1-fake-vio/logs/skrl/stage1_recovery_20260905/2026-09-05_11-37-52/2026-09-05_11-37-57_ppo_torch_stage1_mixed/checkpoints/best_agent.pt,ecf1a26095dfe976a926a1c7c3876aaafb1c80f1dd681f9e9f35bd678864cdf1,150d107225160ac498040fa20d4ccf9e26ec2703,True,fixed_per_environment_quotas_v2,nominal,29,42,True,True,5.99,,7,False,False,39.77582550048828,5.99,0.5486488938331604,0.1841125190258026,1.394112229347229
/home/donglei/isaac_projects/isaac_drone_racer/.worktrees/stage1-fake-vio/logs/skrl/stage1_recovery_20260905/2026-09-05_11-37-52/2026-09-05_11-37-57_ppo_torch_stage1_mixed/checkpoints/best_agent.pt,ecf1a26095dfe976a926a1c7c3876aaafb1c80f1dd681f9e9f35bd678864cdf1,150d107225160ac498040fa20d4ccf9e26ec2703,True,fixed_per_environment_quotas_v2,nominal,29,43,True,True,5.92,,7,False,False,39.73932647705078,5.92,0.20376209914684296,0.07576630264520645,0.5584530234336853
/home/donglei/isaac_projects/isaac_drone_racer/.worktrees/stage1-fake-vio/logs/skrl/stage1_recovery_20260905/2026-09-05_11-37-52/2026-09-05_11-37-57_ppo_torch_stage1_mixed/checkpoints/best_agent.pt,ecf1a26095dfe976a926a1c7c3876aaafb1c80f1dd681f9e9f35bd678864cdf1,150d107225160ac498040fa20d4ccf9e26ec2703,True,fixed_per_environment_quotas_v2,nominal,29,44,True,True,6.140000000000001,,7,False,False,39.91880798339844,6.140000000000001,0.21300563216209412,0.06831096112728119,0.5316370725631714
/home/donglei/isaac_projects/isaac_drone_racer/.worktrees/stage1-fake-vio/logs/skrl/stage1_recovery_20260905/2026-09-05_11-37-52/2026-09-05_11-37-57_ppo_torch_stage1_mixed/checkpoints/best_agent.pt,ecf1a26095dfe976a926a1c7c3876aaafb1c80f1dd681f9e9f35bd678864cdf1,150d107225160ac498040fa20d4ccf9e26ec2703,True,fixed_per_environment_quotas_v2,nominal,29,45,True,True,5.8500000000000005,,7,False,False,39.75032043457031,5.8500000000000005,0.5519160032272339,0.17869096994400024,1.5009162425994873
/home/donglei/isaac_projects/isaac_drone_racer/.worktrees/stage1-fake-vio/logs/skrl/stage1_recovery_20260905/2026-09-05_11-37-52/2026-09-05_11-37-57_ppo_torch_stage1_mixed/checkpoints/best_agent.pt,ecf1a26095dfe976a926a1c7c3876aaafb1c80f1dd681f9e9f35bd678864cdf1,150d107225160ac498040fa20d4ccf9e26ec2703,True,fixed_per_environment_quotas_v2,nominal,29,46,True,True,6.07,,7,False,False,39.986263275146484,6.07,0.41658034920692444,0.14596480131149292,1.1002861261367798
/home/donglei/isaac_projects/isaac_drone_racer/.worktrees/stage1-fake-vio/logs/skrl/stage1_recovery_20260905/2026-09-05_11-37-52/2026-09-05_11-37-57_ppo_torch_stage1_mixed/checkpoints/best_agent.pt,ecf1a26095dfe976a926a1c7c3876aaafb1c80f1dd681f9e9f35bd678864cdf1,150d107225160ac498040fa20d4ccf9e26ec2703,True,fixed_per_environment_quotas_v2,nominal,29,47,True,True,5.99,,7,False,False,39.482765197753906,5.99,0.3276989459991455,0.12735958397388458,0.8667041063308716
/home/donglei/isaac_projects/isaac_drone_racer/.worktrees/stage1-fake-vio/logs/skrl/stage1_recovery_20260905/2026-09-05_11-37-52/2026-09-05_11-37-57_ppo_torch_stage1_mixed/checkpoints/best_agent.pt,ecf1a26095dfe976a926a1c7c3876aaafb1c80f1dd681f9e9f35bd678864cdf1,150d107225160ac498040fa20d4ccf9e26ec2703,True,fixed_per_environment_quotas_v2,nominal,29,48,True,True,6.2,,7,False,False,40.01075744628906,6.2,0.5435276627540588,0.18708516657352448,1.4275747537612915
/home/donglei/isaac_projects/isaac_drone_racer/.worktrees/stage1-fake-vio/logs/skrl/stage1_recovery_20260905/2026-09-05_11-37-52/2026-09-05_11-37-57_ppo_torch_stage1_mixed/checkpoints/best_agent.pt,ecf1a26095dfe976a926a1c7c3876aaafb1c80f1dd681f9e9f35bd678864cdf1,150d107225160ac498040fa20d4ccf9e26ec2703,True,fixed_per_environment_quotas_v2,nominal,29,49,True,True,6.0200000000000005,,7,False,False,39.71337127685547,6.0200000000000005,0.5463751554489136,0.1928272843360901,1.38685142993927
/home/donglei/isaac_projects/isaac_drone_racer/.worktrees/stage1-fake-vio/logs/skrl/stage1_recovery_20260905/2026-09-05_11-37-52/2026-09-05_11-37-57_ppo_torch_stage1_mixed/checkpoints/best_agent.pt,ecf1a26095dfe976a926a1c7c3876aaafb1c80f1dd681f9e9f35bd678864cdf1,150d107225160ac498040fa20d4ccf9e26ec2703,True,fixed_per_environment_quotas_v2,nominal,29,50,True,True,6.03,,7,False,False,39.80047607421875,6.03,0.41864827275276184,0.15124745666980743,1.111086130142212
/home/donglei/isaac_projects/isaac_drone_racer/.worktrees/stage1-fake-vio/logs/skrl/stage1_recovery_20260905/2026-09-05_11-37-52/2026-09-05_11-37-57_ppo_torch_stage1_mixed/checkpoints/best_agent.pt,ecf1a26095dfe976a926a1c7c3876aaafb1c80f1dd681f9e9f35bd678864cdf1,150d107225160ac498040fa20d4ccf9e26ec2703,True,fixed_per_environment_quotas_v2,nominal,29,51,True,True,6.24,,7,False,False,39.79740524291992,6.24,0.43176937103271484,0.16360370814800262,1.1791447401046753
/home/donglei/isaac_projects/isaac_drone_racer/.worktrees/stage1-fake-vio/logs/skrl/stage1_recovery_20260905/2026-09-05_11-37-52/2026-09-05_11-37-57_ppo_torch_stage1_mixed/checkpoints/best_agent.pt,ecf1a26095dfe976a926a1c7c3876aaafb1c80f1dd681f9e9f35bd678864cdf1,150d107225160ac498040fa20d4ccf9e26ec2703,True,fixed_per_environment_quotas_v2,nominal,29,52,True,True,6.0600000000000005,,7,False,False,39.80061721801758,6.0600000000000005,0.5521724820137024,0.20386473834514618,1.4463378190994263
/home/donglei/isaac_projects/isaac_drone_racer/.worktrees/stage1-fake-vio/logs/skrl/stage1_recovery_20260905/2026-09-05_11-37-52/2026-09-05_11-37-57_ppo_torch_stage1_mixed/checkpoints/best_agent.pt,ecf1a26095dfe976a926a1c7c3876aaafb1c80f1dd681f9e9f35bd678864cdf1,150d107225160ac498040fa20d4ccf9e26ec2703,True,fixed_per_environment_quotas_v2,nominal,29,53,True,True,5.95,,7,False,False,39.83558654785156,5.95,0.584097683429718,0.1927742213010788,1.524133324623108
/home/donglei/isaac_projects/isaac_drone_racer/.worktrees/stage1-fake-vio/logs/skrl/stage1_recovery_20260905/2026-09-05_11-37-52/2026-09-05_11-37-57_ppo_torch_stage1_mixed/checkpoints/best_agent.pt,ecf1a26095dfe976a926a1c7c3876aaafb1c80f1dd681f9e9f35bd678864cdf1,150d107225160ac498040fa20d4ccf9e26ec2703,True,fixed_per_environment_quotas_v2,nominal,29,54,True,True,5.94,,7,False,False,39.727386474609375,5.94,0.20281028747558594,0.06679539382457733,0.5248980522155762
/home/donglei/isaac_projects/isaac_drone_racer/.worktrees/stage1-fake-vio/logs/skrl/stage1_recovery_20260905/2026-09-05_11-37-52/2026-09-05_11-37-57_ppo_torch_stage1_mixed/checkpoints/best_agent.pt,ecf1a26095dfe976a926a1c7c3876aaafb1c80f1dd681f9e9f35bd678864cdf1,150d107225160ac498040fa20d4ccf9e26ec2703,True,fixed_per_environment_quotas_v2,nominal,29,55,True,True,5.79,,7,False,False,39.341732025146484,5.79,0.21497614681720734,0.07092650979757309,0.5220761895179749
/home/donglei/isaac_projects/isaac_drone_racer/.worktrees/stage1-fake-vio/logs/skrl/stage1_recovery_20260905/2026-09-05_11-37-52/2026-09-05_11-37-57_ppo_torch_stage1_mixed/checkpoints/best_agent.pt,ecf1a26095dfe976a926a1c7c3876aaafb1c80f1dd681f9e9f35bd678864cdf1,150d107225160ac498040fa20d4ccf9e26ec2703,True,fixed_per_environment_quotas_v2,nominal,29,56,True,True,6.26,,7,False,False,39.66402816772461,6.26,0.4228331446647644,0.16617831587791443,1.1511222124099731
/home/donglei/isaac_projects/isaac_drone_racer/.worktrees/stage1-fake-vio/logs/skrl/stage1_recovery_20260905/2026-09-05_11-37-52/2026-09-05_11-37-57_ppo_torch_stage1_mixed/checkpoints/best_agent.pt,ecf1a26095dfe976a926a1c7c3876aaafb1c80f1dd681f9e9f35bd678864cdf1,150d107225160ac498040fa20d4ccf9e26ec2703,True,fixed_per_environment_quotas_v2,nominal,29,57,True,True,6.1000000000000005,,7,False,False,39.90680694580078,6.1000000000000005,0.33094483613967896,0.10546142607927322,0.8311804533004761
/home/donglei/isaac_projects/isaac_drone_racer/.worktrees/stage1-fake-vio/logs/skrl/stage1_recovery_20260905/2026-09-05_11-37-52/2026-09-05_11-37-57_ppo_torch_stage1_mixed/checkpoints/best_agent.pt,ecf1a26095dfe976a926a1c7c3876aaafb1c80f1dd681f9e9f35bd678864cdf1,150d107225160ac498040fa20d4ccf9e26ec2703,True,fixed_per_environment_quotas_v2,nominal,29,58,True,True,6.16,,7,False,False,39.950050354003906,6.16,0.4191621243953705,0.14553362131118774,1.0947964191436768
/home/donglei/isaac_projects/isaac_drone_racer/.worktrees/stage1-fake-vio/logs/skrl/stage1_recovery_20260905/2026-09-05_11-37-52/2026-09-05_11-37-57_ppo_torch_stage1_mixed/checkpoints/best_agent.pt,ecf1a26095dfe976a926a1c7c3876aaafb1c80f1dd681f9e9f35bd678864cdf1,150d107225160ac498040fa20d4ccf9e26ec2703,True,fixed_per_environment_quotas_v2,nominal,29,59,True,True,6.26,,7,False,False,39.761878967285156,6.26,0.5456883907318115,0.2175685316324234,1.4205951690673828
/home/donglei/isaac_projects/isaac_drone_racer/.worktrees/stage1-fake-vio/logs/skrl/stage1_recovery_20260905/2026-09-05_11-37-52/2026-09-05_11-37-57_ppo_torch_stage1_mixed/checkpoints/best_agent.pt,ecf1a26095dfe976a926a1c7c3876aaafb1c80f1dd681f9e9f35bd678864cdf1,150d107225160ac498040fa20d4ccf9e26ec2703,True,fixed_per_environment_quotas_v2,nominal,29,60,True,True,6.21,,7,False,False,40.01949691772461,6.21,0.43049386143684387,0.14648477733135223,1.0947314500808716
/home/donglei/isaac_projects/isaac_drone_racer/.worktrees/stage1-fake-vio/logs/skrl/stage1_recovery_20260905/2026-09-05_11-37-52/2026-09-05_11-37-57_ppo_torch_stage1_mixed/checkpoints/best_agent.pt,ecf1a26095dfe976a926a1c7c3876aaafb1c80f1dd681f9e9f35bd678864cdf1,150d107225160ac498040fa20d4ccf9e26ec2703,True,fixed_per_environment_quotas_v2,nominal,29,61,True,True,5.95,,7,False,False,39.49678039550781,5.95,0.42467162013053894,0.14397461712360382,1.1419341564178467
/home/donglei/isaac_projects/isaac_drone_racer/.worktrees/stage1-fake-vio/logs/skrl/stage1_recovery_20260905/2026-09-05_11-37-52/2026-09-05_11-37-57_ppo_torch_stage1_mixed/checkpoints/best_agent.pt,ecf1a26095dfe976a926a1c7c3876aaafb1c80f1dd681f9e9f35bd678864cdf1,150d107225160ac498040fa20d4ccf9e26ec2703,True,fixed_per_environment_quotas_v2,nominal,29,62,True,True,6.15,,7,False,False,39.772911071777344,6.15,0.5943595767021179,0.20325441658496857,1.5030853748321533
/home/donglei/isaac_projects/isaac_drone_racer/.worktrees/stage1-fake-vio/logs/skrl/stage1_recovery_20260905/2026-09-05_11-37-52/2026-09-05_11-37-57_ppo_torch_stage1_mixed/checkpoints/best_agent.pt,ecf1a26095dfe976a926a1c7c3876aaafb1c80f1dd681f9e9f35bd678864cdf1,150d107225160ac498040fa20d4ccf9e26ec2703,True,fixed_per_environment_quotas_v2,nominal,29,63,True,True,6.01,,7,False,False,39.78964614868164,6.01,0.5682327747344971,0.1985885053873062,1.4835565090179443
/home/donglei/isaac_projects/isaac_drone_racer/.worktrees/stage1-fake-vio/logs/skrl/stage1_recovery_20260905/2026-09-05_11-37-52/2026-09-05_11-37-57_ppo_torch_stage1_mixed/checkpoints/best_agent.pt,ecf1a26095dfe976a926a1c7c3876aaafb1c80f1dd681f9e9f35bd678864cdf1,150d107225160ac498040fa20d4ccf9e26ec2703,True,fixed_per_environment_quotas_v2,nominal,29,64,True,True,5.97,,7,False,False,39.95125961303711,5.97,0.5677866339683533,0.17819929122924805,1.416430115699768
/home/donglei/isaac_projects/isaac_drone_racer/.worktrees/stage1-fake-vio/logs/skrl/stage1_recovery_20260905/2026-09-05_11-37-52/2026-09-05_11-37-57_ppo_torch_stage1_mixed/checkpoints/best_agent.pt,ecf1a26095dfe976a926a1c7c3876aaafb1c80f1dd681f9e9f35bd678864cdf1,150d107225160ac498040fa20d4ccf9e26ec2703,True,fixed_per_environment_quotas_v2,nominal,29,65,True,True,5.92,,7,False,False,39.659507751464844,5.92,0.33750808238983154,0.1075814962387085,0.8443873524665833
/home/donglei/isaac_projects/isaac_drone_racer/.worktrees/stage1-fake-vio/logs/skrl/stage1_recovery_20260905/2026-09-05_11-37-52/2026-09-05_11-37-57_ppo_torch_stage1_mixed/checkpoints/best_agent.pt,ecf1a26095dfe976a926a1c7c3876aaafb1c80f1dd681f9e9f35bd678864cdf1,150d107225160ac498040fa20d4ccf9e26ec2703,True,fixed_per_environment_quotas_v2,nominal,29,66,True,True,5.91,,7,False,False,39.809207916259766,5.91,0.3292730152606964,0.10181006044149399,0.8264276385307312
/home/donglei/isaac_projects/isaac_drone_racer/.worktrees/stage1-fake-vio/logs/skrl/stage1_recovery_20260905/2026-09-05_11-37-52/2026-09-05_11-37-57_ppo_torch_stage1_mixed/checkpoints/best_agent.pt,ecf1a26095dfe976a926a1c7c3876aaafb1c80f1dd681f9e9f35bd678864cdf1,150d107225160ac498040fa20d4ccf9e26ec2703,True,fixed_per_environment_quotas_v2,nominal,29,67,True,True,5.8500000000000005,,7,False,False,39.817386627197266,5.8500000000000005,0.3381829857826233,0.10825031250715256,0.8643746376037598
/home/donglei/isaac_projects/isaac_drone_racer/.worktrees/stage1-fake-vio/logs/skrl/stage1_recovery_20260905/2026-09-05_11-37-52/2026-09-05_11-37-57_ppo_torch_stage1_mixed/checkpoints/best_agent.pt,ecf1a26095dfe976a926a1c7c3876aaafb1c80f1dd681f9e9f35bd678864cdf1,150d107225160ac498040fa20d4ccf9e26ec2703,True,fixed_per_environment_quotas_v2,nominal,29,68,True,True,5.96,,7,False,False,39.741424560546875,5.96,0.4575963318347931,0.14895310997962952,1.1714328527450562
/home/donglei/isaac_projects/isaac_drone_racer/.worktrees/stage1-fake-vio/logs/skrl/stage1_recovery_20260905/2026-09-05_11-37-52/2026-09-05_11-37-57_ppo_torch_stage1_mixed/checkpoints/best_agent.pt,ecf1a26095dfe976a926a1c7c3876aaafb1c80f1dd681f9e9f35bd678864cdf1,150d107225160ac498040fa20d4ccf9e26ec2703,True,fixed_per_environment_quotas_v2,nominal,29,69,True,True,5.94,,7,False,False,39.84302520751953,5.94,0.5557410717010498,0.19174836575984955,1.457771897315979
/home/donglei/isaac_projects/isaac_drone_racer/.worktrees/stage1-fake-vio/logs/skrl/stage1_recovery_20260905/2026-09-05_11-37-52/2026-09-05_11-37-57_ppo_torch_stage1_mixed/checkpoints/best_agent.pt,ecf1a26095dfe976a926a1c7c3876aaafb1c80f1dd681f9e9f35bd678864cdf1,150d107225160ac498040fa20d4ccf9e26ec2703,True,fixed_per_environment_quotas_v2,nominal,29,70,True,True,5.97,,7,False,False,39.544677734375,5.97,0.3151852786540985,0.10161630064249039,0.8092531561851501
/home/donglei/isaac_projects/isaac_drone_racer/.worktrees/stage1-fake-vio/logs/skrl/stage1_recovery_20260905/2026-09-05_11-37-52/2026-09-05_11-37-57_ppo_torch_stage1_mixed/checkpoints/best_agent.pt,ecf1a26095dfe976a926a1c7c3876aaafb1c80f1dd681f9e9f35bd678864cdf1,150d107225160ac498040fa20d4ccf9e26ec2703,True,fixed_per_environment_quotas_v2,nominal,29,71,True,True,6.12,,7,False,False,39.889400482177734,6.12,0.30523163080215454,0.10721328854560852,0.7774221897125244
/home/donglei/isaac_projects/isaac_drone_racer/.worktrees/stage1-fake-vio/logs/skrl/stage1_recovery_20260905/2026-09-05_11-37-52/2026-09-05_11-37-57_ppo_torch_stage1_mixed/checkpoints/best_agent.pt,ecf1a26095dfe976a926a1c7c3876aaafb1c80f1dd681f9e9f35bd678864cdf1,150d107225160ac498040fa20d4ccf9e26ec2703,True,fixed_per_environment_quotas_v2,nominal,29,72,False,False,,6,1,True,False,1.520719051361084,1.61,0.14444808661937714,0.060427334159612656,0.8851025104522705
/home/donglei/isaac_projects/isaac_drone_racer/.worktrees/stage1-fake-vio/logs/skrl/stage1_recovery_20260905/2026-09-05_11-37-52/2026-09-05_11-37-57_ppo_torch_stage1_mixed/checkpoints/best_agent.pt,ecf1a26095dfe976a926a1c7c3876aaafb1c80f1dd681f9e9f35bd678864cdf1,150d107225160ac498040fa20d4ccf9e26ec2703,True,fixed_per_environment_quotas_v2,nominal,29,73,True,True,5.98,,7,False,False,39.70343780517578,5.98,0.3021557331085205,0.10636673867702484,0.8010427355766296
/home/donglei/isaac_projects/isaac_drone_racer/.worktrees/stage1-fake-vio/logs/skrl/stage1_recovery_20260905/2026-09-05_11-37-52/2026-09-05_11-37-57_ppo_torch_stage1_mixed/checkpoints/best_agent.pt,ecf1a26095dfe976a926a1c7c3876aaafb1c80f1dd681f9e9f35bd678864cdf1,150d107225160ac498040fa20d4ccf9e26ec2703,True,fixed_per_environment_quotas_v2,nominal,29,74,True,True,6.32,,7,False,False,39.82334518432617,6.32,0.20003633201122284,0.07009928673505783,0.5733944773674011
/home/donglei/isaac_projects/isaac_drone_racer/.worktrees/stage1-fake-vio/logs/skrl/stage1_recovery_20260905/2026-09-05_11-37-52/2026-09-05_11-37-57_ppo_torch_stage1_mixed/checkpoints/best_agent.pt,ecf1a26095dfe976a926a1c7c3876aaafb1c80f1dd681f9e9f35bd678864cdf1,150d107225160ac498040fa20d4ccf9e26ec2703,True,fixed_per_environment_quotas_v2,nominal,29,75,False,False,,4,1,True,False,3.8183841705322266,2.36,0.6043837666511536,0.22732415795326233,1.4096463918685913
/home/donglei/isaac_projects/isaac_drone_racer/.worktrees/stage1-fake-vio/logs/skrl/stage1_recovery_20260905/2026-09-05_11-37-52/2026-09-05_11-37-57_ppo_torch_stage1_mixed/checkpoints/best_agent.pt,ecf1a26095dfe976a926a1c7c3876aaafb1c80f1dd681f9e9f35bd678864cdf1,150d107225160ac498040fa20d4ccf9e26ec2703,True,fixed_per_environment_quotas_v2,nominal,29,76,True,True,6.07,,7,False,False,39.81157302856445,6.07,0.3079206049442291,0.11020436882972717,0.8012434244155884
/home/donglei/isaac_projects/isaac_drone_racer/.worktrees/stage1-fake-vio/logs/skrl/stage1_recovery_20260905/2026-09-05_11-37-52/2026-09-05_11-37-57_ppo_torch_stage1_mixed/checkpoints/best_agent.pt,ecf1a26095dfe976a926a1c7c3876aaafb1c80f1dd681f9e9f35bd678864cdf1,150d107225160ac498040fa20d4ccf9e26ec2703,True,fixed_per_environment_quotas_v2,nominal,29,77,True,True,5.97,,7,False,False,39.66946792602539,5.97,0.3229883909225464,0.09504320472478867,0.834454357624054
/home/donglei/isaac_projects/isaac_drone_racer/.worktrees/stage1-fake-vio/logs/skrl/stage1_recovery_20260905/2026-09-05_11-37-52/2026-09-05_11-37-57_ppo_torch_stage1_mixed/checkpoints/best_agent.pt,ecf1a26095dfe976a926a1c7c3876aaafb1c80f1dd681f9e9f35bd678864cdf1,150d107225160ac498040fa20d4ccf9e26ec2703,True,fixed_per_environment_quotas_v2,nominal,29,78,False,False,,4,2,True,False,9.769695281982422,3.0300000000000002,0.3923616111278534,0.11403001844882965,0.9759835004806519
/home/donglei/isaac_projects/isaac_drone_racer/.worktrees/stage1-fake-vio/logs/skrl/stage1_recovery_20260905/2026-09-05_11-37-52/2026-09-05_11-37-57_ppo_torch_stage1_mixed/checkpoints/best_agent.pt,ecf1a26095dfe976a926a1c7c3876aaafb1c80f1dd681f9e9f35bd678864cdf1,150d107225160ac498040fa20d4ccf9e26ec2703,True,fixed_per_environment_quotas_v2,nominal,29,79,False,False,,4,2,True,False,9.732866287231445,3.43,0.4619334638118744,0.14477959275245667,1.142125129699707
/home/donglei/isaac_projects/isaac_drone_racer/.worktrees/stage1-fake-vio/logs/skrl/stage1_recovery_20260905/2026-09-05_11-37-52/2026-09-05_11-37-57_ppo_torch_stage1_mixed/checkpoints/best_agent.pt,ecf1a26095dfe976a926a1c7c3876aaafb1c80f1dd681f9e9f35bd678864cdf1,150d107225160ac498040fa20d4ccf9e26ec2703,True,fixed_per_environment_quotas_v2,nominal,29,80,True,True,5.98,,7,False,False,39.62251281738281,5.98,0.4310750961303711,0.16048471629619598,1.1384835243225098
/home/donglei/isaac_projects/isaac_drone_racer/.worktrees/stage1-fake-vio/logs/skrl/stage1_recovery_20260905/2026-09-05_11-37-52/2026-09-05_11-37-57_ppo_torch_stage1_mixed/checkpoints/best_agent.pt,ecf1a26095dfe976a926a1c7c3876aaafb1c80f1dd681f9e9f35bd678864cdf1,150d107225160ac498040fa20d4ccf9e26ec2703,True,fixed_per_environment_quotas_v2,nominal,29,81,True,True,6.12,,7,False,False,39.836341857910156,6.12,0.30458304286003113,0.10668761283159256,0.7621573805809021
/home/donglei/isaac_projects/isaac_drone_racer/.worktrees/stage1-fake-vio/logs/skrl/stage1_recovery_20260905/2026-09-05_11-37-52/2026-09-05_11-37-57_ppo_torch_stage1_mixed/checkpoints/best_agent.pt,ecf1a26095dfe976a926a1c7c3876aaafb1c80f1dd681f9e9f35bd678864cdf1,150d107225160ac498040fa20d4ccf9e26ec2703,True,fixed_per_environment_quotas_v2,nominal,29,82,True,True,5.88,,7,False,False,39.62238311767578,5.88,0.20931413769721985,0.06447213888168335,0.5380861163139343
/home/donglei/isaac_projects/isaac_drone_racer/.worktrees/stage1-fake-vio/logs/skrl/stage1_recovery_20260905/2026-09-05_11-37-52/2026-09-05_11-37-57_ppo_torch_stage1_mixed/checkpoints/best_agent.pt,ecf1a26095dfe976a926a1c7c3876aaafb1c80f1dd681f9e9f35bd678864cdf1,150d107225160ac498040fa20d4ccf9e26ec2703,True,fixed_per_environment_quotas_v2,nominal,29,83,True,True,6.04,,7,False,False,39.88243103027344,6.04,0.4479061961174011,0.14114955067634583,1.0934662818908691
/home/donglei/isaac_projects/isaac_drone_racer/.worktrees/stage1-fake-vio/logs/skrl/stage1_recovery_20260905/2026-09-05_11-37-52/2026-09-05_11-37-57_ppo_torch_stage1_mixed/checkpoints/best_agent.pt,ecf1a26095dfe976a926a1c7c3876aaafb1c80f1dd681f9e9f35bd678864cdf1,150d107225160ac498040fa20d4ccf9e26ec2703,True,fixed_per_environment_quotas_v2,nominal,29,84,True,True,5.95,,7,False,False,39.422142028808594,5.95,0.5615041851997375,0.1795942634344101,1.4562089443206787
/home/donglei/isaac_projects/isaac_drone_racer/.worktrees/stage1-fake-vio/logs/skrl/stage1_recovery_20260905/2026-09-05_11-37-52/2026-09-05_11-37-57_ppo_torch_stage1_mixed/checkpoints/best_agent.pt,ecf1a26095dfe976a926a1c7c3876aaafb1c80f1dd681f9e9f35bd678864cdf1,150d107225160ac498040fa20d4ccf9e26ec2703,True,fixed_per_environment_quotas_v2,nominal,29,85,True,True,6.08,,7,False,False,39.73432922363281,6.08,0.4201449155807495,0.144370898604393,1.1210142374038696
/home/donglei/isaac_projects/isaac_drone_racer/.worktrees/stage1-fake-vio/logs/skrl/stage1_recovery_20260905/2026-09-05_11-37-52/2026-09-05_11-37-57_ppo_torch_stage1_mixed/checkpoints/best_agent.pt,ecf1a26095dfe976a926a1c7c3876aaafb1c80f1dd681f9e9f35bd678864cdf1,150d107225160ac498040fa20d4ccf9e26ec2703,True,fixed_per_environment_quotas_v2,nominal,29,86,True,True,5.95,,7,False,False,39.70392608642578,5.95,0.31442776322364807,0.10316402465105057,0.8275514841079712
/home/donglei/isaac_projects/isaac_drone_racer/.worktrees/stage1-fake-vio/logs/skrl/stage1_recovery_20260905/2026-09-05_11-37-52/2026-09-05_11-37-57_ppo_torch_stage1_mixed/checkpoints/best_agent.pt,ecf1a26095dfe976a926a1c7c3876aaafb1c80f1dd681f9e9f35bd678864cdf1,150d107225160ac498040fa20d4ccf9e26ec2703,True,fixed_per_environment_quotas_v2,nominal,29,87,True,True,5.9,,7,False,False,39.82128143310547,5.9,0.19735319912433624,0.07129871100187302,0.49193722009658813
/home/donglei/isaac_projects/isaac_drone_racer/.worktrees/stage1-fake-vio/logs/skrl/stage1_recovery_20260905/2026-09-05_11-37-52/2026-09-05_11-37-57_ppo_torch_stage1_mixed/checkpoints/best_agent.pt,ecf1a26095dfe976a926a1c7c3876aaafb1c80f1dd681f9e9f35bd678864cdf1,150d107225160ac498040fa20d4ccf9e26ec2703,True,fixed_per_environment_quotas_v2,nominal,29,88,True,True,6.08,,7,False,False,39.579933166503906,6.08,0.31683018803596497,0.1131066381931305,0.8180234432220459
/home/donglei/isaac_projects/isaac_drone_racer/.worktrees/stage1-fake-vio/logs/skrl/stage1_recovery_20260905/2026-09-05_11-37-52/2026-09-05_11-37-57_ppo_torch_stage1_mixed/checkpoints/best_agent.pt,ecf1a26095dfe976a926a1c7c3876aaafb1c80f1dd681f9e9f35bd678864cdf1,150d107225160ac498040fa20d4ccf9e26ec2703,True,fixed_per_environment_quotas_v2,nominal,29,89,True,True,5.99,,7,False,False,39.71134567260742,5.99,0.4407372772693634,0.1461317092180252,1.1691433191299438
/home/donglei/isaac_projects/isaac_drone_racer/.worktrees/stage1-fake-vio/logs/skrl/stage1_recovery_20260905/2026-09-05_11-37-52/2026-09-05_11-37-57_ppo_torch_stage1_mixed/checkpoints/best_agent.pt,ecf1a26095dfe976a926a1c7c3876aaafb1c80f1dd681f9e9f35bd678864cdf1,150d107225160ac498040fa20d4ccf9e26ec2703,True,fixed_per_environment_quotas_v2,nominal,29,90,True,True,5.88,,7,False,False,39.67613983154297,5.88,0.4523265063762665,0.14043767750263214,1.0922510623931885
/home/donglei/isaac_projects/isaac_drone_racer/.worktrees/stage1-fake-vio/logs/skrl/stage1_recovery_20260905/2026-09-05_11-37-52/2026-09-05_11-37-57_ppo_torch_stage1_mixed/checkpoints/best_agent.pt,ecf1a26095dfe976a926a1c7c3876aaafb1c80f1dd681f9e9f35bd678864cdf1,150d107225160ac498040fa20d4ccf9e26ec2703,True,fixed_per_environment_quotas_v2,nominal,29,91,True,True,6.11,,7,False,False,39.774391174316406,6.11,0.34300556778907776,0.11462243646383286,0.8409027457237244
/home/donglei/isaac_projects/isaac_drone_racer/.worktrees/stage1-fake-vio/logs/skrl/stage1_recovery_20260905/2026-09-05_11-37-52/2026-09-05_11-37-57_ppo_torch_stage1_mixed/checkpoints/best_agent.pt,ecf1a26095dfe976a926a1c7c3876aaafb1c80f1dd681f9e9f35bd678864cdf1,150d107225160ac498040fa20d4ccf9e26ec2703,True,fixed_per_environment_quotas_v2,nominal,29,92,True,True,6.12,,7,False,False,39.60643768310547,6.12,0.29924091696739197,0.1122526153922081,0.8110530376434326
/home/donglei/isaac_projects/isaac_drone_racer/.worktrees/stage1-fake-vio/logs/skrl/stage1_recovery_20260905/2026-09-05_11-37-52/2026-09-05_11-37-57_ppo_torch_stage1_mixed/checkpoints/best_agent.pt,ecf1a26095dfe976a926a1c7c3876aaafb1c80f1dd681f9e9f35bd678864cdf1,150d107225160ac498040fa20d4ccf9e26ec2703,True,fixed_per_environment_quotas_v2,nominal,29,93,True,True,6.0,,7,False,False,39.522438049316406,6.0,0.20281995832920074,0.07296968251466751,0.5338270664215088
/home/donglei/isaac_projects/isaac_drone_racer/.worktrees/stage1-fake-vio/logs/skrl/stage1_recovery_20260905/2026-09-05_11-37-52/2026-09-05_11-37-57_ppo_torch_stage1_mixed/checkpoints/best_agent.pt,ecf1a26095dfe976a926a1c7c3876aaafb1c80f1dd681f9e9f35bd678864cdf1,150d107225160ac498040fa20d4ccf9e26ec2703,True,fixed_per_environment_quotas_v2,nominal,29,94,True,True,5.94,,7,False,False,39.83484649658203,5.94,0.5680434703826904,0.1831779181957245,1.4573602676391602
/home/donglei/isaac_projects/isaac_drone_racer/.worktrees/stage1-fake-vio/logs/skrl/stage1_recovery_20260905/2026-09-05_11-37-52/2026-09-05_11-37-57_ppo_torch_stage1_mixed/checkpoints/best_agent.pt,ecf1a26095dfe976a926a1c7c3876aaafb1c80f1dd681f9e9f35bd678864cdf1,150d107225160ac498040fa20d4ccf9e26ec2703,True,fixed_per_environment_quotas_v2,nominal,29,95,True,True,6.0200000000000005,,7,False,False,39.897220611572266,6.0200000000000005,0.5618365406990051,0.19281139969825745,1.4803500175476074
/home/donglei/isaac_projects/isaac_drone_racer/.worktrees/stage1-fake-vio/logs/skrl/stage1_recovery_20260905/2026-09-05_11-37-52/2026-09-05_11-37-57_ppo_torch_stage1_mixed/checkpoints/best_agent.pt,ecf1a26095dfe976a926a1c7c3876aaafb1c80f1dd681f9e9f35bd678864cdf1,150d107225160ac498040fa20d4ccf9e26ec2703,True,fixed_per_environment_quotas_v2,nominal,29,96,True,True,6.65,,7,False,False,39.528324127197266,6.65,0.2985234558582306,0.1177477315068245,0.7884800434112549
/home/donglei/isaac_projects/isaac_drone_racer/.worktrees/stage1-fake-vio/logs/skrl/stage1_recovery_20260905/2026-09-05_11-37-52/2026-09-05_11-37-57_ppo_torch_stage1_mixed/checkpoints/best_agent.pt,ecf1a26095dfe976a926a1c7c3876aaafb1c80f1dd681f9e9f35bd678864cdf1,150d107225160ac498040fa20d4ccf9e26ec2703,True,fixed_per_environment_quotas_v2,nominal,29,97,True,True,6.03,,7,False,False,39.82752990722656,6.03,0.20339414477348328,0.07268668711185455,0.5276506543159485
/home/donglei/isaac_projects/isaac_drone_racer/.worktrees/stage1-fake-vio/logs/skrl/stage1_recovery_20260905/2026-09-05_11-37-52/2026-09-05_11-37-57_ppo_torch_stage1_mixed/checkpoints/best_agent.pt,ecf1a26095dfe976a926a1c7c3876aaafb1c80f1dd681f9e9f35bd678864cdf1,150d107225160ac498040fa20d4ccf9e26ec2703,True,fixed_per_environment_quotas_v2,nominal,29,98,True,True,6.05,,7,False,False,39.79606628417969,6.05,0.5651235580444336,0.18622037768363953,1.433188557624817
/home/donglei/isaac_projects/isaac_drone_racer/.worktrees/stage1-fake-vio/logs/skrl/stage1_recovery_20260905/2026-09-05_11-37-52/2026-09-05_11-37-57_ppo_torch_stage1_mixed/checkpoints/best_agent.pt,ecf1a26095dfe976a926a1c7c3876aaafb1c80f1dd681f9e9f35bd678864cdf1,150d107225160ac498040fa20d4ccf9e26ec2703,True,fixed_per_environment_quotas_v2,nominal,29,99,True,True,6.140000000000001,,7,False,False,39.809268951416016,6.140000000000001,0.2987171709537506,0.11595189571380615,0.8183287382125854
/home/donglei/isaac_projects/isaac_drone_racer/.worktrees/stage1-fake-vio/logs/skrl/stage1_recovery_20260905/2026-09-05_11-37-52/2026-09-05_11-37-57_ppo_torch_stage1_mixed/checkpoints/best_agent.pt,ecf1a26095dfe976a926a1c7c3876aaafb1c80f1dd681f9e9f35bd678864cdf1,150d107225160ac498040fa20d4ccf9e26ec2703,True,fixed_per_environment_quotas_v2,nominal,29,100,True,True,6.01,,7,False,False,39.7536506652832,6.01,0.43576493859291077,0.14841842651367188,1.160312533378601
/home/donglei/isaac_projects/isaac_drone_racer/.worktrees/stage1-fake-vio/logs/skrl/stage1_recovery_20260905/2026-09-05_11-37-52/2026-09-05_11-37-57_ppo_torch_stage1_mixed/checkpoints/best_agent.pt,ecf1a26095dfe976a926a1c7c3876aaafb1c80f1dd681f9e9f35bd678864cdf1,150d107225160ac498040fa20d4ccf9e26ec2703,True,fixed_per_environment_quotas_v2,nominal,29,101,True,True,5.9,,7,False,False,39.73263168334961,5.9,0.5728920102119446,0.19215098023414612,1.4992011785507202
/home/donglei/isaac_projects/isaac_drone_racer/.worktrees/stage1-fake-vio/logs/skrl/stage1_recovery_20260905/2026-09-05_11-37-52/2026-09-05_11-37-57_ppo_torch_stage1_mixed/checkpoints/best_agent.pt,ecf1a26095dfe976a926a1c7c3876aaafb1c80f1dd681f9e9f35bd678864cdf1,150d107225160ac498040fa20d4ccf9e26ec2703,True,fixed_per_environment_quotas_v2,nominal,29,102,True,True,5.74,,7,False,False,39.763427734375,5.74,0.32947784662246704,0.10428482294082642,0.8391479849815369
/home/donglei/isaac_projects/isaac_drone_racer/.worktrees/stage1-fake-vio/logs/skrl/stage1_recovery_20260905/2026-09-05_11-37-52/2026-09-05_11-37-57_ppo_torch_stage1_mixed/checkpoints/best_agent.pt,ecf1a26095dfe976a926a1c7c3876aaafb1c80f1dd681f9e9f35bd678864cdf1,150d107225160ac498040fa20d4ccf9e26ec2703,True,fixed_per_environment_quotas_v2,nominal,29,103,True,True,5.98,,7,False,False,39.769962310791016,5.98,0.5592897534370422,0.20304228365421295,1.4708037376403809
/home/donglei/isaac_projects/isaac_drone_racer/.worktrees/stage1-fake-vio/logs/skrl/stage1_recovery_20260905/2026-09-05_11-37-52/2026-09-05_11-37-57_ppo_torch_stage1_mixed/checkpoints/best_agent.pt,ecf1a26095dfe976a926a1c7c3876aaafb1c80f1dd681f9e9f35bd678864cdf1,150d107225160ac498040fa20d4ccf9e26ec2703,True,fixed_per_environment_quotas_v2,nominal,29,104,True,True,5.83,,7,False,False,39.53862762451172,5.83,0.211012065410614,0.07160935550928116,0.5345418453216553
/home/donglei/isaac_projects/isaac_drone_racer/.worktrees/stage1-fake-vio/logs/skrl/stage1_recovery_20260905/2026-09-05_11-37-52/2026-09-05_11-37-57_ppo_torch_stage1_mixed/checkpoints/best_agent.pt,ecf1a26095dfe976a926a1c7c3876aaafb1c80f1dd681f9e9f35bd678864cdf1,150d107225160ac498040fa20d4ccf9e26ec2703,True,fixed_per_environment_quotas_v2,nominal,29,105,True,True,6.03,,7,False,False,39.7172737121582,6.03,0.30822548270225525,0.10257848352193832,0.8050233125686646
/home/donglei/isaac_projects/isaac_drone_racer/.worktrees/stage1-fake-vio/logs/skrl/stage1_recovery_20260905/2026-09-05_11-37-52/2026-09-05_11-37-57_ppo_torch_stage1_mixed/checkpoints/best_agent.pt,ecf1a26095dfe976a926a1c7c3876aaafb1c80f1dd681f9e9f35bd678864cdf1,150d107225160ac498040fa20d4ccf9e26ec2703,True,fixed_per_environment_quotas_v2,nominal,29,106,True,True,6.19,,7,False,False,39.61650466918945,6.19,0.5214698314666748,0.2074931114912033,1.3958333730697632
/home/donglei/isaac_projects/isaac_drone_racer/.worktrees/stage1-fake-vio/logs/skrl/stage1_recovery_20260905/2026-09-05_11-37-52/2026-09-05_11-37-57_ppo_torch_stage1_mixed/checkpoints/best_agent.pt,ecf1a26095dfe976a926a1c7c3876aaafb1c80f1dd681f9e9f35bd678864cdf1,150d107225160ac498040fa20d4ccf9e26ec2703,True,fixed_per_environment_quotas_v2,nominal,29,107,True,True,6.48,,7,False,False,39.75762939453125,6.48,0.546392560005188,0.21697816252708435,1.3922743797302246
/home/donglei/isaac_projects/isaac_drone_racer/.worktrees/stage1-fake-vio/logs/skrl/stage1_recovery_20260905/2026-09-05_11-37-52/2026-09-05_11-37-57_ppo_torch_stage1_mixed/checkpoints/best_agent.pt,ecf1a26095dfe976a926a1c7c3876aaafb1c80f1dd681f9e9f35bd678864cdf1,150d107225160ac498040fa20d4ccf9e26ec2703,True,fixed_per_environment_quotas_v2,nominal,29,108,True,True,6.13,,7,False,False,39.7265510559082,6.13,0.3029063940048218,0.10624276846647263,0.8019614815711975
/home/donglei/isaac_projects/isaac_drone_racer/.worktrees/stage1-fake-vio/logs/skrl/stage1_recovery_20260905/2026-09-05_11-37-52/2026-09-05_11-37-57_ppo_torch_stage1_mixed/checkpoints/best_agent.pt,ecf1a26095dfe976a926a1c7c3876aaafb1c80f1dd681f9e9f35bd678864cdf1,150d107225160ac498040fa20d4ccf9e26ec2703,True,fixed_per_environment_quotas_v2,nominal,29,109,True,True,5.9,,7,False,False,39.70866775512695,5.9,0.31498411297798157,0.10308744758367538,0.8192383646965027
/home/donglei/isaac_projects/isaac_drone_racer/.worktrees/stage1-fake-vio/logs/skrl/stage1_recovery_20260905/2026-09-05_11-37-52/2026-09-05_11-37-57_ppo_torch_stage1_mixed/checkpoints/best_agent.pt,ecf1a26095dfe976a926a1c7c3876aaafb1c80f1dd681f9e9f35bd678864cdf1,150d107225160ac498040fa20d4ccf9e26ec2703,True,fixed_per_environment_quotas_v2,nominal,29,110,True,True,5.96,,7,False,False,39.74782943725586,5.96,0.32729360461235046,0.11548817157745361,0.8367600440979004
/home/donglei/isaac_projects/isaac_drone_racer/.worktrees/stage1-fake-vio/logs/skrl/stage1_recovery_20260905/2026-09-05_11-37-52/2026-09-05_11-37-57_ppo_torch_stage1_mixed/checkpoints/best_agent.pt,ecf1a26095dfe976a926a1c7c3876aaafb1c80f1dd681f9e9f35bd678864cdf1,150d107225160ac498040fa20d4ccf9e26ec2703,True,fixed_per_environment_quotas_v2,nominal,29,111,True,True,6.16,,7,False,False,39.63029479980469,6.16,0.5531976819038391,0.1985873281955719,1.4686933755874634
/home/donglei/isaac_projects/isaac_drone_racer/.worktrees/stage1-fake-vio/logs/skrl/stage1_recovery_20260905/2026-09-05_11-37-52/2026-09-05_11-37-57_ppo_torch_stage1_mixed/checkpoints/best_agent.pt,ecf1a26095dfe976a926a1c7c3876aaafb1c80f1dd681f9e9f35bd678864cdf1,150d107225160ac498040fa20d4ccf9e26ec2703,True,fixed_per_environment_quotas_v2,nominal,29,112,True,True,6.18,,7,False,False,39.74778747558594,6.18,0.3038812279701233,0.11230618506669998,0.8149121999740601
/home/donglei/isaac_projects/isaac_drone_racer/.worktrees/stage1-fake-vio/logs/skrl/stage1_recovery_20260905/2026-09-05_11-37-52/2026-09-05_11-37-57_ppo_torch_stage1_mixed/checkpoints/best_agent.pt,ecf1a26095dfe976a926a1c7c3876aaafb1c80f1dd681f9e9f35bd678864cdf1,150d107225160ac498040fa20d4ccf9e26ec2703,True,fixed_per_environment_quotas_v2,nominal,29,113,True,True,5.92,,7,False,False,39.71522521972656,5.92,0.31729042530059814,0.10269664227962494,0.7889493107795715
/home/donglei/isaac_projects/isaac_drone_racer/.worktrees/stage1-fake-vio/logs/skrl/stage1_recovery_20260905/2026-09-05_11-37-52/2026-09-05_11-37-57_ppo_torch_stage1_mixed/checkpoints/best_agent.pt,ecf1a26095dfe976a926a1c7c3876aaafb1c80f1dd681f9e9f35bd678864cdf1,150d107225160ac498040fa20d4ccf9e26ec2703,True,fixed_per_environment_quotas_v2,nominal,29,114,True,True,6.33,,7,False,False,39.71489334106445,6.33,0.21247486770153046,0.07745695859193802,0.5261964201927185
/home/donglei/isaac_projects/isaac_drone_racer/.worktrees/stage1-fake-vio/logs/skrl/stage1_recovery_20260905/2026-09-05_11-37-52/2026-09-05_11-37-57_ppo_torch_stage1_mixed/checkpoints/best_agent.pt,ecf1a26095dfe976a926a1c7c3876aaafb1c80f1dd681f9e9f35bd678864cdf1,150d107225160ac498040fa20d4ccf9e26ec2703,True,fixed_per_environment_quotas_v2,nominal,29,115,True,True,5.99,,7,False,False,39.885650634765625,5.99,0.541510283946991,0.18120577931404114,1.3910561800003052
/home/donglei/isaac_projects/isaac_drone_racer/.worktrees/stage1-fake-vio/logs/skrl/stage1_recovery_20260905/2026-09-05_11-37-52/2026-09-05_11-37-57_ppo_torch_stage1_mixed/checkpoints/best_agent.pt,ecf1a26095dfe976a926a1c7c3876aaafb1c80f1dd681f9e9f35bd678864cdf1,150d107225160ac498040fa20d4ccf9e26ec2703,True,fixed_per_environment_quotas_v2,nominal,29,116,True,True,6.0,,7,False,False,39.70198059082031,6.0,0.4277622699737549,0.15287213027477264,1.1237465143203735
/home/donglei/isaac_projects/isaac_drone_racer/.worktrees/stage1-fake-vio/logs/skrl/stage1_recovery_20260905/2026-09-05_11-37-52/2026-09-05_11-37-57_ppo_torch_stage1_mixed/checkpoints/best_agent.pt,ecf1a26095dfe976a926a1c7c3876aaafb1c80f1dd681f9e9f35bd678864cdf1,150d107225160ac498040fa20d4ccf9e26ec2703,True,fixed_per_environment_quotas_v2,nominal,29,117,True,True,6.16,,7,False,False,39.9288444519043,6.16,0.2007795125246048,0.06633345037698746,0.5065687894821167
/home/donglei/isaac_projects/isaac_drone_racer/.worktrees/stage1-fake-vio/logs/skrl/stage1_recovery_20260905/2026-09-05_11-37-52/2026-09-05_11-37-57_ppo_torch_stage1_mixed/checkpoints/best_agent.pt,ecf1a26095dfe976a926a1c7c3876aaafb1c80f1dd681f9e9f35bd678864cdf1,150d107225160ac498040fa20d4ccf9e26ec2703,True,fixed_per_environment_quotas_v2,nominal,29,118,True,True,5.95,,7,False,False,40.00541305541992,5.95,0.20227350294589996,0.06964893639087677,0.5071424245834351
/home/donglei/isaac_projects/isaac_drone_racer/.worktrees/stage1-fake-vio/logs/skrl/stage1_recovery_20260905/2026-09-05_11-37-52/2026-09-05_11-37-57_ppo_torch_stage1_mixed/checkpoints/best_agent.pt,ecf1a26095dfe976a926a1c7c3876aaafb1c80f1dd681f9e9f35bd678864cdf1,150d107225160ac498040fa20d4ccf9e26ec2703,True,fixed_per_environment_quotas_v2,nominal,29,119,True,True,6.19,,7,False,False,39.896392822265625,6.19,0.41796815395355225,0.15340206027030945,1.0932835340499878
/home/donglei/isaac_projects/isaac_drone_racer/.worktrees/stage1-fake-vio/logs/skrl/stage1_recovery_20260905/2026-09-05_11-37-52/2026-09-05_11-37-57_ppo_torch_stage1_mixed/checkpoints/best_agent.pt,ecf1a26095dfe976a926a1c7c3876aaafb1c80f1dd681f9e9f35bd678864cdf1,150d107225160ac498040fa20d4ccf9e26ec2703,True,fixed_per_environment_quotas_v2,nominal,29,120,True,True,6.0,,7,False,False,39.73966598510742,6.0,0.5501668453216553,0.20214363932609558,1.481675148010254
/home/donglei/isaac_projects/isaac_drone_racer/.worktrees/stage1-fake-vio/logs/skrl/stage1_recovery_20260905/2026-09-05_11-37-52/2026-09-05_11-37-57_ppo_torch_stage1_mixed/checkpoints/best_agent.pt,ecf1a26095dfe976a926a1c7c3876aaafb1c80f1dd681f9e9f35bd678864cdf1,150d107225160ac498040fa20d4ccf9e26ec2703,True,fixed_per_environment_quotas_v2,nominal,29,121,True,True,6.07,,7,False,False,39.54231643676758,6.07,0.4343930780887604,0.13913188874721527,1.106444239616394
/home/donglei/isaac_projects/isaac_drone_racer/.worktrees/stage1-fake-vio/logs/skrl/stage1_recovery_20260905/2026-09-05_11-37-52/2026-09-05_11-37-57_ppo_torch_stage1_mixed/checkpoints/best_agent.pt,ecf1a26095dfe976a926a1c7c3876aaafb1c80f1dd681f9e9f35bd678864cdf1,150d107225160ac498040fa20d4ccf9e26ec2703,True,fixed_per_environment_quotas_v2,nominal,29,122,True,True,6.15,,7,False,False,39.707061767578125,6.15,0.1855156272649765,0.06302060186862946,0.4935094118118286
/home/donglei/isaac_projects/isaac_drone_racer/.worktrees/stage1-fake-vio/logs/skrl/stage1_recovery_20260905/2026-09-05_11-37-52/2026-09-05_11-37-57_ppo_torch_stage1_mixed/checkpoints/best_agent.pt,ecf1a26095dfe976a926a1c7c3876aaafb1c80f1dd681f9e9f35bd678864cdf1,150d107225160ac498040fa20d4ccf9e26ec2703,True,fixed_per_environment_quotas_v2,nominal,29,123,True,True,6.18,,7,False,False,39.973514556884766,6.18,0.4130852222442627,0.15043041110038757,1.0624104738235474
/home/donglei/isaac_projects/isaac_drone_racer/.worktrees/stage1-fake-vio/logs/skrl/stage1_recovery_20260905/2026-09-05_11-37-52/2026-09-05_11-37-57_ppo_torch_stage1_mixed/checkpoints/best_agent.pt,ecf1a26095dfe976a926a1c7c3876aaafb1c80f1dd681f9e9f35bd678864cdf1,150d107225160ac498040fa20d4ccf9e26ec2703,True,fixed_per_environment_quotas_v2,nominal,29,124,True,True,6.1000000000000005,,7,False,False,39.718990325927734,6.1000000000000005,0.425507128238678,0.145452618598938,1.125497817993164
/home/donglei/isaac_projects/isaac_drone_racer/.worktrees/stage1-fake-vio/logs/skrl/stage1_recovery_20260905/2026-09-05_11-37-52/2026-09-05_11-37-57_ppo_torch_stage1_mixed/checkpoints/best_agent.pt,ecf1a26095dfe976a926a1c7c3876aaafb1c80f1dd681f9e9f35bd678864cdf1,150d107225160ac498040fa20d4ccf9e26ec2703,True,fixed_per_environment_quotas_v2,nominal,29,125,True,True,6.140000000000001,,7,False,False,39.78722381591797,6.140000000000001,0.2160428762435913,0.08082328736782074,0.5817466378211975
/home/donglei/isaac_projects/isaac_drone_racer/.worktrees/stage1-fake-vio/logs/skrl/stage1_recovery_20260905/2026-09-05_11-37-52/2026-09-05_11-37-57_ppo_torch_stage1_mixed/checkpoints/best_agent.pt,ecf1a26095dfe976a926a1c7c3876aaafb1c80f1dd681f9e9f35bd678864cdf1,150d107225160ac498040fa20d4ccf9e26ec2703,True,fixed_per_environment_quotas_v2,nominal,29,126,True,True,6.21,,7,False,False,39.87496566772461,6.21,0.3897209167480469,0.1534557044506073,1.0256448984146118
/home/donglei/isaac_projects/isaac_drone_racer/.worktrees/stage1-fake-vio/logs/skrl/stage1_recovery_20260905/2026-09-05_11-37-52/2026-09-05_11-37-57_ppo_torch_stage1_mixed/checkpoints/best_agent.pt,ecf1a26095dfe976a926a1c7c3876aaafb1c80f1dd681f9e9f35bd678864cdf1,150d107225160ac498040fa20d4ccf9e26ec2703,True,fixed_per_environment_quotas_v2,nominal,29,127,True,True,5.96,,7,False,False,39.82943344116211,5.96,0.5642247796058655,0.1916896551847458,1.4543381929397583
/home/donglei/isaac_projects/isaac_drone_racer/.worktrees/stage1-fake-vio/logs/skrl/stage1_recovery_20260905/2026-09-05_11-37-52/2026-09-05_11-37-57_ppo_torch_stage1_mixed/checkpoints/best_agent.pt,ecf1a26095dfe976a926a1c7c3876aaafb1c80f1dd681f9e9f35bd678864cdf1,150d107225160ac498040fa20d4ccf9e26ec2703,True,fixed_per_environment_quotas_v2,nominal,47,0,False,False,,2,1,False,False,4.422396183013916,0.32,0.1217050552368164,0.05678869038820267,0.6335892081260681
/home/donglei/isaac_projects/isaac_drone_racer/.worktrees/stage1-fake-vio/logs/skrl/stage1_recovery_20260905/2026-09-05_11-37-52/2026-09-05_11-37-57_ppo_torch_stage1_mixed/checkpoints/best_agent.pt,ecf1a26095dfe976a926a1c7c3876aaafb1c80f1dd681f9e9f35bd678864cdf1,150d107225160ac498040fa20d4ccf9e26ec2703,True,fixed_per_environment_quotas_v2,nominal,47,1,False,False,,3,0,False,False,0.13751061260700226,0.42,0.14079664647579193,0.040658459067344666,0.5755732655525208
/home/donglei/isaac_projects/isaac_drone_racer/.worktrees/stage1-fake-vio/logs/skrl/stage1_recovery_20260905/2026-09-05_11-37-52/2026-09-05_11-37-57_ppo_torch_stage1_mixed/checkpoints/best_agent.pt,ecf1a26095dfe976a926a1c7c3876aaafb1c80f1dd681f9e9f35bd678864cdf1,150d107225160ac498040fa20d4ccf9e26ec2703,True,fixed_per_environment_quotas_v2,nominal,47,2,False,False,,2,0,True,False,-4.484407901763916,0.5700000000000001,0.2635362446308136,0.22613340616226196,1.4373246431350708
/home/donglei/isaac_projects/isaac_drone_racer/.worktrees/stage1-fake-vio/logs/skrl/stage1_recovery_20260905/2026-09-05_11-37-52/2026-09-05_11-37-57_ppo_torch_stage1_mixed/checkpoints/best_agent.pt,ecf1a26095dfe976a926a1c7c3876aaafb1c80f1dd681f9e9f35bd678864cdf1,150d107225160ac498040fa20d4ccf9e26ec2703,True,fixed_per_environment_quotas_v2,nominal,47,3,False,False,,3,1,False,False,6.7572808265686035,1.26,0.4541262686252594,0.15364831686019897,1.0574687719345093
/home/donglei/isaac_projects/isaac_drone_racer/.worktrees/stage1-fake-vio/logs/skrl/stage1_recovery_20260905/2026-09-05_11-37-52/2026-09-05_11-37-57_ppo_torch_stage1_mixed/checkpoints/best_agent.pt,ecf1a26095dfe976a926a1c7c3876aaafb1c80f1dd681f9e9f35bd678864cdf1,150d107225160ac498040fa20d4ccf9e26ec2703,True,fixed_per_environment_quotas_v2,nominal,47,4,False,False,,7,2,False,False,10.872430801391602,1.61,0.30607935786247253,0.09216968715190887,0.8667521476745605
/home/donglei/isaac_projects/isaac_drone_racer/.worktrees/stage1-fake-vio/logs/skrl/stage1_recovery_20260905/2026-09-05_11-37-52/2026-09-05_11-37-57_ppo_torch_stage1_mixed/checkpoints/best_agent.pt,ecf1a26095dfe976a926a1c7c3876aaafb1c80f1dd681f9e9f35bd678864cdf1,150d107225160ac498040fa20d4ccf9e26ec2703,True,fixed_per_environment_quotas_v2,nominal,47,5,False,False,,7,3,False,False,16.092809677124023,2.09,0.44375482201576233,0.14231626689434052,1.1461023092269897
/home/donglei/isaac_projects/isaac_drone_racer/.worktrees/stage1-fake-vio/logs/skrl/stage1_recovery_20260905/2026-09-05_11-37-52/2026-09-05_11-37-57_ppo_torch_stage1_mixed/checkpoints/best_agent.pt,ecf1a26095dfe976a926a1c7c3876aaafb1c80f1dd681f9e9f35bd678864cdf1,150d107225160ac498040fa20d4ccf9e26ec2703,True,fixed_per_environment_quotas_v2,nominal,47,6,False,False,,5,3,False,False,17.018409729003906,2.36,0.5978415012359619,0.21669863164424896,1.515505313873291
/home/donglei/isaac_projects/isaac_drone_racer/.worktrees/stage1-fake-vio/logs/skrl/stage1_recovery_20260905/2026-09-05_11-37-52/2026-09-05_11-37-57_ppo_torch_stage1_mixed/checkpoints/best_agent.pt,ecf1a26095dfe976a926a1c7c3876aaafb1c80f1dd681f9e9f35bd678864cdf1,150d107225160ac498040fa20d4ccf9e26ec2703,True,fixed_per_environment_quotas_v2,nominal,47,7,False,False,,7,4,False,False,21.746273040771484,2.5300000000000002,0.6436843276023865,0.1664704978466034,1.4570903778076172
/home/donglei/isaac_projects/isaac_drone_racer/.worktrees/stage1-fake-vio/logs/skrl/stage1_recovery_20260905/2026-09-05_11-37-52/2026-09-05_11-37-57_ppo_torch_stage1_mixed/checkpoints/best_agent.pt,ecf1a26095dfe976a926a1c7c3876aaafb1c80f1dd681f9e9f35bd678864cdf1,150d107225160ac498040fa20d4ccf9e26ec2703,True,fixed_per_environment_quotas_v2,nominal,47,8,False,False,,1,4,False,False,22.058494567871094,3.02,0.32871079444885254,0.11095959693193436,0.8661466836929321
/home/donglei/isaac_projects/isaac_drone_racer/.worktrees/stage1-fake-vio/logs/skrl/stage1_recovery_20260905/2026-09-05_11-37-52/2026-09-05_11-37-57_ppo_torch_stage1_mixed/checkpoints/best_agent.pt,ecf1a26095dfe976a926a1c7c3876aaafb1c80f1dd681f9e9f35bd678864cdf1,150d107225160ac498040fa20d4ccf9e26ec2703,True,fixed_per_environment_quotas_v2,nominal,47,9,False,False,,3,4,False,False,21.616561889648438,3.0300000000000002,0.5031639933586121,0.18052978813648224,1.4456359148025513
/home/donglei/isaac_projects/isaac_drone_racer/.worktrees/stage1-fake-vio/logs/skrl/stage1_recovery_20260905/2026-09-05_11-37-52/2026-09-05_11-37-57_ppo_torch_stage1_mixed/checkpoints/best_agent.pt,ecf1a26095dfe976a926a1c7c3876aaafb1c80f1dd681f9e9f35bd678864cdf1,150d107225160ac498040fa20d4ccf9e26ec2703,True,fixed_per_environment_quotas_v2,nominal,47,10,False,False,,4,2,True,False,9.41946029663086,3.0300000000000002,0.36125558614730835,0.10551254451274872,0.8451720476150513
/home/donglei/isaac_projects/isaac_drone_racer/.worktrees/stage1-fake-vio/logs/skrl/stage1_recovery_20260905/2026-09-05_11-37-52/2026-09-05_11-37-57_ppo_torch_stage1_mixed/checkpoints/best_agent.pt,ecf1a26095dfe976a926a1c7c3876aaafb1c80f1dd681f9e9f35bd678864cdf1,150d107225160ac498040fa20d4ccf9e26ec2703,True,fixed_per_environment_quotas_v2,nominal,47,11,False,False,,4,2,True,False,9.714492797851562,3.14,0.36732229590415955,0.11354945600032806,0.8432003855705261
/home/donglei/isaac_projects/isaac_drone_racer/.worktrees/stage1-fake-vio/logs/skrl/stage1_recovery_20260905/2026-09-05_11-37-52/2026-09-05_11-37-57_ppo_torch_stage1_mixed/checkpoints/best_agent.pt,ecf1a26095dfe976a926a1c7c3876aaafb1c80f1dd681f9e9f35bd678864cdf1,150d107225160ac498040fa20d4ccf9e26ec2703,True,fixed_per_environment_quotas_v2,nominal,47,12,False,False,,4,2,True,False,9.56573486328125,2.99,0.22973336279392242,0.09360262751579285,0.8192101716995239
/home/donglei/isaac_projects/isaac_drone_racer/.worktrees/stage1-fake-vio/logs/skrl/stage1_recovery_20260905/2026-09-05_11-37-52/2026-09-05_11-37-57_ppo_torch_stage1_mixed/checkpoints/best_agent.pt,ecf1a26095dfe976a926a1c7c3876aaafb1c80f1dd681f9e9f35bd678864cdf1,150d107225160ac498040fa20d4ccf9e26ec2703,True,fixed_per_environment_quotas_v2,nominal,47,13,False,False,,2,5,False,False,27.464710235595703,3.91,0.5192577838897705,0.19683626294136047,1.4433579444885254
/home/donglei/isaac_projects/isaac_drone_racer/.worktrees/stage1-fake-vio/logs/skrl/stage1_recovery_20260905/2026-09-05_11-37-52/2026-09-05_11-37-57_ppo_torch_stage1_mixed/checkpoints/best_agent.pt,ecf1a26095dfe976a926a1c7c3876aaafb1c80f1dd681f9e9f35bd678864cdf1,150d107225160ac498040fa20d4ccf9e26ec2703,True,fixed_per_environment_quotas_v2,nominal,47,14,False,False,,1,5,False,False,28.601154327392578,4.0600000000000005,0.46603158116340637,0.15124905109405518,1.1429803371429443
/home/donglei/isaac_projects/isaac_drone_racer/.worktrees/stage1-fake-vio/logs/skrl/stage1_recovery_20260905/2026-09-05_11-37-52/2026-09-05_11-37-57_ppo_torch_stage1_mixed/checkpoints/best_agent.pt,ecf1a26095dfe976a926a1c7c3876aaafb1c80f1dd681f9e9f35bd678864cdf1,150d107225160ac498040fa20d4ccf9e26ec2703,True,fixed_per_environment_quotas_v2,nominal,47,15,False,False,,1,6,False,False,33.02360916137695,4.64,0.3450038731098175,0.10703200846910477,0.8591105341911316
/home/donglei/isaac_projects/isaac_drone_racer/.worktrees/stage1-fake-vio/logs/skrl/stage1_recovery_20260905/2026-09-05_11-37-52/2026-09-05_11-37-57_ppo_torch_stage1_mixed/checkpoints/best_agent.pt,ecf1a26095dfe976a926a1c7c3876aaafb1c80f1dd681f9e9f35bd678864cdf1,150d107225160ac498040fa20d4ccf9e26ec2703,True,fixed_per_environment_quotas_v2,nominal,47,16,False,False,,2,6,False,False,33.61286544799805,4.65,0.572795033454895,0.1955997198820114,1.4788095951080322
/home/donglei/isaac_projects/isaac_drone_racer/.worktrees/stage1-fake-vio/logs/skrl/stage1_recovery_20260905/2026-09-05_11-37-52/2026-09-05_11-37-57_ppo_torch_stage1_mixed/checkpoints/best_agent.pt,ecf1a26095dfe976a926a1c7c3876aaafb1c80f1dd681f9e9f35bd678864cdf1,150d107225160ac498040fa20d4ccf9e26ec2703,True,fixed_per_environment_quotas_v2,nominal,47,17,False,False,,2,6,False,False,33.85749816894531,4.96,0.44930022954940796,0.13618500530719757,1.1927145719528198
/home/donglei/isaac_projects/isaac_drone_racer/.worktrees/stage1-fake-vio/logs/skrl/stage1_recovery_20260905/2026-09-05_11-37-52/2026-09-05_11-37-57_ppo_torch_stage1_mixed/checkpoints/best_agent.pt,ecf1a26095dfe976a926a1c7c3876aaafb1c80f1dd681f9e9f35bd678864cdf1,150d107225160ac498040fa20d4ccf9e26ec2703,True,fixed_per_environment_quotas_v2,nominal,47,18,True,True,5.7700000000000005,,7,False,False,39.63584518432617,5.7700000000000005,0.45185571908950806,0.151336669921875,1.1748837232589722
/home/donglei/isaac_projects/isaac_drone_racer/.worktrees/stage1-fake-vio/logs/skrl/stage1_recovery_20260905/2026-09-05_11-37-52/2026-09-05_11-37-57_ppo_torch_stage1_mixed/checkpoints/best_agent.pt,ecf1a26095dfe976a926a1c7c3876aaafb1c80f1dd681f9e9f35bd678864cdf1,150d107225160ac498040fa20d4ccf9e26ec2703,True,fixed_per_environment_quotas_v2,nominal,47,19,True,True,5.8,,7,False,False,39.8369255065918,5.8,0.31985023617744446,0.1023232638835907,0.8506268858909607
/home/donglei/isaac_projects/isaac_drone_racer/.worktrees/stage1-fake-vio/logs/skrl/stage1_recovery_20260905/2026-09-05_11-37-52/2026-09-05_11-37-57_ppo_torch_stage1_mixed/checkpoints/best_agent.pt,ecf1a26095dfe976a926a1c7c3876aaafb1c80f1dd681f9e9f35bd678864cdf1,150d107225160ac498040fa20d4ccf9e26ec2703,True,fixed_per_environment_quotas_v2,nominal,47,20,True,True,5.18,,7,False,False,39.272640228271484,5.18,0.47045058012008667,0.15803605318069458,1.1905277967453003
/home/donglei/isaac_projects/isaac_drone_racer/.worktrees/stage1-fake-vio/logs/skrl/stage1_recovery_20260905/2026-09-05_11-37-52/2026-09-05_11-37-57_ppo_torch_stage1_mixed/checkpoints/best_agent.pt,ecf1a26095dfe976a926a1c7c3876aaafb1c80f1dd681f9e9f35bd678864cdf1,150d107225160ac498040fa20d4ccf9e26ec2703,True,fixed_per_environment_quotas_v2,nominal,47,21,True,True,5.34,,7,False,False,39.53413391113281,5.34,0.4630153477191925,0.1440485566854477,1.1648575067520142
/home/donglei/isaac_projects/isaac_drone_racer/.worktrees/stage1-fake-vio/logs/skrl/stage1_recovery_20260905/2026-09-05_11-37-52/2026-09-05_11-37-57_ppo_torch_stage1_mixed/checkpoints/best_agent.pt,ecf1a26095dfe976a926a1c7c3876aaafb1c80f1dd681f9e9f35bd678864cdf1,150d107225160ac498040fa20d4ccf9e26ec2703,True,fixed_per_environment_quotas_v2,nominal,47,22,True,True,5.29,,7,False,False,38.68686294555664,5.29,0.21638241410255432,0.06695432960987091,0.5729013085365295
/home/donglei/isaac_projects/isaac_drone_racer/.worktrees/stage1-fake-vio/logs/skrl/stage1_recovery_20260905/2026-09-05_11-37-52/2026-09-05_11-37-57_ppo_torch_stage1_mixed/checkpoints/best_agent.pt,ecf1a26095dfe976a926a1c7c3876aaafb1c80f1dd681f9e9f35bd678864cdf1,150d107225160ac498040fa20d4ccf9e26ec2703,True,fixed_per_environment_quotas_v2,nominal,47,23,True,True,5.37,,7,False,False,39.32429885864258,5.37,0.35321569442749023,0.09801182150840759,0.8606669902801514
/home/donglei/isaac_projects/isaac_drone_racer/.worktrees/stage1-fake-vio/logs/skrl/stage1_recovery_20260905/2026-09-05_11-37-52/2026-09-05_11-37-57_ppo_torch_stage1_mixed/checkpoints/best_agent.pt,ecf1a26095dfe976a926a1c7c3876aaafb1c80f1dd681f9e9f35bd678864cdf1,150d107225160ac498040fa20d4ccf9e26ec2703,True,fixed_per_environment_quotas_v2,nominal,47,24,True,True,4.92,,7,False,False,37.72597885131836,4.92,0.20119409263134003,0.06377282738685608,0.5345380306243896
/home/donglei/isaac_projects/isaac_drone_racer/.worktrees/stage1-fake-vio/logs/skrl/stage1_recovery_20260905/2026-09-05_11-37-52/2026-09-05_11-37-57_ppo_torch_stage1_mixed/checkpoints/best_agent.pt,ecf1a26095dfe976a926a1c7c3876aaafb1c80f1dd681f9e9f35bd678864cdf1,150d107225160ac498040fa20d4ccf9e26ec2703,True,fixed_per_environment_quotas_v2,nominal,47,25,False,False,,4,2,True,False,9.717039108276367,2.95,0.40343207120895386,0.10618472844362259,0.8874781131744385
/home/donglei/isaac_projects/isaac_drone_racer/.worktrees/stage1-fake-vio/logs/skrl/stage1_recovery_20260905/2026-09-05_11-37-52/2026-09-05_11-37-57_ppo_torch_stage1_mixed/checkpoints/best_agent.pt,ecf1a26095dfe976a926a1c7c3876aaafb1c80f1dd681f9e9f35bd678864cdf1,150d107225160ac498040fa20d4ccf9e26ec2703,True,fixed_per_environment_quotas_v2,nominal,47,26,True,True,4.96,,7,False,False,38.478424072265625,4.96,0.2225639373064041,0.06832709163427353,0.5505366325378418
/home/donglei/isaac_projects/isaac_drone_racer/.worktrees/stage1-fake-vio/logs/skrl/stage1_recovery_20260905/2026-09-05_11-37-52/2026-09-05_11-37-57_ppo_torch_stage1_mixed/checkpoints/best_agent.pt,ecf1a26095dfe976a926a1c7c3876aaafb1c80f1dd681f9e9f35bd678864cdf1,150d107225160ac498040fa20d4ccf9e26ec2703,True,fixed_per_environment_quotas_v2,nominal,47,27,True,True,5.48,,7,False,False,39.60881423950195,5.48,0.5834562182426453,0.19169947504997253,1.4585222005844116
/home/donglei/isaac_projects/isaac_drone_racer/.worktrees/stage1-fake-vio/logs/skrl/stage1_recovery_20260905/2026-09-05_11-37-52/2026-09-05_11-37-57_ppo_torch_stage1_mixed/checkpoints/best_agent.pt,ecf1a26095dfe976a926a1c7c3876aaafb1c80f1dd681f9e9f35bd678864cdf1,150d107225160ac498040fa20d4ccf9e26ec2703,True,fixed_per_environment_quotas_v2,nominal,47,28,True,True,5.49,,7,False,False,39.29511260986328,5.49,0.4493476152420044,0.1548886001110077,1.1689635515213013
/home/donglei/isaac_projects/isaac_drone_racer/.worktrees/stage1-fake-vio/logs/skrl/stage1_recovery_20260905/2026-09-05_11-37-52/2026-09-05_11-37-57_ppo_torch_stage1_mixed/checkpoints/best_agent.pt,ecf1a26095dfe976a926a1c7c3876aaafb1c80f1dd681f9e9f35bd678864cdf1,150d107225160ac498040fa20d4ccf9e26ec2703,True,fixed_per_environment_quotas_v2,nominal,47,29,True,True,5.03,,7,False,False,37.9367561340332,5.03,0.5692918300628662,0.178676575422287,1.4928882122039795
/home/donglei/isaac_projects/isaac_drone_racer/.worktrees/stage1-fake-vio/logs/skrl/stage1_recovery_20260905/2026-09-05_11-37-52/2026-09-05_11-37-57_ppo_torch_stage1_mixed/checkpoints/best_agent.pt,ecf1a26095dfe976a926a1c7c3876aaafb1c80f1dd681f9e9f35bd678864cdf1,150d107225160ac498040fa20d4ccf9e26ec2703,True,fixed_per_environment_quotas_v2,nominal,47,30,True,True,5.0,,7,False,False,37.106407165527344,5.0,0.30159682035446167,0.100355364382267,0.8664947748184204
/home/donglei/isaac_projects/isaac_drone_racer/.worktrees/stage1-fake-vio/logs/skrl/stage1_recovery_20260905/2026-09-05_11-37-52/2026-09-05_11-37-57_ppo_torch_stage1_mixed/checkpoints/best_agent.pt,ecf1a26095dfe976a926a1c7c3876aaafb1c80f1dd681f9e9f35bd678864cdf1,150d107225160ac498040fa20d4ccf9e26ec2703,True,fixed_per_environment_quotas_v2,nominal,47,31,True,True,6.0200000000000005,,7,False,False,39.82858657836914,6.0200000000000005,0.5419034361839294,0.1915186643600464,1.4248707294464111
/home/donglei/isaac_projects/isaac_drone_racer/.worktrees/stage1-fake-vio/logs/skrl/stage1_recovery_20260905/2026-09-05_11-37-52/2026-09-05_11-37-57_ppo_torch_stage1_mixed/checkpoints/best_agent.pt,ecf1a26095dfe976a926a1c7c3876aaafb1c80f1dd681f9e9f35bd678864cdf1,150d107225160ac498040fa20d4ccf9e26ec2703,True,fixed_per_environment_quotas_v2,nominal,47,32,True,True,5.9,,7,False,False,39.91646957397461,5.9,0.4521060883998871,0.15072926878929138,1.1512433290481567
/home/donglei/isaac_projects/isaac_drone_racer/.worktrees/stage1-fake-vio/logs/skrl/stage1_recovery_20260905/2026-09-05_11-37-52/2026-09-05_11-37-57_ppo_torch_stage1_mixed/checkpoints/best_agent.pt,ecf1a26095dfe976a926a1c7c3876aaafb1c80f1dd681f9e9f35bd678864cdf1,150d107225160ac498040fa20d4ccf9e26ec2703,True,fixed_per_environment_quotas_v2,nominal,47,33,True,True,5.79,,7,False,False,39.7125244140625,5.79,0.4533722698688507,0.1374368816614151,1.156300663948059
/home/donglei/isaac_projects/isaac_drone_racer/.worktrees/stage1-fake-vio/logs/skrl/stage1_recovery_20260905/2026-09-05_11-37-52/2026-09-05_11-37-57_ppo_torch_stage1_mixed/checkpoints/best_agent.pt,ecf1a26095dfe976a926a1c7c3876aaafb1c80f1dd681f9e9f35bd678864cdf1,150d107225160ac498040fa20d4ccf9e26ec2703,True,fixed_per_environment_quotas_v2,nominal,47,34,True,True,5.93,,7,False,False,39.56349563598633,5.93,0.20369882881641388,0.0658702701330185,0.5426542162895203
/home/donglei/isaac_projects/isaac_drone_racer/.worktrees/stage1-fake-vio/logs/skrl/stage1_recovery_20260905/2026-09-05_11-37-52/2026-09-05_11-37-57_ppo_torch_stage1_mixed/checkpoints/best_agent.pt,ecf1a26095dfe976a926a1c7c3876aaafb1c80f1dd681f9e9f35bd678864cdf1,150d107225160ac498040fa20d4ccf9e26ec2703,True,fixed_per_environment_quotas_v2,nominal,47,35,True,True,5.9,,7,False,False,39.599666595458984,5.9,0.4602814018726349,0.14450418949127197,1.1565167903900146
/home/donglei/isaac_projects/isaac_drone_racer/.worktrees/stage1-fake-vio/logs/skrl/stage1_recovery_20260905/2026-09-05_11-37-52/2026-09-05_11-37-57_ppo_torch_stage1_mixed/checkpoints/best_agent.pt,ecf1a26095dfe976a926a1c7c3876aaafb1c80f1dd681f9e9f35bd678864cdf1,150d107225160ac498040fa20d4ccf9e26ec2703,True,fixed_per_environment_quotas_v2,nominal,47,36,True,True,6.42,,7,False,False,39.86738204956055,6.42,0.40076345205307007,0.1492307186126709,1.0109223127365112
/home/donglei/isaac_projects/isaac_drone_racer/.worktrees/stage1-fake-vio/logs/skrl/stage1_recovery_20260905/2026-09-05_11-37-52/2026-09-05_11-37-57_ppo_torch_stage1_mixed/checkpoints/best_agent.pt,ecf1a26095dfe976a926a1c7c3876aaafb1c80f1dd681f9e9f35bd678864cdf1,150d107225160ac498040fa20d4ccf9e26ec2703,True,fixed_per_environment_quotas_v2,nominal,47,37,True,True,5.82,,7,False,False,39.37062072753906,5.82,0.20811820030212402,0.06937217712402344,0.5184532999992371
/home/donglei/isaac_projects/isaac_drone_racer/.worktrees/stage1-fake-vio/logs/skrl/stage1_recovery_20260905/2026-09-05_11-37-52/2026-09-05_11-37-57_ppo_torch_stage1_mixed/checkpoints/best_agent.pt,ecf1a26095dfe976a926a1c7c3876aaafb1c80f1dd681f9e9f35bd678864cdf1,150d107225160ac498040fa20d4ccf9e26ec2703,True,fixed_per_environment_quotas_v2,nominal,47,38,True,True,5.8500000000000005,,7,False,False,39.31871032714844,5.8500000000000005,0.3225387632846832,0.10082414746284485,0.8399342894554138
/home/donglei/isaac_projects/isaac_drone_racer/.worktrees/stage1-fake-vio/logs/skrl/stage1_recovery_20260905/2026-09-05_11-37-52/2026-09-05_11-37-57_ppo_torch_stage1_mixed/checkpoints/best_agent.pt,ecf1a26095dfe976a926a1c7c3876aaafb1c80f1dd681f9e9f35bd678864cdf1,150d107225160ac498040fa20d4ccf9e26ec2703,True,fixed_per_environment_quotas_v2,nominal,47,39,True,True,6.0600000000000005,,7,False,False,39.64900588989258,6.0600000000000005,0.3009445071220398,0.11187887191772461,0.8066862225532532
/home/donglei/isaac_projects/isaac_drone_racer/.worktrees/stage1-fake-vio/logs/skrl/stage1_recovery_20260905/2026-09-05_11-37-52/2026-09-05_11-37-57_ppo_torch_stage1_mixed/checkpoints/best_agent.pt,ecf1a26095dfe976a926a1c7c3876aaafb1c80f1dd681f9e9f35bd678864cdf1,150d107225160ac498040fa20d4ccf9e26ec2703,True,fixed_per_environment_quotas_v2,nominal,47,40,True,True,6.16,,7,False,False,39.66754913330078,6.16,0.5426324009895325,0.20531870424747467,1.4427614212036133
/home/donglei/isaac_projects/isaac_drone_racer/.worktrees/stage1-fake-vio/logs/skrl/stage1_recovery_20260905/2026-09-05_11-37-52/2026-09-05_11-37-57_ppo_torch_stage1_mixed/checkpoints/best_agent.pt,ecf1a26095dfe976a926a1c7c3876aaafb1c80f1dd681f9e9f35bd678864cdf1,150d107225160ac498040fa20d4ccf9e26ec2703,True,fixed_per_environment_quotas_v2,nominal,47,41,True,True,6.0600000000000005,,7,False,False,39.68315505981445,6.0600000000000005,0.4186944365501404,0.14753663539886475,1.063334584236145
/home/donglei/isaac_projects/isaac_drone_racer/.worktrees/stage1-fake-vio/logs/skrl/stage1_recovery_20260905/2026-09-05_11-37-52/2026-09-05_11-37-57_ppo_torch_stage1_mixed/checkpoints/best_agent.pt,ecf1a26095dfe976a926a1c7c3876aaafb1c80f1dd681f9e9f35bd678864cdf1,150d107225160ac498040fa20d4ccf9e26ec2703,True,fixed_per_environment_quotas_v2,nominal,47,42,True,True,6.17,,7,False,False,39.774574279785156,6.17,0.3070272207260132,0.11761029064655304,0.7942522764205933
/home/donglei/isaac_projects/isaac_drone_racer/.worktrees/stage1-fake-vio/logs/skrl/stage1_recovery_20260905/2026-09-05_11-37-52/2026-09-05_11-37-57_ppo_torch_stage1_mixed/checkpoints/best_agent.pt,ecf1a26095dfe976a926a1c7c3876aaafb1c80f1dd681f9e9f35bd678864cdf1,150d107225160ac498040fa20d4ccf9e26ec2703,True,fixed_per_environment_quotas_v2,nominal,47,43,True,True,6.09,,7,False,False,39.652915954589844,6.09,0.201996847987175,0.0656825378537178,0.5268605947494507
/home/donglei/isaac_projects/isaac_drone_racer/.worktrees/stage1-fake-vio/logs/skrl/stage1_recovery_20260905/2026-09-05_11-37-52/2026-09-05_11-37-57_ppo_torch_stage1_mixed/checkpoints/best_agent.pt,ecf1a26095dfe976a926a1c7c3876aaafb1c80f1dd681f9e9f35bd678864cdf1,150d107225160ac498040fa20d4ccf9e26ec2703,True,fixed_per_environment_quotas_v2,nominal,47,44,True,True,5.84,,7,False,False,39.6280403137207,5.84,0.3361912965774536,0.11039165407419205,0.8748066425323486
/home/donglei/isaac_projects/isaac_drone_racer/.worktrees/stage1-fake-vio/logs/skrl/stage1_recovery_20260905/2026-09-05_11-37-52/2026-09-05_11-37-57_ppo_torch_stage1_mixed/checkpoints/best_agent.pt,ecf1a26095dfe976a926a1c7c3876aaafb1c80f1dd681f9e9f35bd678864cdf1,150d107225160ac498040fa20d4ccf9e26ec2703,True,fixed_per_environment_quotas_v2,nominal,47,45,True,True,6.19,,7,False,False,39.787757873535156,6.19,0.21946951746940613,0.08109704405069351,0.5789541602134705
/home/donglei/isaac_projects/isaac_drone_racer/.worktrees/stage1-fake-vio/logs/skrl/stage1_recovery_20260905/2026-09-05_11-37-52/2026-09-05_11-37-57_ppo_torch_stage1_mixed/checkpoints/best_agent.pt,ecf1a26095dfe976a926a1c7c3876aaafb1c80f1dd681f9e9f35bd678864cdf1,150d107225160ac498040fa20d4ccf9e26ec2703,True,fixed_per_environment_quotas_v2,nominal,47,46,True,True,6.03,,7,False,False,39.888267517089844,6.03,0.1974116712808609,0.06893781572580338,0.4717065393924713
/home/donglei/isaac_projects/isaac_drone_racer/.worktrees/stage1-fake-vio/logs/skrl/stage1_recovery_20260905/2026-09-05_11-37-52/2026-09-05_11-37-57_ppo_torch_stage1_mixed/checkpoints/best_agent.pt,ecf1a26095dfe976a926a1c7c3876aaafb1c80f1dd681f9e9f35bd678864cdf1,150d107225160ac498040fa20d4ccf9e26ec2703,True,fixed_per_environment_quotas_v2,nominal,47,47,True,True,6.12,,7,False,False,39.49679183959961,6.12,0.24856680631637573,0.07814424484968185,0.5807127356529236
/home/donglei/isaac_projects/isaac_drone_racer/.worktrees/stage1-fake-vio/logs/skrl/stage1_recovery_20260905/2026-09-05_11-37-52/2026-09-05_11-37-57_ppo_torch_stage1_mixed/checkpoints/best_agent.pt,ecf1a26095dfe976a926a1c7c3876aaafb1c80f1dd681f9e9f35bd678864cdf1,150d107225160ac498040fa20d4ccf9e26ec2703,True,fixed_per_environment_quotas_v2,nominal,47,48,True,True,6.0600000000000005,,7,False,False,39.62865447998047,6.0600000000000005,0.19201120734214783,0.06621235609054565,0.5165863633155823
/home/donglei/isaac_projects/isaac_drone_racer/.worktrees/stage1-fake-vio/logs/skrl/stage1_recovery_20260905/2026-09-05_11-37-52/2026-09-05_11-37-57_ppo_torch_stage1_mixed/checkpoints/best_agent.pt,ecf1a26095dfe976a926a1c7c3876aaafb1c80f1dd681f9e9f35bd678864cdf1,150d107225160ac498040fa20d4ccf9e26ec2703,True,fixed_per_environment_quotas_v2,nominal,47,49,True,True,5.9,,7,False,False,39.76683807373047,5.9,0.5339646339416504,0.18957947194576263,1.3545860052108765
/home/donglei/isaac_projects/isaac_drone_racer/.worktrees/stage1-fake-vio/logs/skrl/stage1_recovery_20260905/2026-09-05_11-37-52/2026-09-05_11-37-57_ppo_torch_stage1_mixed/checkpoints/best_agent.pt,ecf1a26095dfe976a926a1c7c3876aaafb1c80f1dd681f9e9f35bd678864cdf1,150d107225160ac498040fa20d4ccf9e26ec2703,True,fixed_per_environment_quotas_v2,nominal,47,50,True,True,5.86,,7,False,False,39.61893844604492,5.86,0.32678931951522827,0.1059734895825386,0.7881264090538025
/home/donglei/isaac_projects/isaac_drone_racer/.worktrees/stage1-fake-vio/logs/skrl/stage1_recovery_20260905/2026-09-05_11-37-52/2026-09-05_11-37-57_ppo_torch_stage1_mixed/checkpoints/best_agent.pt,ecf1a26095dfe976a926a1c7c3876aaafb1c80f1dd681f9e9f35bd678864cdf1,150d107225160ac498040fa20d4ccf9e26ec2703,True,fixed_per_environment_quotas_v2,nominal,47,51,True,True,5.99,,7,False,False,39.89604568481445,5.99,0.3107236325740814,0.11098496615886688,0.7903469800949097
/home/donglei/isaac_projects/isaac_drone_racer/.worktrees/stage1-fake-vio/logs/skrl/stage1_recovery_20260905/2026-09-05_11-37-52/2026-09-05_11-37-57_ppo_torch_stage1_mixed/checkpoints/best_agent.pt,ecf1a26095dfe976a926a1c7c3876aaafb1c80f1dd681f9e9f35bd678864cdf1,150d107225160ac498040fa20d4ccf9e26ec2703,True,fixed_per_environment_quotas_v2,nominal,47,52,True,True,5.93,,7,False,False,39.732662200927734,5.93,0.5669365525245667,0.18956579267978668,1.4833121299743652
/home/donglei/isaac_projects/isaac_drone_racer/.worktrees/stage1-fake-vio/logs/skrl/stage1_recovery_20260905/2026-09-05_11-37-52/2026-09-05_11-37-57_ppo_torch_stage1_mixed/checkpoints/best_agent.pt,ecf1a26095dfe976a926a1c7c3876aaafb1c80f1dd681f9e9f35bd678864cdf1,150d107225160ac498040fa20d4ccf9e26ec2703,True,fixed_per_environment_quotas_v2,nominal,47,53,True,True,5.9,,7,False,False,39.747947692871094,5.9,0.20384947955608368,0.06509470194578171,0.5241837501525879
/home/donglei/isaac_projects/isaac_drone_racer/.worktrees/stage1-fake-vio/logs/skrl/stage1_recovery_20260905/2026-09-05_11-37-52/2026-09-05_11-37-57_ppo_torch_stage1_mixed/checkpoints/best_agent.pt,ecf1a26095dfe976a926a1c7c3876aaafb1c80f1dd681f9e9f35bd678864cdf1,150d107225160ac498040fa20d4ccf9e26ec2703,True,fixed_per_environment_quotas_v2,nominal,47,54,True,True,6.01,,7,False,False,39.774147033691406,6.01,0.24456952512264252,0.07549622654914856,0.5720197558403015
/home/donglei/isaac_projects/isaac_drone_racer/.worktrees/stage1-fake-vio/logs/skrl/stage1_recovery_20260905/2026-09-05_11-37-52/2026-09-05_11-37-57_ppo_torch_stage1_mixed/checkpoints/best_agent.pt,ecf1a26095dfe976a926a1c7c3876aaafb1c80f1dd681f9e9f35bd678864cdf1,150d107225160ac498040fa20d4ccf9e26ec2703,True,fixed_per_environment_quotas_v2,nominal,47,55,True,True,6.0,,7,False,False,39.64885330200195,6.0,0.5791484713554382,0.19651998579502106,1.5077555179595947
/home/donglei/isaac_projects/isaac_drone_racer/.worktrees/stage1-fake-vio/logs/skrl/stage1_recovery_20260905/2026-09-05_11-37-52/2026-09-05_11-37-57_ppo_torch_stage1_mixed/checkpoints/best_agent.pt,ecf1a26095dfe976a926a1c7c3876aaafb1c80f1dd681f9e9f35bd678864cdf1,150d107225160ac498040fa20d4ccf9e26ec2703,True,fixed_per_environment_quotas_v2,nominal,47,56,True,True,5.9,,7,False,False,39.62688064575195,5.9,0.34450867772102356,0.1082153469324112,0.829534649848938
/home/donglei/isaac_projects/isaac_drone_racer/.worktrees/stage1-fake-vio/logs/skrl/stage1_recovery_20260905/2026-09-05_11-37-52/2026-09-05_11-37-57_ppo_torch_stage1_mixed/checkpoints/best_agent.pt,ecf1a26095dfe976a926a1c7c3876aaafb1c80f1dd681f9e9f35bd678864cdf1,150d107225160ac498040fa20d4ccf9e26ec2703,True,fixed_per_environment_quotas_v2,nominal,47,57,True,True,6.07,,7,False,False,39.68036651611328,6.07,0.46229085326194763,0.14340941607952118,1.162010908126831
/home/donglei/isaac_projects/isaac_drone_racer/.worktrees/stage1-fake-vio/logs/skrl/stage1_recovery_20260905/2026-09-05_11-37-52/2026-09-05_11-37-57_ppo_torch_stage1_mixed/checkpoints/best_agent.pt,ecf1a26095dfe976a926a1c7c3876aaafb1c80f1dd681f9e9f35bd678864cdf1,150d107225160ac498040fa20d4ccf9e26ec2703,True,fixed_per_environment_quotas_v2,nominal,47,58,True,True,5.84,,7,False,False,39.75970458984375,5.84,0.21691839396953583,0.06417710334062576,0.5488187074661255
/home/donglei/isaac_projects/isaac_drone_racer/.worktrees/stage1-fake-vio/logs/skrl/stage1_recovery_20260905/2026-09-05_11-37-52/2026-09-05_11-37-57_ppo_torch_stage1_mixed/checkpoints/best_agent.pt,ecf1a26095dfe976a926a1c7c3876aaafb1c80f1dd681f9e9f35bd678864cdf1,150d107225160ac498040fa20d4ccf9e26ec2703,True,fixed_per_environment_quotas_v2,nominal,47,59,True,True,5.87,,7,False,False,39.52885055541992,5.87,0.4292868971824646,0.13801592588424683,1.1315447092056274
/home/donglei/isaac_projects/isaac_drone_racer/.worktrees/stage1-fake-vio/logs/skrl/stage1_recovery_20260905/2026-09-05_11-37-52/2026-09-05_11-37-57_ppo_torch_stage1_mixed/checkpoints/best_agent.pt,ecf1a26095dfe976a926a1c7c3876aaafb1c80f1dd681f9e9f35bd678864cdf1,150d107225160ac498040fa20d4ccf9e26ec2703,True,fixed_per_environment_quotas_v2,nominal,47,60,True,True,5.79,,7,False,False,39.7762565612793,5.79,0.2138325423002243,0.07356010377407074,0.5270087122917175
/home/donglei/isaac_projects/isaac_drone_racer/.worktrees/stage1-fake-vio/logs/skrl/stage1_recovery_20260905/2026-09-05_11-37-52/2026-09-05_11-37-57_ppo_torch_stage1_mixed/checkpoints/best_agent.pt,ecf1a26095dfe976a926a1c7c3876aaafb1c80f1dd681f9e9f35bd678864cdf1,150d107225160ac498040fa20d4ccf9e26ec2703,True,fixed_per_environment_quotas_v2,nominal,47,61,True,True,6.15,,7,False,False,39.5456428527832,6.15,0.19619770348072052,0.07472359389066696,0.5270478129386902
/home/donglei/isaac_projects/isaac_drone_racer/.worktrees/stage1-fake-vio/logs/skrl/stage1_recovery_20260905/2026-09-05_11-37-52/2026-09-05_11-37-57_ppo_torch_stage1_mixed/checkpoints/best_agent.pt,ecf1a26095dfe976a926a1c7c3876aaafb1c80f1dd681f9e9f35bd678864cdf1,150d107225160ac498040fa20d4ccf9e26ec2703,True,fixed_per_environment_quotas_v2,nominal,47,62,True,True,6.0600000000000005,,7,False,False,39.902164459228516,6.0600000000000005,0.19323039054870605,0.07429387420415878,0.4950461685657501
/home/donglei/isaac_projects/isaac_drone_racer/.worktrees/stage1-fake-vio/logs/skrl/stage1_recovery_20260905/2026-09-05_11-37-52/2026-09-05_11-37-57_ppo_torch_stage1_mixed/checkpoints/best_agent.pt,ecf1a26095dfe976a926a1c7c3876aaafb1c80f1dd681f9e9f35bd678864cdf1,150d107225160ac498040fa20d4ccf9e26ec2703,True,fixed_per_environment_quotas_v2,nominal,47,63,True,True,6.12,,7,False,False,39.7293701171875,6.12,0.5443136096000671,0.186796635389328,1.409592628479004
/home/donglei/isaac_projects/isaac_drone_racer/.worktrees/stage1-fake-vio/logs/skrl/stage1_recovery_20260905/2026-09-05_11-37-52/2026-09-05_11-37-57_ppo_torch_stage1_mixed/checkpoints/best_agent.pt,ecf1a26095dfe976a926a1c7c3876aaafb1c80f1dd681f9e9f35bd678864cdf1,150d107225160ac498040fa20d4ccf9e26ec2703,True,fixed_per_environment_quotas_v2,nominal,47,64,True,True,5.87,,7,False,False,39.72904586791992,5.87,0.2477494180202484,0.07613462954759598,0.5763996243476868
/home/donglei/isaac_projects/isaac_drone_racer/.worktrees/stage1-fake-vio/logs/skrl/stage1_recovery_20260905/2026-09-05_11-37-52/2026-09-05_11-37-57_ppo_torch_stage1_mixed/checkpoints/best_agent.pt,ecf1a26095dfe976a926a1c7c3876aaafb1c80f1dd681f9e9f35bd678864cdf1,150d107225160ac498040fa20d4ccf9e26ec2703,True,fixed_per_environment_quotas_v2,nominal,47,65,True,True,5.83,,7,False,False,39.50274658203125,5.83,0.20497238636016846,0.06929173320531845,0.5580819845199585
/home/donglei/isaac_projects/isaac_drone_racer/.worktrees/stage1-fake-vio/logs/skrl/stage1_recovery_20260905/2026-09-05_11-37-52/2026-09-05_11-37-57_ppo_torch_stage1_mixed/checkpoints/best_agent.pt,ecf1a26095dfe976a926a1c7c3876aaafb1c80f1dd681f9e9f35bd678864cdf1,150d107225160ac498040fa20d4ccf9e26ec2703,True,fixed_per_environment_quotas_v2,nominal,47,66,True,True,6.26,,7,False,False,39.87369918823242,6.26,0.1971319019794464,0.0700535774230957,0.5021817088127136
/home/donglei/isaac_projects/isaac_drone_racer/.worktrees/stage1-fake-vio/logs/skrl/stage1_recovery_20260905/2026-09-05_11-37-52/2026-09-05_11-37-57_ppo_torch_stage1_mixed/checkpoints/best_agent.pt,ecf1a26095dfe976a926a1c7c3876aaafb1c80f1dd681f9e9f35bd678864cdf1,150d107225160ac498040fa20d4ccf9e26ec2703,True,fixed_per_environment_quotas_v2,nominal,47,67,True,True,6.0,,7,False,False,39.886138916015625,6.0,0.5633364915847778,0.19125548005104065,1.461150050163269
/home/donglei/isaac_projects/isaac_drone_racer/.worktrees/stage1-fake-vio/logs/skrl/stage1_recovery_20260905/2026-09-05_11-37-52/2026-09-05_11-37-57_ppo_torch_stage1_mixed/checkpoints/best_agent.pt,ecf1a26095dfe976a926a1c7c3876aaafb1c80f1dd681f9e9f35bd678864cdf1,150d107225160ac498040fa20d4ccf9e26ec2703,True,fixed_per_environment_quotas_v2,nominal,47,68,True,True,6.140000000000001,,7,False,False,39.741004943847656,6.140000000000001,0.21331024169921875,0.06989125907421112,0.5479523539543152
/home/donglei/isaac_projects/isaac_drone_racer/.worktrees/stage1-fake-vio/logs/skrl/stage1_recovery_20260905/2026-09-05_11-37-52/2026-09-05_11-37-57_ppo_torch_stage1_mixed/checkpoints/best_agent.pt,ecf1a26095dfe976a926a1c7c3876aaafb1c80f1dd681f9e9f35bd678864cdf1,150d107225160ac498040fa20d4ccf9e26ec2703,True,fixed_per_environment_quotas_v2,nominal,47,69,True,True,6.1000000000000005,,7,False,False,39.93499755859375,6.1000000000000005,0.4165206849575043,0.1503419727087021,1.0631232261657715
/home/donglei/isaac_projects/isaac_drone_racer/.worktrees/stage1-fake-vio/logs/skrl/stage1_recovery_20260905/2026-09-05_11-37-52/2026-09-05_11-37-57_ppo_torch_stage1_mixed/checkpoints/best_agent.pt,ecf1a26095dfe976a926a1c7c3876aaafb1c80f1dd681f9e9f35bd678864cdf1,150d107225160ac498040fa20d4ccf9e26ec2703,True,fixed_per_environment_quotas_v2,nominal,47,70,True,True,6.18,,7,False,False,39.77412414550781,6.18,0.42459431290626526,0.16563265025615692,1.1619175672531128
/home/donglei/isaac_projects/isaac_drone_racer/.worktrees/stage1-fake-vio/logs/skrl/stage1_recovery_20260905/2026-09-05_11-37-52/2026-09-05_11-37-57_ppo_torch_stage1_mixed/checkpoints/best_agent.pt,ecf1a26095dfe976a926a1c7c3876aaafb1c80f1dd681f9e9f35bd678864cdf1,150d107225160ac498040fa20d4ccf9e26ec2703,True,fixed_per_environment_quotas_v2,nominal,47,71,True,True,6.0,,7,False,False,39.79536056518555,6.0,0.3070316016674042,0.10794956982135773,0.8241921663284302
/home/donglei/isaac_projects/isaac_drone_racer/.worktrees/stage1-fake-vio/logs/skrl/stage1_recovery_20260905/2026-09-05_11-37-52/2026-09-05_11-37-57_ppo_torch_stage1_mixed/checkpoints/best_agent.pt,ecf1a26095dfe976a926a1c7c3876aaafb1c80f1dd681f9e9f35bd678864cdf1,150d107225160ac498040fa20d4ccf9e26ec2703,True,fixed_per_environment_quotas_v2,nominal,47,72,True,True,5.99,,7,False,False,39.86024856567383,5.99,0.5352605581283569,0.18843020498752594,1.36746346950531
/home/donglei/isaac_projects/isaac_drone_racer/.worktrees/stage1-fake-vio/logs/skrl/stage1_recovery_20260905/2026-09-05_11-37-52/2026-09-05_11-37-57_ppo_torch_stage1_mixed/checkpoints/best_agent.pt,ecf1a26095dfe976a926a1c7c3876aaafb1c80f1dd681f9e9f35bd678864cdf1,150d107225160ac498040fa20d4ccf9e26ec2703,True,fixed_per_environment_quotas_v2,nominal,47,73,True,True,6.08,,7,False,False,39.902156829833984,6.08,0.41782596707344055,0.15418602526187897,1.0825833082199097
/home/donglei/isaac_projects/isaac_drone_racer/.worktrees/stage1-fake-vio/logs/skrl/stage1_recovery_20260905/2026-09-05_11-37-52/2026-09-05_11-37-57_ppo_torch_stage1_mixed/checkpoints/best_agent.pt,ecf1a26095dfe976a926a1c7c3876aaafb1c80f1dd681f9e9f35bd678864cdf1,150d107225160ac498040fa20d4ccf9e26ec2703,True,fixed_per_environment_quotas_v2,nominal,47,74,True,True,6.04,,7,False,False,39.91118621826172,6.04,0.4422292411327362,0.14573360979557037,1.115694522857666
/home/donglei/isaac_projects/isaac_drone_racer/.worktrees/stage1-fake-vio/logs/skrl/stage1_recovery_20260905/2026-09-05_11-37-52/2026-09-05_11-37-57_ppo_torch_stage1_mixed/checkpoints/best_agent.pt,ecf1a26095dfe976a926a1c7c3876aaafb1c80f1dd681f9e9f35bd678864cdf1,150d107225160ac498040fa20d4ccf9e26ec2703,True,fixed_per_environment_quotas_v2,nominal,47,75,True,True,6.17,,7,False,False,39.926910400390625,6.17,0.4019513726234436,0.15546628832817078,1.0420585870742798
/home/donglei/isaac_projects/isaac_drone_racer/.worktrees/stage1-fake-vio/logs/skrl/stage1_recovery_20260905/2026-09-05_11-37-52/2026-09-05_11-37-57_ppo_torch_stage1_mixed/checkpoints/best_agent.pt,ecf1a26095dfe976a926a1c7c3876aaafb1c80f1dd681f9e9f35bd678864cdf1,150d107225160ac498040fa20d4ccf9e26ec2703,True,fixed_per_environment_quotas_v2,nominal,47,76,False,False,,4,2,True,False,9.519292831420898,3.04,0.6396304965019226,0.1763579398393631,1.4691566228866577
/home/donglei/isaac_projects/isaac_drone_racer/.worktrees/stage1-fake-vio/logs/skrl/stage1_recovery_20260905/2026-09-05_11-37-52/2026-09-05_11-37-57_ppo_torch_stage1_mixed/checkpoints/best_agent.pt,ecf1a26095dfe976a926a1c7c3876aaafb1c80f1dd681f9e9f35bd678864cdf1,150d107225160ac498040fa20d4ccf9e26ec2703,True,fixed_per_environment_quotas_v2,nominal,47,77,True,True,5.95,,7,False,False,39.85921096801758,5.95,0.3250351548194885,0.10958680510520935,0.8025614023208618
/home/donglei/isaac_projects/isaac_drone_racer/.worktrees/stage1-fake-vio/logs/skrl/stage1_recovery_20260905/2026-09-05_11-37-52/2026-09-05_11-37-57_ppo_torch_stage1_mixed/checkpoints/best_agent.pt,ecf1a26095dfe976a926a1c7c3876aaafb1c80f1dd681f9e9f35bd678864cdf1,150d107225160ac498040fa20d4ccf9e26ec2703,True,fixed_per_environment_quotas_v2,nominal,47,78,True,True,6.18,,7,False,False,39.61924743652344,6.18,0.5830745697021484,0.18626943230628967,1.462504506111145
/home/donglei/isaac_projects/isaac_drone_racer/.worktrees/stage1-fake-vio/logs/skrl/stage1_recovery_20260905/2026-09-05_11-37-52/2026-09-05_11-37-57_ppo_torch_stage1_mixed/checkpoints/best_agent.pt,ecf1a26095dfe976a926a1c7c3876aaafb1c80f1dd681f9e9f35bd678864cdf1,150d107225160ac498040fa20d4ccf9e26ec2703,True,fixed_per_environment_quotas_v2,nominal,47,79,True,True,5.9,,7,False,False,39.72639083862305,5.9,0.3275368809700012,0.10844454169273376,0.8157936334609985
/home/donglei/isaac_projects/isaac_drone_racer/.worktrees/stage1-fake-vio/logs/skrl/stage1_recovery_20260905/2026-09-05_11-37-52/2026-09-05_11-37-57_ppo_torch_stage1_mixed/checkpoints/best_agent.pt,ecf1a26095dfe976a926a1c7c3876aaafb1c80f1dd681f9e9f35bd678864cdf1,150d107225160ac498040fa20d4ccf9e26ec2703,True,fixed_per_environment_quotas_v2,nominal,47,80,False,False,,4,2,True,False,8.03735637664795,4.14,0.3576289415359497,0.12435349822044373,0.8829927444458008
/home/donglei/isaac_projects/isaac_drone_racer/.worktrees/stage1-fake-vio/logs/skrl/stage1_recovery_20260905/2026-09-05_11-37-52/2026-09-05_11-37-57_ppo_torch_stage1_mixed/checkpoints/best_agent.pt,ecf1a26095dfe976a926a1c7c3876aaafb1c80f1dd681f9e9f35bd678864cdf1,150d107225160ac498040fa20d4ccf9e26ec2703,True,fixed_per_environment_quotas_v2,nominal,47,81,True,True,6.11,,7,False,False,39.78109359741211,6.11,0.5467365980148315,0.20136182010173798,1.461326241493225
/home/donglei/isaac_projects/isaac_drone_racer/.worktrees/stage1-fake-vio/logs/skrl/stage1_recovery_20260905/2026-09-05_11-37-52/2026-09-05_11-37-57_ppo_torch_stage1_mixed/checkpoints/best_agent.pt,ecf1a26095dfe976a926a1c7c3876aaafb1c80f1dd681f9e9f35bd678864cdf1,150d107225160ac498040fa20d4ccf9e26ec2703,True,fixed_per_environment_quotas_v2,nominal,47,82,True,True,5.8100000000000005,,7,False,False,39.54262161254883,5.8100000000000005,0.2052922248840332,0.06652984768152237,0.5230333209037781
/home/donglei/isaac_projects/isaac_drone_racer/.worktrees/stage1-fake-vio/logs/skrl/stage1_recovery_20260905/2026-09-05_11-37-52/2026-09-05_11-37-57_ppo_torch_stage1_mixed/checkpoints/best_agent.pt,ecf1a26095dfe976a926a1c7c3876aaafb1c80f1dd681f9e9f35bd678864cdf1,150d107225160ac498040fa20d4ccf9e26ec2703,True,fixed_per_environment_quotas_v2,nominal,47,83,True,True,6.13,,7,False,False,39.735382080078125,6.13,0.3050377368927002,0.11450741440057755,0.8146446943283081
/home/donglei/isaac_projects/isaac_drone_racer/.worktrees/stage1-fake-vio/logs/skrl/stage1_recovery_20260905/2026-09-05_11-37-52/2026-09-05_11-37-57_ppo_torch_stage1_mixed/checkpoints/best_agent.pt,ecf1a26095dfe976a926a1c7c3876aaafb1c80f1dd681f9e9f35bd678864cdf1,150d107225160ac498040fa20d4ccf9e26ec2703,True,fixed_per_environment_quotas_v2,nominal,47,84,False,False,,7,6,True,False,29.350536346435547,5.71,0.21006520092487335,0.3890467882156372,0.847994327545166
/home/donglei/isaac_projects/isaac_drone_racer/.worktrees/stage1-fake-vio/logs/skrl/stage1_recovery_20260905/2026-09-05_11-37-52/2026-09-05_11-37-57_ppo_torch_stage1_mixed/checkpoints/best_agent.pt,ecf1a26095dfe976a926a1c7c3876aaafb1c80f1dd681f9e9f35bd678864cdf1,150d107225160ac498040fa20d4ccf9e26ec2703,True,fixed_per_environment_quotas_v2,nominal,47,85,True,True,6.05,,7,False,False,39.65499496459961,6.05,0.22068782150745392,0.07160913199186325,0.5221954584121704
/home/donglei/isaac_projects/isaac_drone_racer/.worktrees/stage1-fake-vio/logs/skrl/stage1_recovery_20260905/2026-09-05_11-37-52/2026-09-05_11-37-57_ppo_torch_stage1_mixed/checkpoints/best_agent.pt,ecf1a26095dfe976a926a1c7c3876aaafb1c80f1dd681f9e9f35bd678864cdf1,150d107225160ac498040fa20d4ccf9e26ec2703,True,fixed_per_environment_quotas_v2,nominal,47,86,True,True,5.94,,7,False,False,39.91257095336914,5.94,0.21433831751346588,0.06320152431726456,0.5401438474655151
/home/donglei/isaac_projects/isaac_drone_racer/.worktrees/stage1-fake-vio/logs/skrl/stage1_recovery_20260905/2026-09-05_11-37-52/2026-09-05_11-37-57_ppo_torch_stage1_mixed/checkpoints/best_agent.pt,ecf1a26095dfe976a926a1c7c3876aaafb1c80f1dd681f9e9f35bd678864cdf1,150d107225160ac498040fa20d4ccf9e26ec2703,True,fixed_per_environment_quotas_v2,nominal,47,87,True,True,6.34,,7,False,False,39.916927337646484,6.34,0.30286139249801636,0.10621295869350433,0.7851864099502563
/home/donglei/isaac_projects/isaac_drone_racer/.worktrees/stage1-fake-vio/logs/skrl/stage1_recovery_20260905/2026-09-05_11-37-52/2026-09-05_11-37-57_ppo_torch_stage1_mixed/checkpoints/best_agent.pt,ecf1a26095dfe976a926a1c7c3876aaafb1c80f1dd681f9e9f35bd678864cdf1,150d107225160ac498040fa20d4ccf9e26ec2703,True,fixed_per_environment_quotas_v2,nominal,47,88,True,True,6.1000000000000005,,7,False,False,39.866363525390625,6.1000000000000005,0.21306854486465454,0.06502484530210495,0.5195106267929077
/home/donglei/isaac_projects/isaac_drone_racer/.worktrees/stage1-fake-vio/logs/skrl/stage1_recovery_20260905/2026-09-05_11-37-52/2026-09-05_11-37-57_ppo_torch_stage1_mixed/checkpoints/best_agent.pt,ecf1a26095dfe976a926a1c7c3876aaafb1c80f1dd681f9e9f35bd678864cdf1,150d107225160ac498040fa20d4ccf9e26ec2703,True,fixed_per_environment_quotas_v2,nominal,47,89,True,True,6.0600000000000005,,7,False,False,39.930023193359375,6.0600000000000005,0.5237749218940735,0.18542669713497162,1.3842922449111938
/home/donglei/isaac_projects/isaac_drone_racer/.worktrees/stage1-fake-vio/logs/skrl/stage1_recovery_20260905/2026-09-05_11-37-52/2026-09-05_11-37-57_ppo_torch_stage1_mixed/checkpoints/best_agent.pt,ecf1a26095dfe976a926a1c7c3876aaafb1c80f1dd681f9e9f35bd678864cdf1,150d107225160ac498040fa20d4ccf9e26ec2703,True,fixed_per_environment_quotas_v2,nominal,47,90,True,True,5.99,,7,False,False,39.63771057128906,5.99,0.20449398458003998,0.08002258092164993,0.5163770914077759
/home/donglei/isaac_projects/isaac_drone_racer/.worktrees/stage1-fake-vio/logs/skrl/stage1_recovery_20260905/2026-09-05_11-37-52/2026-09-05_11-37-57_ppo_torch_stage1_mixed/checkpoints/best_agent.pt,ecf1a26095dfe976a926a1c7c3876aaafb1c80f1dd681f9e9f35bd678864cdf1,150d107225160ac498040fa20d4ccf9e26ec2703,True,fixed_per_environment_quotas_v2,nominal,47,91,True,True,5.97,,7,False,False,39.87002944946289,5.97,0.3319058120250702,0.11331716924905777,0.8541267514228821
/home/donglei/isaac_projects/isaac_drone_racer/.worktrees/stage1-fake-vio/logs/skrl/stage1_recovery_20260905/2026-09-05_11-37-52/2026-09-05_11-37-57_ppo_torch_stage1_mixed/checkpoints/best_agent.pt,ecf1a26095dfe976a926a1c7c3876aaafb1c80f1dd681f9e9f35bd678864cdf1,150d107225160ac498040fa20d4ccf9e26ec2703,True,fixed_per_environment_quotas_v2,nominal,47,92,True,True,6.05,,7,False,False,39.583778381347656,6.05,0.187979057431221,0.0746699720621109,0.5319285988807678
/home/donglei/isaac_projects/isaac_drone_racer/.worktrees/stage1-fake-vio/logs/skrl/stage1_recovery_20260905/2026-09-05_11-37-52/2026-09-05_11-37-57_ppo_torch_stage1_mixed/checkpoints/best_agent.pt,ecf1a26095dfe976a926a1c7c3876aaafb1c80f1dd681f9e9f35bd678864cdf1,150d107225160ac498040fa20d4ccf9e26ec2703,True,fixed_per_environment_quotas_v2,nominal,47,93,True,True,6.09,,7,False,False,39.63789367675781,6.09,0.3146108388900757,0.1160859614610672,0.8690963983535767
/home/donglei/isaac_projects/isaac_drone_racer/.worktrees/stage1-fake-vio/logs/skrl/stage1_recovery_20260905/2026-09-05_11-37-52/2026-09-05_11-37-57_ppo_torch_stage1_mixed/checkpoints/best_agent.pt,ecf1a26095dfe976a926a1c7c3876aaafb1c80f1dd681f9e9f35bd678864cdf1,150d107225160ac498040fa20d4ccf9e26ec2703,True,fixed_per_environment_quotas_v2,nominal,47,94,True,True,5.9,,7,False,False,39.6704216003418,5.9,0.3391847610473633,0.10998338460922241,0.8451632857322693
/home/donglei/isaac_projects/isaac_drone_racer/.worktrees/stage1-fake-vio/logs/skrl/stage1_recovery_20260905/2026-09-05_11-37-52/2026-09-05_11-37-57_ppo_torch_stage1_mixed/checkpoints/best_agent.pt,ecf1a26095dfe976a926a1c7c3876aaafb1c80f1dd681f9e9f35bd678864cdf1,150d107225160ac498040fa20d4ccf9e26ec2703,True,fixed_per_environment_quotas_v2,nominal,47,95,True,True,5.88,,7,False,False,39.576377868652344,5.88,0.4414314925670624,0.15401263535022736,1.1199514865875244
/home/donglei/isaac_projects/isaac_drone_racer/.worktrees/stage1-fake-vio/logs/skrl/stage1_recovery_20260905/2026-09-05_11-37-52/2026-09-05_11-37-57_ppo_torch_stage1_mixed/checkpoints/best_agent.pt,ecf1a26095dfe976a926a1c7c3876aaafb1c80f1dd681f9e9f35bd678864cdf1,150d107225160ac498040fa20d4ccf9e26ec2703,True,fixed_per_environment_quotas_v2,nominal,47,96,True,True,6.04,,7,False,False,39.638648986816406,6.04,0.5315372347831726,0.2011401504278183,1.4043296575546265
/home/donglei/isaac_projects/isaac_drone_racer/.worktrees/stage1-fake-vio/logs/skrl/stage1_recovery_20260905/2026-09-05_11-37-52/2026-09-05_11-37-57_ppo_torch_stage1_mixed/checkpoints/best_agent.pt,ecf1a26095dfe976a926a1c7c3876aaafb1c80f1dd681f9e9f35bd678864cdf1,150d107225160ac498040fa20d4ccf9e26ec2703,True,fixed_per_environment_quotas_v2,nominal,47,97,True,True,6.16,,7,False,False,39.79617691040039,6.16,0.2930660843849182,0.11081352829933167,0.7518627047538757
/home/donglei/isaac_projects/isaac_drone_racer/.worktrees/stage1-fake-vio/logs/skrl/stage1_recovery_20260905/2026-09-05_11-37-52/2026-09-05_11-37-57_ppo_torch_stage1_mixed/checkpoints/best_agent.pt,ecf1a26095dfe976a926a1c7c3876aaafb1c80f1dd681f9e9f35bd678864cdf1,150d107225160ac498040fa20d4ccf9e26ec2703,True,fixed_per_environment_quotas_v2,nominal,47,98,True,True,5.87,,7,False,False,39.71138000488281,5.87,0.20501282811164856,0.06517057865858078,0.49667245149612427
/home/donglei/isaac_projects/isaac_drone_racer/.worktrees/stage1-fake-vio/logs/skrl/stage1_recovery_20260905/2026-09-05_11-37-52/2026-09-05_11-37-57_ppo_torch_stage1_mixed/checkpoints/best_agent.pt,ecf1a26095dfe976a926a1c7c3876aaafb1c80f1dd681f9e9f35bd678864cdf1,150d107225160ac498040fa20d4ccf9e26ec2703,True,fixed_per_environment_quotas_v2,nominal,47,99,True,True,6.09,,7,False,False,39.68988037109375,6.09,0.42938172817230225,0.15460321307182312,1.1172627210617065
/home/donglei/isaac_projects/isaac_drone_racer/.worktrees/stage1-fake-vio/logs/skrl/stage1_recovery_20260905/2026-09-05_11-37-52/2026-09-05_11-37-57_ppo_torch_stage1_mixed/checkpoints/best_agent.pt,ecf1a26095dfe976a926a1c7c3876aaafb1c80f1dd681f9e9f35bd678864cdf1,150d107225160ac498040fa20d4ccf9e26ec2703,True,fixed_per_environment_quotas_v2,nominal,47,100,True,True,6.13,,7,False,False,39.91777038574219,6.13,0.19167770445346832,0.07396183162927628,0.5011098384857178
/home/donglei/isaac_projects/isaac_drone_racer/.worktrees/stage1-fake-vio/logs/skrl/stage1_recovery_20260905/2026-09-05_11-37-52/2026-09-05_11-37-57_ppo_torch_stage1_mixed/checkpoints/best_agent.pt,ecf1a26095dfe976a926a1c7c3876aaafb1c80f1dd681f9e9f35bd678864cdf1,150d107225160ac498040fa20d4ccf9e26ec2703,True,fixed_per_environment_quotas_v2,nominal,47,101,True,True,5.88,,7,False,False,39.86878967285156,5.88,0.5778912901878357,0.1753520965576172,1.4269970655441284
/home/donglei/isaac_projects/isaac_drone_racer/.worktrees/stage1-fake-vio/logs/skrl/stage1_recovery_20260905/2026-09-05_11-37-52/2026-09-05_11-37-57_ppo_torch_stage1_mixed/checkpoints/best_agent.pt,ecf1a26095dfe976a926a1c7c3876aaafb1c80f1dd681f9e9f35bd678864cdf1,150d107225160ac498040fa20d4ccf9e26ec2703,True,fixed_per_environment_quotas_v2,nominal,47,102,True,True,6.04,,7,False,False,39.841182708740234,6.04,0.2133501023054123,0.06900853663682938,0.5315877199172974
/home/donglei/isaac_projects/isaac_drone_racer/.worktrees/stage1-fake-vio/logs/skrl/stage1_recovery_20260905/2026-09-05_11-37-52/2026-09-05_11-37-57_ppo_torch_stage1_mixed/checkpoints/best_agent.pt,ecf1a26095dfe976a926a1c7c3876aaafb1c80f1dd681f9e9f35bd678864cdf1,150d107225160ac498040fa20d4ccf9e26ec2703,True,fixed_per_environment_quotas_v2,nominal,47,103,True,True,5.95,,7,False,False,39.697574615478516,5.95,0.4328905940055847,0.1583745777606964,1.1690423488616943
/home/donglei/isaac_projects/isaac_drone_racer/.worktrees/stage1-fake-vio/logs/skrl/stage1_recovery_20260905/2026-09-05_11-37-52/2026-09-05_11-37-57_ppo_torch_stage1_mixed/checkpoints/best_agent.pt,ecf1a26095dfe976a926a1c7c3876aaafb1c80f1dd681f9e9f35bd678864cdf1,150d107225160ac498040fa20d4ccf9e26ec2703,True,fixed_per_environment_quotas_v2,nominal,47,104,True,True,6.0200000000000005,,7,False,False,39.71354675292969,6.0200000000000005,0.20126207172870636,0.07202804088592529,0.525799572467804
/home/donglei/isaac_projects/isaac_drone_racer/.worktrees/stage1-fake-vio/logs/skrl/stage1_recovery_20260905/2026-09-05_11-37-52/2026-09-05_11-37-57_ppo_torch_stage1_mixed/checkpoints/best_agent.pt,ecf1a26095dfe976a926a1c7c3876aaafb1c80f1dd681f9e9f35bd678864cdf1,150d107225160ac498040fa20d4ccf9e26ec2703,True,fixed_per_environment_quotas_v2,nominal,47,105,True,True,6.0600000000000005,,7,False,False,39.713043212890625,6.0600000000000005,0.3105502128601074,0.11726384609937668,0.815034806728363
/home/donglei/isaac_projects/isaac_drone_racer/.worktrees/stage1-fake-vio/logs/skrl/stage1_recovery_20260905/2026-09-05_11-37-52/2026-09-05_11-37-57_ppo_torch_stage1_mixed/checkpoints/best_agent.pt,ecf1a26095dfe976a926a1c7c3876aaafb1c80f1dd681f9e9f35bd678864cdf1,150d107225160ac498040fa20d4ccf9e26ec2703,True,fixed_per_environment_quotas_v2,nominal,47,106,True,True,5.99,,7,False,False,39.52778244018555,5.99,0.42476800084114075,0.14224058389663696,1.1395518779754639
/home/donglei/isaac_projects/isaac_drone_racer/.worktrees/stage1-fake-vio/logs/skrl/stage1_recovery_20260905/2026-09-05_11-37-52/2026-09-05_11-37-57_ppo_torch_stage1_mixed/checkpoints/best_agent.pt,ecf1a26095dfe976a926a1c7c3876aaafb1c80f1dd681f9e9f35bd678864cdf1,150d107225160ac498040fa20d4ccf9e26ec2703,True,fixed_per_environment_quotas_v2,nominal,47,107,True,True,5.92,,7,False,False,39.694602966308594,5.92,0.32591134309768677,0.1136547401547432,0.8000859022140503
/home/donglei/isaac_projects/isaac_drone_racer/.worktrees/stage1-fake-vio/logs/skrl/stage1_recovery_20260905/2026-09-05_11-37-52/2026-09-05_11-37-57_ppo_torch_stage1_mixed/checkpoints/best_agent.pt,ecf1a26095dfe976a926a1c7c3876aaafb1c80f1dd681f9e9f35bd678864cdf1,150d107225160ac498040fa20d4ccf9e26ec2703,True,fixed_per_environment_quotas_v2,nominal,47,108,True,True,6.08,,7,False,False,39.74038314819336,6.08,0.5608028769493103,0.18959566950798035,1.4439327716827393
/home/donglei/isaac_projects/isaac_drone_racer/.worktrees/stage1-fake-vio/logs/skrl/stage1_recovery_20260905/2026-09-05_11-37-52/2026-09-05_11-37-57_ppo_torch_stage1_mixed/checkpoints/best_agent.pt,ecf1a26095dfe976a926a1c7c3876aaafb1c80f1dd681f9e9f35bd678864cdf1,150d107225160ac498040fa20d4ccf9e26ec2703,True,fixed_per_environment_quotas_v2,nominal,47,109,True,True,5.99,,7,False,False,39.62750244140625,5.99,0.46747395396232605,0.146402046084404,1.176391839981079
/home/donglei/isaac_projects/isaac_drone_racer/.worktrees/stage1-fake-vio/logs/skrl/stage1_recovery_20260905/2026-09-05_11-37-52/2026-09-05_11-37-57_ppo_torch_stage1_mixed/checkpoints/best_agent.pt,ecf1a26095dfe976a926a1c7c3876aaafb1c80f1dd681f9e9f35bd678864cdf1,150d107225160ac498040fa20d4ccf9e26ec2703,True,fixed_per_environment_quotas_v2,nominal,47,110,True,True,5.86,,7,False,False,39.59122085571289,5.86,0.20851537585258484,0.07389550656080246,0.5207414031028748
/home/donglei/isaac_projects/isaac_drone_racer/.worktrees/stage1-fake-vio/logs/skrl/stage1_recovery_20260905/2026-09-05_11-37-52/2026-09-05_11-37-57_ppo_torch_stage1_mixed/checkpoints/best_agent.pt,ecf1a26095dfe976a926a1c7c3876aaafb1c80f1dd681f9e9f35bd678864cdf1,150d107225160ac498040fa20d4ccf9e26ec2703,True,fixed_per_environment_quotas_v2,nominal,47,111,True,True,5.92,,7,False,False,39.89429473876953,5.92,0.4474157691001892,0.15523533523082733,1.1775544881820679
/home/donglei/isaac_projects/isaac_drone_racer/.worktrees/stage1-fake-vio/logs/skrl/stage1_recovery_20260905/2026-09-05_11-37-52/2026-09-05_11-37-57_ppo_torch_stage1_mixed/checkpoints/best_agent.pt,ecf1a26095dfe976a926a1c7c3876aaafb1c80f1dd681f9e9f35bd678864cdf1,150d107225160ac498040fa20d4ccf9e26ec2703,True,fixed_per_environment_quotas_v2,nominal,47,112,True,True,6.23,,7,False,False,39.962162017822266,6.23,0.44773805141448975,0.16504694521427155,1.0743236541748047
/home/donglei/isaac_projects/isaac_drone_racer/.worktrees/stage1-fake-vio/logs/skrl/stage1_recovery_20260905/2026-09-05_11-37-52/2026-09-05_11-37-57_ppo_torch_stage1_mixed/checkpoints/best_agent.pt,ecf1a26095dfe976a926a1c7c3876aaafb1c80f1dd681f9e9f35bd678864cdf1,150d107225160ac498040fa20d4ccf9e26ec2703,True,fixed_per_environment_quotas_v2,nominal,47,113,True,True,5.97,,7,False,False,39.762420654296875,5.97,0.45273736119270325,0.14745664596557617,1.1060285568237305
/home/donglei/isaac_projects/isaac_drone_racer/.worktrees/stage1-fake-vio/logs/skrl/stage1_recovery_20260905/2026-09-05_11-37-52/2026-09-05_11-37-57_ppo_torch_stage1_mixed/checkpoints/best_agent.pt,ecf1a26095dfe976a926a1c7c3876aaafb1c80f1dd681f9e9f35bd678864cdf1,150d107225160ac498040fa20d4ccf9e26ec2703,True,fixed_per_environment_quotas_v2,nominal,47,114,True,True,5.87,,7,False,False,39.63902282714844,5.87,0.2171117514371872,0.06610395759344101,0.5480515360832214
/home/donglei/isaac_projects/isaac_drone_racer/.worktrees/stage1-fake-vio/logs/skrl/stage1_recovery_20260905/2026-09-05_11-37-52/2026-09-05_11-37-57_ppo_torch_stage1_mixed/checkpoints/best_agent.pt,ecf1a26095dfe976a926a1c7c3876aaafb1c80f1dd681f9e9f35bd678864cdf1,150d107225160ac498040fa20d4ccf9e26ec2703,True,fixed_per_environment_quotas_v2,nominal,47,115,True,True,6.08,,7,False,False,39.926551818847656,6.08,0.18387538194656372,0.06972770392894745,0.4872682988643646
/home/donglei/isaac_projects/isaac_drone_racer/.worktrees/stage1-fake-vio/logs/skrl/stage1_recovery_20260905/2026-09-05_11-37-52/2026-09-05_11-37-57_ppo_torch_stage1_mixed/checkpoints/best_agent.pt,ecf1a26095dfe976a926a1c7c3876aaafb1c80f1dd681f9e9f35bd678864cdf1,150d107225160ac498040fa20d4ccf9e26ec2703,True,fixed_per_environment_quotas_v2,nominal,47,116,True,True,6.0,,7,False,False,39.772743225097656,6.0,0.19968953728675842,0.06834947317838669,0.5135513544082642
/home/donglei/isaac_projects/isaac_drone_racer/.worktrees/stage1-fake-vio/logs/skrl/stage1_recovery_20260905/2026-09-05_11-37-52/2026-09-05_11-37-57_ppo_torch_stage1_mixed/checkpoints/best_agent.pt,ecf1a26095dfe976a926a1c7c3876aaafb1c80f1dd681f9e9f35bd678864cdf1,150d107225160ac498040fa20d4ccf9e26ec2703,True,fixed_per_environment_quotas_v2,nominal,47,117,True,True,6.09,,7,False,False,40.08259582519531,6.09,0.19491532444953918,0.07056978344917297,0.49773529171943665
/home/donglei/isaac_projects/isaac_drone_racer/.worktrees/stage1-fake-vio/logs/skrl/stage1_recovery_20260905/2026-09-05_11-37-52/2026-09-05_11-37-57_ppo_torch_stage1_mixed/checkpoints/best_agent.pt,ecf1a26095dfe976a926a1c7c3876aaafb1c80f1dd681f9e9f35bd678864cdf1,150d107225160ac498040fa20d4ccf9e26ec2703,True,fixed_per_environment_quotas_v2,nominal,47,118,True,True,5.99,,7,False,False,40.05177307128906,5.99,0.5380789041519165,0.1891845166683197,1.3913147449493408
/home/donglei/isaac_projects/isaac_drone_racer/.worktrees/stage1-fake-vio/logs/skrl/stage1_recovery_20260905/2026-09-05_11-37-52/2026-09-05_11-37-57_ppo_torch_stage1_mixed/checkpoints/best_agent.pt,ecf1a26095dfe976a926a1c7c3876aaafb1c80f1dd681f9e9f35bd678864cdf1,150d107225160ac498040fa20d4ccf9e26ec2703,True,fixed_per_environment_quotas_v2,nominal,47,119,True,True,6.37,,7,False,False,40.01060104370117,6.37,0.4944428503513336,0.1867264062166214,1.2553107738494873
/home/donglei/isaac_projects/isaac_drone_racer/.worktrees/stage1-fake-vio/logs/skrl/stage1_recovery_20260905/2026-09-05_11-37-52/2026-09-05_11-37-57_ppo_torch_stage1_mixed/checkpoints/best_agent.pt,ecf1a26095dfe976a926a1c7c3876aaafb1c80f1dd681f9e9f35bd678864cdf1,150d107225160ac498040fa20d4ccf9e26ec2703,True,fixed_per_environment_quotas_v2,nominal,47,120,True,True,5.75,,7,False,False,39.677024841308594,5.75,0.5670792460441589,0.18750984966754913,1.4818339347839355
/home/donglei/isaac_projects/isaac_drone_racer/.worktrees/stage1-fake-vio/logs/skrl/stage1_recovery_20260905/2026-09-05_11-37-52/2026-09-05_11-37-57_ppo_torch_stage1_mixed/checkpoints/best_agent.pt,ecf1a26095dfe976a926a1c7c3876aaafb1c80f1dd681f9e9f35bd678864cdf1,150d107225160ac498040fa20d4ccf9e26ec2703,True,fixed_per_environment_quotas_v2,nominal,47,121,True,True,6.07,,7,False,False,39.611610412597656,6.07,0.4394843280315399,0.15066610276699066,1.116209626197815
/home/donglei/isaac_projects/isaac_drone_racer/.worktrees/stage1-fake-vio/logs/skrl/stage1_recovery_20260905/2026-09-05_11-37-52/2026-09-05_11-37-57_ppo_torch_stage1_mixed/checkpoints/best_agent.pt,ecf1a26095dfe976a926a1c7c3876aaafb1c80f1dd681f9e9f35bd678864cdf1,150d107225160ac498040fa20d4ccf9e26ec2703,True,fixed_per_environment_quotas_v2,nominal,47,122,True,True,5.87,,7,False,False,39.656951904296875,5.87,0.43481525778770447,0.14488637447357178,1.1420068740844727
/home/donglei/isaac_projects/isaac_drone_racer/.worktrees/stage1-fake-vio/logs/skrl/stage1_recovery_20260905/2026-09-05_11-37-52/2026-09-05_11-37-57_ppo_torch_stage1_mixed/checkpoints/best_agent.pt,ecf1a26095dfe976a926a1c7c3876aaafb1c80f1dd681f9e9f35bd678864cdf1,150d107225160ac498040fa20d4ccf9e26ec2703,True,fixed_per_environment_quotas_v2,nominal,47,123,True,True,6.21,,7,False,False,39.62950134277344,6.21,0.1956961303949356,0.07141527533531189,0.5379562973976135
/home/donglei/isaac_projects/isaac_drone_racer/.worktrees/stage1-fake-vio/logs/skrl/stage1_recovery_20260905/2026-09-05_11-37-52/2026-09-05_11-37-57_ppo_torch_stage1_mixed/checkpoints/best_agent.pt,ecf1a26095dfe976a926a1c7c3876aaafb1c80f1dd681f9e9f35bd678864cdf1,150d107225160ac498040fa20d4ccf9e26ec2703,True,fixed_per_environment_quotas_v2,nominal,47,124,True,True,6.140000000000001,,7,False,False,39.831417083740234,6.140000000000001,0.4337773621082306,0.16249392926692963,1.1645630598068237
/home/donglei/isaac_projects/isaac_drone_racer/.worktrees/stage1-fake-vio/logs/skrl/stage1_recovery_20260905/2026-09-05_11-37-52/2026-09-05_11-37-57_ppo_torch_stage1_mixed/checkpoints/best_agent.pt,ecf1a26095dfe976a926a1c7c3876aaafb1c80f1dd681f9e9f35bd678864cdf1,150d107225160ac498040fa20d4ccf9e26ec2703,True,fixed_per_environment_quotas_v2,nominal,47,125,True,True,5.78,,7,False,False,39.68629837036133,5.78,0.4460698664188385,0.13971708714962006,1.1725573539733887
/home/donglei/isaac_projects/isaac_drone_racer/.worktrees/stage1-fake-vio/logs/skrl/stage1_recovery_20260905/2026-09-05_11-37-52/2026-09-05_11-37-57_ppo_torch_stage1_mixed/checkpoints/best_agent.pt,ecf1a26095dfe976a926a1c7c3876aaafb1c80f1dd681f9e9f35bd678864cdf1,150d107225160ac498040fa20d4ccf9e26ec2703,True,fixed_per_environment_quotas_v2,nominal,47,126,True,True,5.95,,7,False,False,39.55242919921875,5.95,0.47659140825271606,0.15120704472064972,1.2051899433135986
/home/donglei/isaac_projects/isaac_drone_racer/.worktrees/stage1-fake-vio/logs/skrl/stage1_recovery_20260905/2026-09-05_11-37-52/2026-09-05_11-37-57_ppo_torch_stage1_mixed/checkpoints/best_agent.pt,ecf1a26095dfe976a926a1c7c3876aaafb1c80f1dd681f9e9f35bd678864cdf1,150d107225160ac498040fa20d4ccf9e26ec2703,True,fixed_per_environment_quotas_v2,nominal,47,127,True,True,6.0,,7,False,False,39.997528076171875,6.0,0.42992424964904785,0.15608076751232147,1.1352976560592651
/home/donglei/isaac_projects/isaac_drone_racer/.worktrees/stage1-fake-vio/logs/skrl/stage1_recovery_20260905/2026-09-05_11-37-52/2026-09-05_11-37-57_ppo_torch_stage1_mixed/checkpoints/best_agent.pt,ecf1a26095dfe976a926a1c7c3876aaafb1c80f1dd681f9e9f35bd678864cdf1,150d107225160ac498040fa20d4ccf9e26ec2703,True,fixed_per_environment_quotas_v2,stress,11,0,False,False,,3,0,True,False,-4.9319844245910645,0.32,0.11599290370941162,0.5644310116767883,1.7019578218460083
/home/donglei/isaac_projects/isaac_drone_racer/.worktrees/stage1-fake-vio/logs/skrl/stage1_recovery_20260905/2026-09-05_11-37-52/2026-09-05_11-37-57_ppo_torch_stage1_mixed/checkpoints/best_agent.pt,ecf1a26095dfe976a926a1c7c3876aaafb1c80f1dd681f9e9f35bd678864cdf1,150d107225160ac498040fa20d4ccf9e26ec2703,True,fixed_per_environment_quotas_v2,stress,11,1,False,False,,6,0,True,False,-4.294018268585205,0.7000000000000001,0.7835012674331665,0.641692042350769,3.0318756103515625
/home/donglei/isaac_projects/isaac_drone_racer/.worktrees/stage1-fake-vio/logs/skrl/stage1_recovery_20260905/2026-09-05_11-37-52/2026-09-05_11-37-57_ppo_torch_stage1_mixed/checkpoints/best_agent.pt,ecf1a26095dfe976a926a1c7c3876aaafb1c80f1dd681f9e9f35bd678864cdf1,150d107225160ac498040fa20d4ccf9e26ec2703,True,fixed_per_environment_quotas_v2,stress,11,2,False,False,,1,0,True,False,-4.186160087585449,0.75,0.7741106152534485,0.530419111251831,2.511544942855835
/home/donglei/isaac_projects/isaac_drone_racer/.worktrees/stage1-fake-vio/logs/skrl/stage1_recovery_20260905/2026-09-05_11-37-52/2026-09-05_11-37-57_ppo_torch_stage1_mixed/checkpoints/best_agent.pt,ecf1a26095dfe976a926a1c7c3876aaafb1c80f1dd681f9e9f35bd678864cdf1,150d107225160ac498040fa20d4ccf9e26ec2703,True,fixed_per_environment_quotas_v2,stress,11,3,False,False,,6,0,True,False,-4.215236186981201,0.76,0.8266252279281616,0.7947484850883484,3.3189821243286133
/home/donglei/isaac_projects/isaac_drone_racer/.worktrees/stage1-fake-vio/logs/skrl/stage1_recovery_20260905/2026-09-05_11-37-52/2026-09-05_11-37-57_ppo_torch_stage1_mixed/checkpoints/best_agent.pt,ecf1a26095dfe976a926a1c7c3876aaafb1c80f1dd681f9e9f35bd678864cdf1,150d107225160ac498040fa20d4ccf9e26ec2703,True,fixed_per_environment_quotas_v2,stress,11,4,False,False,,6,0,True,False,-4.076010227203369,0.77,0.8131670951843262,0.6740735173225403,2.9982807636260986
/home/donglei/isaac_projects/isaac_drone_racer/.worktrees/stage1-fake-vio/logs/skrl/stage1_recovery_20260905/2026-09-05_11-37-52/2026-09-05_11-37-57_ppo_torch_stage1_mixed/checkpoints/best_agent.pt,ecf1a26095dfe976a926a1c7c3876aaafb1c80f1dd681f9e9f35bd678864cdf1,150d107225160ac498040fa20d4ccf9e26ec2703,True,fixed_per_environment_quotas_v2,stress,11,5,False,False,,7,0,True,False,-3.8985209465026855,0.81,0.9707884192466736,0.503182053565979,2.23443341255188
/home/donglei/isaac_projects/isaac_drone_racer/.worktrees/stage1-fake-vio/logs/skrl/stage1_recovery_20260905/2026-09-05_11-37-52/2026-09-05_11-37-57_ppo_torch_stage1_mixed/checkpoints/best_agent.pt,ecf1a26095dfe976a926a1c7c3876aaafb1c80f1dd681f9e9f35bd678864cdf1,150d107225160ac498040fa20d4ccf9e26ec2703,True,fixed_per_environment_quotas_v2,stress,11,6,False,False,,7,0,True,False,-3.9034759998321533,0.85,1.2982888221740723,0.8129521012306213,5.708430290222168
/home/donglei/isaac_projects/isaac_drone_racer/.worktrees/stage1-fake-vio/logs/skrl/stage1_recovery_20260905/2026-09-05_11-37-52/2026-09-05_11-37-57_ppo_torch_stage1_mixed/checkpoints/best_agent.pt,ecf1a26095dfe976a926a1c7c3876aaafb1c80f1dd681f9e9f35bd678864cdf1,150d107225160ac498040fa20d4ccf9e26ec2703,True,fixed_per_environment_quotas_v2,stress,11,7,False,False,,3,0,True,False,-3.2186598777770996,0.89,2.44539213180542,0.6010034680366516,4.0486674308776855
/home/donglei/isaac_projects/isaac_drone_racer/.worktrees/stage1-fake-vio/logs/skrl/stage1_recovery_20260905/2026-09-05_11-37-52/2026-09-05_11-37-57_ppo_torch_stage1_mixed/checkpoints/best_agent.pt,ecf1a26095dfe976a926a1c7c3876aaafb1c80f1dd681f9e9f35bd678864cdf1,150d107225160ac498040fa20d4ccf9e26ec2703,True,fixed_per_environment_quotas_v2,stress,11,8,False,False,,6,0,True,False,-3.3447160720825195,0.9400000000000001,1.2382497787475586,0.7165369987487793,3.1434967517852783
/home/donglei/isaac_projects/isaac_drone_racer/.worktrees/stage1-fake-vio/logs/skrl/stage1_recovery_20260905/2026-09-05_11-37-52/2026-09-05_11-37-57_ppo_torch_stage1_mixed/checkpoints/best_agent.pt,ecf1a26095dfe976a926a1c7c3876aaafb1c80f1dd681f9e9f35bd678864cdf1,150d107225160ac498040fa20d4ccf9e26ec2703,True,fixed_per_environment_quotas_v2,stress,11,9,False,False,,1,0,True,False,-4.262646675109863,0.99,0.5786831974983215,0.4102821350097656,2.292224884033203
/home/donglei/isaac_projects/isaac_drone_racer/.worktrees/stage1-fake-vio/logs/skrl/stage1_recovery_20260905/2026-09-05_11-37-52/2026-09-05_11-37-57_ppo_torch_stage1_mixed/checkpoints/best_agent.pt,ecf1a26095dfe976a926a1c7c3876aaafb1c80f1dd681f9e9f35bd678864cdf1,150d107225160ac498040fa20d4ccf9e26ec2703,True,fixed_per_environment_quotas_v2,stress,11,10,False,False,,6,0,True,False,-3.217472553253174,0.99,1.0406205654144287,0.4760001003742218,2.292327880859375
/home/donglei/isaac_projects/isaac_drone_racer/.worktrees/stage1-fake-vio/logs/skrl/stage1_recovery_20260905/2026-09-05_11-37-52/2026-09-05_11-37-57_ppo_torch_stage1_mixed/checkpoints/best_agent.pt,ecf1a26095dfe976a926a1c7c3876aaafb1c80f1dd681f9e9f35bd678864cdf1,150d107225160ac498040fa20d4ccf9e26ec2703,True,fixed_per_environment_quotas_v2,stress,11,11,False,False,,7,0,True,False,-3.910459518432617,1.0,0.9779437780380249,0.7680107355117798,3.179879665374756
/home/donglei/isaac_projects/isaac_drone_racer/.worktrees/stage1-fake-vio/logs/skrl/stage1_recovery_20260905/2026-09-05_11-37-52/2026-09-05_11-37-57_ppo_torch_stage1_mixed/checkpoints/best_agent.pt,ecf1a26095dfe976a926a1c7c3876aaafb1c80f1dd681f9e9f35bd678864cdf1,150d107225160ac498040fa20d4ccf9e26ec2703,True,fixed_per_environment_quotas_v2,stress,11,12,False,False,,6,0,True,False,-3.2202746868133545,1.03,1.2037937641143799,0.6452990770339966,2.80047345161438
/home/donglei/isaac_projects/isaac_drone_racer/.worktrees/stage1-fake-vio/logs/skrl/stage1_recovery_20260905/2026-09-05_11-37-52/2026-09-05_11-37-57_ppo_torch_stage1_mixed/checkpoints/best_agent.pt,ecf1a26095dfe976a926a1c7c3876aaafb1c80f1dd681f9e9f35bd678864cdf1,150d107225160ac498040fa20d4ccf9e26ec2703,True,fixed_per_environment_quotas_v2,stress,11,13,False,False,,2,0,True,False,-3.2398557662963867,1.04,1.1677756309509277,0.6686063408851624,2.8507614135742188
/home/donglei/isaac_projects/isaac_drone_racer/.worktrees/stage1-fake-vio/logs/skrl/stage1_recovery_20260905/2026-09-05_11-37-52/2026-09-05_11-37-57_ppo_torch_stage1_mixed/checkpoints/best_agent.pt,ecf1a26095dfe976a926a1c7c3876aaafb1c80f1dd681f9e9f35bd678864cdf1,150d107225160ac498040fa20d4ccf9e26ec2703,True,fixed_per_environment_quotas_v2,stress,11,14,False,False,,2,0,True,False,-3.9689481258392334,1.04,0.9363086819648743,1.7195979356765747,3.050422430038452
/home/donglei/isaac_projects/isaac_drone_racer/.worktrees/stage1-fake-vio/logs/skrl/stage1_recovery_20260905/2026-09-05_11-37-52/2026-09-05_11-37-57_ppo_torch_stage1_mixed/checkpoints/best_agent.pt,ecf1a26095dfe976a926a1c7c3876aaafb1c80f1dd681f9e9f35bd678864cdf1,150d107225160ac498040fa20d4ccf9e26ec2703,True,fixed_per_environment_quotas_v2,stress,11,15,False,False,,6,1,True,False,-0.10987424850463867,1.04,0.5112015008926392,0.23706962168216705,1.7157609462738037
/home/donglei/isaac_projects/isaac_drone_racer/.worktrees/stage1-fake-vio/logs/skrl/stage1_recovery_20260905/2026-09-05_11-37-52/2026-09-05_11-37-57_ppo_torch_stage1_mixed/checkpoints/best_agent.pt,ecf1a26095dfe976a926a1c7c3876aaafb1c80f1dd681f9e9f35bd678864cdf1,150d107225160ac498040fa20d4ccf9e26ec2703,True,fixed_per_environment_quotas_v2,stress,11,16,False,False,,3,0,True,False,-3.1638689041137695,1.08,1.2275398969650269,0.5722432136535645,2.7229554653167725
/home/donglei/isaac_projects/isaac_drone_racer/.worktrees/stage1-fake-vio/logs/skrl/stage1_recovery_20260905/2026-09-05_11-37-52/2026-09-05_11-37-57_ppo_torch_stage1_mixed/checkpoints/best_agent.pt,ecf1a26095dfe976a926a1c7c3876aaafb1c80f1dd681f9e9f35bd678864cdf1,150d107225160ac498040fa20d4ccf9e26ec2703,True,fixed_per_environment_quotas_v2,stress,11,17,False,False,,1,0,True,False,-4.145087718963623,1.1,0.6394819617271423,0.5399982333183289,2.5292599201202393
/home/donglei/isaac_projects/isaac_drone_racer/.worktrees/stage1-fake-vio/logs/skrl/stage1_recovery_20260905/2026-09-05_11-37-52/2026-09-05_11-37-57_ppo_torch_stage1_mixed/checkpoints/best_agent.pt,ecf1a26095dfe976a926a1c7c3876aaafb1c80f1dd681f9e9f35bd678864cdf1,150d107225160ac498040fa20d4ccf9e26ec2703,True,fixed_per_environment_quotas_v2,stress,11,18,False,False,,3,0,True,False,-3.0724892616271973,1.11,1.0993179082870483,0.5302050709724426,2.6156387329101562
/home/donglei/isaac_projects/isaac_drone_racer/.worktrees/stage1-fake-vio/logs/skrl/stage1_recovery_20260905/2026-09-05_11-37-52/2026-09-05_11-37-57_ppo_torch_stage1_mixed/checkpoints/best_agent.pt,ecf1a26095dfe976a926a1c7c3876aaafb1c80f1dd681f9e9f35bd678864cdf1,150d107225160ac498040fa20d4ccf9e26ec2703,True,fixed_per_environment_quotas_v2,stress,11,19,False,False,,1,1,True,False,0.04961729049682617,1.12,0.9817554354667664,0.6245686411857605,3.0041306018829346
/home/donglei/isaac_projects/isaac_drone_racer/.worktrees/stage1-fake-vio/logs/skrl/stage1_recovery_20260905/2026-09-05_11-37-52/2026-09-05_11-37-57_ppo_torch_stage1_mixed/checkpoints/best_agent.pt,ecf1a26095dfe976a926a1c7c3876aaafb1c80f1dd681f9e9f35bd678864cdf1,150d107225160ac498040fa20d4ccf9e26ec2703,True,fixed_per_environment_quotas_v2,stress,11,20,False,False,,4,0,True,False,-2.249288558959961,1.1400000000000001,2.029301643371582,0.5510037541389465,5.575109004974365
/home/donglei/isaac_projects/isaac_drone_racer/.worktrees/stage1-fake-vio/logs/skrl/stage1_recovery_20260905/2026-09-05_11-37-52/2026-09-05_11-37-57_ppo_torch_stage1_mixed/checkpoints/best_agent.pt,ecf1a26095dfe976a926a1c7c3876aaafb1c80f1dd681f9e9f35bd678864cdf1,150d107225160ac498040fa20d4ccf9e26ec2703,True,fixed_per_environment_quotas_v2,stress,11,21,False,False,,2,0,True,False,-3.115574359893799,1.16,1.1969072818756104,0.6654329895973206,3.2141246795654297
/home/donglei/isaac_projects/isaac_drone_racer/.worktrees/stage1-fake-vio/logs/skrl/stage1_recovery_20260905/2026-09-05_11-37-52/2026-09-05_11-37-57_ppo_torch_stage1_mixed/checkpoints/best_agent.pt,ecf1a26095dfe976a926a1c7c3876aaafb1c80f1dd681f9e9f35bd678864cdf1,150d107225160ac498040fa20d4ccf9e26ec2703,True,fixed_per_environment_quotas_v2,stress,11,22,False,False,,4,0,True,False,-2.312671422958374,1.19,1.3359973430633545,0.4683723449707031,2.857999801635742
/home/donglei/isaac_projects/isaac_drone_racer/.worktrees/stage1-fake-vio/logs/skrl/stage1_recovery_20260905/2026-09-05_11-37-52/2026-09-05_11-37-57_ppo_torch_stage1_mixed/checkpoints/best_agent.pt,ecf1a26095dfe976a926a1c7c3876aaafb1c80f1dd681f9e9f35bd678864cdf1,150d107225160ac498040fa20d4ccf9e26ec2703,True,fixed_per_environment_quotas_v2,stress,11,23,False,False,,4,0,True,False,-2.4301986694335938,1.19,1.4804835319519043,0.5484877824783325,2.95678973197937
/home/donglei/isaac_projects/isaac_drone_racer/.worktrees/stage1-fake-vio/logs/skrl/stage1_recovery_20260905/2026-09-05_11-37-52/2026-09-05_11-37-57_ppo_torch_stage1_mixed/checkpoints/best_agent.pt,ecf1a26095dfe976a926a1c7c3876aaafb1c80f1dd681f9e9f35bd678864cdf1,150d107225160ac498040fa20d4ccf9e26ec2703,True,fixed_per_environment_quotas_v2,stress,11,24,False,False,,4,0,True,False,-2.2231860160827637,1.2,1.0464478731155396,0.35256147384643555,2.8901004791259766
/home/donglei/isaac_projects/isaac_drone_racer/.worktrees/stage1-fake-vio/logs/skrl/stage1_recovery_20260905/2026-09-05_11-37-52/2026-09-05_11-37-57_ppo_torch_stage1_mixed/checkpoints/best_agent.pt,ecf1a26095dfe976a926a1c7c3876aaafb1c80f1dd681f9e9f35bd678864cdf1,150d107225160ac498040fa20d4ccf9e26ec2703,True,fixed_per_environment_quotas_v2,stress,11,25,False,False,,3,0,True,False,-3.221705436706543,1.23,1.0796656608581543,0.5662932991981506,2.852362871170044
/home/donglei/isaac_projects/isaac_drone_racer/.worktrees/stage1-fake-vio/logs/skrl/stage1_recovery_20260905/2026-09-05_11-37-52/2026-09-05_11-37-57_ppo_torch_stage1_mixed/checkpoints/best_agent.pt,ecf1a26095dfe976a926a1c7c3876aaafb1c80f1dd681f9e9f35bd678864cdf1,150d107225160ac498040fa20d4ccf9e26ec2703,True,fixed_per_environment_quotas_v2,stress,11,26,False,False,,1,0,True,False,-4.105480194091797,1.27,0.8563835620880127,0.6274216175079346,3.658696413040161
/home/donglei/isaac_projects/isaac_drone_racer/.worktrees/stage1-fake-vio/logs/skrl/stage1_recovery_20260905/2026-09-05_11-37-52/2026-09-05_11-37-57_ppo_torch_stage1_mixed/checkpoints/best_agent.pt,ecf1a26095dfe976a926a1c7c3876aaafb1c80f1dd681f9e9f35bd678864cdf1,150d107225160ac498040fa20d4ccf9e26ec2703,True,fixed_per_environment_quotas_v2,stress,11,27,False,False,,1,0,True,False,-8.37321662902832,1.27,0.8125624656677246,0.5352182984352112,3.2952933311462402
/home/donglei/isaac_projects/isaac_drone_racer/.worktrees/stage1-fake-vio/logs/skrl/stage1_recovery_20260905/2026-09-05_11-37-52/2026-09-05_11-37-57_ppo_torch_stage1_mixed/checkpoints/best_agent.pt,ecf1a26095dfe976a926a1c7c3876aaafb1c80f1dd681f9e9f35bd678864cdf1,150d107225160ac498040fa20d4ccf9e26ec2703,True,fixed_per_environment_quotas_v2,stress,11,28,False,False,,6,0,True,False,-3.3181090354919434,0.98,1.225810170173645,0.6157951354980469,3.3018832206726074
/home/donglei/isaac_projects/isaac_drone_racer/.worktrees/stage1-fake-vio/logs/skrl/stage1_recovery_20260905/2026-09-05_11-37-52/2026-09-05_11-37-57_ppo_torch_stage1_mixed/checkpoints/best_agent.pt,ecf1a26095dfe976a926a1c7c3876aaafb1c80f1dd681f9e9f35bd678864cdf1,150d107225160ac498040fa20d4ccf9e26ec2703,True,fixed_per_environment_quotas_v2,stress,11,29,False,False,,4,1,True,False,1.0286149978637695,1.31,1.1278796195983887,0.6394269466400146,2.998354434967041
/home/donglei/isaac_projects/isaac_drone_racer/.worktrees/stage1-fake-vio/logs/skrl/stage1_recovery_20260905/2026-09-05_11-37-52/2026-09-05_11-37-57_ppo_torch_stage1_mixed/checkpoints/best_agent.pt,ecf1a26095dfe976a926a1c7c3876aaafb1c80f1dd681f9e9f35bd678864cdf1,150d107225160ac498040fa20d4ccf9e26ec2703,True,fixed_per_environment_quotas_v2,stress,11,30,False,False,,4,0,True,False,-2.1324539184570312,1.37,1.5308678150177002,0.5766944885253906,2.857515335083008
/home/donglei/isaac_projects/isaac_drone_racer/.worktrees/stage1-fake-vio/logs/skrl/stage1_recovery_20260905/2026-09-05_11-37-52/2026-09-05_11-37-57_ppo_torch_stage1_mixed/checkpoints/best_agent.pt,ecf1a26095dfe976a926a1c7c3876aaafb1c80f1dd681f9e9f35bd678864cdf1,150d107225160ac498040fa20d4ccf9e26ec2703,True,fixed_per_environment_quotas_v2,stress,11,31,False,False,,6,1,True,False,1.14996337890625,1.43,1.9615076780319214,0.7231185436248779,3.22286319732666
/home/donglei/isaac_projects/isaac_drone_racer/.worktrees/stage1-fake-vio/logs/skrl/stage1_recovery_20260905/2026-09-05_11-37-52/2026-09-05_11-37-57_ppo_torch_stage1_mixed/checkpoints/best_agent.pt,ecf1a26095dfe976a926a1c7c3876aaafb1c80f1dd681f9e9f35bd678864cdf1,150d107225160ac498040fa20d4ccf9e26ec2703,True,fixed_per_environment_quotas_v2,stress,11,32,False,False,,6,1,True,False,1.5732970237731934,1.49,0.9955030083656311,0.3356851041316986,2.435727834701538
/home/donglei/isaac_projects/isaac_drone_racer/.worktrees/stage1-fake-vio/logs/skrl/stage1_recovery_20260905/2026-09-05_11-37-52/2026-09-05_11-37-57_ppo_torch_stage1_mixed/checkpoints/best_agent.pt,ecf1a26095dfe976a926a1c7c3876aaafb1c80f1dd681f9e9f35bd678864cdf1,150d107225160ac498040fa20d4ccf9e26ec2703,True,fixed_per_environment_quotas_v2,stress,11,33,False,False,,4,0,True,False,-7.546708583831787,1.5,3.618713855743408,1.1643449068069458,3.4899661540985107
/home/donglei/isaac_projects/isaac_drone_racer/.worktrees/stage1-fake-vio/logs/skrl/stage1_recovery_20260905/2026-09-05_11-37-52/2026-09-05_11-37-57_ppo_torch_stage1_mixed/checkpoints/best_agent.pt,ecf1a26095dfe976a926a1c7c3876aaafb1c80f1dd681f9e9f35bd678864cdf1,150d107225160ac498040fa20d4ccf9e26ec2703,True,fixed_per_environment_quotas_v2,stress,11,34,False,False,,4,0,True,False,-2.209604263305664,1.52,0.857177734375,0.47129350900650024,2.8840482234954834
/home/donglei/isaac_projects/isaac_drone_racer/.worktrees/stage1-fake-vio/logs/skrl/stage1_recovery_20260905/2026-09-05_11-37-52/2026-09-05_11-37-57_ppo_torch_stage1_mixed/checkpoints/best_agent.pt,ecf1a26095dfe976a926a1c7c3876aaafb1c80f1dd681f9e9f35bd678864cdf1,150d107225160ac498040fa20d4ccf9e26ec2703,True,fixed_per_environment_quotas_v2,stress,11,35,False,False,,1,1,True,False,-0.47873353958129883,1.54,1.0358778238296509,1.1675567626953125,2.797682046890259
/home/donglei/isaac_projects/isaac_drone_racer/.worktrees/stage1-fake-vio/logs/skrl/stage1_recovery_20260905/2026-09-05_11-37-52/2026-09-05_11-37-57_ppo_torch_stage1_mixed/checkpoints/best_agent.pt,ecf1a26095dfe976a926a1c7c3876aaafb1c80f1dd681f9e9f35bd678864cdf1,150d107225160ac498040fa20d4ccf9e26ec2703,True,fixed_per_environment_quotas_v2,stress,11,36,False,False,,6,0,True,False,-3.939276695251465,0.81,0.9788463115692139,0.7665023803710938,4.018753528594971
/home/donglei/isaac_projects/isaac_drone_racer/.worktrees/stage1-fake-vio/logs/skrl/stage1_recovery_20260905/2026-09-05_11-37-52/2026-09-05_11-37-57_ppo_torch_stage1_mixed/checkpoints/best_agent.pt,ecf1a26095dfe976a926a1c7c3876aaafb1c80f1dd681f9e9f35bd678864cdf1,150d107225160ac498040fa20d4ccf9e26ec2703,True,fixed_per_environment_quotas_v2,stress,11,37,False,False,,6,1,True,False,1.5810027122497559,1.6400000000000001,0.669395923614502,0.22858679294586182,1.9773812294006348
/home/donglei/isaac_projects/isaac_drone_racer/.worktrees/stage1-fake-vio/logs/skrl/stage1_recovery_20260905/2026-09-05_11-37-52/2026-09-05_11-37-57_ppo_torch_stage1_mixed/checkpoints/best_agent.pt,ecf1a26095dfe976a926a1c7c3876aaafb1c80f1dd681f9e9f35bd678864cdf1,150d107225160ac498040fa20d4ccf9e26ec2703,True,fixed_per_environment_quotas_v2,stress,11,38,False,False,,6,0,True,False,-3.1583614349365234,0.96,1.4037551879882812,0.6266722083091736,3.3474416732788086
/home/donglei/isaac_projects/isaac_drone_racer/.worktrees/stage1-fake-vio/logs/skrl/stage1_recovery_20260905/2026-09-05_11-37-52/2026-09-05_11-37-57_ppo_torch_stage1_mixed/checkpoints/best_agent.pt,ecf1a26095dfe976a926a1c7c3876aaafb1c80f1dd681f9e9f35bd678864cdf1,150d107225160ac498040fa20d4ccf9e26ec2703,True,fixed_per_environment_quotas_v2,stress,11,39,False,False,,6,1,True,False,1.5349946022033691,1.6600000000000001,1.104729175567627,0.480111300945282,2.519468307495117
/home/donglei/isaac_projects/isaac_drone_racer/.worktrees/stage1-fake-vio/logs/skrl/stage1_recovery_20260905/2026-09-05_11-37-52/2026-09-05_11-37-57_ppo_torch_stage1_mixed/checkpoints/best_agent.pt,ecf1a26095dfe976a926a1c7c3876aaafb1c80f1dd681f9e9f35bd678864cdf1,150d107225160ac498040fa20d4ccf9e26ec2703,True,fixed_per_environment_quotas_v2,stress,11,40,False,False,,6,1,True,False,1.535390853881836,1.67,1.0070418119430542,0.30171704292297363,2.9142251014709473
/home/donglei/isaac_projects/isaac_drone_racer/.worktrees/stage1-fake-vio/logs/skrl/stage1_recovery_20260905/2026-09-05_11-37-52/2026-09-05_11-37-57_ppo_torch_stage1_mixed/checkpoints/best_agent.pt,ecf1a26095dfe976a926a1c7c3876aaafb1c80f1dd681f9e9f35bd678864cdf1,150d107225160ac498040fa20d4ccf9e26ec2703,True,fixed_per_environment_quotas_v2,stress,11,41,False,False,,1,0,True,False,-8.491839408874512,1.7,0.5809338092803955,0.9509050250053406,2.3996644020080566
/home/donglei/isaac_projects/isaac_drone_racer/.worktrees/stage1-fake-vio/logs/skrl/stage1_recovery_20260905/2026-09-05_11-37-52/2026-09-05_11-37-57_ppo_torch_stage1_mixed/checkpoints/best_agent.pt,ecf1a26095dfe976a926a1c7c3876aaafb1c80f1dd681f9e9f35bd678864cdf1,150d107225160ac498040fa20d4ccf9e26ec2703,True,fixed_per_environment_quotas_v2,stress,11,42,False,False,,6,1,True,False,1.4976615905761719,1.75,0.9104772210121155,0.33604151010513306,2.091602325439453
/home/donglei/isaac_projects/isaac_drone_racer/.worktrees/stage1-fake-vio/logs/skrl/stage1_recovery_20260905/2026-09-05_11-37-52/2026-09-05_11-37-57_ppo_torch_stage1_mixed/checkpoints/best_agent.pt,ecf1a26095dfe976a926a1c7c3876aaafb1c80f1dd681f9e9f35bd678864cdf1,150d107225160ac498040fa20d4ccf9e26ec2703,True,fixed_per_environment_quotas_v2,stress,11,43,False,False,,4,0,True,False,-8.188070297241211,1.78,1.183689832687378,1.3131961822509766,3.0389440059661865
/home/donglei/isaac_projects/isaac_drone_racer/.worktrees/stage1-fake-vio/logs/skrl/stage1_recovery_20260905/2026-09-05_11-37-52/2026-09-05_11-37-57_ppo_torch_stage1_mixed/checkpoints/best_agent.pt,ecf1a26095dfe976a926a1c7c3876aaafb1c80f1dd681f9e9f35bd678864cdf1,150d107225160ac498040fa20d4ccf9e26ec2703,True,fixed_per_environment_quotas_v2,stress,11,44,False,False,,6,1,True,False,1.7159066200256348,1.8,1.139919400215149,0.35283926129341125,2.9519455432891846
/home/donglei/isaac_projects/isaac_drone_racer/.worktrees/stage1-fake-vio/logs/skrl/stage1_recovery_20260905/2026-09-05_11-37-52/2026-09-05_11-37-57_ppo_torch_stage1_mixed/checkpoints/best_agent.pt,ecf1a26095dfe976a926a1c7c3876aaafb1c80f1dd681f9e9f35bd678864cdf1,150d107225160ac498040fa20d4ccf9e26ec2703,True,fixed_per_environment_quotas_v2,stress,11,45,False,False,,7,0,True,False,-3.9040608406066895,0.92,0.8373417258262634,0.6316412687301636,3.10356068611145
/home/donglei/isaac_projects/isaac_drone_racer/.worktrees/stage1-fake-vio/logs/skrl/stage1_recovery_20260905/2026-09-05_11-37-52/2026-09-05_11-37-57_ppo_torch_stage1_mixed/checkpoints/best_agent.pt,ecf1a26095dfe976a926a1c7c3876aaafb1c80f1dd681f9e9f35bd678864cdf1,150d107225160ac498040fa20d4ccf9e26ec2703,True,fixed_per_environment_quotas_v2,stress,11,46,False,False,,6,0,True,False,-4.000524520874023,0.8300000000000001,0.9710391163825989,0.7471485137939453,3.3553237915039062
/home/donglei/isaac_projects/isaac_drone_racer/.worktrees/stage1-fake-vio/logs/skrl/stage1_recovery_20260905/2026-09-05_11-37-52/2026-09-05_11-37-57_ppo_torch_stage1_mixed/checkpoints/best_agent.pt,ecf1a26095dfe976a926a1c7c3876aaafb1c80f1dd681f9e9f35bd678864cdf1,150d107225160ac498040fa20d4ccf9e26ec2703,True,fixed_per_environment_quotas_v2,stress,11,47,False,False,,2,1,True,False,1.9450864791870117,1.97,1.0087190866470337,0.5177245736122131,2.942171573638916
/home/donglei/isaac_projects/isaac_drone_racer/.worktrees/stage1-fake-vio/logs/skrl/stage1_recovery_20260905/2026-09-05_11-37-52/2026-09-05_11-37-57_ppo_torch_stage1_mixed/checkpoints/best_agent.pt,ecf1a26095dfe976a926a1c7c3876aaafb1c80f1dd681f9e9f35bd678864cdf1,150d107225160ac498040fa20d4ccf9e26ec2703,True,fixed_per_environment_quotas_v2,stress,11,48,False,False,,6,0,True,False,-3.328511953353882,1.01,1.2368873357772827,0.7726033329963684,2.910651445388794
/home/donglei/isaac_projects/isaac_drone_racer/.worktrees/stage1-fake-vio/logs/skrl/stage1_recovery_20260905/2026-09-05_11-37-52/2026-09-05_11-37-57_ppo_torch_stage1_mixed/checkpoints/best_agent.pt,ecf1a26095dfe976a926a1c7c3876aaafb1c80f1dd681f9e9f35bd678864cdf1,150d107225160ac498040fa20d4ccf9e26ec2703,True,fixed_per_environment_quotas_v2,stress,11,49,False,False,,6,0,True,False,-3.2262840270996094,1.06,1.2477480173110962,0.6589164137840271,2.972360610961914
/home/donglei/isaac_projects/isaac_drone_racer/.worktrees/stage1-fake-vio/logs/skrl/stage1_recovery_20260905/2026-09-05_11-37-52/2026-09-05_11-37-57_ppo_torch_stage1_mixed/checkpoints/best_agent.pt,ecf1a26095dfe976a926a1c7c3876aaafb1c80f1dd681f9e9f35bd678864cdf1,150d107225160ac498040fa20d4ccf9e26ec2703,True,fixed_per_environment_quotas_v2,stress,11,50,False,False,,1,1,True,False,0.9851970672607422,2.19,0.7920702695846558,0.4968526065349579,2.6035192012786865
/home/donglei/isaac_projects/isaac_drone_racer/.worktrees/stage1-fake-vio/logs/skrl/stage1_recovery_20260905/2026-09-05_11-37-52/2026-09-05_11-37-57_ppo_torch_stage1_mixed/checkpoints/best_agent.pt,ecf1a26095dfe976a926a1c7c3876aaafb1c80f1dd681f9e9f35bd678864cdf1,150d107225160ac498040fa20d4ccf9e26ec2703,True,fixed_per_environment_quotas_v2,stress,11,51,False,False,,2,1,False,True,-2.0068392753601074,2.2800000000000002,1.495845913887024,1.009731411933899,2.6462957859039307
/home/donglei/isaac_projects/isaac_drone_racer/.worktrees/stage1-fake-vio/logs/skrl/stage1_recovery_20260905/2026-09-05_11-37-52/2026-09-05_11-37-57_ppo_torch_stage1_mixed/checkpoints/best_agent.pt,ecf1a26095dfe976a926a1c7c3876aaafb1c80f1dd681f9e9f35bd678864cdf1,150d107225160ac498040fa20d4ccf9e26ec2703,True,fixed_per_environment_quotas_v2,stress,11,52,False,False,,4,0,True,False,-7.376081466674805,1.52,1.697389841079712,0.8249794840812683,3.123242139816284
/home/donglei/isaac_projects/isaac_drone_racer/.worktrees/stage1-fake-vio/logs/skrl/stage1_recovery_20260905/2026-09-05_11-37-52/2026-09-05_11-37-57_ppo_torch_stage1_mixed/checkpoints/best_agent.pt,ecf1a26095dfe976a926a1c7c3876aaafb1c80f1dd681f9e9f35bd678864cdf1,150d107225160ac498040fa20d4ccf9e26ec2703,True,fixed_per_environment_quotas_v2,stress,11,53,False,False,,6,0,True,False,-3.2457940578460693,1.16,1.2035654783248901,0.7551710605621338,3.2619481086730957
/home/donglei/isaac_projects/isaac_drone_racer/.worktrees/stage1-fake-vio/logs/skrl/stage1_recovery_20260905/2026-09-05_11-37-52/2026-09-05_11-37-57_ppo_torch_stage1_mixed/checkpoints/best_agent.pt,ecf1a26095dfe976a926a1c7c3876aaafb1c80f1dd681f9e9f35bd678864cdf1,150d107225160ac498040fa20d4ccf9e26ec2703,True,fixed_per_environment_quotas_v2,stress,11,54,False,False,,1,0,True,False,-4.135690689086914,1.22,0.8815242648124695,0.6169093251228333,3.2788021564483643
/home/donglei/isaac_projects/isaac_drone_racer/.worktrees/stage1-fake-vio/logs/skrl/stage1_recovery_20260905/2026-09-05_11-37-52/2026-09-05_11-37-57_ppo_torch_stage1_mixed/checkpoints/best_agent.pt,ecf1a26095dfe976a926a1c7c3876aaafb1c80f1dd681f9e9f35bd678864cdf1,150d107225160ac498040fa20d4ccf9e26ec2703,True,fixed_per_environment_quotas_v2,stress,11,55,False,False,,4,0,True,False,-2.2212696075439453,1.25,0.8891529440879822,0.6550517082214355,3.415259599685669
/home/donglei/isaac_projects/isaac_drone_racer/.worktrees/stage1-fake-vio/logs/skrl/stage1_recovery_20260905/2026-09-05_11-37-52/2026-09-05_11-37-57_ppo_torch_stage1_mixed/checkpoints/best_agent.pt,ecf1a26095dfe976a926a1c7c3876aaafb1c80f1dd681f9e9f35bd678864cdf1,150d107225160ac498040fa20d4ccf9e26ec2703,True,fixed_per_environment_quotas_v2,stress,11,56,False,False,,7,1,False,True,-1.5679054260253906,2.4,1.4433265924453735,1.1425449848175049,2.36041522026062
/home/donglei/isaac_projects/isaac_drone_racer/.worktrees/stage1-fake-vio/logs/skrl/stage1_recovery_20260905/2026-09-05_11-37-52/2026-09-05_11-37-57_ppo_torch_stage1_mixed/checkpoints/best_agent.pt,ecf1a26095dfe976a926a1c7c3876aaafb1c80f1dd681f9e9f35bd678864cdf1,150d107225160ac498040fa20d4ccf9e26ec2703,True,fixed_per_environment_quotas_v2,stress,11,57,False,False,,1,1,True,False,0.9038705825805664,2.4,0.853958785533905,0.5063690543174744,2.6157538890838623
/home/donglei/isaac_projects/isaac_drone_racer/.worktrees/stage1-fake-vio/logs/skrl/stage1_recovery_20260905/2026-09-05_11-37-52/2026-09-05_11-37-57_ppo_torch_stage1_mixed/checkpoints/best_agent.pt,ecf1a26095dfe976a926a1c7c3876aaafb1c80f1dd681f9e9f35bd678864cdf1,150d107225160ac498040fa20d4ccf9e26ec2703,True,fixed_per_environment_quotas_v2,stress,11,58,False,False,,2,0,True,False,-3.4740753173828125,0.97,1.1542434692382812,0.7282899022102356,2.8178348541259766
/home/donglei/isaac_projects/isaac_drone_racer/.worktrees/stage1-fake-vio/logs/skrl/stage1_recovery_20260905/2026-09-05_11-37-52/2026-09-05_11-37-57_ppo_torch_stage1_mixed/checkpoints/best_agent.pt,ecf1a26095dfe976a926a1c7c3876aaafb1c80f1dd681f9e9f35bd678864cdf1,150d107225160ac498040fa20d4ccf9e26ec2703,True,fixed_per_environment_quotas_v2,stress,11,59,False,False,,6,0,True,False,-2.9637246131896973,1.22,0.7740162014961243,0.43662673234939575,2.165332078933716
/home/donglei/isaac_projects/isaac_drone_racer/.worktrees/stage1-fake-vio/logs/skrl/stage1_recovery_20260905/2026-09-05_11-37-52/2026-09-05_11-37-57_ppo_torch_stage1_mixed/checkpoints/best_agent.pt,ecf1a26095dfe976a926a1c7c3876aaafb1c80f1dd681f9e9f35bd678864cdf1,150d107225160ac498040fa20d4ccf9e26ec2703,True,fixed_per_environment_quotas_v2,stress,11,60,False,False,,4,1,True,False,3.7541494369506836,2.45,1.4172946214675903,0.5163946747779846,2.9905805587768555
/home/donglei/isaac_projects/isaac_drone_racer/.worktrees/stage1-fake-vio/logs/skrl/stage1_recovery_20260905/2026-09-05_11-37-52/2026-09-05_11-37-57_ppo_torch_stage1_mixed/checkpoints/best_agent.pt,ecf1a26095dfe976a926a1c7c3876aaafb1c80f1dd681f9e9f35bd678864cdf1,150d107225160ac498040fa20d4ccf9e26ec2703,True,fixed_per_environment_quotas_v2,stress,11,61,False,False,,3,0,True,False,-3.275496244430542,1.1500000000000001,0.976466715335846,0.5090862512588501,3.0756702423095703
/home/donglei/isaac_projects/isaac_drone_racer/.worktrees/stage1-fake-vio/logs/skrl/stage1_recovery_20260905/2026-09-05_11-37-52/2026-09-05_11-37-57_ppo_torch_stage1_mixed/checkpoints/best_agent.pt,ecf1a26095dfe976a926a1c7c3876aaafb1c80f1dd681f9e9f35bd678864cdf1,150d107225160ac498040fa20d4ccf9e26ec2703,True,fixed_per_environment_quotas_v2,stress,11,62,False,False,,6,1,True,False,1.6025481224060059,1.77,0.9681696891784668,0.3531538248062134,2.599689483642578
/home/donglei/isaac_projects/isaac_drone_racer/.worktrees/stage1-fake-vio/logs/skrl/stage1_recovery_20260905/2026-09-05_11-37-52/2026-09-05_11-37-57_ppo_torch_stage1_mixed/checkpoints/best_agent.pt,ecf1a26095dfe976a926a1c7c3876aaafb1c80f1dd681f9e9f35bd678864cdf1,150d107225160ac498040fa20d4ccf9e26ec2703,True,fixed_per_environment_quotas_v2,stress,11,63,False,False,,1,0,True,False,-8.547039031982422,1.4000000000000001,0.7661133408546448,0.657095730304718,3.1996681690216064
/home/donglei/isaac_projects/isaac_drone_racer/.worktrees/stage1-fake-vio/logs/skrl/stage1_recovery_20260905/2026-09-05_11-37-52/2026-09-05_11-37-57_ppo_torch_stage1_mixed/checkpoints/best_agent.pt,ecf1a26095dfe976a926a1c7c3876aaafb1c80f1dd681f9e9f35bd678864cdf1,150d107225160ac498040fa20d4ccf9e26ec2703,True,fixed_per_environment_quotas_v2,stress,11,64,False,False,,2,0,True,False,-3.0880119800567627,1.0,1.2543383836746216,0.461493581533432,2.7792701721191406
/home/donglei/isaac_projects/isaac_drone_racer/.worktrees/stage1-fake-vio/logs/skrl/stage1_recovery_20260905/2026-09-05_11-37-52/2026-09-05_11-37-57_ppo_torch_stage1_mixed/checkpoints/best_agent.pt,ecf1a26095dfe976a926a1c7c3876aaafb1c80f1dd681f9e9f35bd678864cdf1,150d107225160ac498040fa20d4ccf9e26ec2703,True,fixed_per_environment_quotas_v2,stress,11,65,False,False,,6,1,True,False,1.439845085144043,1.82,1.100712776184082,0.5053005218505859,3.1664113998413086
/home/donglei/isaac_projects/isaac_drone_racer/.worktrees/stage1-fake-vio/logs/skrl/stage1_recovery_20260905/2026-09-05_11-37-52/2026-09-05_11-37-57_ppo_torch_stage1_mixed/checkpoints/best_agent.pt,ecf1a26095dfe976a926a1c7c3876aaafb1c80f1dd681f9e9f35bd678864cdf1,150d107225160ac498040fa20d4ccf9e26ec2703,True,fixed_per_environment_quotas_v2,stress,11,66,False,False,,7,2,True,False,6.814242362976074,2.75,0.6490174531936646,0.38784757256507874,1.9557888507843018
/home/donglei/isaac_projects/isaac_drone_racer/.worktrees/stage1-fake-vio/logs/skrl/stage1_recovery_20260905/2026-09-05_11-37-52/2026-09-05_11-37-57_ppo_torch_stage1_mixed/checkpoints/best_agent.pt,ecf1a26095dfe976a926a1c7c3876aaafb1c80f1dd681f9e9f35bd678864cdf1,150d107225160ac498040fa20d4ccf9e26ec2703,True,fixed_per_environment_quotas_v2,stress,11,67,False,False,,1,0,True,False,-4.116846084594727,1.28,0.7303833961486816,0.5553715825080872,3.116994857788086
/home/donglei/isaac_projects/isaac_drone_racer/.worktrees/stage1-fake-vio/logs/skrl/stage1_recovery_20260905/2026-09-05_11-37-52/2026-09-05_11-37-57_ppo_torch_stage1_mixed/checkpoints/best_agent.pt,ecf1a26095dfe976a926a1c7c3876aaafb1c80f1dd681f9e9f35bd678864cdf1,150d107225160ac498040fa20d4ccf9e26ec2703,True,fixed_per_environment_quotas_v2,stress,11,68,False,False,,3,0,True,False,-4.006514072418213,1.6,1.1525657176971436,1.353243350982666,5.036054611206055
/home/donglei/isaac_projects/isaac_drone_racer/.worktrees/stage1-fake-vio/logs/skrl/stage1_recovery_20260905/2026-09-05_11-37-52/2026-09-05_11-37-57_ppo_torch_stage1_mixed/checkpoints/best_agent.pt,ecf1a26095dfe976a926a1c7c3876aaafb1c80f1dd681f9e9f35bd678864cdf1,150d107225160ac498040fa20d4ccf9e26ec2703,True,fixed_per_environment_quotas_v2,stress,11,69,False,False,,6,0,True,False,-3.204598903656006,1.11,1.0391443967819214,0.49273449182510376,2.727588176727295
/home/donglei/isaac_projects/isaac_drone_racer/.worktrees/stage1-fake-vio/logs/skrl/stage1_recovery_20260905/2026-09-05_11-37-52/2026-09-05_11-37-57_ppo_torch_stage1_mixed/checkpoints/best_agent.pt,ecf1a26095dfe976a926a1c7c3876aaafb1c80f1dd681f9e9f35bd678864cdf1,150d107225160ac498040fa20d4ccf9e26ec2703,True,fixed_per_environment_quotas_v2,stress,11,70,False,False,,5,1,True,False,0.912503719329834,1.8900000000000001,1.5590732097625732,1.0977782011032104,3.373931646347046
/home/donglei/isaac_projects/isaac_drone_racer/.worktrees/stage1-fake-vio/logs/skrl/stage1_recovery_20260905/2026-09-05_11-37-52/2026-09-05_11-37-57_ppo_torch_stage1_mixed/checkpoints/best_agent.pt,ecf1a26095dfe976a926a1c7c3876aaafb1c80f1dd681f9e9f35bd678864cdf1,150d107225160ac498040fa20d4ccf9e26ec2703,True,fixed_per_environment_quotas_v2,stress,11,71,False,False,,2,1,True,False,1.1400232315063477,1.58,0.8206973671913147,0.5008604526519775,2.677272081375122
/home/donglei/isaac_projects/isaac_drone_racer/.worktrees/stage1-fake-vio/logs/skrl/stage1_recovery_20260905/2026-09-05_11-37-52/2026-09-05_11-37-57_ppo_torch_stage1_mixed/checkpoints/best_agent.pt,ecf1a26095dfe976a926a1c7c3876aaafb1c80f1dd681f9e9f35bd678864cdf1,150d107225160ac498040fa20d4ccf9e26ec2703,True,fixed_per_environment_quotas_v2,stress,11,72,False,False,,3,2,True,False,6.186450481414795,2.96,0.9704985618591309,1.2297741174697876,2.571964740753174
/home/donglei/isaac_projects/isaac_drone_racer/.worktrees/stage1-fake-vio/logs/skrl/stage1_recovery_20260905/2026-09-05_11-37-52/2026-09-05_11-37-57_ppo_torch_stage1_mixed/checkpoints/best_agent.pt,ecf1a26095dfe976a926a1c7c3876aaafb1c80f1dd681f9e9f35bd678864cdf1,150d107225160ac498040fa20d4ccf9e26ec2703,True,fixed_per_environment_quotas_v2,stress,11,73,False,False,,1,0,True,False,-9.759044647216797,3.0,0.9625412225723267,0.867584228515625,3.4681358337402344
/home/donglei/isaac_projects/isaac_drone_racer/.worktrees/stage1-fake-vio/logs/skrl/stage1_recovery_20260905/2026-09-05_11-37-52/2026-09-05_11-37-57_ppo_torch_stage1_mixed/checkpoints/best_agent.pt,ecf1a26095dfe976a926a1c7c3876aaafb1c80f1dd681f9e9f35bd678864cdf1,150d107225160ac498040fa20d4ccf9e26ec2703,True,fixed_per_environment_quotas_v2,stress,11,74,False,False,,1,1,True,False,-3.032792568206787,3.0500000000000003,0.7876511216163635,0.6887202262878418,5.370555877685547
/home/donglei/isaac_projects/isaac_drone_racer/.worktrees/stage1-fake-vio/logs/skrl/stage1_recovery_20260905/2026-09-05_11-37-52/2026-09-05_11-37-57_ppo_torch_stage1_mixed/checkpoints/best_agent.pt,ecf1a26095dfe976a926a1c7c3876aaafb1c80f1dd681f9e9f35bd678864cdf1,150d107225160ac498040fa20d4ccf9e26ec2703,True,fixed_per_environment_quotas_v2,stress,11,75,False,False,,1,1,True,False,1.0759382247924805,1.86,0.8076125383377075,0.42252683639526367,2.2046170234680176
/home/donglei/isaac_projects/isaac_drone_racer/.worktrees/stage1-fake-vio/logs/skrl/stage1_recovery_20260905/2026-09-05_11-37-52/2026-09-05_11-37-57_ppo_torch_stage1_mixed/checkpoints/best_agent.pt,ecf1a26095dfe976a926a1c7c3876aaafb1c80f1dd681f9e9f35bd678864cdf1,150d107225160ac498040fa20d4ccf9e26ec2703,True,fixed_per_environment_quotas_v2,stress,11,76,False,False,,3,0,True,False,-4.854300022125244,0.37,0.4699143171310425,1.1050710678100586,3.180428981781006
/home/donglei/isaac_projects/isaac_drone_racer/.worktrees/stage1-fake-vio/logs/skrl/stage1_recovery_20260905/2026-09-05_11-37-52/2026-09-05_11-37-57_ppo_torch_stage1_mixed/checkpoints/best_agent.pt,ecf1a26095dfe976a926a1c7c3876aaafb1c80f1dd681f9e9f35bd678864cdf1,150d107225160ac498040fa20d4ccf9e26ec2703,True,fixed_per_environment_quotas_v2,stress,11,77,False,False,,2,0,True,False,-3.488797426223755,0.91,0.9724643230438232,0.5060094594955444,3.3495116233825684
/home/donglei/isaac_projects/isaac_drone_racer/.worktrees/stage1-fake-vio/logs/skrl/stage1_recovery_20260905/2026-09-05_11-37-52/2026-09-05_11-37-57_ppo_torch_stage1_mixed/checkpoints/best_agent.pt,ecf1a26095dfe976a926a1c7c3876aaafb1c80f1dd681f9e9f35bd678864cdf1,150d107225160ac498040fa20d4ccf9e26ec2703,True,fixed_per_environment_quotas_v2,stress,11,78,False,False,,6,1,True,False,1.3087410926818848,1.68,0.8465158939361572,0.4042094647884369,2.3353328704833984
/home/donglei/isaac_projects/isaac_drone_racer/.worktrees/stage1-fake-vio/logs/skrl/stage1_recovery_20260905/2026-09-05_11-37-52/2026-09-05_11-37-57_ppo_torch_stage1_mixed/checkpoints/best_agent.pt,ecf1a26095dfe976a926a1c7c3876aaafb1c80f1dd681f9e9f35bd678864cdf1,150d107225160ac498040fa20d4ccf9e26ec2703,True,fixed_per_environment_quotas_v2,stress,11,79,False,False,,5,1,True,False,2.2356724739074707,2.2,0.9983187317848206,0.4277076721191406,2.547348976135254
/home/donglei/isaac_projects/isaac_drone_racer/.worktrees/stage1-fake-vio/logs/skrl/stage1_recovery_20260905/2026-09-05_11-37-52/2026-09-05_11-37-57_ppo_torch_stage1_mixed/checkpoints/best_agent.pt,ecf1a26095dfe976a926a1c7c3876aaafb1c80f1dd681f9e9f35bd678864cdf1,150d107225160ac498040fa20d4ccf9e26ec2703,True,fixed_per_environment_quotas_v2,stress,11,80,False,False,,1,0,True,False,-4.839109420776367,1.32,1.676573395729065,0.9876357316970825,3.7281274795532227
/home/donglei/isaac_projects/isaac_drone_racer/.worktrees/stage1-fake-vio/logs/skrl/stage1_recovery_20260905/2026-09-05_11-37-52/2026-09-05_11-37-57_ppo_torch_stage1_mixed/checkpoints/best_agent.pt,ecf1a26095dfe976a926a1c7c3876aaafb1c80f1dd681f9e9f35bd678864cdf1,150d107225160ac498040fa20d4ccf9e26ec2703,True,fixed_per_environment_quotas_v2,stress,11,81,False,False,,4,2,True,False,9.743208885192871,3.4,1.2422360181808472,0.41957786679267883,2.9174134731292725
/home/donglei/isaac_projects/isaac_drone_racer/.worktrees/stage1-fake-vio/logs/skrl/stage1_recovery_20260905/2026-09-05_11-37-52/2026-09-05_11-37-57_ppo_torch_stage1_mixed/checkpoints/best_agent.pt,ecf1a26095dfe976a926a1c7c3876aaafb1c80f1dd681f9e9f35bd678864cdf1,150d107225160ac498040fa20d4ccf9e26ec2703,True,fixed_per_environment_quotas_v2,stress,11,82,False,False,,4,0,True,False,-6.341696739196777,2.46,1.132627248764038,0.5287707448005676,3.186000108718872
/home/donglei/isaac_projects/isaac_drone_racer/.worktrees/stage1-fake-vio/logs/skrl/stage1_recovery_20260905/2026-09-05_11-37-52/2026-09-05_11-37-57_ppo_torch_stage1_mixed/checkpoints/best_agent.pt,ecf1a26095dfe976a926a1c7c3876aaafb1c80f1dd681f9e9f35bd678864cdf1,150d107225160ac498040fa20d4ccf9e26ec2703,True,fixed_per_environment_quotas_v2,stress,11,83,False,False,,6,1,True,False,1.5156598091125488,1.79,0.9585803747177124,0.3355453908443451,2.535174608230591
/home/donglei/isaac_projects/isaac_drone_racer/.worktrees/stage1-fake-vio/logs/skrl/stage1_recovery_20260905/2026-09-05_11-37-52/2026-09-05_11-37-57_ppo_torch_stage1_mixed/checkpoints/best_agent.pt,ecf1a26095dfe976a926a1c7c3876aaafb1c80f1dd681f9e9f35bd678864cdf1,150d107225160ac498040fa20d4ccf9e26ec2703,True,fixed_per_environment_quotas_v2,stress,11,84,False,False,,1,0,True,False,-4.306593894958496,1.3900000000000001,0.8635491132736206,0.713306188583374,3.491861343383789
/home/donglei/isaac_projects/isaac_drone_racer/.worktrees/stage1-fake-vio/logs/skrl/stage1_recovery_20260905/2026-09-05_11-37-52/2026-09-05_11-37-57_ppo_torch_stage1_mixed/checkpoints/best_agent.pt,ecf1a26095dfe976a926a1c7c3876aaafb1c80f1dd681f9e9f35bd678864cdf1,150d107225160ac498040fa20d4ccf9e26ec2703,True,fixed_per_environment_quotas_v2,stress,11,85,False,False,,6,1,True,False,0.39655303955078125,1.21,0.6886204481124878,0.33023732900619507,2.039659261703491
/home/donglei/isaac_projects/isaac_drone_racer/.worktrees/stage1-fake-vio/logs/skrl/stage1_recovery_20260905/2026-09-05_11-37-52/2026-09-05_11-37-57_ppo_torch_stage1_mixed/checkpoints/best_agent.pt,ecf1a26095dfe976a926a1c7c3876aaafb1c80f1dd681f9e9f35bd678864cdf1,150d107225160ac498040fa20d4ccf9e26ec2703,True,fixed_per_environment_quotas_v2,stress,11,86,False,False,,1,1,True,False,-3.303359270095825,2.65,0.73518967628479,0.5347564220428467,2.995358467102051
/home/donglei/isaac_projects/isaac_drone_racer/.worktrees/stage1-fake-vio/logs/skrl/stage1_recovery_20260905/2026-09-05_11-37-52/2026-09-05_11-37-57_ppo_torch_stage1_mixed/checkpoints/best_agent.pt,ecf1a26095dfe976a926a1c7c3876aaafb1c80f1dd681f9e9f35bd678864cdf1,150d107225160ac498040fa20d4ccf9e26ec2703,True,fixed_per_environment_quotas_v2,stress,11,87,False,False,,1,0,True,False,-4.216050624847412,0.88,0.5490125417709351,0.42270371317863464,2.0462467670440674
/home/donglei/isaac_projects/isaac_drone_racer/.worktrees/stage1-fake-vio/logs/skrl/stage1_recovery_20260905/2026-09-05_11-37-52/2026-09-05_11-37-57_ppo_torch_stage1_mixed/checkpoints/best_agent.pt,ecf1a26095dfe976a926a1c7c3876aaafb1c80f1dd681f9e9f35bd678864cdf1,150d107225160ac498040fa20d4ccf9e26ec2703,True,fixed_per_environment_quotas_v2,stress,11,88,False,False,,6,3,True,False,14.241653442382812,3.88,1.046729564666748,0.38526055216789246,2.5168817043304443
/home/donglei/isaac_projects/isaac_drone_racer/.worktrees/stage1-fake-vio/logs/skrl/stage1_recovery_20260905/2026-09-05_11-37-52/2026-09-05_11-37-57_ppo_torch_stage1_mixed/checkpoints/best_agent.pt,ecf1a26095dfe976a926a1c7c3876aaafb1c80f1dd681f9e9f35bd678864cdf1,150d107225160ac498040fa20d4ccf9e26ec2703,True,fixed_per_environment_quotas_v2,stress,11,89,False,False,,4,2,True,False,9.092830657958984,3.96,1.201191782951355,0.8722333908081055,2.9064276218414307
/home/donglei/isaac_projects/isaac_drone_racer/.worktrees/stage1-fake-vio/logs/skrl/stage1_recovery_20260905/2026-09-05_11-37-52/2026-09-05_11-37-57_ppo_torch_stage1_mixed/checkpoints/best_agent.pt,ecf1a26095dfe976a926a1c7c3876aaafb1c80f1dd681f9e9f35bd678864cdf1,150d107225160ac498040fa20d4ccf9e26ec2703,True,fixed_per_environment_quotas_v2,stress,11,90,False,False,,1,1,True,False,1.0855426788330078,2.43,0.8094144463539124,0.5204344391822815,2.6586055755615234
/home/donglei/isaac_projects/isaac_drone_racer/.worktrees/stage1-fake-vio/logs/skrl/stage1_recovery_20260905/2026-09-05_11-37-52/2026-09-05_11-37-57_ppo_torch_stage1_mixed/checkpoints/best_agent.pt,ecf1a26095dfe976a926a1c7c3876aaafb1c80f1dd681f9e9f35bd678864cdf1,150d107225160ac498040fa20d4ccf9e26ec2703,True,fixed_per_environment_quotas_v2,stress,11,91,False,False,,2,4,True,False,17.82299041748047,4.1,0.8220509886741638,0.33838894963264465,2.519399642944336
/home/donglei/isaac_projects/isaac_drone_racer/.worktrees/stage1-fake-vio/logs/skrl/stage1_recovery_20260905/2026-09-05_11-37-52/2026-09-05_11-37-57_ppo_torch_stage1_mixed/checkpoints/best_agent.pt,ecf1a26095dfe976a926a1c7c3876aaafb1c80f1dd681f9e9f35bd678864cdf1,150d107225160ac498040fa20d4ccf9e26ec2703,True,fixed_per_environment_quotas_v2,stress,11,92,False,False,,6,2,False,True,-0.035456180572509766,4.16,1.5490832328796387,1.3200544118881226,3.583589553833008
/home/donglei/isaac_projects/isaac_drone_racer/.worktrees/stage1-fake-vio/logs/skrl/stage1_recovery_20260905/2026-09-05_11-37-52/2026-09-05_11-37-57_ppo_torch_stage1_mixed/checkpoints/best_agent.pt,ecf1a26095dfe976a926a1c7c3876aaafb1c80f1dd681f9e9f35bd678864cdf1,150d107225160ac498040fa20d4ccf9e26ec2703,True,fixed_per_environment_quotas_v2,stress,11,93,False,False,,4,0,True,False,-4.219186305999756,2.1,1.1838688850402832,1.389594316482544,4.084418773651123
/home/donglei/isaac_projects/isaac_drone_racer/.worktrees/stage1-fake-vio/logs/skrl/stage1_recovery_20260905/2026-09-05_11-37-52/2026-09-05_11-37-57_ppo_torch_stage1_mixed/checkpoints/best_agent.pt,ecf1a26095dfe976a926a1c7c3876aaafb1c80f1dd681f9e9f35bd678864cdf1,150d107225160ac498040fa20d4ccf9e26ec2703,True,fixed_per_environment_quotas_v2,stress,11,94,False,False,,2,4,True,False,17.885971069335938,4.6000000000000005,0.8236234188079834,0.4234063923358917,2.79733943939209
/home/donglei/isaac_projects/isaac_drone_racer/.worktrees/stage1-fake-vio/logs/skrl/stage1_recovery_20260905/2026-09-05_11-37-52/2026-09-05_11-37-57_ppo_torch_stage1_mixed/checkpoints/best_agent.pt,ecf1a26095dfe976a926a1c7c3876aaafb1c80f1dd681f9e9f35bd678864cdf1,150d107225160ac498040fa20d4ccf9e26ec2703,True,fixed_per_environment_quotas_v2,stress,11,95,False,False,,1,0,True,False,-4.087691307067871,1.2,0.8974501490592957,0.6569942831993103,3.545624256134033
/home/donglei/isaac_projects/isaac_drone_racer/.worktrees/stage1-fake-vio/logs/skrl/stage1_recovery_20260905/2026-09-05_11-37-52/2026-09-05_11-37-57_ppo_torch_stage1_mixed/checkpoints/best_agent.pt,ecf1a26095dfe976a926a1c7c3876aaafb1c80f1dd681f9e9f35bd678864cdf1,150d107225160ac498040fa20d4ccf9e26ec2703,True,fixed_per_environment_quotas_v2,stress,11,96,False,False,,4,0,True,False,-8.66312026977539,2.9,1.4380711317062378,0.6859683990478516,3.2979791164398193
/home/donglei/isaac_projects/isaac_drone_racer/.worktrees/stage1-fake-vio/logs/skrl/stage1_recovery_20260905/2026-09-05_11-37-52/2026-09-05_11-37-57_ppo_torch_stage1_mixed/checkpoints/best_agent.pt,ecf1a26095dfe976a926a1c7c3876aaafb1c80f1dd681f9e9f35bd678864cdf1,150d107225160ac498040fa20d4ccf9e26ec2703,True,fixed_per_environment_quotas_v2,stress,11,97,False,False,,2,3,True,False,13.377717971801758,3.7800000000000002,0.8346319794654846,0.37039798498153687,2.375365972518921
/home/donglei/isaac_projects/isaac_drone_racer/.worktrees/stage1-fake-vio/logs/skrl/stage1_recovery_20260905/2026-09-05_11-37-52/2026-09-05_11-37-57_ppo_torch_stage1_mixed/checkpoints/best_agent.pt,ecf1a26095dfe976a926a1c7c3876aaafb1c80f1dd681f9e9f35bd678864cdf1,150d107225160ac498040fa20d4ccf9e26ec2703,True,fixed_per_environment_quotas_v2,stress,11,98,False,False,,6,0,True,False,-3.4389138221740723,0.8,1.2902774810791016,0.5705202221870422,3.1358022689819336
/home/donglei/isaac_projects/isaac_drone_racer/.worktrees/stage1-fake-vio/logs/skrl/stage1_recovery_20260905/2026-09-05_11-37-52/2026-09-05_11-37-57_ppo_torch_stage1_mixed/checkpoints/best_agent.pt,ecf1a26095dfe976a926a1c7c3876aaafb1c80f1dd681f9e9f35bd678864cdf1,150d107225160ac498040fa20d4ccf9e26ec2703,True,fixed_per_environment_quotas_v2,stress,11,99,False,False,,6,0,True,False,-3.090456008911133,0.9400000000000001,1.234208106994629,0.6253984570503235,2.798940658569336
/home/donglei/isaac_projects/isaac_drone_racer/.worktrees/stage1-fake-vio/logs/skrl/stage1_recovery_20260905/2026-09-05_11-37-52/2026-09-05_11-37-57_ppo_torch_stage1_mixed/checkpoints/best_agent.pt,ecf1a26095dfe976a926a1c7c3876aaafb1c80f1dd681f9e9f35bd678864cdf1,150d107225160ac498040fa20d4ccf9e26ec2703,True,fixed_per_environment_quotas_v2,stress,11,100,False,False,,3,0,False,True,-7.057972431182861,4.93,0.95610511302948,1.809843897819519,3.044757127761841
/home/donglei/isaac_projects/isaac_drone_racer/.worktrees/stage1-fake-vio/logs/skrl/stage1_recovery_20260905/2026-09-05_11-37-52/2026-09-05_11-37-57_ppo_torch_stage1_mixed/checkpoints/best_agent.pt,ecf1a26095dfe976a926a1c7c3876aaafb1c80f1dd681f9e9f35bd678864cdf1,150d107225160ac498040fa20d4ccf9e26ec2703,True,fixed_per_environment_quotas_v2,stress,11,101,False,False,,3,5,True,False,23.897777557373047,4.99,0.7256818413734436,0.2650454044342041,2.074585199356079
/home/donglei/isaac_projects/isaac_drone_racer/.worktrees/stage1-fake-vio/logs/skrl/stage1_recovery_20260905/2026-09-05_11-37-52/2026-09-05_11-37-57_ppo_torch_stage1_mixed/checkpoints/best_agent.pt,ecf1a26095dfe976a926a1c7c3876aaafb1c80f1dd681f9e9f35bd678864cdf1,150d107225160ac498040fa20d4ccf9e26ec2703,True,fixed_per_environment_quotas_v2,stress,11,102,False,False,,7,2,False,True,-1.0478792190551758,2.92,1.6656726598739624,1.8557730913162231,2.6011691093444824
/home/donglei/isaac_projects/isaac_drone_racer/.worktrees/stage1-fake-vio/logs/skrl/stage1_recovery_20260905/2026-09-05_11-37-52/2026-09-05_11-37-57_ppo_torch_stage1_mixed/checkpoints/best_agent.pt,ecf1a26095dfe976a926a1c7c3876aaafb1c80f1dd681f9e9f35bd678864cdf1,150d107225160ac498040fa20d4ccf9e26ec2703,True,fixed_per_environment_quotas_v2,stress,11,103,False,False,,7,2,True,False,6.702117919921875,2.43,1.3021395206451416,0.5426826477050781,2.578125238418579
/home/donglei/isaac_projects/isaac_drone_racer/.worktrees/stage1-fake-vio/logs/skrl/stage1_recovery_20260905/2026-09-05_11-37-52/2026-09-05_11-37-57_ppo_torch_stage1_mixed/checkpoints/best_agent.pt,ecf1a26095dfe976a926a1c7c3876aaafb1c80f1dd681f9e9f35bd678864cdf1,150d107225160ac498040fa20d4ccf9e26ec2703,True,fixed_per_environment_quotas_v2,stress,11,104,False,False,,2,0,True,False,-3.4346933364868164,1.25,1.1684445142745972,0.8048810958862305,5.618925094604492
/home/donglei/isaac_projects/isaac_drone_racer/.worktrees/stage1-fake-vio/logs/skrl/stage1_recovery_20260905/2026-09-05_11-37-52/2026-09-05_11-37-57_ppo_torch_stage1_mixed/checkpoints/best_agent.pt,ecf1a26095dfe976a926a1c7c3876aaafb1c80f1dd681f9e9f35bd678864cdf1,150d107225160ac498040fa20d4ccf9e26ec2703,True,fixed_per_environment_quotas_v2,stress,11,105,False,False,,4,4,True,False,17.355518341064453,4.49,1.8157706260681152,0.6472383141517639,3.125558853149414
/home/donglei/isaac_projects/isaac_drone_racer/.worktrees/stage1-fake-vio/logs/skrl/stage1_recovery_20260905/2026-09-05_11-37-52/2026-09-05_11-37-57_ppo_torch_stage1_mixed/checkpoints/best_agent.pt,ecf1a26095dfe976a926a1c7c3876aaafb1c80f1dd681f9e9f35bd678864cdf1,150d107225160ac498040fa20d4ccf9e26ec2703,True,fixed_per_environment_quotas_v2,stress,11,106,False,False,,6,3,True,False,14.258243560791016,3.88,1.1020021438598633,0.438034325838089,2.690394639968872
/home/donglei/isaac_projects/isaac_drone_racer/.worktrees/stage1-fake-vio/logs/skrl/stage1_recovery_20260905/2026-09-05_11-37-52/2026-09-05_11-37-57_ppo_torch_stage1_mixed/checkpoints/best_agent.pt,ecf1a26095dfe976a926a1c7c3876aaafb1c80f1dd681f9e9f35bd678864cdf1,150d107225160ac498040fa20d4ccf9e26ec2703,True,fixed_per_environment_quotas_v2,stress,11,107,False,False,,6,0,True,False,-3.2230613231658936,1.1500000000000001,1.2265520095825195,0.8117931485176086,4.892796993255615
/home/donglei/isaac_projects/isaac_drone_racer/.worktrees/stage1-fake-vio/logs/skrl/stage1_recovery_20260905/2026-09-05_11-37-52/2026-09-05_11-37-57_ppo_torch_stage1_mixed/checkpoints/best_agent.pt,ecf1a26095dfe976a926a1c7c3876aaafb1c80f1dd681f9e9f35bd678864cdf1,150d107225160ac498040fa20d4ccf9e26ec2703,True,fixed_per_environment_quotas_v2,stress,11,108,False,False,,2,4,False,True,14.087532043457031,6.140000000000001,0.9962999224662781,1.0397387742996216,2.2716281414031982
/home/donglei/isaac_projects/isaac_drone_racer/.worktrees/stage1-fake-vio/logs/skrl/stage1_recovery_20260905/2026-09-05_11-37-52/2026-09-05_11-37-57_ppo_torch_stage1_mixed/checkpoints/best_agent.pt,ecf1a26095dfe976a926a1c7c3876aaafb1c80f1dd681f9e9f35bd678864cdf1,150d107225160ac498040fa20d4ccf9e26ec2703,True,fixed_per_environment_quotas_v2,stress,11,109,False,False,,6,1,False,True,-6.253993988037109,3.1,1.1157515048980713,0.9136782288551331,3.0783607959747314
/home/donglei/isaac_projects/isaac_drone_racer/.worktrees/stage1-fake-vio/logs/skrl/stage1_recovery_20260905/2026-09-05_11-37-52/2026-09-05_11-37-57_ppo_torch_stage1_mixed/checkpoints/best_agent.pt,ecf1a26095dfe976a926a1c7c3876aaafb1c80f1dd681f9e9f35bd678864cdf1,150d107225160ac498040fa20d4ccf9e26ec2703,True,fixed_per_environment_quotas_v2,stress,11,110,False,False,,6,6,True,False,28.968414306640625,6.15,0.9244665503501892,0.6436694860458374,2.431345224380493
/home/donglei/isaac_projects/isaac_drone_racer/.worktrees/stage1-fake-vio/logs/skrl/stage1_recovery_20260905/2026-09-05_11-37-52/2026-09-05_11-37-57_ppo_torch_stage1_mixed/checkpoints/best_agent.pt,ecf1a26095dfe976a926a1c7c3876aaafb1c80f1dd681f9e9f35bd678864cdf1,150d107225160ac498040fa20d4ccf9e26ec2703,True,fixed_per_environment_quotas_v2,stress,11,111,False,False,,4,0,True,False,-10.304879188537598,4.94,0.9160125851631165,0.5110234618186951,2.567800760269165
/home/donglei/isaac_projects/isaac_drone_racer/.worktrees/stage1-fake-vio/logs/skrl/stage1_recovery_20260905/2026-09-05_11-37-52/2026-09-05_11-37-57_ppo_torch_stage1_mixed/checkpoints/best_agent.pt,ecf1a26095dfe976a926a1c7c3876aaafb1c80f1dd681f9e9f35bd678864cdf1,150d107225160ac498040fa20d4ccf9e26ec2703,True,fixed_per_environment_quotas_v2,stress,11,112,False,False,,4,0,True,False,-4.377104759216309,2.32,1.2114254236221313,1.0933259725570679,3.6519083976745605
/home/donglei/isaac_projects/isaac_drone_racer/.worktrees/stage1-fake-vio/logs/skrl/stage1_recovery_20260905/2026-09-05_11-37-52/2026-09-05_11-37-57_ppo_torch_stage1_mixed/checkpoints/best_agent.pt,ecf1a26095dfe976a926a1c7c3876aaafb1c80f1dd681f9e9f35bd678864cdf1,150d107225160ac498040fa20d4ccf9e26ec2703,True,fixed_per_environment_quotas_v2,stress,11,113,False,False,,6,5,True,False,25.699417114257812,6.24,1.1520271301269531,0.5976175665855408,3.2387983798980713
/home/donglei/isaac_projects/isaac_drone_racer/.worktrees/stage1-fake-vio/logs/skrl/stage1_recovery_20260905/2026-09-05_11-37-52/2026-09-05_11-37-57_ppo_torch_stage1_mixed/checkpoints/best_agent.pt,ecf1a26095dfe976a926a1c7c3876aaafb1c80f1dd681f9e9f35bd678864cdf1,150d107225160ac498040fa20d4ccf9e26ec2703,True,fixed_per_environment_quotas_v2,stress,11,114,False,False,,1,0,True,False,-4.091951370239258,1.3,0.6873611211776733,0.6901485323905945,3.35026478767395
/home/donglei/isaac_projects/isaac_drone_racer/.worktrees/stage1-fake-vio/logs/skrl/stage1_recovery_20260905/2026-09-05_11-37-52/2026-09-05_11-37-57_ppo_torch_stage1_mixed/checkpoints/best_agent.pt,ecf1a26095dfe976a926a1c7c3876aaafb1c80f1dd681f9e9f35bd678864cdf1,150d107225160ac498040fa20d4ccf9e26ec2703,True,fixed_per_environment_quotas_v2,stress,11,115,False,False,,1,1,True,False,-4.615203380584717,6.5,1.075718879699707,0.904249906539917,3.152064561843872
/home/donglei/isaac_projects/isaac_drone_racer/.worktrees/stage1-fake-vio/logs/skrl/stage1_recovery_20260905/2026-09-05_11-37-52/2026-09-05_11-37-57_ppo_torch_stage1_mixed/checkpoints/best_agent.pt,ecf1a26095dfe976a926a1c7c3876aaafb1c80f1dd681f9e9f35bd678864cdf1,150d107225160ac498040fa20d4ccf9e26ec2703,True,fixed_per_environment_quotas_v2,stress,11,116,False,False,,4,0,True,False,-6.227359771728516,3.99,1.1297837495803833,0.479702353477478,2.320570945739746
/home/donglei/isaac_projects/isaac_drone_racer/.worktrees/stage1-fake-vio/logs/skrl/stage1_recovery_20260905/2026-09-05_11-37-52/2026-09-05_11-37-57_ppo_torch_stage1_mixed/checkpoints/best_agent.pt,ecf1a26095dfe976a926a1c7c3876aaafb1c80f1dd681f9e9f35bd678864cdf1,150d107225160ac498040fa20d4ccf9e26ec2703,True,fixed_per_environment_quotas_v2,stress,11,117,True,True,6.28,,7,False,False,39.809844970703125,6.28,0.8169416189193726,0.2806355059146881,2.0545361042022705
/home/donglei/isaac_projects/isaac_drone_racer/.worktrees/stage1-fake-vio/logs/skrl/stage1_recovery_20260905/2026-09-05_11-37-52/2026-09-05_11-37-57_ppo_torch_stage1_mixed/checkpoints/best_agent.pt,ecf1a26095dfe976a926a1c7c3876aaafb1c80f1dd681f9e9f35bd678864cdf1,150d107225160ac498040fa20d4ccf9e26ec2703,True,fixed_per_environment_quotas_v2,stress,11,118,False,False,,4,2,False,True,1.760378360748291,7.83,0.8990893959999084,0.8397407531738281,2.8219382762908936
/home/donglei/isaac_projects/isaac_drone_racer/.worktrees/stage1-fake-vio/logs/skrl/stage1_recovery_20260905/2026-09-05_11-37-52/2026-09-05_11-37-57_ppo_torch_stage1_mixed/checkpoints/best_agent.pt,ecf1a26095dfe976a926a1c7c3876aaafb1c80f1dd681f9e9f35bd678864cdf1,150d107225160ac498040fa20d4ccf9e26ec2703,True,fixed_per_environment_quotas_v2,stress,11,119,True,True,6.26,,7,False,False,39.93906784057617,6.26,0.8826639652252197,0.2966051995754242,2.6661763191223145
/home/donglei/isaac_projects/isaac_drone_racer/.worktrees/stage1-fake-vio/logs/skrl/stage1_recovery_20260905/2026-09-05_11-37-52/2026-09-05_11-37-57_ppo_torch_stage1_mixed/checkpoints/best_agent.pt,ecf1a26095dfe976a926a1c7c3876aaafb1c80f1dd681f9e9f35bd678864cdf1,150d107225160ac498040fa20d4ccf9e26ec2703,True,fixed_per_environment_quotas_v2,stress,11,120,False,False,,2,6,True,False,30.63750457763672,6.33,1.1897673606872559,0.48556414246559143,2.349982738494873
/home/donglei/isaac_projects/isaac_drone_racer/.worktrees/stage1-fake-vio/logs/skrl/stage1_recovery_20260905/2026-09-05_11-37-52/2026-09-05_11-37-57_ppo_torch_stage1_mixed/checkpoints/best_agent.pt,ecf1a26095dfe976a926a1c7c3876aaafb1c80f1dd681f9e9f35bd678864cdf1,150d107225160ac498040fa20d4ccf9e26ec2703,True,fixed_per_environment_quotas_v2,stress,11,121,True,True,6.82,,7,False,False,40.062965393066406,6.82,1.0863450765609741,0.3833127021789551,2.769756317138672
/home/donglei/isaac_projects/isaac_drone_racer/.worktrees/stage1-fake-vio/logs/skrl/stage1_recovery_20260905/2026-09-05_11-37-52/2026-09-05_11-37-57_ppo_torch_stage1_mixed/checkpoints/best_agent.pt,ecf1a26095dfe976a926a1c7c3876aaafb1c80f1dd681f9e9f35bd678864cdf1,150d107225160ac498040fa20d4ccf9e26ec2703,True,fixed_per_environment_quotas_v2,stress,11,122,True,True,6.25,,7,False,False,39.95914077758789,6.25,0.9292414784431458,0.30477526783943176,2.485262870788574
/home/donglei/isaac_projects/isaac_drone_racer/.worktrees/stage1-fake-vio/logs/skrl/stage1_recovery_20260905/2026-09-05_11-37-52/2026-09-05_11-37-57_ppo_torch_stage1_mixed/checkpoints/best_agent.pt,ecf1a26095dfe976a926a1c7c3876aaafb1c80f1dd681f9e9f35bd678864cdf1,150d107225160ac498040fa20d4ccf9e26ec2703,True,fixed_per_environment_quotas_v2,stress,11,123,True,True,6.23,,7,False,False,39.633705139160156,6.23,0.8517113327980042,0.28455573320388794,2.2006351947784424
/home/donglei/isaac_projects/isaac_drone_racer/.worktrees/stage1-fake-vio/logs/skrl/stage1_recovery_20260905/2026-09-05_11-37-52/2026-09-05_11-37-57_ppo_torch_stage1_mixed/checkpoints/best_agent.pt,ecf1a26095dfe976a926a1c7c3876aaafb1c80f1dd681f9e9f35bd678864cdf1,150d107225160ac498040fa20d4ccf9e26ec2703,True,fixed_per_environment_quotas_v2,stress,11,124,True,True,6.45,,7,False,False,39.81940841674805,6.45,0.7924186587333679,0.2845739722251892,1.9967396259307861
/home/donglei/isaac_projects/isaac_drone_racer/.worktrees/stage1-fake-vio/logs/skrl/stage1_recovery_20260905/2026-09-05_11-37-52/2026-09-05_11-37-57_ppo_torch_stage1_mixed/checkpoints/best_agent.pt,ecf1a26095dfe976a926a1c7c3876aaafb1c80f1dd681f9e9f35bd678864cdf1,150d107225160ac498040fa20d4ccf9e26ec2703,True,fixed_per_environment_quotas_v2,stress,11,125,False,False,,1,2,True,False,6.139520645141602,2.48,1.2008262872695923,0.5471058487892151,3.0573222637176514
/home/donglei/isaac_projects/isaac_drone_racer/.worktrees/stage1-fake-vio/logs/skrl/stage1_recovery_20260905/2026-09-05_11-37-52/2026-09-05_11-37-57_ppo_torch_stage1_mixed/checkpoints/best_agent.pt,ecf1a26095dfe976a926a1c7c3876aaafb1c80f1dd681f9e9f35bd678864cdf1,150d107225160ac498040fa20d4ccf9e26ec2703,True,fixed_per_environment_quotas_v2,stress,11,126,True,True,6.23,,7,False,False,39.98482894897461,6.23,0.8350013494491577,0.29462921619415283,2.0249621868133545
/home/donglei/isaac_projects/isaac_drone_racer/.worktrees/stage1-fake-vio/logs/skrl/stage1_recovery_20260905/2026-09-05_11-37-52/2026-09-05_11-37-57_ppo_torch_stage1_mixed/checkpoints/best_agent.pt,ecf1a26095dfe976a926a1c7c3876aaafb1c80f1dd681f9e9f35bd678864cdf1,150d107225160ac498040fa20d4ccf9e26ec2703,True,fixed_per_environment_quotas_v2,stress,11,127,True,True,6.3100000000000005,,7,False,False,40.05477523803711,6.3100000000000005,1.0400665998458862,0.3474896550178528,2.2793354988098145
/home/donglei/isaac_projects/isaac_drone_racer/.worktrees/stage1-fake-vio/logs/skrl/stage1_recovery_20260905/2026-09-05_11-37-52/2026-09-05_11-37-57_ppo_torch_stage1_mixed/checkpoints/best_agent.pt,ecf1a26095dfe976a926a1c7c3876aaafb1c80f1dd681f9e9f35bd678864cdf1,150d107225160ac498040fa20d4ccf9e26ec2703,True,fixed_per_environment_quotas_v2,stress,29,0,False,False,,4,0,True,False,-5.032978534698486,0.02,0.13693909347057343,0.17695976793766022,1.4322545528411865
/home/donglei/isaac_projects/isaac_drone_racer/.worktrees/stage1-fake-vio/logs/skrl/stage1_recovery_20260905/2026-09-05_11-37-52/2026-09-05_11-37-57_ppo_torch_stage1_mixed/checkpoints/best_agent.pt,ecf1a26095dfe976a926a1c7c3876aaafb1c80f1dd681f9e9f35bd678864cdf1,150d107225160ac498040fa20d4ccf9e26ec2703,True,fixed_per_environment_quotas_v2,stress,29,1,False,False,,6,0,True,False,-4.920773983001709,0.09,0.4030430316925049,0.21285560727119446,3.7701807022094727
/home/donglei/isaac_projects/isaac_drone_racer/.worktrees/stage1-fake-vio/logs/skrl/stage1_recovery_20260905/2026-09-05_11-37-52/2026-09-05_11-37-57_ppo_torch_stage1_mixed/checkpoints/best_agent.pt,ecf1a26095dfe976a926a1c7c3876aaafb1c80f1dd681f9e9f35bd678864cdf1,150d107225160ac498040fa20d4ccf9e26ec2703,True,fixed_per_environment_quotas_v2,stress,29,2,False,False,,6,0,True,False,-4.725788116455078,0.13,0.6586247086524963,0.7977997064590454,2.7792105674743652
/home/donglei/isaac_projects/isaac_drone_racer/.worktrees/stage1-fake-vio/logs/skrl/stage1_recovery_20260905/2026-09-05_11-37-52/2026-09-05_11-37-57_ppo_torch_stage1_mixed/checkpoints/best_agent.pt,ecf1a26095dfe976a926a1c7c3876aaafb1c80f1dd681f9e9f35bd678864cdf1,150d107225160ac498040fa20d4ccf9e26ec2703,True,fixed_per_environment_quotas_v2,stress,29,3,False,False,,6,0,False,True,-5.836686134338379,0.17,1.8604789972305298,1.695225715637207,1.6716700792312622
/home/donglei/isaac_projects/isaac_drone_racer/.worktrees/stage1-fake-vio/logs/skrl/stage1_recovery_20260905/2026-09-05_11-37-52/2026-09-05_11-37-57_ppo_torch_stage1_mixed/checkpoints/best_agent.pt,ecf1a26095dfe976a926a1c7c3876aaafb1c80f1dd681f9e9f35bd678864cdf1,150d107225160ac498040fa20d4ccf9e26ec2703,True,fixed_per_environment_quotas_v2,stress,29,4,False,False,,1,0,True,False,-4.8819804191589355,0.24,0.3434300124645233,0.2206197828054428,2.1684730052948
/home/donglei/isaac_projects/isaac_drone_racer/.worktrees/stage1-fake-vio/logs/skrl/stage1_recovery_20260905/2026-09-05_11-37-52/2026-09-05_11-37-57_ppo_torch_stage1_mixed/checkpoints/best_agent.pt,ecf1a26095dfe976a926a1c7c3876aaafb1c80f1dd681f9e9f35bd678864cdf1,150d107225160ac498040fa20d4ccf9e26ec2703,True,fixed_per_environment_quotas_v2,stress,29,5,False,False,,1,0,True,False,-4.969069004058838,0.25,0.7187477350234985,0.16101400554180145,3.411160707473755
/home/donglei/isaac_projects/isaac_drone_racer/.worktrees/stage1-fake-vio/logs/skrl/stage1_recovery_20260905/2026-09-05_11-37-52/2026-09-05_11-37-57_ppo_torch_stage1_mixed/checkpoints/best_agent.pt,ecf1a26095dfe976a926a1c7c3876aaafb1c80f1dd681f9e9f35bd678864cdf1,150d107225160ac498040fa20d4ccf9e26ec2703,True,fixed_per_environment_quotas_v2,stress,29,6,False,False,,4,0,True,False,-4.09055233001709,0.35000000000000003,1.5033570528030396,0.6082624197006226,2.9087870121002197
/home/donglei/isaac_projects/isaac_drone_racer/.worktrees/stage1-fake-vio/logs/skrl/stage1_recovery_20260905/2026-09-05_11-37-52/2026-09-05_11-37-57_ppo_torch_stage1_mixed/checkpoints/best_agent.pt,ecf1a26095dfe976a926a1c7c3876aaafb1c80f1dd681f9e9f35bd678864cdf1,150d107225160ac498040fa20d4ccf9e26ec2703,True,fixed_per_environment_quotas_v2,stress,29,7,False,False,,7,0,False,True,-7.601761341094971,0.42,2.988799810409546,1.6299769878387451,2.719597816467285
/home/donglei/isaac_projects/isaac_drone_racer/.worktrees/stage1-fake-vio/logs/skrl/stage1_recovery_20260905/2026-09-05_11-37-52/2026-09-05_11-37-57_ppo_torch_stage1_mixed/checkpoints/best_agent.pt,ecf1a26095dfe976a926a1c7c3876aaafb1c80f1dd681f9e9f35bd678864cdf1,150d107225160ac498040fa20d4ccf9e26ec2703,True,fixed_per_environment_quotas_v2,stress,29,8,False,False,,1,0,True,False,-4.627118110656738,0.48,0.8179506063461304,0.3132423460483551,3.9904685020446777
/home/donglei/isaac_projects/isaac_drone_racer/.worktrees/stage1-fake-vio/logs/skrl/stage1_recovery_20260905/2026-09-05_11-37-52/2026-09-05_11-37-57_ppo_torch_stage1_mixed/checkpoints/best_agent.pt,ecf1a26095dfe976a926a1c7c3876aaafb1c80f1dd681f9e9f35bd678864cdf1,150d107225160ac498040fa20d4ccf9e26ec2703,True,fixed_per_environment_quotas_v2,stress,29,9,False,False,,7,0,True,False,-4.709079742431641,0.5,0.6537735462188721,0.309357613325119,2.04626727104187
/home/donglei/isaac_projects/isaac_drone_racer/.worktrees/stage1-fake-vio/logs/skrl/stage1_recovery_20260905/2026-09-05_11-37-52/2026-09-05_11-37-57_ppo_torch_stage1_mixed/checkpoints/best_agent.pt,ecf1a26095dfe976a926a1c7c3876aaafb1c80f1dd681f9e9f35bd678864cdf1,150d107225160ac498040fa20d4ccf9e26ec2703,True,fixed_per_environment_quotas_v2,stress,29,10,False,False,,5,0,True,False,-4.5868635177612305,0.5,0.3335503041744232,0.20234812796115875,0.9524486064910889
/home/donglei/isaac_projects/isaac_drone_racer/.worktrees/stage1-fake-vio/logs/skrl/stage1_recovery_20260905/2026-09-05_11-37-52/2026-09-05_11-37-57_ppo_torch_stage1_mixed/checkpoints/best_agent.pt,ecf1a26095dfe976a926a1c7c3876aaafb1c80f1dd681f9e9f35bd678864cdf1,150d107225160ac498040fa20d4ccf9e26ec2703,True,fixed_per_environment_quotas_v2,stress,29,11,False,False,,6,0,False,True,-7.915000915527344,0.63,2.230740785598755,2.486154079437256,2.3123066425323486
/home/donglei/isaac_projects/isaac_drone_racer/.worktrees/stage1-fake-vio/logs/skrl/stage1_recovery_20260905/2026-09-05_11-37-52/2026-09-05_11-37-57_ppo_torch_stage1_mixed/checkpoints/best_agent.pt,ecf1a26095dfe976a926a1c7c3876aaafb1c80f1dd681f9e9f35bd678864cdf1,150d107225160ac498040fa20d4ccf9e26ec2703,True,fixed_per_environment_quotas_v2,stress,29,12,False,False,,4,1,True,False,0.6919946670532227,0.66,3.335787057876587,0.6610106825828552,3.0101773738861084
/home/donglei/isaac_projects/isaac_drone_racer/.worktrees/stage1-fake-vio/logs/skrl/stage1_recovery_20260905/2026-09-05_11-37-52/2026-09-05_11-37-57_ppo_torch_stage1_mixed/checkpoints/best_agent.pt,ecf1a26095dfe976a926a1c7c3876aaafb1c80f1dd681f9e9f35bd678864cdf1,150d107225160ac498040fa20d4ccf9e26ec2703,True,fixed_per_environment_quotas_v2,stress,29,13,False,False,,7,0,True,False,-3.9858179092407227,0.84,0.9118059873580933,0.7616453766822815,3.4397003650665283
/home/donglei/isaac_projects/isaac_drone_racer/.worktrees/stage1-fake-vio/logs/skrl/stage1_recovery_20260905/2026-09-05_11-37-52/2026-09-05_11-37-57_ppo_torch_stage1_mixed/checkpoints/best_agent.pt,ecf1a26095dfe976a926a1c7c3876aaafb1c80f1dd681f9e9f35bd678864cdf1,150d107225160ac498040fa20d4ccf9e26ec2703,True,fixed_per_environment_quotas_v2,stress,29,14,False,False,,7,0,True,False,-3.950788974761963,0.78,0.9754253029823303,0.7038782238960266,2.6257247924804688
/home/donglei/isaac_projects/isaac_drone_racer/.worktrees/stage1-fake-vio/logs/skrl/stage1_recovery_20260905/2026-09-05_11-37-52/2026-09-05_11-37-57_ppo_torch_stage1_mixed/checkpoints/best_agent.pt,ecf1a26095dfe976a926a1c7c3876aaafb1c80f1dd681f9e9f35bd678864cdf1,150d107225160ac498040fa20d4ccf9e26ec2703,True,fixed_per_environment_quotas_v2,stress,29,15,False,False,,3,0,True,False,-3.1435060501098633,0.9,1.2137832641601562,0.4051649868488312,2.868610143661499
/home/donglei/isaac_projects/isaac_drone_racer/.worktrees/stage1-fake-vio/logs/skrl/stage1_recovery_20260905/2026-09-05_11-37-52/2026-09-05_11-37-57_ppo_torch_stage1_mixed/checkpoints/best_agent.pt,ecf1a26095dfe976a926a1c7c3876aaafb1c80f1dd681f9e9f35bd678864cdf1,150d107225160ac498040fa20d4ccf9e26ec2703,True,fixed_per_environment_quotas_v2,stress,29,16,False,False,,4,0,True,False,-2.629272699356079,0.91,1.4723024368286133,0.4585939645767212,2.654472589492798
/home/donglei/isaac_projects/isaac_drone_racer/.worktrees/stage1-fake-vio/logs/skrl/stage1_recovery_20260905/2026-09-05_11-37-52/2026-09-05_11-37-57_ppo_torch_stage1_mixed/checkpoints/best_agent.pt,ecf1a26095dfe976a926a1c7c3876aaafb1c80f1dd681f9e9f35bd678864cdf1,150d107225160ac498040fa20d4ccf9e26ec2703,True,fixed_per_environment_quotas_v2,stress,29,17,False,False,,2,0,True,False,-7.164426803588867,0.92,1.5542914867401123,0.532897412776947,2.9439144134521484
/home/donglei/isaac_projects/isaac_drone_racer/.worktrees/stage1-fake-vio/logs/skrl/stage1_recovery_20260905/2026-09-05_11-37-52/2026-09-05_11-37-57_ppo_torch_stage1_mixed/checkpoints/best_agent.pt,ecf1a26095dfe976a926a1c7c3876aaafb1c80f1dd681f9e9f35bd678864cdf1,150d107225160ac498040fa20d4ccf9e26ec2703,True,fixed_per_environment_quotas_v2,stress,29,18,False,False,,6,0,True,False,-3.1422300338745117,0.93,1.2161471843719482,0.6353655457496643,2.87152099609375
/home/donglei/isaac_projects/isaac_drone_racer/.worktrees/stage1-fake-vio/logs/skrl/stage1_recovery_20260905/2026-09-05_11-37-52/2026-09-05_11-37-57_ppo_torch_stage1_mixed/checkpoints/best_agent.pt,ecf1a26095dfe976a926a1c7c3876aaafb1c80f1dd681f9e9f35bd678864cdf1,150d107225160ac498040fa20d4ccf9e26ec2703,True,fixed_per_environment_quotas_v2,stress,29,19,False,False,,2,1,True,False,0.7654104232788086,0.97,1.219499111175537,0.5038061141967773,3.5294716358184814
/home/donglei/isaac_projects/isaac_drone_racer/.worktrees/stage1-fake-vio/logs/skrl/stage1_recovery_20260905/2026-09-05_11-37-52/2026-09-05_11-37-57_ppo_torch_stage1_mixed/checkpoints/best_agent.pt,ecf1a26095dfe976a926a1c7c3876aaafb1c80f1dd681f9e9f35bd678864cdf1,150d107225160ac498040fa20d4ccf9e26ec2703,True,fixed_per_environment_quotas_v2,stress,29,20,False,False,,2,0,True,False,-8.222930908203125,0.97,0.7542977333068848,0.5643078684806824,2.913638114929199
/home/donglei/isaac_projects/isaac_drone_racer/.worktrees/stage1-fake-vio/logs/skrl/stage1_recovery_20260905/2026-09-05_11-37-52/2026-09-05_11-37-57_ppo_torch_stage1_mixed/checkpoints/best_agent.pt,ecf1a26095dfe976a926a1c7c3876aaafb1c80f1dd681f9e9f35bd678864cdf1,150d107225160ac498040fa20d4ccf9e26ec2703,True,fixed_per_environment_quotas_v2,stress,29,21,False,False,,4,0,True,False,-2.4055631160736084,1.05,1.7297970056533813,0.5264827609062195,3.2961487770080566
/home/donglei/isaac_projects/isaac_drone_racer/.worktrees/stage1-fake-vio/logs/skrl/stage1_recovery_20260905/2026-09-05_11-37-52/2026-09-05_11-37-57_ppo_torch_stage1_mixed/checkpoints/best_agent.pt,ecf1a26095dfe976a926a1c7c3876aaafb1c80f1dd681f9e9f35bd678864cdf1,150d107225160ac498040fa20d4ccf9e26ec2703,True,fixed_per_environment_quotas_v2,stress,29,22,False,False,,3,0,True,False,-3.121565341949463,1.08,1.2275644540786743,0.5277549624443054,2.8096089363098145
/home/donglei/isaac_projects/isaac_drone_racer/.worktrees/stage1-fake-vio/logs/skrl/stage1_recovery_20260905/2026-09-05_11-37-52/2026-09-05_11-37-57_ppo_torch_stage1_mixed/checkpoints/best_agent.pt,ecf1a26095dfe976a926a1c7c3876aaafb1c80f1dd681f9e9f35bd678864cdf1,150d107225160ac498040fa20d4ccf9e26ec2703,True,fixed_per_environment_quotas_v2,stress,29,23,False,False,,4,0,True,False,-2.345341205596924,1.1400000000000001,1.433571457862854,0.4916568100452423,2.94641375541687
/home/donglei/isaac_projects/isaac_drone_racer/.worktrees/stage1-fake-vio/logs/skrl/stage1_recovery_20260905/2026-09-05_11-37-52/2026-09-05_11-37-57_ppo_torch_stage1_mixed/checkpoints/best_agent.pt,ecf1a26095dfe976a926a1c7c3876aaafb1c80f1dd681f9e9f35bd678864cdf1,150d107225160ac498040fa20d4ccf9e26ec2703,True,fixed_per_environment_quotas_v2,stress,29,24,False,False,,1,0,False,True,-8.281007766723633,1.2,1.3812649250030518,1.1407948732376099,1.8089241981506348
/home/donglei/isaac_projects/isaac_drone_racer/.worktrees/stage1-fake-vio/logs/skrl/stage1_recovery_20260905/2026-09-05_11-37-52/2026-09-05_11-37-57_ppo_torch_stage1_mixed/checkpoints/best_agent.pt,ecf1a26095dfe976a926a1c7c3876aaafb1c80f1dd681f9e9f35bd678864cdf1,150d107225160ac498040fa20d4ccf9e26ec2703,True,fixed_per_environment_quotas_v2,stress,29,25,False,False,,4,0,True,False,-2.2492287158966064,1.26,0.8695184588432312,0.35087326169013977,2.1983370780944824
/home/donglei/isaac_projects/isaac_drone_racer/.worktrees/stage1-fake-vio/logs/skrl/stage1_recovery_20260905/2026-09-05_11-37-52/2026-09-05_11-37-57_ppo_torch_stage1_mixed/checkpoints/best_agent.pt,ecf1a26095dfe976a926a1c7c3876aaafb1c80f1dd681f9e9f35bd678864cdf1,150d107225160ac498040fa20d4ccf9e26ec2703,True,fixed_per_environment_quotas_v2,stress,29,26,False,False,,6,1,True,False,1.207362174987793,1.28,1.2333115339279175,0.4410541355609894,2.842067241668701
/home/donglei/isaac_projects/isaac_drone_racer/.worktrees/stage1-fake-vio/logs/skrl/stage1_recovery_20260905/2026-09-05_11-37-52/2026-09-05_11-37-57_ppo_torch_stage1_mixed/checkpoints/best_agent.pt,ecf1a26095dfe976a926a1c7c3876aaafb1c80f1dd681f9e9f35bd678864cdf1,150d107225160ac498040fa20d4ccf9e26ec2703,True,fixed_per_environment_quotas_v2,stress,29,27,False,False,,6,0,True,False,-3.102384567260742,1.1500000000000001,1.1864497661590576,0.6469107270240784,2.891517400741577
/home/donglei/isaac_projects/isaac_drone_racer/.worktrees/stage1-fake-vio/logs/skrl/stage1_recovery_20260905/2026-09-05_11-37-52/2026-09-05_11-37-57_ppo_torch_stage1_mixed/checkpoints/best_agent.pt,ecf1a26095dfe976a926a1c7c3876aaafb1c80f1dd681f9e9f35bd678864cdf1,150d107225160ac498040fa20d4ccf9e26ec2703,True,fixed_per_environment_quotas_v2,stress,29,28,False,False,,7,0,True,False,-3.801846981048584,1.06,1.0900483131408691,0.8304909467697144,1.9057447910308838
/home/donglei/isaac_projects/isaac_drone_racer/.worktrees/stage1-fake-vio/logs/skrl/stage1_recovery_20260905/2026-09-05_11-37-52/2026-09-05_11-37-57_ppo_torch_stage1_mixed/checkpoints/best_agent.pt,ecf1a26095dfe976a926a1c7c3876aaafb1c80f1dd681f9e9f35bd678864cdf1,150d107225160ac498040fa20d4ccf9e26ec2703,True,fixed_per_environment_quotas_v2,stress,29,29,False,False,,6,0,True,False,-3.1703596115112305,1.32,0.6199554204940796,1.1062425374984741,3.3840489387512207
/home/donglei/isaac_projects/isaac_drone_racer/.worktrees/stage1-fake-vio/logs/skrl/stage1_recovery_20260905/2026-09-05_11-37-52/2026-09-05_11-37-57_ppo_torch_stage1_mixed/checkpoints/best_agent.pt,ecf1a26095dfe976a926a1c7c3876aaafb1c80f1dd681f9e9f35bd678864cdf1,150d107225160ac498040fa20d4ccf9e26ec2703,True,fixed_per_environment_quotas_v2,stress,29,30,False,False,,4,1,True,False,2.2806034088134766,1.34,1.7145707607269287,0.48450103402137756,3.2185347080230713
/home/donglei/isaac_projects/isaac_drone_racer/.worktrees/stage1-fake-vio/logs/skrl/stage1_recovery_20260905/2026-09-05_11-37-52/2026-09-05_11-37-57_ppo_torch_stage1_mixed/checkpoints/best_agent.pt,ecf1a26095dfe976a926a1c7c3876aaafb1c80f1dd681f9e9f35bd678864cdf1,150d107225160ac498040fa20d4ccf9e26ec2703,True,fixed_per_environment_quotas_v2,stress,29,31,False,False,,7,2,True,False,5.608931064605713,1.35,1.0108261108398438,0.4526728689670563,2.355431079864502
/home/donglei/isaac_projects/isaac_drone_racer/.worktrees/stage1-fake-vio/logs/skrl/stage1_recovery_20260905/2026-09-05_11-37-52/2026-09-05_11-37-57_ppo_torch_stage1_mixed/checkpoints/best_agent.pt,ecf1a26095dfe976a926a1c7c3876aaafb1c80f1dd681f9e9f35bd678864cdf1,150d107225160ac498040fa20d4ccf9e26ec2703,True,fixed_per_environment_quotas_v2,stress,29,32,False,False,,7,0,True,False,-3.93023943901062,0.87,0.9410309195518494,0.649146556854248,2.5642848014831543
/home/donglei/isaac_projects/isaac_drone_racer/.worktrees/stage1-fake-vio/logs/skrl/stage1_recovery_20260905/2026-09-05_11-37-52/2026-09-05_11-37-57_ppo_torch_stage1_mixed/checkpoints/best_agent.pt,ecf1a26095dfe976a926a1c7c3876aaafb1c80f1dd681f9e9f35bd678864cdf1,150d107225160ac498040fa20d4ccf9e26ec2703,True,fixed_per_environment_quotas_v2,stress,29,33,False,False,,5,1,True,False,1.3920388221740723,1.36,2.6144583225250244,0.8751592636108398,6.295466423034668
/home/donglei/isaac_projects/isaac_drone_racer/.worktrees/stage1-fake-vio/logs/skrl/stage1_recovery_20260905/2026-09-05_11-37-52/2026-09-05_11-37-57_ppo_torch_stage1_mixed/checkpoints/best_agent.pt,ecf1a26095dfe976a926a1c7c3876aaafb1c80f1dd681f9e9f35bd678864cdf1,150d107225160ac498040fa20d4ccf9e26ec2703,True,fixed_per_environment_quotas_v2,stress,29,34,False,False,,7,0,True,False,-3.9384701251983643,0.88,1.039196491241455,0.7257593870162964,4.552133560180664
/home/donglei/isaac_projects/isaac_drone_racer/.worktrees/stage1-fake-vio/logs/skrl/stage1_recovery_20260905/2026-09-05_11-37-52/2026-09-05_11-37-57_ppo_torch_stage1_mixed/checkpoints/best_agent.pt,ecf1a26095dfe976a926a1c7c3876aaafb1c80f1dd681f9e9f35bd678864cdf1,150d107225160ac498040fa20d4ccf9e26ec2703,True,fixed_per_environment_quotas_v2,stress,29,35,False,False,,4,0,True,False,-2.3143484592437744,1.23,1.0209838151931763,0.36778661608695984,2.445004463195801
/home/donglei/isaac_projects/isaac_drone_racer/.worktrees/stage1-fake-vio/logs/skrl/stage1_recovery_20260905/2026-09-05_11-37-52/2026-09-05_11-37-57_ppo_torch_stage1_mixed/checkpoints/best_agent.pt,ecf1a26095dfe976a926a1c7c3876aaafb1c80f1dd681f9e9f35bd678864cdf1,150d107225160ac498040fa20d4ccf9e26ec2703,True,fixed_per_environment_quotas_v2,stress,29,36,False,False,,4,0,True,False,-2.4063291549682617,1.24,1.1949212551116943,0.4443987011909485,2.5520541667938232
/home/donglei/isaac_projects/isaac_drone_racer/.worktrees/stage1-fake-vio/logs/skrl/stage1_recovery_20260905/2026-09-05_11-37-52/2026-09-05_11-37-57_ppo_torch_stage1_mixed/checkpoints/best_agent.pt,ecf1a26095dfe976a926a1c7c3876aaafb1c80f1dd681f9e9f35bd678864cdf1,150d107225160ac498040fa20d4ccf9e26ec2703,True,fixed_per_environment_quotas_v2,stress,29,37,False,False,,1,1,True,False,0.6478714942932129,1.52,1.4275585412979126,0.5252392888069153,6.342454433441162
/home/donglei/isaac_projects/isaac_drone_racer/.worktrees/stage1-fake-vio/logs/skrl/stage1_recovery_20260905/2026-09-05_11-37-52/2026-09-05_11-37-57_ppo_torch_stage1_mixed/checkpoints/best_agent.pt,ecf1a26095dfe976a926a1c7c3876aaafb1c80f1dd681f9e9f35bd678864cdf1,150d107225160ac498040fa20d4ccf9e26ec2703,True,fixed_per_environment_quotas_v2,stress,29,38,False,False,,2,1,True,False,1.6221518516540527,1.53,0.9608983993530273,0.4278823435306549,2.5282373428344727
/home/donglei/isaac_projects/isaac_drone_racer/.worktrees/stage1-fake-vio/logs/skrl/stage1_recovery_20260905/2026-09-05_11-37-52/2026-09-05_11-37-57_ppo_torch_stage1_mixed/checkpoints/best_agent.pt,ecf1a26095dfe976a926a1c7c3876aaafb1c80f1dd681f9e9f35bd678864cdf1,150d107225160ac498040fa20d4ccf9e26ec2703,True,fixed_per_environment_quotas_v2,stress,29,39,False,False,,2,1,True,False,1.4984803199768066,1.57,1.0481590032577515,0.524664044380188,3.055600166320801
/home/donglei/isaac_projects/isaac_drone_racer/.worktrees/stage1-fake-vio/logs/skrl/stage1_recovery_20260905/2026-09-05_11-37-52/2026-09-05_11-37-57_ppo_torch_stage1_mixed/checkpoints/best_agent.pt,ecf1a26095dfe976a926a1c7c3876aaafb1c80f1dd681f9e9f35bd678864cdf1,150d107225160ac498040fa20d4ccf9e26ec2703,True,fixed_per_environment_quotas_v2,stress,29,40,False,False,,4,0,True,False,-2.3126957416534424,1.21,0.8467087149620056,0.3454173505306244,1.9410165548324585
/home/donglei/isaac_projects/isaac_drone_racer/.worktrees/stage1-fake-vio/logs/skrl/stage1_recovery_20260905/2026-09-05_11-37-52/2026-09-05_11-37-57_ppo_torch_stage1_mixed/checkpoints/best_agent.pt,ecf1a26095dfe976a926a1c7c3876aaafb1c80f1dd681f9e9f35bd678864cdf1,150d107225160ac498040fa20d4ccf9e26ec2703,True,fixed_per_environment_quotas_v2,stress,29,41,False,False,,5,1,True,False,0.9199323654174805,1.6400000000000001,1.3752281665802002,0.8785697221755981,4.910077095031738
/home/donglei/isaac_projects/isaac_drone_racer/.worktrees/stage1-fake-vio/logs/skrl/stage1_recovery_20260905/2026-09-05_11-37-52/2026-09-05_11-37-57_ppo_torch_stage1_mixed/checkpoints/best_agent.pt,ecf1a26095dfe976a926a1c7c3876aaafb1c80f1dd681f9e9f35bd678864cdf1,150d107225160ac498040fa20d4ccf9e26ec2703,True,fixed_per_environment_quotas_v2,stress,29,42,False,False,,6,1,True,False,-3.874910354614258,1.68,1.2958744764328003,0.7782899737358093,3.2364766597747803
/home/donglei/isaac_projects/isaac_drone_racer/.worktrees/stage1-fake-vio/logs/skrl/stage1_recovery_20260905/2026-09-05_11-37-52/2026-09-05_11-37-57_ppo_torch_stage1_mixed/checkpoints/best_agent.pt,ecf1a26095dfe976a926a1c7c3876aaafb1c80f1dd681f9e9f35bd678864cdf1,150d107225160ac498040fa20d4ccf9e26ec2703,True,fixed_per_environment_quotas_v2,stress,29,43,False,False,,6,2,True,False,5.533956050872803,1.82,1.9153721332550049,0.9170216917991638,3.731480360031128
/home/donglei/isaac_projects/isaac_drone_racer/.worktrees/stage1-fake-vio/logs/skrl/stage1_recovery_20260905/2026-09-05_11-37-52/2026-09-05_11-37-57_ppo_torch_stage1_mixed/checkpoints/best_agent.pt,ecf1a26095dfe976a926a1c7c3876aaafb1c80f1dd681f9e9f35bd678864cdf1,150d107225160ac498040fa20d4ccf9e26ec2703,True,fixed_per_environment_quotas_v2,stress,29,44,False,False,,6,0,True,False,-3.1413686275482178,0.99,2.50911283493042,1.0200624465942383,3.660392999649048
/home/donglei/isaac_projects/isaac_drone_racer/.worktrees/stage1-fake-vio/logs/skrl/stage1_recovery_20260905/2026-09-05_11-37-52/2026-09-05_11-37-57_ppo_torch_stage1_mixed/checkpoints/best_agent.pt,ecf1a26095dfe976a926a1c7c3876aaafb1c80f1dd681f9e9f35bd678864cdf1,150d107225160ac498040fa20d4ccf9e26ec2703,True,fixed_per_environment_quotas_v2,stress,29,45,False,False,,2,1,True,False,2.089029312133789,1.94,1.2605857849121094,0.5348389744758606,3.086028814315796
/home/donglei/isaac_projects/isaac_drone_racer/.worktrees/stage1-fake-vio/logs/skrl/stage1_recovery_20260905/2026-09-05_11-37-52/2026-09-05_11-37-57_ppo_torch_stage1_mixed/checkpoints/best_agent.pt,ecf1a26095dfe976a926a1c7c3876aaafb1c80f1dd681f9e9f35bd678864cdf1,150d107225160ac498040fa20d4ccf9e26ec2703,True,fixed_per_environment_quotas_v2,stress,29,46,False,False,,4,0,False,True,-8.780998229980469,1.96,0.9338608980178833,1.3401079177856445,1.1833298206329346
/home/donglei/isaac_projects/isaac_drone_racer/.worktrees/stage1-fake-vio/logs/skrl/stage1_recovery_20260905/2026-09-05_11-37-52/2026-09-05_11-37-57_ppo_torch_stage1_mixed/checkpoints/best_agent.pt,ecf1a26095dfe976a926a1c7c3876aaafb1c80f1dd681f9e9f35bd678864cdf1,150d107225160ac498040fa20d4ccf9e26ec2703,True,fixed_per_environment_quotas_v2,stress,29,47,False,False,,1,1,True,False,0.05731821060180664,1.34,0.9478046894073486,0.6337916254997253,2.9928934574127197
/home/donglei/isaac_projects/isaac_drone_racer/.worktrees/stage1-fake-vio/logs/skrl/stage1_recovery_20260905/2026-09-05_11-37-52/2026-09-05_11-37-57_ppo_torch_stage1_mixed/checkpoints/best_agent.pt,ecf1a26095dfe976a926a1c7c3876aaafb1c80f1dd681f9e9f35bd678864cdf1,150d107225160ac498040fa20d4ccf9e26ec2703,True,fixed_per_environment_quotas_v2,stress,29,48,False,False,,1,2,True,False,6.100384712219238,1.98,1.1082267761230469,0.39224910736083984,3.217287540435791
/home/donglei/isaac_projects/isaac_drone_racer/.worktrees/stage1-fake-vio/logs/skrl/stage1_recovery_20260905/2026-09-05_11-37-52/2026-09-05_11-37-57_ppo_torch_stage1_mixed/checkpoints/best_agent.pt,ecf1a26095dfe976a926a1c7c3876aaafb1c80f1dd681f9e9f35bd678864cdf1,150d107225160ac498040fa20d4ccf9e26ec2703,True,fixed_per_environment_quotas_v2,stress,29,49,False,False,,7,2,True,False,6.624785423278809,2.11,0.83646160364151,0.2629171311855316,2.1837117671966553
/home/donglei/isaac_projects/isaac_drone_racer/.worktrees/stage1-fake-vio/logs/skrl/stage1_recovery_20260905/2026-09-05_11-37-52/2026-09-05_11-37-57_ppo_torch_stage1_mixed/checkpoints/best_agent.pt,ecf1a26095dfe976a926a1c7c3876aaafb1c80f1dd681f9e9f35bd678864cdf1,150d107225160ac498040fa20d4ccf9e26ec2703,True,fixed_per_environment_quotas_v2,stress,29,50,False,False,,4,2,True,False,8.176740646362305,2.17,1.6860692501068115,0.42519626021385193,3.491910219192505
/home/donglei/isaac_projects/isaac_drone_racer/.worktrees/stage1-fake-vio/logs/skrl/stage1_recovery_20260905/2026-09-05_11-37-52/2026-09-05_11-37-57_ppo_torch_stage1_mixed/checkpoints/best_agent.pt,ecf1a26095dfe976a926a1c7c3876aaafb1c80f1dd681f9e9f35bd678864cdf1,150d107225160ac498040fa20d4ccf9e26ec2703,True,fixed_per_environment_quotas_v2,stress,29,51,False,False,,4,0,True,False,-2.261786937713623,1.3,0.99472576379776,0.37105387449264526,2.277233600616455
/home/donglei/isaac_projects/isaac_drone_racer/.worktrees/stage1-fake-vio/logs/skrl/stage1_recovery_20260905/2026-09-05_11-37-52/2026-09-05_11-37-57_ppo_torch_stage1_mixed/checkpoints/best_agent.pt,ecf1a26095dfe976a926a1c7c3876aaafb1c80f1dd681f9e9f35bd678864cdf1,150d107225160ac498040fa20d4ccf9e26ec2703,True,fixed_per_environment_quotas_v2,stress,29,52,False,False,,1,2,True,False,6.823991298675537,2.25,1.0550987720489502,0.5155971050262451,2.9541730880737305
/home/donglei/isaac_projects/isaac_drone_racer/.worktrees/stage1-fake-vio/logs/skrl/stage1_recovery_20260905/2026-09-05_11-37-52/2026-09-05_11-37-57_ppo_torch_stage1_mixed/checkpoints/best_agent.pt,ecf1a26095dfe976a926a1c7c3876aaafb1c80f1dd681f9e9f35bd678864cdf1,150d107225160ac498040fa20d4ccf9e26ec2703,True,fixed_per_environment_quotas_v2,stress,29,53,False,False,,6,1,True,False,0.3003811836242676,1.16,0.8265397548675537,0.39816394448280334,2.5770626068115234
/home/donglei/isaac_projects/isaac_drone_racer/.worktrees/stage1-fake-vio/logs/skrl/stage1_recovery_20260905/2026-09-05_11-37-52/2026-09-05_11-37-57_ppo_torch_stage1_mixed/checkpoints/best_agent.pt,ecf1a26095dfe976a926a1c7c3876aaafb1c80f1dd681f9e9f35bd678864cdf1,150d107225160ac498040fa20d4ccf9e26ec2703,True,fixed_per_environment_quotas_v2,stress,29,54,False,False,,1,0,True,False,-4.1141252517700195,1.04,0.8246281147003174,0.507915735244751,2.914351224899292
/home/donglei/isaac_projects/isaac_drone_racer/.worktrees/stage1-fake-vio/logs/skrl/stage1_recovery_20260905/2026-09-05_11-37-52/2026-09-05_11-37-57_ppo_torch_stage1_mixed/checkpoints/best_agent.pt,ecf1a26095dfe976a926a1c7c3876aaafb1c80f1dd681f9e9f35bd678864cdf1,150d107225160ac498040fa20d4ccf9e26ec2703,True,fixed_per_environment_quotas_v2,stress,29,55,False,False,,6,2,True,False,6.896445274353027,2.4,1.1541922092437744,0.527280867099762,2.8344168663024902
/home/donglei/isaac_projects/isaac_drone_racer/.worktrees/stage1-fake-vio/logs/skrl/stage1_recovery_20260905/2026-09-05_11-37-52/2026-09-05_11-37-57_ppo_torch_stage1_mixed/checkpoints/best_agent.pt,ecf1a26095dfe976a926a1c7c3876aaafb1c80f1dd681f9e9f35bd678864cdf1,150d107225160ac498040fa20d4ccf9e26ec2703,True,fixed_per_environment_quotas_v2,stress,29,56,False,False,,2,0,True,False,-3.0785651206970215,1.12,0.7962273955345154,0.4336359202861786,2.369067907333374
/home/donglei/isaac_projects/isaac_drone_racer/.worktrees/stage1-fake-vio/logs/skrl/stage1_recovery_20260905/2026-09-05_11-37-52/2026-09-05_11-37-57_ppo_torch_stage1_mixed/checkpoints/best_agent.pt,ecf1a26095dfe976a926a1c7c3876aaafb1c80f1dd681f9e9f35bd678864cdf1,150d107225160ac498040fa20d4ccf9e26ec2703,True,fixed_per_environment_quotas_v2,stress,29,57,False,False,,2,0,True,False,-7.43379020690918,1.61,1.1046098470687866,1.3808213472366333,3.3030309677124023
/home/donglei/isaac_projects/isaac_drone_racer/.worktrees/stage1-fake-vio/logs/skrl/stage1_recovery_20260905/2026-09-05_11-37-52/2026-09-05_11-37-57_ppo_torch_stage1_mixed/checkpoints/best_agent.pt,ecf1a26095dfe976a926a1c7c3876aaafb1c80f1dd681f9e9f35bd678864cdf1,150d107225160ac498040fa20d4ccf9e26ec2703,True,fixed_per_environment_quotas_v2,stress,29,58,False,False,,4,0,True,False,-2.2544336318969727,1.22,1.0826010704040527,0.4583317041397095,2.2578086853027344
/home/donglei/isaac_projects/isaac_drone_racer/.worktrees/stage1-fake-vio/logs/skrl/stage1_recovery_20260905/2026-09-05_11-37-52/2026-09-05_11-37-57_ppo_torch_stage1_mixed/checkpoints/best_agent.pt,ecf1a26095dfe976a926a1c7c3876aaafb1c80f1dd681f9e9f35bd678864cdf1,150d107225160ac498040fa20d4ccf9e26ec2703,True,fixed_per_environment_quotas_v2,stress,29,59,False,False,,6,0,True,True,-8.46235466003418,2.64,1.1350126266479492,1.9607781171798706,2.2721712589263916
/home/donglei/isaac_projects/isaac_drone_racer/.worktrees/stage1-fake-vio/logs/skrl/stage1_recovery_20260905/2026-09-05_11-37-52/2026-09-05_11-37-57_ppo_torch_stage1_mixed/checkpoints/best_agent.pt,ecf1a26095dfe976a926a1c7c3876aaafb1c80f1dd681f9e9f35bd678864cdf1,150d107225160ac498040fa20d4ccf9e26ec2703,True,fixed_per_environment_quotas_v2,stress,29,60,False,False,,1,0,True,False,-4.5204668045043945,1.16,1.2446249723434448,0.9335196018218994,6.0486016273498535
/home/donglei/isaac_projects/isaac_drone_racer/.worktrees/stage1-fake-vio/logs/skrl/stage1_recovery_20260905/2026-09-05_11-37-52/2026-09-05_11-37-57_ppo_torch_stage1_mixed/checkpoints/best_agent.pt,ecf1a26095dfe976a926a1c7c3876aaafb1c80f1dd681f9e9f35bd678864cdf1,150d107225160ac498040fa20d4ccf9e26ec2703,True,fixed_per_environment_quotas_v2,stress,29,61,False,False,,1,2,False,True,1.428581714630127,2.7,1.7393752336502075,1.3174878358840942,3.0050039291381836
/home/donglei/isaac_projects/isaac_drone_racer/.worktrees/stage1-fake-vio/logs/skrl/stage1_recovery_20260905/2026-09-05_11-37-52/2026-09-05_11-37-57_ppo_torch_stage1_mixed/checkpoints/best_agent.pt,ecf1a26095dfe976a926a1c7c3876aaafb1c80f1dd681f9e9f35bd678864cdf1,150d107225160ac498040fa20d4ccf9e26ec2703,True,fixed_per_environment_quotas_v2,stress,29,62,False,False,,6,0,True,False,-7.078987121582031,2.31,1.574074625968933,0.6815405488014221,3.3951895236968994
/home/donglei/isaac_projects/isaac_drone_racer/.worktrees/stage1-fake-vio/logs/skrl/stage1_recovery_20260905/2026-09-05_11-37-52/2026-09-05_11-37-57_ppo_torch_stage1_mixed/checkpoints/best_agent.pt,ecf1a26095dfe976a926a1c7c3876aaafb1c80f1dd681f9e9f35bd678864cdf1,150d107225160ac498040fa20d4ccf9e26ec2703,True,fixed_per_environment_quotas_v2,stress,29,63,False,False,,6,2,True,False,0.8914141654968262,2.93,1.3594954013824463,0.39823415875434875,4.474706649780273
/home/donglei/isaac_projects/isaac_drone_racer/.worktrees/stage1-fake-vio/logs/skrl/stage1_recovery_20260905/2026-09-05_11-37-52/2026-09-05_11-37-57_ppo_torch_stage1_mixed/checkpoints/best_agent.pt,ecf1a26095dfe976a926a1c7c3876aaafb1c80f1dd681f9e9f35bd678864cdf1,150d107225160ac498040fa20d4ccf9e26ec2703,True,fixed_per_environment_quotas_v2,stress,29,64,False,False,,4,1,True,False,-1.285325527191162,3.0100000000000002,1.1500062942504883,0.5130486488342285,3.330779790878296
/home/donglei/isaac_projects/isaac_drone_racer/.worktrees/stage1-fake-vio/logs/skrl/stage1_recovery_20260905/2026-09-05_11-37-52/2026-09-05_11-37-57_ppo_torch_stage1_mixed/checkpoints/best_agent.pt,ecf1a26095dfe976a926a1c7c3876aaafb1c80f1dd681f9e9f35bd678864cdf1,150d107225160ac498040fa20d4ccf9e26ec2703,True,fixed_per_environment_quotas_v2,stress,29,65,False,False,,7,0,False,True,-11.726591110229492,2.68,1.131441354751587,1.114377737045288,2.1593589782714844
/home/donglei/isaac_projects/isaac_drone_racer/.worktrees/stage1-fake-vio/logs/skrl/stage1_recovery_20260905/2026-09-05_11-37-52/2026-09-05_11-37-57_ppo_torch_stage1_mixed/checkpoints/best_agent.pt,ecf1a26095dfe976a926a1c7c3876aaafb1c80f1dd681f9e9f35bd678864cdf1,150d107225160ac498040fa20d4ccf9e26ec2703,True,fixed_per_environment_quotas_v2,stress,29,66,False,False,,1,1,True,False,0.08143186569213867,1.11,0.877428412437439,0.7029995322227478,2.576336145401001
/home/donglei/isaac_projects/isaac_drone_racer/.worktrees/stage1-fake-vio/logs/skrl/stage1_recovery_20260905/2026-09-05_11-37-52/2026-09-05_11-37-57_ppo_torch_stage1_mixed/checkpoints/best_agent.pt,ecf1a26095dfe976a926a1c7c3876aaafb1c80f1dd681f9e9f35bd678864cdf1,150d107225160ac498040fa20d4ccf9e26ec2703,True,fixed_per_environment_quotas_v2,stress,29,67,False,False,,6,0,True,False,-3.211160659790039,0.97,0.8832080364227295,0.47452351450920105,2.4859695434570312
/home/donglei/isaac_projects/isaac_drone_racer/.worktrees/stage1-fake-vio/logs/skrl/stage1_recovery_20260905/2026-09-05_11-37-52/2026-09-05_11-37-57_ppo_torch_stage1_mixed/checkpoints/best_agent.pt,ecf1a26095dfe976a926a1c7c3876aaafb1c80f1dd681f9e9f35bd678864cdf1,150d107225160ac498040fa20d4ccf9e26ec2703,True,fixed_per_environment_quotas_v2,stress,29,68,False,False,,4,0,True,False,-2.246685743331909,1.6400000000000001,1.2922333478927612,0.5316162109375,3.91812801361084
/home/donglei/isaac_projects/isaac_drone_racer/.worktrees/stage1-fake-vio/logs/skrl/stage1_recovery_20260905/2026-09-05_11-37-52/2026-09-05_11-37-57_ppo_torch_stage1_mixed/checkpoints/best_agent.pt,ecf1a26095dfe976a926a1c7c3876aaafb1c80f1dd681f9e9f35bd678864cdf1,150d107225160ac498040fa20d4ccf9e26ec2703,True,fixed_per_environment_quotas_v2,stress,29,69,False,False,,2,2,True,False,2.8478236198425293,3.18,0.9330694675445557,0.8490445613861084,3.160900354385376
/home/donglei/isaac_projects/isaac_drone_racer/.worktrees/stage1-fake-vio/logs/skrl/stage1_recovery_20260905/2026-09-05_11-37-52/2026-09-05_11-37-57_ppo_torch_stage1_mixed/checkpoints/best_agent.pt,ecf1a26095dfe976a926a1c7c3876aaafb1c80f1dd681f9e9f35bd678864cdf1,150d107225160ac498040fa20d4ccf9e26ec2703,True,fixed_per_environment_quotas_v2,stress,29,70,False,False,,6,1,True,False,1.3849220275878906,2.0300000000000002,1.0556000471115112,0.47638943791389465,3.0076100826263428
/home/donglei/isaac_projects/isaac_drone_racer/.worktrees/stage1-fake-vio/logs/skrl/stage1_recovery_20260905/2026-09-05_11-37-52/2026-09-05_11-37-57_ppo_torch_stage1_mixed/checkpoints/best_agent.pt,ecf1a26095dfe976a926a1c7c3876aaafb1c80f1dd681f9e9f35bd678864cdf1,150d107225160ac498040fa20d4ccf9e26ec2703,True,fixed_per_environment_quotas_v2,stress,29,71,False,False,,6,0,False,True,-6.988100528717041,2.6,0.9226083159446716,0.8028537034988403,2.5963196754455566
/home/donglei/isaac_projects/isaac_drone_racer/.worktrees/stage1-fake-vio/logs/skrl/stage1_recovery_20260905/2026-09-05_11-37-52/2026-09-05_11-37-57_ppo_torch_stage1_mixed/checkpoints/best_agent.pt,ecf1a26095dfe976a926a1c7c3876aaafb1c80f1dd681f9e9f35bd678864cdf1,150d107225160ac498040fa20d4ccf9e26ec2703,True,fixed_per_environment_quotas_v2,stress,29,72,False,False,,6,1,True,False,1.515183925628662,1.68,1.0472995042800903,0.3254178762435913,2.535722017288208
/home/donglei/isaac_projects/isaac_drone_racer/.worktrees/stage1-fake-vio/logs/skrl/stage1_recovery_20260905/2026-09-05_11-37-52/2026-09-05_11-37-57_ppo_torch_stage1_mixed/checkpoints/best_agent.pt,ecf1a26095dfe976a926a1c7c3876aaafb1c80f1dd681f9e9f35bd678864cdf1,150d107225160ac498040fa20d4ccf9e26ec2703,True,fixed_per_environment_quotas_v2,stress,29,73,False,False,,4,1,True,False,3.9284486770629883,2.45,1.0656615495681763,0.35936176776885986,2.1645078659057617
/home/donglei/isaac_projects/isaac_drone_racer/.worktrees/stage1-fake-vio/logs/skrl/stage1_recovery_20260905/2026-09-05_11-37-52/2026-09-05_11-37-57_ppo_torch_stage1_mixed/checkpoints/best_agent.pt,ecf1a26095dfe976a926a1c7c3876aaafb1c80f1dd681f9e9f35bd678864cdf1,150d107225160ac498040fa20d4ccf9e26ec2703,True,fixed_per_environment_quotas_v2,stress,29,74,False,False,,5,1,True,False,1.8667917251586914,2.47,1.2329323291778564,0.6156209707260132,3.0936203002929688
/home/donglei/isaac_projects/isaac_drone_racer/.worktrees/stage1-fake-vio/logs/skrl/stage1_recovery_20260905/2026-09-05_11-37-52/2026-09-05_11-37-57_ppo_torch_stage1_mixed/checkpoints/best_agent.pt,ecf1a26095dfe976a926a1c7c3876aaafb1c80f1dd681f9e9f35bd678864cdf1,150d107225160ac498040fa20d4ccf9e26ec2703,True,fixed_per_environment_quotas_v2,stress,29,75,False,False,,6,2,True,False,2.223308563232422,3.48,1.4121061563491821,0.7352508902549744,3.1254539489746094
/home/donglei/isaac_projects/isaac_drone_racer/.worktrees/stage1-fake-vio/logs/skrl/stage1_recovery_20260905/2026-09-05_11-37-52/2026-09-05_11-37-57_ppo_torch_stage1_mixed/checkpoints/best_agent.pt,ecf1a26095dfe976a926a1c7c3876aaafb1c80f1dd681f9e9f35bd678864cdf1,150d107225160ac498040fa20d4ccf9e26ec2703,True,fixed_per_environment_quotas_v2,stress,29,76,False,False,,7,3,True,False,13.185439109802246,3.49,1.154026985168457,0.4154345691204071,3.5495707988739014
/home/donglei/isaac_projects/isaac_drone_racer/.worktrees/stage1-fake-vio/logs/skrl/stage1_recovery_20260905/2026-09-05_11-37-52/2026-09-05_11-37-57_ppo_torch_stage1_mixed/checkpoints/best_agent.pt,ecf1a26095dfe976a926a1c7c3876aaafb1c80f1dd681f9e9f35bd678864cdf1,150d107225160ac498040fa20d4ccf9e26ec2703,True,fixed_per_environment_quotas_v2,stress,29,77,False,False,,2,2,True,False,7.2499494552612305,2.68,0.7261603474617004,0.3619593381881714,2.211392641067505
/home/donglei/isaac_projects/isaac_drone_racer/.worktrees/stage1-fake-vio/logs/skrl/stage1_recovery_20260905/2026-09-05_11-37-52/2026-09-05_11-37-57_ppo_torch_stage1_mixed/checkpoints/best_agent.pt,ecf1a26095dfe976a926a1c7c3876aaafb1c80f1dd681f9e9f35bd678864cdf1,150d107225160ac498040fa20d4ccf9e26ec2703,True,fixed_per_environment_quotas_v2,stress,29,78,False,False,,4,0,True,False,-2.461676597595215,1.33,1.458706259727478,0.5919475555419922,3.4268155097961426
/home/donglei/isaac_projects/isaac_drone_racer/.worktrees/stage1-fake-vio/logs/skrl/stage1_recovery_20260905/2026-09-05_11-37-52/2026-09-05_11-37-57_ppo_torch_stage1_mixed/checkpoints/best_agent.pt,ecf1a26095dfe976a926a1c7c3876aaafb1c80f1dd681f9e9f35bd678864cdf1,150d107225160ac498040fa20d4ccf9e26ec2703,True,fixed_per_environment_quotas_v2,stress,29,79,False,False,,7,0,True,False,-4.081672668457031,1.09,0.9468128681182861,0.70363849401474,2.884164333343506
/home/donglei/isaac_projects/isaac_drone_racer/.worktrees/stage1-fake-vio/logs/skrl/stage1_recovery_20260905/2026-09-05_11-37-52/2026-09-05_11-37-57_ppo_torch_stage1_mixed/checkpoints/best_agent.pt,ecf1a26095dfe976a926a1c7c3876aaafb1c80f1dd681f9e9f35bd678864cdf1,150d107225160ac498040fa20d4ccf9e26ec2703,True,fixed_per_environment_quotas_v2,stress,29,80,False,False,,6,0,True,False,-3.3887274265289307,0.87,1.2652826309204102,0.560204803943634,2.9937148094177246
/home/donglei/isaac_projects/isaac_drone_racer/.worktrees/stage1-fake-vio/logs/skrl/stage1_recovery_20260905/2026-09-05_11-37-52/2026-09-05_11-37-57_ppo_torch_stage1_mixed/checkpoints/best_agent.pt,ecf1a26095dfe976a926a1c7c3876aaafb1c80f1dd681f9e9f35bd678864cdf1,150d107225160ac498040fa20d4ccf9e26ec2703,True,fixed_per_environment_quotas_v2,stress,29,81,False,False,,2,0,True,False,-3.88006591796875,1.84,0.8892155289649963,1.7354494333267212,3.9178671836853027
/home/donglei/isaac_projects/isaac_drone_racer/.worktrees/stage1-fake-vio/logs/skrl/stage1_recovery_20260905/2026-09-05_11-37-52/2026-09-05_11-37-57_ppo_torch_stage1_mixed/checkpoints/best_agent.pt,ecf1a26095dfe976a926a1c7c3876aaafb1c80f1dd681f9e9f35bd678864cdf1,150d107225160ac498040fa20d4ccf9e26ec2703,True,fixed_per_environment_quotas_v2,stress,29,82,False,False,,6,0,True,False,-4.733199119567871,2.81,0.7078367471694946,0.48678719997406006,2.8147637844085693
/home/donglei/isaac_projects/isaac_drone_racer/.worktrees/stage1-fake-vio/logs/skrl/stage1_recovery_20260905/2026-09-05_11-37-52/2026-09-05_11-37-57_ppo_torch_stage1_mixed/checkpoints/best_agent.pt,ecf1a26095dfe976a926a1c7c3876aaafb1c80f1dd681f9e9f35bd678864cdf1,150d107225160ac498040fa20d4ccf9e26ec2703,True,fixed_per_environment_quotas_v2,stress,29,83,False,False,,3,0,True,False,-3.157762050628662,1.18,1.034356951713562,0.4119812548160553,2.5173583030700684
/home/donglei/isaac_projects/isaac_drone_racer/.worktrees/stage1-fake-vio/logs/skrl/stage1_recovery_20260905/2026-09-05_11-37-52/2026-09-05_11-37-57_ppo_torch_stage1_mixed/checkpoints/best_agent.pt,ecf1a26095dfe976a926a1c7c3876aaafb1c80f1dd681f9e9f35bd678864cdf1,150d107225160ac498040fa20d4ccf9e26ec2703,True,fixed_per_environment_quotas_v2,stress,29,84,False,False,,6,0,True,False,-3.6164090633392334,0.85,1.1232578754425049,0.6373167634010315,3.0844366550445557
/home/donglei/isaac_projects/isaac_drone_racer/.worktrees/stage1-fake-vio/logs/skrl/stage1_recovery_20260905/2026-09-05_11-37-52/2026-09-05_11-37-57_ppo_torch_stage1_mixed/checkpoints/best_agent.pt,ecf1a26095dfe976a926a1c7c3876aaafb1c80f1dd681f9e9f35bd678864cdf1,150d107225160ac498040fa20d4ccf9e26ec2703,True,fixed_per_environment_quotas_v2,stress,29,85,False,False,,6,0,True,False,-3.194028854370117,1.03,1.8730924129486084,0.749843180179596,2.1446692943573
/home/donglei/isaac_projects/isaac_drone_racer/.worktrees/stage1-fake-vio/logs/skrl/stage1_recovery_20260905/2026-09-05_11-37-52/2026-09-05_11-37-57_ppo_torch_stage1_mixed/checkpoints/best_agent.pt,ecf1a26095dfe976a926a1c7c3876aaafb1c80f1dd681f9e9f35bd678864cdf1,150d107225160ac498040fa20d4ccf9e26ec2703,True,fixed_per_environment_quotas_v2,stress,29,86,False,False,,6,1,True,False,1.3586616516113281,1.6400000000000001,0.9591016173362732,0.3360125422477722,2.2182984352111816
/home/donglei/isaac_projects/isaac_drone_racer/.worktrees/stage1-fake-vio/logs/skrl/stage1_recovery_20260905/2026-09-05_11-37-52/2026-09-05_11-37-57_ppo_torch_stage1_mixed/checkpoints/best_agent.pt,ecf1a26095dfe976a926a1c7c3876aaafb1c80f1dd681f9e9f35bd678864cdf1,150d107225160ac498040fa20d4ccf9e26ec2703,True,fixed_per_environment_quotas_v2,stress,29,87,False,False,,6,1,False,True,-6.219505310058594,4.07,1.222656011581421,0.8069043159484863,2.673280715942383
/home/donglei/isaac_projects/isaac_drone_racer/.worktrees/stage1-fake-vio/logs/skrl/stage1_recovery_20260905/2026-09-05_11-37-52/2026-09-05_11-37-57_ppo_torch_stage1_mixed/checkpoints/best_agent.pt,ecf1a26095dfe976a926a1c7c3876aaafb1c80f1dd681f9e9f35bd678864cdf1,150d107225160ac498040fa20d4ccf9e26ec2703,True,fixed_per_environment_quotas_v2,stress,29,88,False,False,,1,2,False,True,-0.602963924407959,4.43,0.9234191179275513,0.9051858186721802,2.0437304973602295
/home/donglei/isaac_projects/isaac_drone_racer/.worktrees/stage1-fake-vio/logs/skrl/stage1_recovery_20260905/2026-09-05_11-37-52/2026-09-05_11-37-57_ppo_torch_stage1_mixed/checkpoints/best_agent.pt,ecf1a26095dfe976a926a1c7c3876aaafb1c80f1dd681f9e9f35bd678864cdf1,150d107225160ac498040fa20d4ccf9e26ec2703,True,fixed_per_environment_quotas_v2,stress,29,89,False,False,,2,0,True,False,-3.163356304168701,0.99,1.2597476243972778,0.6334208846092224,2.8816726207733154
/home/donglei/isaac_projects/isaac_drone_racer/.worktrees/stage1-fake-vio/logs/skrl/stage1_recovery_20260905/2026-09-05_11-37-52/2026-09-05_11-37-57_ppo_torch_stage1_mixed/checkpoints/best_agent.pt,ecf1a26095dfe976a926a1c7c3876aaafb1c80f1dd681f9e9f35bd678864cdf1,150d107225160ac498040fa20d4ccf9e26ec2703,True,fixed_per_environment_quotas_v2,stress,29,90,False,False,,5,4,True,False,18.28823471069336,4.55,0.9481397271156311,0.6889916658401489,2.365640640258789
/home/donglei/isaac_projects/isaac_drone_racer/.worktrees/stage1-fake-vio/logs/skrl/stage1_recovery_20260905/2026-09-05_11-37-52/2026-09-05_11-37-57_ppo_torch_stage1_mixed/checkpoints/best_agent.pt,ecf1a26095dfe976a926a1c7c3876aaafb1c80f1dd681f9e9f35bd678864cdf1,150d107225160ac498040fa20d4ccf9e26ec2703,True,fixed_per_environment_quotas_v2,stress,29,91,False,False,,6,2,True,False,7.5757341384887695,2.92,1.5497015714645386,0.6573828458786011,2.907039165496826
/home/donglei/isaac_projects/isaac_drone_racer/.worktrees/stage1-fake-vio/logs/skrl/stage1_recovery_20260905/2026-09-05_11-37-52/2026-09-05_11-37-57_ppo_torch_stage1_mixed/checkpoints/best_agent.pt,ecf1a26095dfe976a926a1c7c3876aaafb1c80f1dd681f9e9f35bd678864cdf1,150d107225160ac498040fa20d4ccf9e26ec2703,True,fixed_per_environment_quotas_v2,stress,29,92,False,False,,2,2,True,False,7.229994773864746,3.3200000000000003,0.878248393535614,0.4074535667896271,2.5467467308044434
/home/donglei/isaac_projects/isaac_drone_racer/.worktrees/stage1-fake-vio/logs/skrl/stage1_recovery_20260905/2026-09-05_11-37-52/2026-09-05_11-37-57_ppo_torch_stage1_mixed/checkpoints/best_agent.pt,ecf1a26095dfe976a926a1c7c3876aaafb1c80f1dd681f9e9f35bd678864cdf1,150d107225160ac498040fa20d4ccf9e26ec2703,True,fixed_per_environment_quotas_v2,stress,29,93,False,False,,3,4,True,False,13.506597518920898,4.62,0.8087548613548279,0.29911166429519653,2.025843620300293
/home/donglei/isaac_projects/isaac_drone_racer/.worktrees/stage1-fake-vio/logs/skrl/stage1_recovery_20260905/2026-09-05_11-37-52/2026-09-05_11-37-57_ppo_torch_stage1_mixed/checkpoints/best_agent.pt,ecf1a26095dfe976a926a1c7c3876aaafb1c80f1dd681f9e9f35bd678864cdf1,150d107225160ac498040fa20d4ccf9e26ec2703,True,fixed_per_environment_quotas_v2,stress,29,94,False,False,,4,0,True,False,-2.342559576034546,1.21,0.9222016930580139,0.34754014015197754,2.098623037338257
/home/donglei/isaac_projects/isaac_drone_racer/.worktrees/stage1-fake-vio/logs/skrl/stage1_recovery_20260905/2026-09-05_11-37-52/2026-09-05_11-37-57_ppo_torch_stage1_mixed/checkpoints/best_agent.pt,ecf1a26095dfe976a926a1c7c3876aaafb1c80f1dd681f9e9f35bd678864cdf1,150d107225160ac498040fa20d4ccf9e26ec2703,True,fixed_per_environment_quotas_v2,stress,29,95,False,False,,1,3,True,False,11.418289184570312,3.2,1.0119285583496094,0.38811418414115906,3.9492406845092773
/home/donglei/isaac_projects/isaac_drone_racer/.worktrees/stage1-fake-vio/logs/skrl/stage1_recovery_20260905/2026-09-05_11-37-52/2026-09-05_11-37-57_ppo_torch_stage1_mixed/checkpoints/best_agent.pt,ecf1a26095dfe976a926a1c7c3876aaafb1c80f1dd681f9e9f35bd678864cdf1,150d107225160ac498040fa20d4ccf9e26ec2703,True,fixed_per_environment_quotas_v2,stress,29,96,False,False,,1,1,True,False,-3.7057039737701416,3.81,0.9873373508453369,0.7449994087219238,2.7036125659942627
/home/donglei/isaac_projects/isaac_drone_racer/.worktrees/stage1-fake-vio/logs/skrl/stage1_recovery_20260905/2026-09-05_11-37-52/2026-09-05_11-37-57_ppo_torch_stage1_mixed/checkpoints/best_agent.pt,ecf1a26095dfe976a926a1c7c3876aaafb1c80f1dd681f9e9f35bd678864cdf1,150d107225160ac498040fa20d4ccf9e26ec2703,True,fixed_per_environment_quotas_v2,stress,29,97,False,False,,2,5,True,False,22.7252254486084,5.2,1.0679787397384644,0.44618767499923706,2.8169727325439453
/home/donglei/isaac_projects/isaac_drone_racer/.worktrees/stage1-fake-vio/logs/skrl/stage1_recovery_20260905/2026-09-05_11-37-52/2026-09-05_11-37-57_ppo_torch_stage1_mixed/checkpoints/best_agent.pt,ecf1a26095dfe976a926a1c7c3876aaafb1c80f1dd681f9e9f35bd678864cdf1,150d107225160ac498040fa20d4ccf9e26ec2703,True,fixed_per_environment_quotas_v2,stress,29,98,False,False,,6,1,True,False,0.2086935043334961,1.08,0.8146764636039734,0.31474485993385315,2.3500242233276367
/home/donglei/isaac_projects/isaac_drone_racer/.worktrees/stage1-fake-vio/logs/skrl/stage1_recovery_20260905/2026-09-05_11-37-52/2026-09-05_11-37-57_ppo_torch_stage1_mixed/checkpoints/best_agent.pt,ecf1a26095dfe976a926a1c7c3876aaafb1c80f1dd681f9e9f35bd678864cdf1,150d107225160ac498040fa20d4ccf9e26ec2703,True,fixed_per_environment_quotas_v2,stress,29,99,False,False,,6,5,True,False,25.215301513671875,5.8,1.4794903993606567,0.5367614030838013,3.729088306427002
/home/donglei/isaac_projects/isaac_drone_racer/.worktrees/stage1-fake-vio/logs/skrl/stage1_recovery_20260905/2026-09-05_11-37-52/2026-09-05_11-37-57_ppo_torch_stage1_mixed/checkpoints/best_agent.pt,ecf1a26095dfe976a926a1c7c3876aaafb1c80f1dd681f9e9f35bd678864cdf1,150d107225160ac498040fa20d4ccf9e26ec2703,True,fixed_per_environment_quotas_v2,stress,29,100,False,False,,5,3,True,False,11.147981643676758,4.51,1.2145986557006836,1.0974736213684082,2.4874022006988525
/home/donglei/isaac_projects/isaac_drone_racer/.worktrees/stage1-fake-vio/logs/skrl/stage1_recovery_20260905/2026-09-05_11-37-52/2026-09-05_11-37-57_ppo_torch_stage1_mixed/checkpoints/best_agent.pt,ecf1a26095dfe976a926a1c7c3876aaafb1c80f1dd681f9e9f35bd678864cdf1,150d107225160ac498040fa20d4ccf9e26ec2703,True,fixed_per_environment_quotas_v2,stress,29,101,False,False,,6,6,False,False,35.26646041870117,6.05,1.0440956354141235,0.39729028940200806,2.0330443382263184
/home/donglei/isaac_projects/isaac_drone_racer/.worktrees/stage1-fake-vio/logs/skrl/stage1_recovery_20260905/2026-09-05_11-37-52/2026-09-05_11-37-57_ppo_torch_stage1_mixed/checkpoints/best_agent.pt,ecf1a26095dfe976a926a1c7c3876aaafb1c80f1dd681f9e9f35bd678864cdf1,150d107225160ac498040fa20d4ccf9e26ec2703,True,fixed_per_environment_quotas_v2,stress,29,102,False,False,,6,1,True,False,0.9851284027099609,1.7,2.28902530670166,0.893617570400238,2.968863010406494
/home/donglei/isaac_projects/isaac_drone_racer/.worktrees/stage1-fake-vio/logs/skrl/stage1_recovery_20260905/2026-09-05_11-37-52/2026-09-05_11-37-57_ppo_torch_stage1_mixed/checkpoints/best_agent.pt,ecf1a26095dfe976a926a1c7c3876aaafb1c80f1dd681f9e9f35bd678864cdf1,150d107225160ac498040fa20d4ccf9e26ec2703,True,fixed_per_environment_quotas_v2,stress,29,103,True,True,5.58,,7,False,False,38.77854537963867,5.58,1.1007280349731445,0.33297601342201233,2.7424376010894775
/home/donglei/isaac_projects/isaac_drone_racer/.worktrees/stage1-fake-vio/logs/skrl/stage1_recovery_20260905/2026-09-05_11-37-52/2026-09-05_11-37-57_ppo_torch_stage1_mixed/checkpoints/best_agent.pt,ecf1a26095dfe976a926a1c7c3876aaafb1c80f1dd681f9e9f35bd678864cdf1,150d107225160ac498040fa20d4ccf9e26ec2703,True,fixed_per_environment_quotas_v2,stress,29,104,False,False,,2,1,True,False,-2.9050190448760986,6.74,0.681244969367981,0.578425407409668,2.3921782970428467
/home/donglei/isaac_projects/isaac_drone_racer/.worktrees/stage1-fake-vio/logs/skrl/stage1_recovery_20260905/2026-09-05_11-37-52/2026-09-05_11-37-57_ppo_torch_stage1_mixed/checkpoints/best_agent.pt,ecf1a26095dfe976a926a1c7c3876aaafb1c80f1dd681f9e9f35bd678864cdf1,150d107225160ac498040fa20d4ccf9e26ec2703,True,fixed_per_environment_quotas_v2,stress,29,105,False,False,,1,1,True,False,1.0783700942993164,2.18,0.8772355914115906,0.49646246433258057,2.62361478805542
/home/donglei/isaac_projects/isaac_drone_racer/.worktrees/stage1-fake-vio/logs/skrl/stage1_recovery_20260905/2026-09-05_11-37-52/2026-09-05_11-37-57_ppo_torch_stage1_mixed/checkpoints/best_agent.pt,ecf1a26095dfe976a926a1c7c3876aaafb1c80f1dd681f9e9f35bd678864cdf1,150d107225160ac498040fa20d4ccf9e26ec2703,True,fixed_per_environment_quotas_v2,stress,29,106,False,False,,1,1,True,False,0.052695274353027344,1.1500000000000001,1.121918797492981,0.6980860233306885,2.867326259613037
/home/donglei/isaac_projects/isaac_drone_racer/.worktrees/stage1-fake-vio/logs/skrl/stage1_recovery_20260905/2026-09-05_11-37-52/2026-09-05_11-37-57_ppo_torch_stage1_mixed/checkpoints/best_agent.pt,ecf1a26095dfe976a926a1c7c3876aaafb1c80f1dd681f9e9f35bd678864cdf1,150d107225160ac498040fa20d4ccf9e26ec2703,True,fixed_per_environment_quotas_v2,stress,29,107,False,False,,2,0,True,False,-3.1145224571228027,1.05,1.1616337299346924,0.553252637386322,3.17089581489563
/home/donglei/isaac_projects/isaac_drone_racer/.worktrees/stage1-fake-vio/logs/skrl/stage1_recovery_20260905/2026-09-05_11-37-52/2026-09-05_11-37-57_ppo_torch_stage1_mixed/checkpoints/best_agent.pt,ecf1a26095dfe976a926a1c7c3876aaafb1c80f1dd681f9e9f35bd678864cdf1,150d107225160ac498040fa20d4ccf9e26ec2703,True,fixed_per_environment_quotas_v2,stress,29,108,False,False,,4,2,True,False,9.770344734191895,3.31,1.4341742992401123,0.392385870218277,2.9147567749023438
/home/donglei/isaac_projects/isaac_drone_racer/.worktrees/stage1-fake-vio/logs/skrl/stage1_recovery_20260905/2026-09-05_11-37-52/2026-09-05_11-37-57_ppo_torch_stage1_mixed/checkpoints/best_agent.pt,ecf1a26095dfe976a926a1c7c3876aaafb1c80f1dd681f9e9f35bd678864cdf1,150d107225160ac498040fa20d4ccf9e26ec2703,True,fixed_per_environment_quotas_v2,stress,29,109,False,False,,4,0,True,False,-2.623124599456787,1.22,1.3927640914916992,0.5483470559120178,3.0430333614349365
/home/donglei/isaac_projects/isaac_drone_racer/.worktrees/stage1-fake-vio/logs/skrl/stage1_recovery_20260905/2026-09-05_11-37-52/2026-09-05_11-37-57_ppo_torch_stage1_mixed/checkpoints/best_agent.pt,ecf1a26095dfe976a926a1c7c3876aaafb1c80f1dd681f9e9f35bd678864cdf1,150d107225160ac498040fa20d4ccf9e26ec2703,True,fixed_per_environment_quotas_v2,stress,29,110,False,False,,4,1,True,False,-1.0769412517547607,2.74,1.4214718341827393,0.9241387844085693,3.2875888347625732
/home/donglei/isaac_projects/isaac_drone_racer/.worktrees/stage1-fake-vio/logs/skrl/stage1_recovery_20260905/2026-09-05_11-37-52/2026-09-05_11-37-57_ppo_torch_stage1_mixed/checkpoints/best_agent.pt,ecf1a26095dfe976a926a1c7c3876aaafb1c80f1dd681f9e9f35bd678864cdf1,150d107225160ac498040fa20d4ccf9e26ec2703,True,fixed_per_environment_quotas_v2,stress,29,111,False,False,,6,6,True,False,30.644792556762695,6.5,0.8410471081733704,0.347481906414032,2.1710991859436035
/home/donglei/isaac_projects/isaac_drone_racer/.worktrees/stage1-fake-vio/logs/skrl/stage1_recovery_20260905/2026-09-05_11-37-52/2026-09-05_11-37-57_ppo_torch_stage1_mixed/checkpoints/best_agent.pt,ecf1a26095dfe976a926a1c7c3876aaafb1c80f1dd681f9e9f35bd678864cdf1,150d107225160ac498040fa20d4ccf9e26ec2703,True,fixed_per_environment_quotas_v2,stress,29,112,True,True,5.94,,7,False,False,39.00214385986328,5.94,0.9136009216308594,0.312930166721344,2.2788405418395996
/home/donglei/isaac_projects/isaac_drone_racer/.worktrees/stage1-fake-vio/logs/skrl/stage1_recovery_20260905/2026-09-05_11-37-52/2026-09-05_11-37-57_ppo_torch_stage1_mixed/checkpoints/best_agent.pt,ecf1a26095dfe976a926a1c7c3876aaafb1c80f1dd681f9e9f35bd678864cdf1,150d107225160ac498040fa20d4ccf9e26ec2703,True,fixed_per_environment_quotas_v2,stress,29,113,False,False,,6,6,True,False,30.661754608154297,6.47,0.8972833156585693,0.31722554564476013,2.246368169784546
/home/donglei/isaac_projects/isaac_drone_racer/.worktrees/stage1-fake-vio/logs/skrl/stage1_recovery_20260905/2026-09-05_11-37-52/2026-09-05_11-37-57_ppo_torch_stage1_mixed/checkpoints/best_agent.pt,ecf1a26095dfe976a926a1c7c3876aaafb1c80f1dd681f9e9f35bd678864cdf1,150d107225160ac498040fa20d4ccf9e26ec2703,True,fixed_per_environment_quotas_v2,stress,29,114,True,True,6.07,,7,False,False,39.58760452270508,6.07,0.9496586322784424,0.3275865614414215,2.3235790729522705
/home/donglei/isaac_projects/isaac_drone_racer/.worktrees/stage1-fake-vio/logs/skrl/stage1_recovery_20260905/2026-09-05_11-37-52/2026-09-05_11-37-57_ppo_torch_stage1_mixed/checkpoints/best_agent.pt,ecf1a26095dfe976a926a1c7c3876aaafb1c80f1dd681f9e9f35bd678864cdf1,150d107225160ac498040fa20d4ccf9e26ec2703,True,fixed_per_environment_quotas_v2,stress,29,115,True,True,5.21,,7,False,False,38.54319381713867,5.21,0.8159715533256531,0.2756689786911011,2.1228959560394287
/home/donglei/isaac_projects/isaac_drone_racer/.worktrees/stage1-fake-vio/logs/skrl/stage1_recovery_20260905/2026-09-05_11-37-52/2026-09-05_11-37-57_ppo_torch_stage1_mixed/checkpoints/best_agent.pt,ecf1a26095dfe976a926a1c7c3876aaafb1c80f1dd681f9e9f35bd678864cdf1,150d107225160ac498040fa20d4ccf9e26ec2703,True,fixed_per_environment_quotas_v2,stress,29,116,False,False,,2,0,True,False,-3.120095729827881,1.01,1.3072011470794678,0.6510539650917053,3.5013129711151123
/home/donglei/isaac_projects/isaac_drone_racer/.worktrees/stage1-fake-vio/logs/skrl/stage1_recovery_20260905/2026-09-05_11-37-52/2026-09-05_11-37-57_ppo_torch_stage1_mixed/checkpoints/best_agent.pt,ecf1a26095dfe976a926a1c7c3876aaafb1c80f1dd681f9e9f35bd678864cdf1,150d107225160ac498040fa20d4ccf9e26ec2703,True,fixed_per_environment_quotas_v2,stress,29,117,False,False,,6,1,False,True,-2.3978936672210693,3.04,1.224094271659851,1.4391748905181885,2.971850633621216
/home/donglei/isaac_projects/isaac_drone_racer/.worktrees/stage1-fake-vio/logs/skrl/stage1_recovery_20260905/2026-09-05_11-37-52/2026-09-05_11-37-57_ppo_torch_stage1_mixed/checkpoints/best_agent.pt,ecf1a26095dfe976a926a1c7c3876aaafb1c80f1dd681f9e9f35bd678864cdf1,150d107225160ac498040fa20d4ccf9e26ec2703,True,fixed_per_environment_quotas_v2,stress,29,118,True,True,5.78,,7,False,False,38.94589614868164,5.78,0.7608571648597717,0.28977885842323303,2.0455856323242188
/home/donglei/isaac_projects/isaac_drone_racer/.worktrees/stage1-fake-vio/logs/skrl/stage1_recovery_20260905/2026-09-05_11-37-52/2026-09-05_11-37-57_ppo_torch_stage1_mixed/checkpoints/best_agent.pt,ecf1a26095dfe976a926a1c7c3876aaafb1c80f1dd681f9e9f35bd678864cdf1,150d107225160ac498040fa20d4ccf9e26ec2703,True,fixed_per_environment_quotas_v2,stress,29,119,True,True,6.7,,7,False,False,39.873687744140625,6.7,0.8589550256729126,0.3317141830921173,2.2209632396698
/home/donglei/isaac_projects/isaac_drone_racer/.worktrees/stage1-fake-vio/logs/skrl/stage1_recovery_20260905/2026-09-05_11-37-52/2026-09-05_11-37-57_ppo_torch_stage1_mixed/checkpoints/best_agent.pt,ecf1a26095dfe976a926a1c7c3876aaafb1c80f1dd681f9e9f35bd678864cdf1,150d107225160ac498040fa20d4ccf9e26ec2703,True,fixed_per_environment_quotas_v2,stress,29,120,False,False,,6,1,True,False,0.1146245002746582,1.06,0.9328317642211914,0.5325267910957336,2.7234911918640137
/home/donglei/isaac_projects/isaac_drone_racer/.worktrees/stage1-fake-vio/logs/skrl/stage1_recovery_20260905/2026-09-05_11-37-52/2026-09-05_11-37-57_ppo_torch_stage1_mixed/checkpoints/best_agent.pt,ecf1a26095dfe976a926a1c7c3876aaafb1c80f1dd681f9e9f35bd678864cdf1,150d107225160ac498040fa20d4ccf9e26ec2703,True,fixed_per_environment_quotas_v2,stress,29,121,False,False,,2,0,True,False,-3.3105788230895996,0.9500000000000001,1.1444334983825684,0.6485398411750793,2.7115652561187744
/home/donglei/isaac_projects/isaac_drone_racer/.worktrees/stage1-fake-vio/logs/skrl/stage1_recovery_20260905/2026-09-05_11-37-52/2026-09-05_11-37-57_ppo_torch_stage1_mixed/checkpoints/best_agent.pt,ecf1a26095dfe976a926a1c7c3876aaafb1c80f1dd681f9e9f35bd678864cdf1,150d107225160ac498040fa20d4ccf9e26ec2703,True,fixed_per_environment_quotas_v2,stress,29,122,False,False,,6,3,False,True,6.35200834274292,5.99,1.4375535249710083,0.9389887452125549,2.6064672470092773
/home/donglei/isaac_projects/isaac_drone_racer/.worktrees/stage1-fake-vio/logs/skrl/stage1_recovery_20260905/2026-09-05_11-37-52/2026-09-05_11-37-57_ppo_torch_stage1_mixed/checkpoints/best_agent.pt,ecf1a26095dfe976a926a1c7c3876aaafb1c80f1dd681f9e9f35bd678864cdf1,150d107225160ac498040fa20d4ccf9e26ec2703,True,fixed_per_environment_quotas_v2,stress,29,123,True,True,6.3100000000000005,,7,False,False,40.01668930053711,6.3100000000000005,0.8477663993835449,0.2751322388648987,2.041921854019165
/home/donglei/isaac_projects/isaac_drone_racer/.worktrees/stage1-fake-vio/logs/skrl/stage1_recovery_20260905/2026-09-05_11-37-52/2026-09-05_11-37-57_ppo_torch_stage1_mixed/checkpoints/best_agent.pt,ecf1a26095dfe976a926a1c7c3876aaafb1c80f1dd681f9e9f35bd678864cdf1,150d107225160ac498040fa20d4ccf9e26ec2703,True,fixed_per_environment_quotas_v2,stress,29,124,False,False,,3,0,True,False,-4.795102119445801,0.48,0.27902451157569885,0.46098726987838745,1.6341538429260254
/home/donglei/isaac_projects/isaac_drone_racer/.worktrees/stage1-fake-vio/logs/skrl/stage1_recovery_20260905/2026-09-05_11-37-52/2026-09-05_11-37-57_ppo_torch_stage1_mixed/checkpoints/best_agent.pt,ecf1a26095dfe976a926a1c7c3876aaafb1c80f1dd681f9e9f35bd678864cdf1,150d107225160ac498040fa20d4ccf9e26ec2703,True,fixed_per_environment_quotas_v2,stress,29,125,True,True,5.9,,7,False,False,39.89196014404297,5.9,0.8194125294685364,0.26944711804389954,2.102342128753662
/home/donglei/isaac_projects/isaac_drone_racer/.worktrees/stage1-fake-vio/logs/skrl/stage1_recovery_20260905/2026-09-05_11-37-52/2026-09-05_11-37-57_ppo_torch_stage1_mixed/checkpoints/best_agent.pt,ecf1a26095dfe976a926a1c7c3876aaafb1c80f1dd681f9e9f35bd678864cdf1,150d107225160ac498040fa20d4ccf9e26ec2703,True,fixed_per_environment_quotas_v2,stress,29,126,True,True,6.36,,7,False,False,39.646236419677734,6.36,0.949385941028595,0.34173205494880676,2.4012691974639893
/home/donglei/isaac_projects/isaac_drone_racer/.worktrees/stage1-fake-vio/logs/skrl/stage1_recovery_20260905/2026-09-05_11-37-52/2026-09-05_11-37-57_ppo_torch_stage1_mixed/checkpoints/best_agent.pt,ecf1a26095dfe976a926a1c7c3876aaafb1c80f1dd681f9e9f35bd678864cdf1,150d107225160ac498040fa20d4ccf9e26ec2703,True,fixed_per_environment_quotas_v2,stress,29,127,False,False,,1,1,True,False,1.1425127983093262,1.85,0.8475027084350586,0.42418497800827026,2.5193026065826416
/home/donglei/isaac_projects/isaac_drone_racer/.worktrees/stage1-fake-vio/logs/skrl/stage1_recovery_20260905/2026-09-05_11-37-52/2026-09-05_11-37-57_ppo_torch_stage1_mixed/checkpoints/best_agent.pt,ecf1a26095dfe976a926a1c7c3876aaafb1c80f1dd681f9e9f35bd678864cdf1,150d107225160ac498040fa20d4ccf9e26ec2703,True,fixed_per_environment_quotas_v2,stress,47,0,False,False,,6,0,False,True,-5.43186616897583,0.1,0.7765852808952332,0.6031065583229065,1.080525279045105
/home/donglei/isaac_projects/isaac_drone_racer/.worktrees/stage1-fake-vio/logs/skrl/stage1_recovery_20260905/2026-09-05_11-37-52/2026-09-05_11-37-57_ppo_torch_stage1_mixed/checkpoints/best_agent.pt,ecf1a26095dfe976a926a1c7c3876aaafb1c80f1dd681f9e9f35bd678864cdf1,150d107225160ac498040fa20d4ccf9e26ec2703,True,fixed_per_environment_quotas_v2,stress,47,1,False,False,,1,0,True,False,-4.813742160797119,0.14,0.9212411642074585,0.2647160589694977,3.3024885654449463
/home/donglei/isaac_projects/isaac_drone_racer/.worktrees/stage1-fake-vio/logs/skrl/stage1_recovery_20260905/2026-09-05_11-37-52/2026-09-05_11-37-57_ppo_torch_stage1_mixed/checkpoints/best_agent.pt,ecf1a26095dfe976a926a1c7c3876aaafb1c80f1dd681f9e9f35bd678864cdf1,150d107225160ac498040fa20d4ccf9e26ec2703,True,fixed_per_environment_quotas_v2,stress,47,2,False,False,,2,0,True,False,-4.6441826820373535,0.24,1.229050874710083,0.34721481800079346,3.3912529945373535
/home/donglei/isaac_projects/isaac_drone_racer/.worktrees/stage1-fake-vio/logs/skrl/stage1_recovery_20260905/2026-09-05_11-37-52/2026-09-05_11-37-57_ppo_torch_stage1_mixed/checkpoints/best_agent.pt,ecf1a26095dfe976a926a1c7c3876aaafb1c80f1dd681f9e9f35bd678864cdf1,150d107225160ac498040fa20d4ccf9e26ec2703,True,fixed_per_environment_quotas_v2,stress,47,3,False,False,,2,0,True,False,-4.397861003875732,0.26,1.0322030782699585,0.36645185947418213,3.3661272525787354
/home/donglei/isaac_projects/isaac_drone_racer/.worktrees/stage1-fake-vio/logs/skrl/stage1_recovery_20260905/2026-09-05_11-37-52/2026-09-05_11-37-57_ppo_torch_stage1_mixed/checkpoints/best_agent.pt,ecf1a26095dfe976a926a1c7c3876aaafb1c80f1dd681f9e9f35bd678864cdf1,150d107225160ac498040fa20d4ccf9e26ec2703,True,fixed_per_environment_quotas_v2,stress,47,4,False,False,,2,0,True,False,-4.4633402824401855,0.33,0.7707845568656921,0.2217542827129364,2.2217562198638916
/home/donglei/isaac_projects/isaac_drone_racer/.worktrees/stage1-fake-vio/logs/skrl/stage1_recovery_20260905/2026-09-05_11-37-52/2026-09-05_11-37-57_ppo_torch_stage1_mixed/checkpoints/best_agent.pt,ecf1a26095dfe976a926a1c7c3876aaafb1c80f1dd681f9e9f35bd678864cdf1,150d107225160ac498040fa20d4ccf9e26ec2703,True,fixed_per_environment_quotas_v2,stress,47,5,False,False,,4,0,True,False,-4.022071361541748,0.34,1.3862000703811646,0.7420998215675354,2.2558743953704834
/home/donglei/isaac_projects/isaac_drone_racer/.worktrees/stage1-fake-vio/logs/skrl/stage1_recovery_20260905/2026-09-05_11-37-52/2026-09-05_11-37-57_ppo_torch_stage1_mixed/checkpoints/best_agent.pt,ecf1a26095dfe976a926a1c7c3876aaafb1c80f1dd681f9e9f35bd678864cdf1,150d107225160ac498040fa20d4ccf9e26ec2703,True,fixed_per_environment_quotas_v2,stress,47,6,False,False,,2,0,True,False,-4.271368980407715,0.37,1.0051931142807007,0.28378745913505554,2.671994686126709
/home/donglei/isaac_projects/isaac_drone_racer/.worktrees/stage1-fake-vio/logs/skrl/stage1_recovery_20260905/2026-09-05_11-37-52/2026-09-05_11-37-57_ppo_torch_stage1_mixed/checkpoints/best_agent.pt,ecf1a26095dfe976a926a1c7c3876aaafb1c80f1dd681f9e9f35bd678864cdf1,150d107225160ac498040fa20d4ccf9e26ec2703,True,fixed_per_environment_quotas_v2,stress,47,7,False,False,,1,0,True,False,-4.762417793273926,0.38,0.3983500599861145,0.2704678177833557,2.1137540340423584
/home/donglei/isaac_projects/isaac_drone_racer/.worktrees/stage1-fake-vio/logs/skrl/stage1_recovery_20260905/2026-09-05_11-37-52/2026-09-05_11-37-57_ppo_torch_stage1_mixed/checkpoints/best_agent.pt,ecf1a26095dfe976a926a1c7c3876aaafb1c80f1dd681f9e9f35bd678864cdf1,150d107225160ac498040fa20d4ccf9e26ec2703,True,fixed_per_environment_quotas_v2,stress,47,8,False,False,,4,0,True,False,-3.96146559715271,0.41000000000000003,0.9712099432945251,0.463096022605896,2.482632637023926
/home/donglei/isaac_projects/isaac_drone_racer/.worktrees/stage1-fake-vio/logs/skrl/stage1_recovery_20260905/2026-09-05_11-37-52/2026-09-05_11-37-57_ppo_torch_stage1_mixed/checkpoints/best_agent.pt,ecf1a26095dfe976a926a1c7c3876aaafb1c80f1dd681f9e9f35bd678864cdf1,150d107225160ac498040fa20d4ccf9e26ec2703,True,fixed_per_environment_quotas_v2,stress,47,9,False,False,,6,0,True,False,-3.6260838508605957,0.49,0.9997652769088745,0.44110381603240967,1.77446448802948
/home/donglei/isaac_projects/isaac_drone_racer/.worktrees/stage1-fake-vio/logs/skrl/stage1_recovery_20260905/2026-09-05_11-37-52/2026-09-05_11-37-57_ppo_torch_stage1_mixed/checkpoints/best_agent.pt,ecf1a26095dfe976a926a1c7c3876aaafb1c80f1dd681f9e9f35bd678864cdf1,150d107225160ac498040fa20d4ccf9e26ec2703,True,fixed_per_environment_quotas_v2,stress,47,10,False,False,,6,0,True,False,-3.6404659748077393,0.5,1.5384031534194946,0.6981807351112366,2.24118709564209
/home/donglei/isaac_projects/isaac_drone_racer/.worktrees/stage1-fake-vio/logs/skrl/stage1_recovery_20260905/2026-09-05_11-37-52/2026-09-05_11-37-57_ppo_torch_stage1_mixed/checkpoints/best_agent.pt,ecf1a26095dfe976a926a1c7c3876aaafb1c80f1dd681f9e9f35bd678864cdf1,150d107225160ac498040fa20d4ccf9e26ec2703,True,fixed_per_environment_quotas_v2,stress,47,11,False,False,,2,0,True,False,-3.6214346885681152,0.51,1.4684453010559082,0.5267118811607361,2.207688093185425
/home/donglei/isaac_projects/isaac_drone_racer/.worktrees/stage1-fake-vio/logs/skrl/stage1_recovery_20260905/2026-09-05_11-37-52/2026-09-05_11-37-57_ppo_torch_stage1_mixed/checkpoints/best_agent.pt,ecf1a26095dfe976a926a1c7c3876aaafb1c80f1dd681f9e9f35bd678864cdf1,150d107225160ac498040fa20d4ccf9e26ec2703,True,fixed_per_environment_quotas_v2,stress,47,12,False,False,,6,0,True,False,-4.003602504730225,0.52,1.1399919986724854,0.3287844955921173,3.389658212661743
/home/donglei/isaac_projects/isaac_drone_racer/.worktrees/stage1-fake-vio/logs/skrl/stage1_recovery_20260905/2026-09-05_11-37-52/2026-09-05_11-37-57_ppo_torch_stage1_mixed/checkpoints/best_agent.pt,ecf1a26095dfe976a926a1c7c3876aaafb1c80f1dd681f9e9f35bd678864cdf1,150d107225160ac498040fa20d4ccf9e26ec2703,True,fixed_per_environment_quotas_v2,stress,47,13,False,False,,6,0,True,False,-3.8511857986450195,0.54,1.1076518297195435,0.2150653600692749,3.6518054008483887
/home/donglei/isaac_projects/isaac_drone_racer/.worktrees/stage1-fake-vio/logs/skrl/stage1_recovery_20260905/2026-09-05_11-37-52/2026-09-05_11-37-57_ppo_torch_stage1_mixed/checkpoints/best_agent.pt,ecf1a26095dfe976a926a1c7c3876aaafb1c80f1dd681f9e9f35bd678864cdf1,150d107225160ac498040fa20d4ccf9e26ec2703,True,fixed_per_environment_quotas_v2,stress,47,14,False,False,,4,0,True,False,-3.8080410957336426,0.59,0.771701455116272,0.34913745522499084,1.8088676929473877
/home/donglei/isaac_projects/isaac_drone_racer/.worktrees/stage1-fake-vio/logs/skrl/stage1_recovery_20260905/2026-09-05_11-37-52/2026-09-05_11-37-57_ppo_torch_stage1_mixed/checkpoints/best_agent.pt,ecf1a26095dfe976a926a1c7c3876aaafb1c80f1dd681f9e9f35bd678864cdf1,150d107225160ac498040fa20d4ccf9e26ec2703,True,fixed_per_environment_quotas_v2,stress,47,15,False,False,,7,1,True,False,-0.12633991241455078,0.61,2.2244603633880615,0.6221166849136353,5.968569755554199
/home/donglei/isaac_projects/isaac_drone_racer/.worktrees/stage1-fake-vio/logs/skrl/stage1_recovery_20260905/2026-09-05_11-37-52/2026-09-05_11-37-57_ppo_torch_stage1_mixed/checkpoints/best_agent.pt,ecf1a26095dfe976a926a1c7c3876aaafb1c80f1dd681f9e9f35bd678864cdf1,150d107225160ac498040fa20d4ccf9e26ec2703,True,fixed_per_environment_quotas_v2,stress,47,16,False,False,,3,0,True,False,-3.3890368938446045,0.66,2.721491575241089,0.6362961530685425,3.5566887855529785
/home/donglei/isaac_projects/isaac_drone_racer/.worktrees/stage1-fake-vio/logs/skrl/stage1_recovery_20260905/2026-09-05_11-37-52/2026-09-05_11-37-57_ppo_torch_stage1_mixed/checkpoints/best_agent.pt,ecf1a26095dfe976a926a1c7c3876aaafb1c80f1dd681f9e9f35bd678864cdf1,150d107225160ac498040fa20d4ccf9e26ec2703,True,fixed_per_environment_quotas_v2,stress,47,17,False,False,,6,0,True,False,-3.465101957321167,0.67,1.1971749067306519,0.6027781963348389,2.4198436737060547
/home/donglei/isaac_projects/isaac_drone_racer/.worktrees/stage1-fake-vio/logs/skrl/stage1_recovery_20260905/2026-09-05_11-37-52/2026-09-05_11-37-57_ppo_torch_stage1_mixed/checkpoints/best_agent.pt,ecf1a26095dfe976a926a1c7c3876aaafb1c80f1dd681f9e9f35bd678864cdf1,150d107225160ac498040fa20d4ccf9e26ec2703,True,fixed_per_environment_quotas_v2,stress,47,18,False,False,,6,0,True,False,-3.306171178817749,0.79,1.556604027748108,0.5791542530059814,3.9541170597076416
/home/donglei/isaac_projects/isaac_drone_racer/.worktrees/stage1-fake-vio/logs/skrl/stage1_recovery_20260905/2026-09-05_11-37-52/2026-09-05_11-37-57_ppo_torch_stage1_mixed/checkpoints/best_agent.pt,ecf1a26095dfe976a926a1c7c3876aaafb1c80f1dd681f9e9f35bd678864cdf1,150d107225160ac498040fa20d4ccf9e26ec2703,True,fixed_per_environment_quotas_v2,stress,47,19,False,False,,6,0,True,False,-3.1912245750427246,0.79,1.4524348974227905,0.6553582549095154,2.9459118843078613
/home/donglei/isaac_projects/isaac_drone_racer/.worktrees/stage1-fake-vio/logs/skrl/stage1_recovery_20260905/2026-09-05_11-37-52/2026-09-05_11-37-57_ppo_torch_stage1_mixed/checkpoints/best_agent.pt,ecf1a26095dfe976a926a1c7c3876aaafb1c80f1dd681f9e9f35bd678864cdf1,150d107225160ac498040fa20d4ccf9e26ec2703,True,fixed_per_environment_quotas_v2,stress,47,20,False,False,,6,0,True,False,-3.0230908393859863,0.8300000000000001,1.3213189840316772,0.6716292500495911,2.7807512283325195
/home/donglei/isaac_projects/isaac_drone_racer/.worktrees/stage1-fake-vio/logs/skrl/stage1_recovery_20260905/2026-09-05_11-37-52/2026-09-05_11-37-57_ppo_torch_stage1_mixed/checkpoints/best_agent.pt,ecf1a26095dfe976a926a1c7c3876aaafb1c80f1dd681f9e9f35bd678864cdf1,150d107225160ac498040fa20d4ccf9e26ec2703,True,fixed_per_environment_quotas_v2,stress,47,21,False,False,,6,0,True,False,-3.675112009048462,0.89,0.7066616415977478,0.4937463402748108,2.1386866569519043
/home/donglei/isaac_projects/isaac_drone_racer/.worktrees/stage1-fake-vio/logs/skrl/stage1_recovery_20260905/2026-09-05_11-37-52/2026-09-05_11-37-57_ppo_torch_stage1_mixed/checkpoints/best_agent.pt,ecf1a26095dfe976a926a1c7c3876aaafb1c80f1dd681f9e9f35bd678864cdf1,150d107225160ac498040fa20d4ccf9e26ec2703,True,fixed_per_environment_quotas_v2,stress,47,22,False,False,,4,0,False,True,-7.037771701812744,0.92,1.0263724327087402,2.286201000213623,1.3396509885787964
/home/donglei/isaac_projects/isaac_drone_racer/.worktrees/stage1-fake-vio/logs/skrl/stage1_recovery_20260905/2026-09-05_11-37-52/2026-09-05_11-37-57_ppo_torch_stage1_mixed/checkpoints/best_agent.pt,ecf1a26095dfe976a926a1c7c3876aaafb1c80f1dd681f9e9f35bd678864cdf1,150d107225160ac498040fa20d4ccf9e26ec2703,True,fixed_per_environment_quotas_v2,stress,47,23,False,False,,3,0,True,False,-3.1553053855895996,0.92,1.3833234310150146,0.5375294089317322,2.9560329914093018
/home/donglei/isaac_projects/isaac_drone_racer/.worktrees/stage1-fake-vio/logs/skrl/stage1_recovery_20260905/2026-09-05_11-37-52/2026-09-05_11-37-57_ppo_torch_stage1_mixed/checkpoints/best_agent.pt,ecf1a26095dfe976a926a1c7c3876aaafb1c80f1dd681f9e9f35bd678864cdf1,150d107225160ac498040fa20d4ccf9e26ec2703,True,fixed_per_environment_quotas_v2,stress,47,24,False,False,,2,0,False,True,-10.97037124633789,1.08,2.115398406982422,1.7906503677368164,2.659945487976074
/home/donglei/isaac_projects/isaac_drone_racer/.worktrees/stage1-fake-vio/logs/skrl/stage1_recovery_20260905/2026-09-05_11-37-52/2026-09-05_11-37-57_ppo_torch_stage1_mixed/checkpoints/best_agent.pt,ecf1a26095dfe976a926a1c7c3876aaafb1c80f1dd681f9e9f35bd678864cdf1,150d107225160ac498040fa20d4ccf9e26ec2703,True,fixed_per_environment_quotas_v2,stress,47,25,False,False,,4,0,True,False,-8.959357261657715,1.1300000000000001,0.7336699962615967,0.7690079808235168,3.321317672729492
/home/donglei/isaac_projects/isaac_drone_racer/.worktrees/stage1-fake-vio/logs/skrl/stage1_recovery_20260905/2026-09-05_11-37-52/2026-09-05_11-37-57_ppo_torch_stage1_mixed/checkpoints/best_agent.pt,ecf1a26095dfe976a926a1c7c3876aaafb1c80f1dd681f9e9f35bd678864cdf1,150d107225160ac498040fa20d4ccf9e26ec2703,True,fixed_per_environment_quotas_v2,stress,47,26,False,False,,1,1,True,False,0.7727875709533691,1.2,1.501630187034607,0.5973833203315735,7.478598594665527
/home/donglei/isaac_projects/isaac_drone_racer/.worktrees/stage1-fake-vio/logs/skrl/stage1_recovery_20260905/2026-09-05_11-37-52/2026-09-05_11-37-57_ppo_torch_stage1_mixed/checkpoints/best_agent.pt,ecf1a26095dfe976a926a1c7c3876aaafb1c80f1dd681f9e9f35bd678864cdf1,150d107225160ac498040fa20d4ccf9e26ec2703,True,fixed_per_environment_quotas_v2,stress,47,27,False,False,,1,1,True,False,-0.5174970626831055,1.23,1.0305514335632324,1.2819017171859741,3.1831634044647217
/home/donglei/isaac_projects/isaac_drone_racer/.worktrees/stage1-fake-vio/logs/skrl/stage1_recovery_20260905/2026-09-05_11-37-52/2026-09-05_11-37-57_ppo_torch_stage1_mixed/checkpoints/best_agent.pt,ecf1a26095dfe976a926a1c7c3876aaafb1c80f1dd681f9e9f35bd678864cdf1,150d107225160ac498040fa20d4ccf9e26ec2703,True,fixed_per_environment_quotas_v2,stress,47,28,False,False,,2,0,True,False,-3.3247289657592773,0.97,1.1264002323150635,0.5377398133277893,2.481106758117676
/home/donglei/isaac_projects/isaac_drone_racer/.worktrees/stage1-fake-vio/logs/skrl/stage1_recovery_20260905/2026-09-05_11-37-52/2026-09-05_11-37-57_ppo_torch_stage1_mixed/checkpoints/best_agent.pt,ecf1a26095dfe976a926a1c7c3876aaafb1c80f1dd681f9e9f35bd678864cdf1,150d107225160ac498040fa20d4ccf9e26ec2703,True,fixed_per_environment_quotas_v2,stress,47,29,False,False,,5,1,True,False,1.3856749534606934,1.4000000000000001,2.0026333332061768,0.9351944923400879,3.4852147102355957
/home/donglei/isaac_projects/isaac_drone_racer/.worktrees/stage1-fake-vio/logs/skrl/stage1_recovery_20260905/2026-09-05_11-37-52/2026-09-05_11-37-57_ppo_torch_stage1_mixed/checkpoints/best_agent.pt,ecf1a26095dfe976a926a1c7c3876aaafb1c80f1dd681f9e9f35bd678864cdf1,150d107225160ac498040fa20d4ccf9e26ec2703,True,fixed_per_environment_quotas_v2,stress,47,30,False,False,,6,0,True,False,-3.268611431121826,0.99,1.3803902864456177,0.6614525318145752,3.090594530105591
/home/donglei/isaac_projects/isaac_drone_racer/.worktrees/stage1-fake-vio/logs/skrl/stage1_recovery_20260905/2026-09-05_11-37-52/2026-09-05_11-37-57_ppo_torch_stage1_mixed/checkpoints/best_agent.pt,ecf1a26095dfe976a926a1c7c3876aaafb1c80f1dd681f9e9f35bd678864cdf1,150d107225160ac498040fa20d4ccf9e26ec2703,True,fixed_per_environment_quotas_v2,stress,47,31,False,False,,2,0,True,False,-3.211272716522217,1.02,0.9982482194900513,0.4973137080669403,2.41048002243042
/home/donglei/isaac_projects/isaac_drone_racer/.worktrees/stage1-fake-vio/logs/skrl/stage1_recovery_20260905/2026-09-05_11-37-52/2026-09-05_11-37-57_ppo_torch_stage1_mixed/checkpoints/best_agent.pt,ecf1a26095dfe976a926a1c7c3876aaafb1c80f1dd681f9e9f35bd678864cdf1,150d107225160ac498040fa20d4ccf9e26ec2703,True,fixed_per_environment_quotas_v2,stress,47,32,False,False,,4,0,True,False,-7.415643692016602,1.53,1.9146114587783813,0.6672974824905396,4.764587879180908
/home/donglei/isaac_projects/isaac_drone_racer/.worktrees/stage1-fake-vio/logs/skrl/stage1_recovery_20260905/2026-09-05_11-37-52/2026-09-05_11-37-57_ppo_torch_stage1_mixed/checkpoints/best_agent.pt,ecf1a26095dfe976a926a1c7c3876aaafb1c80f1dd681f9e9f35bd678864cdf1,150d107225160ac498040fa20d4ccf9e26ec2703,True,fixed_per_environment_quotas_v2,stress,47,33,False,False,,6,0,True,False,-3.032381534576416,1.34,1.0216177701950073,0.6600327491760254,3.0313284397125244
/home/donglei/isaac_projects/isaac_drone_racer/.worktrees/stage1-fake-vio/logs/skrl/stage1_recovery_20260905/2026-09-05_11-37-52/2026-09-05_11-37-57_ppo_torch_stage1_mixed/checkpoints/best_agent.pt,ecf1a26095dfe976a926a1c7c3876aaafb1c80f1dd681f9e9f35bd678864cdf1,150d107225160ac498040fa20d4ccf9e26ec2703,True,fixed_per_environment_quotas_v2,stress,47,34,False,False,,2,0,True,False,-9.241270065307617,1.67,0.8542945384979248,0.4033890962600708,2.6689443588256836
/home/donglei/isaac_projects/isaac_drone_racer/.worktrees/stage1-fake-vio/logs/skrl/stage1_recovery_20260905/2026-09-05_11-37-52/2026-09-05_11-37-57_ppo_torch_stage1_mixed/checkpoints/best_agent.pt,ecf1a26095dfe976a926a1c7c3876aaafb1c80f1dd681f9e9f35bd678864cdf1,150d107225160ac498040fa20d4ccf9e26ec2703,True,fixed_per_environment_quotas_v2,stress,47,35,False,False,,4,0,True,False,-2.165821075439453,1.19,1.2556227445602417,0.43198373913764954,2.2431411743164062
/home/donglei/isaac_projects/isaac_drone_racer/.worktrees/stage1-fake-vio/logs/skrl/stage1_recovery_20260905/2026-09-05_11-37-52/2026-09-05_11-37-57_ppo_torch_stage1_mixed/checkpoints/best_agent.pt,ecf1a26095dfe976a926a1c7c3876aaafb1c80f1dd681f9e9f35bd678864cdf1,150d107225160ac498040fa20d4ccf9e26ec2703,True,fixed_per_environment_quotas_v2,stress,47,36,False,False,,6,2,True,False,5.97245454788208,1.71,0.8753111362457275,0.32356226444244385,2.3628487586975098
/home/donglei/isaac_projects/isaac_drone_racer/.worktrees/stage1-fake-vio/logs/skrl/stage1_recovery_20260905/2026-09-05_11-37-52/2026-09-05_11-37-57_ppo_torch_stage1_mixed/checkpoints/best_agent.pt,ecf1a26095dfe976a926a1c7c3876aaafb1c80f1dd681f9e9f35bd678864cdf1,150d107225160ac498040fa20d4ccf9e26ec2703,True,fixed_per_environment_quotas_v2,stress,47,37,False,False,,6,0,True,False,-3.146214485168457,1.04,0.8531346917152405,0.3802131712436676,2.2248592376708984
/home/donglei/isaac_projects/isaac_drone_racer/.worktrees/stage1-fake-vio/logs/skrl/stage1_recovery_20260905/2026-09-05_11-37-52/2026-09-05_11-37-57_ppo_torch_stage1_mixed/checkpoints/best_agent.pt,ecf1a26095dfe976a926a1c7c3876aaafb1c80f1dd681f9e9f35bd678864cdf1,150d107225160ac498040fa20d4ccf9e26ec2703,True,fixed_per_environment_quotas_v2,stress,47,38,False,False,,3,0,True,False,-8.156822204589844,1.42,1.881380319595337,1.1137298345565796,3.403785228729248
/home/donglei/isaac_projects/isaac_drone_racer/.worktrees/stage1-fake-vio/logs/skrl/stage1_recovery_20260905/2026-09-05_11-37-52/2026-09-05_11-37-57_ppo_torch_stage1_mixed/checkpoints/best_agent.pt,ecf1a26095dfe976a926a1c7c3876aaafb1c80f1dd681f9e9f35bd678864cdf1,150d107225160ac498040fa20d4ccf9e26ec2703,True,fixed_per_environment_quotas_v2,stress,47,39,False,False,,2,2,True,False,6.147077560424805,1.8,1.1450860500335693,0.46653351187705994,3.208151340484619
/home/donglei/isaac_projects/isaac_drone_racer/.worktrees/stage1-fake-vio/logs/skrl/stage1_recovery_20260905/2026-09-05_11-37-52/2026-09-05_11-37-57_ppo_torch_stage1_mixed/checkpoints/best_agent.pt,ecf1a26095dfe976a926a1c7c3876aaafb1c80f1dd681f9e9f35bd678864cdf1,150d107225160ac498040fa20d4ccf9e26ec2703,True,fixed_per_environment_quotas_v2,stress,47,40,False,False,,6,1,True,False,1.4428348541259766,1.7,1.097607135772705,0.4694071412086487,3.2048885822296143
/home/donglei/isaac_projects/isaac_drone_racer/.worktrees/stage1-fake-vio/logs/skrl/stage1_recovery_20260905/2026-09-05_11-37-52/2026-09-05_11-37-57_ppo_torch_stage1_mixed/checkpoints/best_agent.pt,ecf1a26095dfe976a926a1c7c3876aaafb1c80f1dd681f9e9f35bd678864cdf1,150d107225160ac498040fa20d4ccf9e26ec2703,True,fixed_per_environment_quotas_v2,stress,47,41,False,False,,4,0,True,False,-2.335193157196045,1.31,0.9899787306785583,0.4099453091621399,2.45625901222229
/home/donglei/isaac_projects/isaac_drone_racer/.worktrees/stage1-fake-vio/logs/skrl/stage1_recovery_20260905/2026-09-05_11-37-52/2026-09-05_11-37-57_ppo_torch_stage1_mixed/checkpoints/best_agent.pt,ecf1a26095dfe976a926a1c7c3876aaafb1c80f1dd681f9e9f35bd678864cdf1,150d107225160ac498040fa20d4ccf9e26ec2703,True,fixed_per_environment_quotas_v2,stress,47,42,False,False,,4,0,True,False,-2.4143528938293457,1.27,1.1759757995605469,0.4611036777496338,2.7498950958251953
/home/donglei/isaac_projects/isaac_drone_racer/.worktrees/stage1-fake-vio/logs/skrl/stage1_recovery_20260905/2026-09-05_11-37-52/2026-09-05_11-37-57_ppo_torch_stage1_mixed/checkpoints/best_agent.pt,ecf1a26095dfe976a926a1c7c3876aaafb1c80f1dd681f9e9f35bd678864cdf1,150d107225160ac498040fa20d4ccf9e26ec2703,True,fixed_per_environment_quotas_v2,stress,47,43,False,False,,2,2,True,False,5.875617504119873,1.9100000000000001,0.8646255731582642,0.32751569151878357,4.0952863693237305
/home/donglei/isaac_projects/isaac_drone_racer/.worktrees/stage1-fake-vio/logs/skrl/stage1_recovery_20260905/2026-09-05_11-37-52/2026-09-05_11-37-57_ppo_torch_stage1_mixed/checkpoints/best_agent.pt,ecf1a26095dfe976a926a1c7c3876aaafb1c80f1dd681f9e9f35bd678864cdf1,150d107225160ac498040fa20d4ccf9e26ec2703,True,fixed_per_environment_quotas_v2,stress,47,44,False,False,,1,0,True,False,-8.37179183959961,1.34,0.7187166810035706,0.6005717515945435,2.879070520401001
/home/donglei/isaac_projects/isaac_drone_racer/.worktrees/stage1-fake-vio/logs/skrl/stage1_recovery_20260905/2026-09-05_11-37-52/2026-09-05_11-37-57_ppo_torch_stage1_mixed/checkpoints/best_agent.pt,ecf1a26095dfe976a926a1c7c3876aaafb1c80f1dd681f9e9f35bd678864cdf1,150d107225160ac498040fa20d4ccf9e26ec2703,True,fixed_per_environment_quotas_v2,stress,47,45,False,False,,1,2,True,False,6.1300811767578125,2.05,1.0905694961547852,0.4566904902458191,2.938204288482666
/home/donglei/isaac_projects/isaac_drone_racer/.worktrees/stage1-fake-vio/logs/skrl/stage1_recovery_20260905/2026-09-05_11-37-52/2026-09-05_11-37-57_ppo_torch_stage1_mixed/checkpoints/best_agent.pt,ecf1a26095dfe976a926a1c7c3876aaafb1c80f1dd681f9e9f35bd678864cdf1,150d107225160ac498040fa20d4ccf9e26ec2703,True,fixed_per_environment_quotas_v2,stress,47,46,False,False,,6,1,True,False,1.565359115600586,1.73,0.9783320426940918,0.3858156204223633,2.6068174839019775
/home/donglei/isaac_projects/isaac_drone_racer/.worktrees/stage1-fake-vio/logs/skrl/stage1_recovery_20260905/2026-09-05_11-37-52/2026-09-05_11-37-57_ppo_torch_stage1_mixed/checkpoints/best_agent.pt,ecf1a26095dfe976a926a1c7c3876aaafb1c80f1dd681f9e9f35bd678864cdf1,150d107225160ac498040fa20d4ccf9e26ec2703,True,fixed_per_environment_quotas_v2,stress,47,47,False,False,,2,3,True,False,10.281320571899414,2.1,0.9819158315658569,0.42554253339767456,2.9918105602264404
/home/donglei/isaac_projects/isaac_drone_racer/.worktrees/stage1-fake-vio/logs/skrl/stage1_recovery_20260905/2026-09-05_11-37-52/2026-09-05_11-37-57_ppo_torch_stage1_mixed/checkpoints/best_agent.pt,ecf1a26095dfe976a926a1c7c3876aaafb1c80f1dd681f9e9f35bd678864cdf1,150d107225160ac498040fa20d4ccf9e26ec2703,True,fixed_per_environment_quotas_v2,stress,47,48,False,False,,4,0,True,False,-2.3671302795410156,1.18,1.1575881242752075,0.4752352833747864,2.409989595413208
/home/donglei/isaac_projects/isaac_drone_racer/.worktrees/stage1-fake-vio/logs/skrl/stage1_recovery_20260905/2026-09-05_11-37-52/2026-09-05_11-37-57_ppo_torch_stage1_mixed/checkpoints/best_agent.pt,ecf1a26095dfe976a926a1c7c3876aaafb1c80f1dd681f9e9f35bd678864cdf1,150d107225160ac498040fa20d4ccf9e26ec2703,True,fixed_per_environment_quotas_v2,stress,47,49,False,False,,2,1,True,False,0.1309189796447754,1.6400000000000001,0.6969959735870361,1.1886011362075806,2.988595485687256
/home/donglei/isaac_projects/isaac_drone_racer/.worktrees/stage1-fake-vio/logs/skrl/stage1_recovery_20260905/2026-09-05_11-37-52/2026-09-05_11-37-57_ppo_torch_stage1_mixed/checkpoints/best_agent.pt,ecf1a26095dfe976a926a1c7c3876aaafb1c80f1dd681f9e9f35bd678864cdf1,150d107225160ac498040fa20d4ccf9e26ec2703,True,fixed_per_environment_quotas_v2,stress,47,50,False,False,,4,0,True,False,-2.4209177494049072,1.43,1.4370806217193604,0.8032315373420715,3.9522793292999268
/home/donglei/isaac_projects/isaac_drone_racer/.worktrees/stage1-fake-vio/logs/skrl/stage1_recovery_20260905/2026-09-05_11-37-52/2026-09-05_11-37-57_ppo_torch_stage1_mixed/checkpoints/best_agent.pt,ecf1a26095dfe976a926a1c7c3876aaafb1c80f1dd681f9e9f35bd678864cdf1,150d107225160ac498040fa20d4ccf9e26ec2703,True,fixed_per_environment_quotas_v2,stress,47,51,False,False,,1,0,True,False,-4.311129570007324,1.12,0.7098016738891602,0.6013965606689453,2.8956828117370605
/home/donglei/isaac_projects/isaac_drone_racer/.worktrees/stage1-fake-vio/logs/skrl/stage1_recovery_20260905/2026-09-05_11-37-52/2026-09-05_11-37-57_ppo_torch_stage1_mixed/checkpoints/best_agent.pt,ecf1a26095dfe976a926a1c7c3876aaafb1c80f1dd681f9e9f35bd678864cdf1,150d107225160ac498040fa20d4ccf9e26ec2703,True,fixed_per_environment_quotas_v2,stress,47,52,False,False,,6,0,True,False,-3.2076644897460938,1.1,0.7680248022079468,0.4809853732585907,2.1351287364959717
/home/donglei/isaac_projects/isaac_drone_racer/.worktrees/stage1-fake-vio/logs/skrl/stage1_recovery_20260905/2026-09-05_11-37-52/2026-09-05_11-37-57_ppo_torch_stage1_mixed/checkpoints/best_agent.pt,ecf1a26095dfe976a926a1c7c3876aaafb1c80f1dd681f9e9f35bd678864cdf1,150d107225160ac498040fa20d4ccf9e26ec2703,True,fixed_per_environment_quotas_v2,stress,47,53,False,False,,2,2,True,False,7.20579719543457,2.42,1.131273865699768,0.4160900115966797,3.1898889541625977
/home/donglei/isaac_projects/isaac_drone_racer/.worktrees/stage1-fake-vio/logs/skrl/stage1_recovery_20260905/2026-09-05_11-37-52/2026-09-05_11-37-57_ppo_torch_stage1_mixed/checkpoints/best_agent.pt,ecf1a26095dfe976a926a1c7c3876aaafb1c80f1dd681f9e9f35bd678864cdf1,150d107225160ac498040fa20d4ccf9e26ec2703,True,fixed_per_environment_quotas_v2,stress,47,54,False,False,,3,0,True,False,-4.253332138061523,0.9,0.7455954551696777,1.5905367136001587,2.1384310722351074
/home/donglei/isaac_projects/isaac_drone_racer/.worktrees/stage1-fake-vio/logs/skrl/stage1_recovery_20260905/2026-09-05_11-37-52/2026-09-05_11-37-57_ppo_torch_stage1_mixed/checkpoints/best_agent.pt,ecf1a26095dfe976a926a1c7c3876aaafb1c80f1dd681f9e9f35bd678864cdf1,150d107225160ac498040fa20d4ccf9e26ec2703,True,fixed_per_environment_quotas_v2,stress,47,55,False,False,,1,0,True,False,-6.1821160316467285,2.08,1.5156928300857544,1.791326880455017,3.0441431999206543
/home/donglei/isaac_projects/isaac_drone_racer/.worktrees/stage1-fake-vio/logs/skrl/stage1_recovery_20260905/2026-09-05_11-37-52/2026-09-05_11-37-57_ppo_torch_stage1_mixed/checkpoints/best_agent.pt,ecf1a26095dfe976a926a1c7c3876aaafb1c80f1dd681f9e9f35bd678864cdf1,150d107225160ac498040fa20d4ccf9e26ec2703,True,fixed_per_environment_quotas_v2,stress,47,56,False,False,,7,2,True,False,6.7266459465026855,2.5,1.1413542032241821,0.42475953698158264,2.9964077472686768
/home/donglei/isaac_projects/isaac_drone_racer/.worktrees/stage1-fake-vio/logs/skrl/stage1_recovery_20260905/2026-09-05_11-37-52/2026-09-05_11-37-57_ppo_torch_stage1_mixed/checkpoints/best_agent.pt,ecf1a26095dfe976a926a1c7c3876aaafb1c80f1dd681f9e9f35bd678864cdf1,150d107225160ac498040fa20d4ccf9e26ec2703,True,fixed_per_environment_quotas_v2,stress,47,57,False,False,,4,2,True,False,7.965024471282959,2.52,1.1831917762756348,1.320968508720398,2.2630388736724854
/home/donglei/isaac_projects/isaac_drone_racer/.worktrees/stage1-fake-vio/logs/skrl/stage1_recovery_20260905/2026-09-05_11-37-52/2026-09-05_11-37-57_ppo_torch_stage1_mixed/checkpoints/best_agent.pt,ecf1a26095dfe976a926a1c7c3876aaafb1c80f1dd681f9e9f35bd678864cdf1,150d107225160ac498040fa20d4ccf9e26ec2703,True,fixed_per_environment_quotas_v2,stress,47,58,False,False,,3,2,True,False,4.438924312591553,2.57,1.5330928564071655,0.890775740146637,2.857644557952881
/home/donglei/isaac_projects/isaac_drone_racer/.worktrees/stage1-fake-vio/logs/skrl/stage1_recovery_20260905/2026-09-05_11-37-52/2026-09-05_11-37-57_ppo_torch_stage1_mixed/checkpoints/best_agent.pt,ecf1a26095dfe976a926a1c7c3876aaafb1c80f1dd681f9e9f35bd678864cdf1,150d107225160ac498040fa20d4ccf9e26ec2703,True,fixed_per_environment_quotas_v2,stress,47,59,False,False,,4,1,True,False,3.8974132537841797,2.34,0.9842240810394287,0.3064696192741394,1.8845964670181274
/home/donglei/isaac_projects/isaac_drone_racer/.worktrees/stage1-fake-vio/logs/skrl/stage1_recovery_20260905/2026-09-05_11-37-52/2026-09-05_11-37-57_ppo_torch_stage1_mixed/checkpoints/best_agent.pt,ecf1a26095dfe976a926a1c7c3876aaafb1c80f1dd681f9e9f35bd678864cdf1,150d107225160ac498040fa20d4ccf9e26ec2703,True,fixed_per_environment_quotas_v2,stress,47,60,False,False,,6,1,True,False,-0.45238399505615234,0.93,0.4260578453540802,0.7818364500999451,2.71100115776062
/home/donglei/isaac_projects/isaac_drone_racer/.worktrees/stage1-fake-vio/logs/skrl/stage1_recovery_20260905/2026-09-05_11-37-52/2026-09-05_11-37-57_ppo_torch_stage1_mixed/checkpoints/best_agent.pt,ecf1a26095dfe976a926a1c7c3876aaafb1c80f1dd681f9e9f35bd678864cdf1,150d107225160ac498040fa20d4ccf9e26ec2703,True,fixed_per_environment_quotas_v2,stress,47,61,False,False,,4,1,True,False,2.8960041999816895,2.72,1.1829426288604736,1.1982054710388184,3.176027536392212
/home/donglei/isaac_projects/isaac_drone_racer/.worktrees/stage1-fake-vio/logs/skrl/stage1_recovery_20260905/2026-09-05_11-37-52/2026-09-05_11-37-57_ppo_torch_stage1_mixed/checkpoints/best_agent.pt,ecf1a26095dfe976a926a1c7c3876aaafb1c80f1dd681f9e9f35bd678864cdf1,150d107225160ac498040fa20d4ccf9e26ec2703,True,fixed_per_environment_quotas_v2,stress,47,62,False,False,,4,1,True,False,3.905945301055908,2.4,1.1447759866714478,0.3783677816390991,2.3593428134918213
/home/donglei/isaac_projects/isaac_drone_racer/.worktrees/stage1-fake-vio/logs/skrl/stage1_recovery_20260905/2026-09-05_11-37-52/2026-09-05_11-37-57_ppo_torch_stage1_mixed/checkpoints/best_agent.pt,ecf1a26095dfe976a926a1c7c3876aaafb1c80f1dd681f9e9f35bd678864cdf1,150d107225160ac498040fa20d4ccf9e26ec2703,True,fixed_per_environment_quotas_v2,stress,47,63,False,False,,2,3,True,False,12.367396354675293,2.92,1.121171474456787,0.3819926977157593,3.584548234939575
/home/donglei/isaac_projects/isaac_drone_racer/.worktrees/stage1-fake-vio/logs/skrl/stage1_recovery_20260905/2026-09-05_11-37-52/2026-09-05_11-37-57_ppo_torch_stage1_mixed/checkpoints/best_agent.pt,ecf1a26095dfe976a926a1c7c3876aaafb1c80f1dd681f9e9f35bd678864cdf1,150d107225160ac498040fa20d4ccf9e26ec2703,True,fixed_per_environment_quotas_v2,stress,47,64,False,False,,6,0,True,False,-3.0764527320861816,1.06,0.8645942807197571,0.4533036947250366,2.314058303833008
/home/donglei/isaac_projects/isaac_drone_racer/.worktrees/stage1-fake-vio/logs/skrl/stage1_recovery_20260905/2026-09-05_11-37-52/2026-09-05_11-37-57_ppo_torch_stage1_mixed/checkpoints/best_agent.pt,ecf1a26095dfe976a926a1c7c3876aaafb1c80f1dd681f9e9f35bd678864cdf1,150d107225160ac498040fa20d4ccf9e26ec2703,True,fixed_per_environment_quotas_v2,stress,47,65,False,False,,2,3,True,False,13.219404220581055,3.13,0.9395802021026611,0.3188953101634979,2.2990121841430664
/home/donglei/isaac_projects/isaac_drone_racer/.worktrees/stage1-fake-vio/logs/skrl/stage1_recovery_20260905/2026-09-05_11-37-52/2026-09-05_11-37-57_ppo_torch_stage1_mixed/checkpoints/best_agent.pt,ecf1a26095dfe976a926a1c7c3876aaafb1c80f1dd681f9e9f35bd678864cdf1,150d107225160ac498040fa20d4ccf9e26ec2703,True,fixed_per_environment_quotas_v2,stress,47,66,False,False,,4,1,True,False,3.72426176071167,2.39,1.0595815181732178,0.43090710043907166,2.698493242263794
/home/donglei/isaac_projects/isaac_drone_racer/.worktrees/stage1-fake-vio/logs/skrl/stage1_recovery_20260905/2026-09-05_11-37-52/2026-09-05_11-37-57_ppo_torch_stage1_mixed/checkpoints/best_agent.pt,ecf1a26095dfe976a926a1c7c3876aaafb1c80f1dd681f9e9f35bd678864cdf1,150d107225160ac498040fa20d4ccf9e26ec2703,True,fixed_per_environment_quotas_v2,stress,47,67,False,False,,6,3,True,False,13.863354682922363,3.19,1.2300492525100708,0.4043460190296173,2.8118441104888916
/home/donglei/isaac_projects/isaac_drone_racer/.worktrees/stage1-fake-vio/logs/skrl/stage1_recovery_20260905/2026-09-05_11-37-52/2026-09-05_11-37-57_ppo_torch_stage1_mixed/checkpoints/best_agent.pt,ecf1a26095dfe976a926a1c7c3876aaafb1c80f1dd681f9e9f35bd678864cdf1,150d107225160ac498040fa20d4ccf9e26ec2703,True,fixed_per_environment_quotas_v2,stress,47,68,False,False,,1,0,True,False,-3.860581636428833,3.2600000000000002,0.5519858002662659,0.4138849377632141,2.5629289150238037
/home/donglei/isaac_projects/isaac_drone_racer/.worktrees/stage1-fake-vio/logs/skrl/stage1_recovery_20260905/2026-09-05_11-37-52/2026-09-05_11-37-57_ppo_torch_stage1_mixed/checkpoints/best_agent.pt,ecf1a26095dfe976a926a1c7c3876aaafb1c80f1dd681f9e9f35bd678864cdf1,150d107225160ac498040fa20d4ccf9e26ec2703,True,fixed_per_environment_quotas_v2,stress,47,69,False,False,,2,0,True,False,-3.653862953186035,0.97,1.0852839946746826,0.7416443228721619,2.899986743927002
/home/donglei/isaac_projects/isaac_drone_racer/.worktrees/stage1-fake-vio/logs/skrl/stage1_recovery_20260905/2026-09-05_11-37-52/2026-09-05_11-37-57_ppo_torch_stage1_mixed/checkpoints/best_agent.pt,ecf1a26095dfe976a926a1c7c3876aaafb1c80f1dd681f9e9f35bd678864cdf1,150d107225160ac498040fa20d4ccf9e26ec2703,True,fixed_per_environment_quotas_v2,stress,47,70,False,False,,2,3,True,False,13.272977828979492,3.5,1.3479632139205933,0.6141161918640137,2.614210367202759
/home/donglei/isaac_projects/isaac_drone_racer/.worktrees/stage1-fake-vio/logs/skrl/stage1_recovery_20260905/2026-09-05_11-37-52/2026-09-05_11-37-57_ppo_torch_stage1_mixed/checkpoints/best_agent.pt,ecf1a26095dfe976a926a1c7c3876aaafb1c80f1dd681f9e9f35bd678864cdf1,150d107225160ac498040fa20d4ccf9e26ec2703,True,fixed_per_environment_quotas_v2,stress,47,71,False,False,,1,0,True,False,-4.118844032287598,1.1400000000000001,0.7253448963165283,0.4809223711490631,2.548621416091919
/home/donglei/isaac_projects/isaac_drone_racer/.worktrees/stage1-fake-vio/logs/skrl/stage1_recovery_20260905/2026-09-05_11-37-52/2026-09-05_11-37-57_ppo_torch_stage1_mixed/checkpoints/best_agent.pt,ecf1a26095dfe976a926a1c7c3876aaafb1c80f1dd681f9e9f35bd678864cdf1,150d107225160ac498040fa20d4ccf9e26ec2703,True,fixed_per_environment_quotas_v2,stress,47,72,False,False,,4,3,True,False,14.26927375793457,3.56,1.3094698190689087,0.4433346688747406,2.9553611278533936
/home/donglei/isaac_projects/isaac_drone_racer/.worktrees/stage1-fake-vio/logs/skrl/stage1_recovery_20260905/2026-09-05_11-37-52/2026-09-05_11-37-57_ppo_torch_stage1_mixed/checkpoints/best_agent.pt,ecf1a26095dfe976a926a1c7c3876aaafb1c80f1dd681f9e9f35bd678864cdf1,150d107225160ac498040fa20d4ccf9e26ec2703,True,fixed_per_environment_quotas_v2,stress,47,73,False,False,,2,2,True,False,7.285315990447998,3.58,0.8186923265457153,0.42370614409446716,2.8201162815093994
/home/donglei/isaac_projects/isaac_drone_racer/.worktrees/stage1-fake-vio/logs/skrl/stage1_recovery_20260905/2026-09-05_11-37-52/2026-09-05_11-37-57_ppo_torch_stage1_mixed/checkpoints/best_agent.pt,ecf1a26095dfe976a926a1c7c3876aaafb1c80f1dd681f9e9f35bd678864cdf1,150d107225160ac498040fa20d4ccf9e26ec2703,True,fixed_per_environment_quotas_v2,stress,47,74,False,False,,5,2,False,True,-1.3947734832763672,3.69,1.5164874792099,1.148378610610962,3.976912021636963
/home/donglei/isaac_projects/isaac_drone_racer/.worktrees/stage1-fake-vio/logs/skrl/stage1_recovery_20260905/2026-09-05_11-37-52/2026-09-05_11-37-57_ppo_torch_stage1_mixed/checkpoints/best_agent.pt,ecf1a26095dfe976a926a1c7c3876aaafb1c80f1dd681f9e9f35bd678864cdf1,150d107225160ac498040fa20d4ccf9e26ec2703,True,fixed_per_environment_quotas_v2,stress,47,75,False,False,,4,3,True,False,14.954565048217773,3.77,0.9910959601402283,0.3200356066226959,2.355189561843872
/home/donglei/isaac_projects/isaac_drone_racer/.worktrees/stage1-fake-vio/logs/skrl/stage1_recovery_20260905/2026-09-05_11-37-52/2026-09-05_11-37-57_ppo_torch_stage1_mixed/checkpoints/best_agent.pt,ecf1a26095dfe976a926a1c7c3876aaafb1c80f1dd681f9e9f35bd678864cdf1,150d107225160ac498040fa20d4ccf9e26ec2703,True,fixed_per_environment_quotas_v2,stress,47,76,False,False,,5,2,True,False,7.128052711486816,3.11,1.0307867527008057,0.8916575312614441,2.628527879714966
/home/donglei/isaac_projects/isaac_drone_racer/.worktrees/stage1-fake-vio/logs/skrl/stage1_recovery_20260905/2026-09-05_11-37-52/2026-09-05_11-37-57_ppo_torch_stage1_mixed/checkpoints/best_agent.pt,ecf1a26095dfe976a926a1c7c3876aaafb1c80f1dd681f9e9f35bd678864cdf1,150d107225160ac498040fa20d4ccf9e26ec2703,True,fixed_per_environment_quotas_v2,stress,47,77,False,False,,4,0,True,False,-6.28438663482666,2.18,1.283995509147644,0.4758394956588745,3.22082781791687
/home/donglei/isaac_projects/isaac_drone_racer/.worktrees/stage1-fake-vio/logs/skrl/stage1_recovery_20260905/2026-09-05_11-37-52/2026-09-05_11-37-57_ppo_torch_stage1_mixed/checkpoints/best_agent.pt,ecf1a26095dfe976a926a1c7c3876aaafb1c80f1dd681f9e9f35bd678864cdf1,150d107225160ac498040fa20d4ccf9e26ec2703,True,fixed_per_environment_quotas_v2,stress,47,78,False,False,,4,4,True,False,19.367645263671875,4.0600000000000005,0.9953775405883789,0.341069757938385,2.6392998695373535
/home/donglei/isaac_projects/isaac_drone_racer/.worktrees/stage1-fake-vio/logs/skrl/stage1_recovery_20260905/2026-09-05_11-37-52/2026-09-05_11-37-57_ppo_torch_stage1_mixed/checkpoints/best_agent.pt,ecf1a26095dfe976a926a1c7c3876aaafb1c80f1dd681f9e9f35bd678864cdf1,150d107225160ac498040fa20d4ccf9e26ec2703,True,fixed_per_environment_quotas_v2,stress,47,79,False,False,,6,4,True,False,18.784069061279297,4.14,1.2612764835357666,0.44035404920578003,3.3445675373077393
/home/donglei/isaac_projects/isaac_drone_racer/.worktrees/stage1-fake-vio/logs/skrl/stage1_recovery_20260905/2026-09-05_11-37-52/2026-09-05_11-37-57_ppo_torch_stage1_mixed/checkpoints/best_agent.pt,ecf1a26095dfe976a926a1c7c3876aaafb1c80f1dd681f9e9f35bd678864cdf1,150d107225160ac498040fa20d4ccf9e26ec2703,True,fixed_per_environment_quotas_v2,stress,47,80,False,False,,6,1,True,False,0.6253714561462402,1.31,0.9431621432304382,0.3374735116958618,2.25752329826355
/home/donglei/isaac_projects/isaac_drone_racer/.worktrees/stage1-fake-vio/logs/skrl/stage1_recovery_20260905/2026-09-05_11-37-52/2026-09-05_11-37-57_ppo_torch_stage1_mixed/checkpoints/best_agent.pt,ecf1a26095dfe976a926a1c7c3876aaafb1c80f1dd681f9e9f35bd678864cdf1,150d107225160ac498040fa20d4ccf9e26ec2703,True,fixed_per_environment_quotas_v2,stress,47,81,False,False,,1,0,True,False,-8.446011543273926,1.21,0.8400911688804626,0.620150625705719,3.3730266094207764
/home/donglei/isaac_projects/isaac_drone_racer/.worktrees/stage1-fake-vio/logs/skrl/stage1_recovery_20260905/2026-09-05_11-37-52/2026-09-05_11-37-57_ppo_torch_stage1_mixed/checkpoints/best_agent.pt,ecf1a26095dfe976a926a1c7c3876aaafb1c80f1dd681f9e9f35bd678864cdf1,150d107225160ac498040fa20d4ccf9e26ec2703,True,fixed_per_environment_quotas_v2,stress,47,82,False,False,,4,0,False,True,-10.264123916625977,4.57,1.3902578353881836,0.6782610416412354,3.429739236831665
/home/donglei/isaac_projects/isaac_drone_racer/.worktrees/stage1-fake-vio/logs/skrl/stage1_recovery_20260905/2026-09-05_11-37-52/2026-09-05_11-37-57_ppo_torch_stage1_mixed/checkpoints/best_agent.pt,ecf1a26095dfe976a926a1c7c3876aaafb1c80f1dd681f9e9f35bd678864cdf1,150d107225160ac498040fa20d4ccf9e26ec2703,True,fixed_per_environment_quotas_v2,stress,47,83,False,False,,6,1,True,False,1.5793132781982422,1.6500000000000001,1.0879923105239868,0.40044906735420227,2.676776885986328
/home/donglei/isaac_projects/isaac_drone_racer/.worktrees/stage1-fake-vio/logs/skrl/stage1_recovery_20260905/2026-09-05_11-37-52/2026-09-05_11-37-57_ppo_torch_stage1_mixed/checkpoints/best_agent.pt,ecf1a26095dfe976a926a1c7c3876aaafb1c80f1dd681f9e9f35bd678864cdf1,150d107225160ac498040fa20d4ccf9e26ec2703,True,fixed_per_environment_quotas_v2,stress,47,84,False,False,,5,4,True,False,18.234821319580078,4.61,1.0328712463378906,0.8509133458137512,2.472095012664795
/home/donglei/isaac_projects/isaac_drone_racer/.worktrees/stage1-fake-vio/logs/skrl/stage1_recovery_20260905/2026-09-05_11-37-52/2026-09-05_11-37-57_ppo_torch_stage1_mixed/checkpoints/best_agent.pt,ecf1a26095dfe976a926a1c7c3876aaafb1c80f1dd681f9e9f35bd678864cdf1,150d107225160ac498040fa20d4ccf9e26ec2703,True,fixed_per_environment_quotas_v2,stress,47,85,False,False,,6,0,True,False,-3.2020206451416016,1.01,1.3728359937667847,0.5069129467010498,3.0844345092773438
/home/donglei/isaac_projects/isaac_drone_racer/.worktrees/stage1-fake-vio/logs/skrl/stage1_recovery_20260905/2026-09-05_11-37-52/2026-09-05_11-37-57_ppo_torch_stage1_mixed/checkpoints/best_agent.pt,ecf1a26095dfe976a926a1c7c3876aaafb1c80f1dd681f9e9f35bd678864cdf1,150d107225160ac498040fa20d4ccf9e26ec2703,True,fixed_per_environment_quotas_v2,stress,47,86,False,False,,6,4,True,False,20.24357795715332,4.74,0.9567734003067017,0.4253421723842621,2.703493356704712
/home/donglei/isaac_projects/isaac_drone_racer/.worktrees/stage1-fake-vio/logs/skrl/stage1_recovery_20260905/2026-09-05_11-37-52/2026-09-05_11-37-57_ppo_torch_stage1_mixed/checkpoints/best_agent.pt,ecf1a26095dfe976a926a1c7c3876aaafb1c80f1dd681f9e9f35bd678864cdf1,150d107225160ac498040fa20d4ccf9e26ec2703,True,fixed_per_environment_quotas_v2,stress,47,87,False,False,,5,0,True,False,-4.601039409637451,1.19,0.37463781237602234,0.4074175953865051,1.5401688814163208
/home/donglei/isaac_projects/isaac_drone_racer/.worktrees/stage1-fake-vio/logs/skrl/stage1_recovery_20260905/2026-09-05_11-37-52/2026-09-05_11-37-57_ppo_torch_stage1_mixed/checkpoints/best_agent.pt,ecf1a26095dfe976a926a1c7c3876aaafb1c80f1dd681f9e9f35bd678864cdf1,150d107225160ac498040fa20d4ccf9e26ec2703,True,fixed_per_environment_quotas_v2,stress,47,88,False,False,,6,0,True,False,-4.415458679199219,0.71,0.8674458265304565,0.9014677405357361,4.294775485992432
/home/donglei/isaac_projects/isaac_drone_racer/.worktrees/stage1-fake-vio/logs/skrl/stage1_recovery_20260905/2026-09-05_11-37-52/2026-09-05_11-37-57_ppo_torch_stage1_mixed/checkpoints/best_agent.pt,ecf1a26095dfe976a926a1c7c3876aaafb1c80f1dd681f9e9f35bd678864cdf1,150d107225160ac498040fa20d4ccf9e26ec2703,True,fixed_per_environment_quotas_v2,stress,47,89,False,False,,4,0,True,False,-10.294881820678711,3.7600000000000002,0.9591752290725708,0.7107301354408264,3.239175319671631
/home/donglei/isaac_projects/isaac_drone_racer/.worktrees/stage1-fake-vio/logs/skrl/stage1_recovery_20260905/2026-09-05_11-37-52/2026-09-05_11-37-57_ppo_torch_stage1_mixed/checkpoints/best_agent.pt,ecf1a26095dfe976a926a1c7c3876aaafb1c80f1dd681f9e9f35bd678864cdf1,150d107225160ac498040fa20d4ccf9e26ec2703,True,fixed_per_environment_quotas_v2,stress,47,90,False,False,,2,5,True,False,24.67660140991211,5.04,0.857243537902832,0.29096877574920654,2.2814693450927734
/home/donglei/isaac_projects/isaac_drone_racer/.worktrees/stage1-fake-vio/logs/skrl/stage1_recovery_20260905/2026-09-05_11-37-52/2026-09-05_11-37-57_ppo_torch_stage1_mixed/checkpoints/best_agent.pt,ecf1a26095dfe976a926a1c7c3876aaafb1c80f1dd681f9e9f35bd678864cdf1,150d107225160ac498040fa20d4ccf9e26ec2703,True,fixed_per_environment_quotas_v2,stress,47,91,False,False,,5,5,True,False,23.697830200195312,5.32,1.0934112071990967,0.9963089227676392,4.047424793243408
/home/donglei/isaac_projects/isaac_drone_racer/.worktrees/stage1-fake-vio/logs/skrl/stage1_recovery_20260905/2026-09-05_11-37-52/2026-09-05_11-37-57_ppo_torch_stage1_mixed/checkpoints/best_agent.pt,ecf1a26095dfe976a926a1c7c3876aaafb1c80f1dd681f9e9f35bd678864cdf1,150d107225160ac498040fa20d4ccf9e26ec2703,True,fixed_per_environment_quotas_v2,stress,47,92,False,False,,2,5,True,False,22.50213623046875,4.53,1.0336400270462036,0.44369345903396606,2.2596044540405273
/home/donglei/isaac_projects/isaac_drone_racer/.worktrees/stage1-fake-vio/logs/skrl/stage1_recovery_20260905/2026-09-05_11-37-52/2026-09-05_11-37-57_ppo_torch_stage1_mixed/checkpoints/best_agent.pt,ecf1a26095dfe976a926a1c7c3876aaafb1c80f1dd681f9e9f35bd678864cdf1,150d107225160ac498040fa20d4ccf9e26ec2703,True,fixed_per_environment_quotas_v2,stress,47,93,False,False,,5,2,True,False,7.906094551086426,2.77,0.953769326210022,0.7143166065216064,2.313687324523926
/home/donglei/isaac_projects/isaac_drone_racer/.worktrees/stage1-fake-vio/logs/skrl/stage1_recovery_20260905/2026-09-05_11-37-52/2026-09-05_11-37-57_ppo_torch_stage1_mixed/checkpoints/best_agent.pt,ecf1a26095dfe976a926a1c7c3876aaafb1c80f1dd681f9e9f35bd678864cdf1,150d107225160ac498040fa20d4ccf9e26ec2703,True,fixed_per_environment_quotas_v2,stress,47,94,False,False,,6,5,True,False,25.334054946899414,5.63,0.8243363499641418,0.5849177837371826,2.4283149242401123
/home/donglei/isaac_projects/isaac_drone_racer/.worktrees/stage1-fake-vio/logs/skrl/stage1_recovery_20260905/2026-09-05_11-37-52/2026-09-05_11-37-57_ppo_torch_stage1_mixed/checkpoints/best_agent.pt,ecf1a26095dfe976a926a1c7c3876aaafb1c80f1dd681f9e9f35bd678864cdf1,150d107225160ac498040fa20d4ccf9e26ec2703,True,fixed_per_environment_quotas_v2,stress,47,95,False,False,,1,1,True,False,-0.05133247375488281,2.2600000000000002,1.447339653968811,0.9428567290306091,4.1992363929748535
/home/donglei/isaac_projects/isaac_drone_racer/.worktrees/stage1-fake-vio/logs/skrl/stage1_recovery_20260905/2026-09-05_11-37-52/2026-09-05_11-37-57_ppo_torch_stage1_mixed/checkpoints/best_agent.pt,ecf1a26095dfe976a926a1c7c3876aaafb1c80f1dd681f9e9f35bd678864cdf1,150d107225160ac498040fa20d4ccf9e26ec2703,True,fixed_per_environment_quotas_v2,stress,47,96,False,False,,3,3,True,False,11.236078262329102,3.31,0.8297512531280518,0.4106835126876831,2.4057581424713135
/home/donglei/isaac_projects/isaac_drone_racer/.worktrees/stage1-fake-vio/logs/skrl/stage1_recovery_20260905/2026-09-05_11-37-52/2026-09-05_11-37-57_ppo_torch_stage1_mixed/checkpoints/best_agent.pt,ecf1a26095dfe976a926a1c7c3876aaafb1c80f1dd681f9e9f35bd678864cdf1,150d107225160ac498040fa20d4ccf9e26ec2703,True,fixed_per_environment_quotas_v2,stress,47,97,False,False,,2,0,True,False,-3.5691328048706055,0.96,0.8560219407081604,0.8153984546661377,3.6863017082214355
/home/donglei/isaac_projects/isaac_drone_racer/.worktrees/stage1-fake-vio/logs/skrl/stage1_recovery_20260905/2026-09-05_11-37-52/2026-09-05_11-37-57_ppo_torch_stage1_mixed/checkpoints/best_agent.pt,ecf1a26095dfe976a926a1c7c3876aaafb1c80f1dd681f9e9f35bd678864cdf1,150d107225160ac498040fa20d4ccf9e26ec2703,True,fixed_per_environment_quotas_v2,stress,47,98,False,False,,2,2,False,True,-5.182056903839111,6.01,1.0577178001403809,1.488756537437439,2.268603801727295
/home/donglei/isaac_projects/isaac_drone_racer/.worktrees/stage1-fake-vio/logs/skrl/stage1_recovery_20260905/2026-09-05_11-37-52/2026-09-05_11-37-57_ppo_torch_stage1_mixed/checkpoints/best_agent.pt,ecf1a26095dfe976a926a1c7c3876aaafb1c80f1dd681f9e9f35bd678864cdf1,150d107225160ac498040fa20d4ccf9e26ec2703,True,fixed_per_environment_quotas_v2,stress,47,99,False,False,,2,1,False,True,-10.421981811523438,6.1000000000000005,1.5505520105361938,0.9668974280357361,3.92270827293396
/home/donglei/isaac_projects/isaac_drone_racer/.worktrees/stage1-fake-vio/logs/skrl/stage1_recovery_20260905/2026-09-05_11-37-52/2026-09-05_11-37-57_ppo_torch_stage1_mixed/checkpoints/best_agent.pt,ecf1a26095dfe976a926a1c7c3876aaafb1c80f1dd681f9e9f35bd678864cdf1,150d107225160ac498040fa20d4ccf9e26ec2703,True,fixed_per_environment_quotas_v2,stress,47,100,False,False,,7,3,True,False,13.68022632598877,4.5600000000000005,1.0163524150848389,0.4494059085845947,2.4986021518707275
/home/donglei/isaac_projects/isaac_drone_racer/.worktrees/stage1-fake-vio/logs/skrl/stage1_recovery_20260905/2026-09-05_11-37-52/2026-09-05_11-37-57_ppo_torch_stage1_mixed/checkpoints/best_agent.pt,ecf1a26095dfe976a926a1c7c3876aaafb1c80f1dd681f9e9f35bd678864cdf1,150d107225160ac498040fa20d4ccf9e26ec2703,True,fixed_per_environment_quotas_v2,stress,47,101,False,False,,4,1,True,False,3.5051565170288086,6.26,1.5230096578598022,0.4932378828525543,4.173177719116211
/home/donglei/isaac_projects/isaac_drone_racer/.worktrees/stage1-fake-vio/logs/skrl/stage1_recovery_20260905/2026-09-05_11-37-52/2026-09-05_11-37-57_ppo_torch_stage1_mixed/checkpoints/best_agent.pt,ecf1a26095dfe976a926a1c7c3876aaafb1c80f1dd681f9e9f35bd678864cdf1,150d107225160ac498040fa20d4ccf9e26ec2703,True,fixed_per_environment_quotas_v2,stress,47,102,False,False,,3,1,True,False,0.6790609359741211,1.72,0.902895987033844,0.8541463017463684,2.2598443031311035
/home/donglei/isaac_projects/isaac_drone_racer/.worktrees/stage1-fake-vio/logs/skrl/stage1_recovery_20260905/2026-09-05_11-37-52/2026-09-05_11-37-57_ppo_torch_stage1_mixed/checkpoints/best_agent.pt,ecf1a26095dfe976a926a1c7c3876aaafb1c80f1dd681f9e9f35bd678864cdf1,150d107225160ac498040fa20d4ccf9e26ec2703,True,fixed_per_environment_quotas_v2,stress,47,103,False,False,,1,5,True,False,24.478736877441406,5.43,0.8065310716629028,0.46373727917671204,2.149095058441162
/home/donglei/isaac_projects/isaac_drone_racer/.worktrees/stage1-fake-vio/logs/skrl/stage1_recovery_20260905/2026-09-05_11-37-52/2026-09-05_11-37-57_ppo_torch_stage1_mixed/checkpoints/best_agent.pt,ecf1a26095dfe976a926a1c7c3876aaafb1c80f1dd681f9e9f35bd678864cdf1,150d107225160ac498040fa20d4ccf9e26ec2703,True,fixed_per_environment_quotas_v2,stress,47,104,False,False,,6,1,True,False,-0.6878542900085449,2.91,1.1089754104614258,1.6030865907669067,3.687244415283203
/home/donglei/isaac_projects/isaac_drone_racer/.worktrees/stage1-fake-vio/logs/skrl/stage1_recovery_20260905/2026-09-05_11-37-52/2026-09-05_11-37-57_ppo_torch_stage1_mixed/checkpoints/best_agent.pt,ecf1a26095dfe976a926a1c7c3876aaafb1c80f1dd681f9e9f35bd678864cdf1,150d107225160ac498040fa20d4ccf9e26ec2703,True,fixed_per_environment_quotas_v2,stress,47,105,False,False,,6,3,True,False,14.305007934570312,4.08,1.1672934293746948,0.48693418502807617,2.9085586071014404
/home/donglei/isaac_projects/isaac_drone_racer/.worktrees/stage1-fake-vio/logs/skrl/stage1_recovery_20260905/2026-09-05_11-37-52/2026-09-05_11-37-57_ppo_torch_stage1_mixed/checkpoints/best_agent.pt,ecf1a26095dfe976a926a1c7c3876aaafb1c80f1dd681f9e9f35bd678864cdf1,150d107225160ac498040fa20d4ccf9e26ec2703,True,fixed_per_environment_quotas_v2,stress,47,106,False,False,,5,1,True,False,0.7110252380371094,1.9100000000000001,1.0296128988265991,1.3359873294830322,3.4138283729553223
/home/donglei/isaac_projects/isaac_drone_racer/.worktrees/stage1-fake-vio/logs/skrl/stage1_recovery_20260905/2026-09-05_11-37-52/2026-09-05_11-37-57_ppo_torch_stage1_mixed/checkpoints/best_agent.pt,ecf1a26095dfe976a926a1c7c3876aaafb1c80f1dd681f9e9f35bd678864cdf1,150d107225160ac498040fa20d4ccf9e26ec2703,True,fixed_per_environment_quotas_v2,stress,47,107,False,False,,6,2,True,False,8.037714004516602,2.96,1.2033920288085938,0.5741651058197021,2.674210548400879
/home/donglei/isaac_projects/isaac_drone_racer/.worktrees/stage1-fake-vio/logs/skrl/stage1_recovery_20260905/2026-09-05_11-37-52/2026-09-05_11-37-57_ppo_torch_stage1_mixed/checkpoints/best_agent.pt,ecf1a26095dfe976a926a1c7c3876aaafb1c80f1dd681f9e9f35bd678864cdf1,150d107225160ac498040fa20d4ccf9e26ec2703,True,fixed_per_environment_quotas_v2,stress,47,108,True,True,6.11,,7,False,False,39.805233001708984,6.11,1.0833826065063477,0.3815174996852875,2.667546510696411
/home/donglei/isaac_projects/isaac_drone_racer/.worktrees/stage1-fake-vio/logs/skrl/stage1_recovery_20260905/2026-09-05_11-37-52/2026-09-05_11-37-57_ppo_torch_stage1_mixed/checkpoints/best_agent.pt,ecf1a26095dfe976a926a1c7c3876aaafb1c80f1dd681f9e9f35bd678864cdf1,150d107225160ac498040fa20d4ccf9e26ec2703,True,fixed_per_environment_quotas_v2,stress,47,109,False,False,,4,3,True,False,12.695600509643555,5.19,0.9842615127563477,0.5110284686088562,2.3540890216827393
/home/donglei/isaac_projects/isaac_drone_racer/.worktrees/stage1-fake-vio/logs/skrl/stage1_recovery_20260905/2026-09-05_11-37-52/2026-09-05_11-37-57_ppo_torch_stage1_mixed/checkpoints/best_agent.pt,ecf1a26095dfe976a926a1c7c3876aaafb1c80f1dd681f9e9f35bd678864cdf1,150d107225160ac498040fa20d4ccf9e26ec2703,True,fixed_per_environment_quotas_v2,stress,47,110,False,False,,2,2,True,False,7.138732433319092,3.0300000000000002,0.8238428831100464,0.43062713742256165,2.3517558574676514
/home/donglei/isaac_projects/isaac_drone_racer/.worktrees/stage1-fake-vio/logs/skrl/stage1_recovery_20260905/2026-09-05_11-37-52/2026-09-05_11-37-57_ppo_torch_stage1_mixed/checkpoints/best_agent.pt,ecf1a26095dfe976a926a1c7c3876aaafb1c80f1dd681f9e9f35bd678864cdf1,150d107225160ac498040fa20d4ccf9e26ec2703,True,fixed_per_environment_quotas_v2,stress,47,111,False,False,,1,1,True,False,-0.04440021514892578,1.17,0.8958895802497864,0.5958511829376221,2.4039783477783203
/home/donglei/isaac_projects/isaac_drone_racer/.worktrees/stage1-fake-vio/logs/skrl/stage1_recovery_20260905/2026-09-05_11-37-52/2026-09-05_11-37-57_ppo_torch_stage1_mixed/checkpoints/best_agent.pt,ecf1a26095dfe976a926a1c7c3876aaafb1c80f1dd681f9e9f35bd678864cdf1,150d107225160ac498040fa20d4ccf9e26ec2703,True,fixed_per_environment_quotas_v2,stress,47,112,False,False,,1,0,True,False,-4.073949813842773,1.26,0.5699490904808044,0.5460395812988281,2.85068416595459
/home/donglei/isaac_projects/isaac_drone_racer/.worktrees/stage1-fake-vio/logs/skrl/stage1_recovery_20260905/2026-09-05_11-37-52/2026-09-05_11-37-57_ppo_torch_stage1_mixed/checkpoints/best_agent.pt,ecf1a26095dfe976a926a1c7c3876aaafb1c80f1dd681f9e9f35bd678864cdf1,150d107225160ac498040fa20d4ccf9e26ec2703,True,fixed_per_environment_quotas_v2,stress,47,113,False,False,,6,1,True,False,1.4407215118408203,1.79,1.402250051498413,0.4616989195346832,3.8645265102386475
/home/donglei/isaac_projects/isaac_drone_racer/.worktrees/stage1-fake-vio/logs/skrl/stage1_recovery_20260905/2026-09-05_11-37-52/2026-09-05_11-37-57_ppo_torch_stage1_mixed/checkpoints/best_agent.pt,ecf1a26095dfe976a926a1c7c3876aaafb1c80f1dd681f9e9f35bd678864cdf1,150d107225160ac498040fa20d4ccf9e26ec2703,True,fixed_per_environment_quotas_v2,stress,47,114,False,False,,6,6,True,False,30.79813003540039,6.7700000000000005,0.8886240124702454,0.3752072751522064,2.3083462715148926
/home/donglei/isaac_projects/isaac_drone_racer/.worktrees/stage1-fake-vio/logs/skrl/stage1_recovery_20260905/2026-09-05_11-37-52/2026-09-05_11-37-57_ppo_torch_stage1_mixed/checkpoints/best_agent.pt,ecf1a26095dfe976a926a1c7c3876aaafb1c80f1dd681f9e9f35bd678864cdf1,150d107225160ac498040fa20d4ccf9e26ec2703,True,fixed_per_environment_quotas_v2,stress,47,115,True,True,6.47,,7,False,False,39.70114517211914,6.47,1.0846245288848877,0.47122621536254883,2.254185199737549
/home/donglei/isaac_projects/isaac_drone_racer/.worktrees/stage1-fake-vio/logs/skrl/stage1_recovery_20260905/2026-09-05_11-37-52/2026-09-05_11-37-57_ppo_torch_stage1_mixed/checkpoints/best_agent.pt,ecf1a26095dfe976a926a1c7c3876aaafb1c80f1dd681f9e9f35bd678864cdf1,150d107225160ac498040fa20d4ccf9e26ec2703,True,fixed_per_environment_quotas_v2,stress,47,116,False,False,,3,5,True,False,23.966754913330078,5.17,0.7971258163452148,0.34022799134254456,2.3160390853881836
/home/donglei/isaac_projects/isaac_drone_racer/.worktrees/stage1-fake-vio/logs/skrl/stage1_recovery_20260905/2026-09-05_11-37-52/2026-09-05_11-37-57_ppo_torch_stage1_mixed/checkpoints/best_agent.pt,ecf1a26095dfe976a926a1c7c3876aaafb1c80f1dd681f9e9f35bd678864cdf1,150d107225160ac498040fa20d4ccf9e26ec2703,True,fixed_per_environment_quotas_v2,stress,47,117,False,False,,1,1,True,False,-2.9599246978759766,3.2600000000000002,0.9880973100662231,0.4887806475162506,2.887812376022339
/home/donglei/isaac_projects/isaac_drone_racer/.worktrees/stage1-fake-vio/logs/skrl/stage1_recovery_20260905/2026-09-05_11-37-52/2026-09-05_11-37-57_ppo_torch_stage1_mixed/checkpoints/best_agent.pt,ecf1a26095dfe976a926a1c7c3876aaafb1c80f1dd681f9e9f35bd678864cdf1,150d107225160ac498040fa20d4ccf9e26ec2703,True,fixed_per_environment_quotas_v2,stress,47,118,False,False,,2,2,True,False,6.251947402954102,2.42,1.0358521938323975,0.5914053320884705,3.9146323204040527
/home/donglei/isaac_projects/isaac_drone_racer/.worktrees/stage1-fake-vio/logs/skrl/stage1_recovery_20260905/2026-09-05_11-37-52/2026-09-05_11-37-57_ppo_torch_stage1_mixed/checkpoints/best_agent.pt,ecf1a26095dfe976a926a1c7c3876aaafb1c80f1dd681f9e9f35bd678864cdf1,150d107225160ac498040fa20d4ccf9e26ec2703,True,fixed_per_environment_quotas_v2,stress,47,119,False,False,,6,6,True,False,30.784822463989258,6.7700000000000005,1.0522428750991821,0.38902944326400757,2.568864107131958
/home/donglei/isaac_projects/isaac_drone_racer/.worktrees/stage1-fake-vio/logs/skrl/stage1_recovery_20260905/2026-09-05_11-37-52/2026-09-05_11-37-57_ppo_torch_stage1_mixed/checkpoints/best_agent.pt,ecf1a26095dfe976a926a1c7c3876aaafb1c80f1dd681f9e9f35bd678864cdf1,150d107225160ac498040fa20d4ccf9e26ec2703,True,fixed_per_environment_quotas_v2,stress,47,120,False,False,,6,1,True,False,1.3842568397521973,1.52,1.19900381565094,0.46088385581970215,2.6747970581054688
/home/donglei/isaac_projects/isaac_drone_racer/.worktrees/stage1-fake-vio/logs/skrl/stage1_recovery_20260905/2026-09-05_11-37-52/2026-09-05_11-37-57_ppo_torch_stage1_mixed/checkpoints/best_agent.pt,ecf1a26095dfe976a926a1c7c3876aaafb1c80f1dd681f9e9f35bd678864cdf1,150d107225160ac498040fa20d4ccf9e26ec2703,True,fixed_per_environment_quotas_v2,stress,47,121,True,True,5.93,,7,False,False,39.46427536010742,5.93,0.8551313281059265,0.28876563906669617,2.1337966918945312
/home/donglei/isaac_projects/isaac_drone_racer/.worktrees/stage1-fake-vio/logs/skrl/stage1_recovery_20260905/2026-09-05_11-37-52/2026-09-05_11-37-57_ppo_torch_stage1_mixed/checkpoints/best_agent.pt,ecf1a26095dfe976a926a1c7c3876aaafb1c80f1dd681f9e9f35bd678864cdf1,150d107225160ac498040fa20d4ccf9e26ec2703,True,fixed_per_environment_quotas_v2,stress,47,122,True,True,6.3500000000000005,,7,False,False,39.892578125,6.3500000000000005,0.7908012866973877,0.28447094559669495,2.007535457611084
/home/donglei/isaac_projects/isaac_drone_racer/.worktrees/stage1-fake-vio/logs/skrl/stage1_recovery_20260905/2026-09-05_11-37-52/2026-09-05_11-37-57_ppo_torch_stage1_mixed/checkpoints/best_agent.pt,ecf1a26095dfe976a926a1c7c3876aaafb1c80f1dd681f9e9f35bd678864cdf1,150d107225160ac498040fa20d4ccf9e26ec2703,True,fixed_per_environment_quotas_v2,stress,47,123,False,False,,5,4,True,False,18.2225341796875,4.53,0.9405127763748169,0.7349580526351929,2.492405652999878
/home/donglei/isaac_projects/isaac_drone_racer/.worktrees/stage1-fake-vio/logs/skrl/stage1_recovery_20260905/2026-09-05_11-37-52/2026-09-05_11-37-57_ppo_torch_stage1_mixed/checkpoints/best_agent.pt,ecf1a26095dfe976a926a1c7c3876aaafb1c80f1dd681f9e9f35bd678864cdf1,150d107225160ac498040fa20d4ccf9e26ec2703,True,fixed_per_environment_quotas_v2,stress,47,124,False,False,,3,2,True,False,5.928319454193115,2.23,0.8323854207992554,0.7521781921386719,2.6168205738067627
/home/donglei/isaac_projects/isaac_drone_racer/.worktrees/stage1-fake-vio/logs/skrl/stage1_recovery_20260905/2026-09-05_11-37-52/2026-09-05_11-37-57_ppo_torch_stage1_mixed/checkpoints/best_agent.pt,ecf1a26095dfe976a926a1c7c3876aaafb1c80f1dd681f9e9f35bd678864cdf1,150d107225160ac498040fa20d4ccf9e26ec2703,True,fixed_per_environment_quotas_v2,stress,47,125,True,True,6.28,,7,False,False,39.790950775146484,6.28,0.7931147813796997,0.29443418979644775,2.099592685699463
/home/donglei/isaac_projects/isaac_drone_racer/.worktrees/stage1-fake-vio/logs/skrl/stage1_recovery_20260905/2026-09-05_11-37-52/2026-09-05_11-37-57_ppo_torch_stage1_mixed/checkpoints/best_agent.pt,ecf1a26095dfe976a926a1c7c3876aaafb1c80f1dd681f9e9f35bd678864cdf1,150d107225160ac498040fa20d4ccf9e26ec2703,True,fixed_per_environment_quotas_v2,stress,47,126,True,True,5.79,,7,False,False,39.27412414550781,5.79,0.9588910341262817,0.31759142875671387,2.3420913219451904
/home/donglei/isaac_projects/isaac_drone_racer/.worktrees/stage1-fake-vio/logs/skrl/stage1_recovery_20260905/2026-09-05_11-37-52/2026-09-05_11-37-57_ppo_torch_stage1_mixed/checkpoints/best_agent.pt,ecf1a26095dfe976a926a1c7c3876aaafb1c80f1dd681f9e9f35bd678864cdf1,150d107225160ac498040fa20d4ccf9e26ec2703,True,fixed_per_environment_quotas_v2,stress,47,127,False,False,,2,0,True,False,-3.0509190559387207,1.19,1.070480465888977,0.6599897742271423,3.065514326095581
