checkpoint,checkpoint_sha256,code_revision,oracle_gate_relative_guidance,sampling_protocol,profile,seed,episode,completed,first_lap_completed,lap_time_s,failure_gate,gates_passed,collision,flyaway,return,duration_s,position_rmse_m,attitude_rmse_rad,velocity_rmse_mps
/home/donglei/isaac_projects/isaac_drone_racer/.worktrees/stage1-fake-vio/logs/skrl/stage1_recovery_20260905/2026-09-05_11-37-52/2026-09-05_11-37-57_ppo_torch_stage1_mixed/checkpoints/agent_50400.pt,8358d49b14eff681c47b70db964f4007dbfd07e9212768e13dbf0c17f0afc8d8,150d107225160ac498040fa20d4ccf9e26ec2703,True,fixed_per_environment_quotas_v2,clean,11,0,False,False,,3,0,True,False,-4.945273399353027,0.3,0.0,0.00037822104059159756,0.0
/home/donglei/isaac_projects/isaac_drone_racer/.worktrees/stage1-fake-vio/logs/skrl/stage1_recovery_20260905/2026-09-05_11-37-52/2026-09-05_11-37-57_ppo_torch_stage1_mixed/checkpoints/agent_50400.pt,8358d49b14eff681c47b70db964f4007dbfd07e9212768e13dbf0c17f0afc8d8,150d107225160ac498040fa20d4ccf9e26ec2703,True,fixed_per_environment_quotas_v2,clean,11,1,False,False,,7,0,True,False,-3.8630728721618652,0.8,0.0,0.00028887108783237636,0.0
/home/donglei/isaac_projects/isaac_drone_racer/.worktrees/stage1-fake-vio/logs/skrl/stage1_recovery_20260905/2026-09-05_11-37-52/2026-09-05_11-37-57_ppo_torch_stage1_mixed/checkpoints/agent_50400.pt,8358d49b14eff681c47b70db964f4007dbfd07e9212768e13dbf0c17f0afc8d8,150d107225160ac498040fa20d4ccf9e26ec2703,True,fixed_per_environment_quotas_v2,clean,11,2,False,False,,7,0,True,False,-4.058919906616211,0.8300000000000001,0.0,0.000293556455289945,0.0
/home/donglei/isaac_projects/isaac_drone_racer/.worktrees/stage1-fake-vio/logs/skrl/stage1_recovery_20260905/2026-09-05_11-37-52/2026-09-05_11-37-57_ppo_torch_stage1_mixed/checkpoints/agent_50400.pt,8358d49b14eff681c47b70db964f4007dbfd07e9212768e13dbf0c17f0afc8d8,150d107225160ac498040fa20d4ccf9e26ec2703,True,fixed_per_environment_quotas_v2,clean,11,3,False,False,,7,0,True,False,-3.8705315589904785,0.84,0.0,0.00018455296230968088,0.0
/home/donglei/isaac_projects/isaac_drone_racer/.worktrees/stage1-fake-vio/logs/skrl/stage1_recovery_20260905/2026-09-05_11-37-52/2026-09-05_11-37-57_ppo_torch_stage1_mixed/checkpoints/agent_50400.pt,8358d49b14eff681c47b70db964f4007dbfd07e9212768e13dbf0c17f0afc8d8,150d107225160ac498040fa20d4ccf9e26ec2703,True,fixed_per_environment_quotas_v2,clean,11,4,False,False,,7,0,True,False,-3.86598539352417,0.89,0.0,0.0002639135636854917,0.0
/home/donglei/isaac_projects/isaac_drone_racer/.worktrees/stage1-fake-vio/logs/skrl/stage1_recovery_20260905/2026-09-05_11-37-52/2026-09-05_11-37-57_ppo_torch_stage1_mixed/checkpoints/agent_50400.pt,8358d49b14eff681c47b70db964f4007dbfd07e9212768e13dbf0c17f0afc8d8,150d107225160ac498040fa20d4ccf9e26ec2703,True,fixed_per_environment_quotas_v2,clean,11,5,False,False,,2,1,True,False,0.5185718536376953,1.02,0.0,0.0003133246791549027,0.0
/home/donglei/isaac_projects/isaac_drone_racer/.worktrees/stage1-fake-vio/logs/skrl/stage1_recovery_20260905/2026-09-05_11-37-52/2026-09-05_11-37-57_ppo_torch_stage1_mixed/checkpoints/agent_50400.pt,8358d49b14eff681c47b70db964f4007dbfd07e9212768e13dbf0c17f0afc8d8,150d107225160ac498040fa20d4ccf9e26ec2703,True,fixed_per_environment_quotas_v2,clean,11,6,False,False,,2,1,True,False,0.5515861511230469,1.05,0.0,0.0003369460755493492,0.0
/home/donglei/isaac_projects/isaac_drone_racer/.worktrees/stage1-fake-vio/logs/skrl/stage1_recovery_20260905/2026-09-05_11-37-52/2026-09-05_11-37-57_ppo_torch_stage1_mixed/checkpoints/agent_50400.pt,8358d49b14eff681c47b70db964f4007dbfd07e9212768e13dbf0c17f0afc8d8,150d107225160ac498040fa20d4ccf9e26ec2703,True,fixed_per_environment_quotas_v2,clean,11,7,False,False,,6,1,True,False,-0.16839265823364258,1.09,0.0,0.00028061316697858274,0.0
/home/donglei/isaac_projects/isaac_drone_racer/.worktrees/stage1-fake-vio/logs/skrl/stage1_recovery_20260905/2026-09-05_11-37-52/2026-09-05_11-37-57_ppo_torch_stage1_mixed/checkpoints/agent_50400.pt,8358d49b14eff681c47b70db964f4007dbfd07e9212768e13dbf0c17f0afc8d8,150d107225160ac498040fa20d4ccf9e26ec2703,True,fixed_per_environment_quotas_v2,clean,11,8,False,False,,2,1,True,False,0.7355766296386719,1.27,0.0,0.00033561690361239016,0.0
/home/donglei/isaac_projects/isaac_drone_racer/.worktrees/stage1-fake-vio/logs/skrl/stage1_recovery_20260905/2026-09-05_11-37-52/2026-09-05_11-37-57_ppo_torch_stage1_mixed/checkpoints/agent_50400.pt,8358d49b14eff681c47b70db964f4007dbfd07e9212768e13dbf0c17f0afc8d8,150d107225160ac498040fa20d4ccf9e26ec2703,True,fixed_per_environment_quotas_v2,clean,11,9,False,False,,2,1,True,False,0.3652653694152832,1.44,0.0,0.000330567971104756,0.0
/home/donglei/isaac_projects/isaac_drone_racer/.worktrees/stage1-fake-vio/logs/skrl/stage1_recovery_20260905/2026-09-05_11-37-52/2026-09-05_11-37-57_ppo_torch_stage1_mixed/checkpoints/agent_50400.pt,8358d49b14eff681c47b70db964f4007dbfd07e9212768e13dbf0c17f0afc8d8,150d107225160ac498040fa20d4ccf9e26ec2703,True,fixed_per_environment_quotas_v2,clean,11,10,False,False,,2,1,True,False,2.0993571281433105,1.85,0.0,0.0003329150495119393,0.0
/home/donglei/isaac_projects/isaac_drone_racer/.worktrees/stage1-fake-vio/logs/skrl/stage1_recovery_20260905/2026-09-05_11-37-52/2026-09-05_11-37-57_ppo_torch_stage1_mixed/checkpoints/agent_50400.pt,8358d49b14eff681c47b70db964f4007dbfd07e9212768e13dbf0c17f0afc8d8,150d107225160ac498040fa20d4ccf9e26ec2703,True,fixed_per_environment_quotas_v2,clean,11,11,False,False,,2,1,True,False,0.5586609840393066,1.1,0.0,0.0003291991597507149,0.0
/home/donglei/isaac_projects/isaac_drone_racer/.worktrees/stage1-fake-vio/logs/skrl/stage1_recovery_20260905/2026-09-05_11-37-52/2026-09-05_11-37-57_ppo_torch_stage1_mixed/checkpoints/agent_50400.pt,8358d49b14eff681c47b70db964f4007dbfd07e9212768e13dbf0c17f0afc8d8,150d107225160ac498040fa20d4ccf9e26ec2703,True,fixed_per_environment_quotas_v2,clean,11,12,False,False,,3,2,True,False,6.219197750091553,2.27,0.0,0.00033679758780635893,0.0
/home/donglei/isaac_projects/isaac_drone_racer/.worktrees/stage1-fake-vio/logs/skrl/stage1_recovery_20260905/2026-09-05_11-37-52/2026-09-05_11-37-57_ppo_torch_stage1_mixed/checkpoints/agent_50400.pt,8358d49b14eff681c47b70db964f4007dbfd07e9212768e13dbf0c17f0afc8d8,150d107225160ac498040fa20d4ccf9e26ec2703,True,fixed_per_environment_quotas_v2,clean,11,13,False,False,,4,1,True,False,3.6844310760498047,2.58,0.0,0.0003129774995613843,0.0
/home/donglei/isaac_projects/isaac_drone_racer/.worktrees/stage1-fake-vio/logs/skrl/stage1_recovery_20260905/2026-09-05_11-37-52/2026-09-05_11-37-57_ppo_torch_stage1_mixed/checkpoints/agent_50400.pt,8358d49b14eff681c47b70db964f4007dbfd07e9212768e13dbf0c17f0afc8d8,150d107225160ac498040fa20d4ccf9e26ec2703,True,fixed_per_environment_quotas_v2,clean,11,14,False,False,,5,2,True,False,8.173778533935547,2.63,0.0,0.00028563631349243224,0.0
/home/donglei/isaac_projects/isaac_drone_racer/.worktrees/stage1-fake-vio/logs/skrl/stage1_recovery_20260905/2026-09-05_11-37-52/2026-09-05_11-37-57_ppo_torch_stage1_mixed/checkpoints/agent_50400.pt,8358d49b14eff681c47b70db964f4007dbfd07e9212768e13dbf0c17f0afc8d8,150d107225160ac498040fa20d4ccf9e26ec2703,True,fixed_per_environment_quotas_v2,clean,11,15,False,False,,2,3,True,False,11.140182495117188,2.93,0.0,0.0003399228735361248,0.0
/home/donglei/isaac_projects/isaac_drone_racer/.worktrees/stage1-fake-vio/logs/skrl/stage1_recovery_20260905/2026-09-05_11-37-52/2026-09-05_11-37-57_ppo_torch_stage1_mixed/checkpoints/agent_50400.pt,8358d49b14eff681c47b70db964f4007dbfd07e9212768e13dbf0c17f0afc8d8,150d107225160ac498040fa20d4ccf9e26ec2703,True,fixed_per_environment_quotas_v2,clean,11,16,False,False,,1,3,True,False,11.540312767028809,3.0,0.0,0.0003139209293294698,0.0
/home/donglei/isaac_projects/isaac_drone_racer/.worktrees/stage1-fake-vio/logs/skrl/stage1_recovery_20260905/2026-09-05_11-37-52/2026-09-05_11-37-57_ppo_torch_stage1_mixed/checkpoints/agent_50400.pt,8358d49b14eff681c47b70db964f4007dbfd07e9212768e13dbf0c17f0afc8d8,150d107225160ac498040fa20d4ccf9e26ec2703,True,fixed_per_environment_quotas_v2,clean,11,17,False,False,,4,2,True,False,8.962930679321289,3.0,0.0,0.0003189439885318279,0.0
/home/donglei/isaac_projects/isaac_drone_racer/.worktrees/stage1-fake-vio/logs/skrl/stage1_recovery_20260905/2026-09-05_11-37-52/2026-09-05_11-37-57_ppo_torch_stage1_mixed/checkpoints/agent_50400.pt,8358d49b14eff681c47b70db964f4007dbfd07e9212768e13dbf0c17f0afc8d8,150d107225160ac498040fa20d4ccf9e26ec2703,True,fixed_per_environment_quotas_v2,clean,11,18,False,False,,2,0,True,False,-4.503514766693115,0.48,0.0,0.00042286395910196006,0.0
/home/donglei/isaac_projects/isaac_drone_racer/.worktrees/stage1-fake-vio/logs/skrl/stage1_recovery_20260905/2026-09-05_11-37-52/2026-09-05_11-37-57_ppo_torch_stage1_mixed/checkpoints/agent_50400.pt,8358d49b14eff681c47b70db964f4007dbfd07e9212768e13dbf0c17f0afc8d8,150d107225160ac498040fa20d4ccf9e26ec2703,True,fixed_per_environment_quotas_v2,clean,11,19,False,False,,7,0,True,False,-4.030323028564453,1.37,0.0,0.000300823274301365,0.0
/home/donglei/isaac_projects/isaac_drone_racer/.worktrees/stage1-fake-vio/logs/skrl/stage1_recovery_20260905/2026-09-05_11-37-52/2026-09-05_11-37-57_ppo_torch_stage1_mixed/checkpoints/agent_50400.pt,8358d49b14eff681c47b70db964f4007dbfd07e9212768e13dbf0c17f0afc8d8,150d107225160ac498040fa20d4ccf9e26ec2703,True,fixed_per_environment_quotas_v2,clean,11,20,False,False,,4,3,True,False,13.538015365600586,3.95,0.0,0.00031462512561120093,0.0
/home/donglei/isaac_projects/isaac_drone_racer/.worktrees/stage1-fake-vio/logs/skrl/stage1_recovery_20260905/2026-09-05_11-37-52/2026-09-05_11-37-57_ppo_torch_stage1_mixed/checkpoints/agent_50400.pt,8358d49b14eff681c47b70db964f4007dbfd07e9212768e13dbf0c17f0afc8d8,150d107225160ac498040fa20d4ccf9e26ec2703,True,fixed_per_environment_quotas_v2,clean,11,21,False,False,,1,4,True,False,18.33006477355957,4.17,0.0,0.0003261057718191296,0.0
/home/donglei/isaac_projects/isaac_drone_racer/.worktrees/stage1-fake-vio/logs/skrl/stage1_recovery_20260905/2026-09-05_11-37-52/2026-09-05_11-37-57_ppo_torch_stage1_mixed/checkpoints/agent_50400.pt,8358d49b14eff681c47b70db964f4007dbfd07e9212768e13dbf0c17f0afc8d8,150d107225160ac498040fa20d4ccf9e26ec2703,True,fixed_per_environment_quotas_v2,clean,11,22,False,False,,3,5,True,False,21.474241256713867,4.21,0.0,0.0002855684724636376,0.0
/home/donglei/isaac_projects/isaac_drone_racer/.worktrees/stage1-fake-vio/logs/skrl/stage1_recovery_20260905/2026-09-05_11-37-52/2026-09-05_11-37-57_ppo_torch_stage1_mixed/checkpoints/agent_50400.pt,8358d49b14eff681c47b70db964f4007dbfd07e9212768e13dbf0c17f0afc8d8,150d107225160ac498040fa20d4ccf9e26ec2703,True,fixed_per_environment_quotas_v2,clean,11,23,False,False,,1,3,False,True,7.649511337280273,4.55,0.0,0.0002840695669874549,0.0
/home/donglei/isaac_projects/isaac_drone_racer/.worktrees/stage1-fake-vio/logs/skrl/stage1_recovery_20260905/2026-09-05_11-37-52/2026-09-05_11-37-57_ppo_torch_stage1_mixed/checkpoints/agent_50400.pt,8358d49b14eff681c47b70db964f4007dbfd07e9212768e13dbf0c17f0afc8d8,150d107225160ac498040fa20d4ccf9e26ec2703,True,fixed_per_environment_quotas_v2,clean,11,24,False,False,,1,1,False,True,-2.9349966049194336,3.35,0.0,0.00030650291591882706,0.0
/home/donglei/isaac_projects/isaac_drone_racer/.worktrees/stage1-fake-vio/logs/skrl/stage1_recovery_20260905/2026-09-05_11-37-52/2026-09-05_11-37-57_ppo_torch_stage1_mixed/checkpoints/agent_50400.pt,8358d49b14eff681c47b70db964f4007dbfd07e9212768e13dbf0c17f0afc8d8,150d107225160ac498040fa20d4ccf9e26ec2703,True,fixed_per_environment_quotas_v2,clean,11,25,False,False,,1,4,True,False,18.364601135253906,4.05,0.0,0.0003647512348834425,0.0
/home/donglei/isaac_projects/isaac_drone_racer/.worktrees/stage1-fake-vio/logs/skrl/stage1_recovery_20260905/2026-09-05_11-37-52/2026-09-05_11-37-57_ppo_torch_stage1_mixed/checkpoints/agent_50400.pt,8358d49b14eff681c47b70db964f4007dbfd07e9212768e13dbf0c17f0afc8d8,150d107225160ac498040fa20d4ccf9e26ec2703,True,fixed_per_environment_quotas_v2,clean,11,26,False,False,,7,3,True,False,9.048974990844727,5.86,0.0,0.00034936697920784354,0.0
/home/donglei/isaac_projects/isaac_drone_racer/.worktrees/stage1-fake-vio/logs/skrl/stage1_recovery_20260905/2026-09-05_11-37-52/2026-09-05_11-37-57_ppo_torch_stage1_mixed/checkpoints/agent_50400.pt,8358d49b14eff681c47b70db964f4007dbfd07e9212768e13dbf0c17f0afc8d8,150d107225160ac498040fa20d4ccf9e26ec2703,True,fixed_per_environment_quotas_v2,clean,11,27,False,False,,4,3,False,True,6.871708869934082,5.08,0.0,0.000303295673802495,0.0
/home/donglei/isaac_projects/isaac_drone_racer/.worktrees/stage1-fake-vio/logs/skrl/stage1_recovery_20260905/2026-09-05_11-37-52/2026-09-05_11-37-57_ppo_torch_stage1_mixed/checkpoints/agent_50400.pt,8358d49b14eff681c47b70db964f4007dbfd07e9212768e13dbf0c17f0afc8d8,150d107225160ac498040fa20d4ccf9e26ec2703,True,fixed_per_environment_quotas_v2,clean,11,28,False,False,,4,3,True,False,10.641138076782227,6.4,0.0,0.00032296768040396273,0.0
/home/donglei/isaac_projects/isaac_drone_racer/.worktrees/stage1-fake-vio/logs/skrl/stage1_recovery_20260905/2026-09-05_11-37-52/2026-09-05_11-37-57_ppo_torch_stage1_mixed/checkpoints/agent_50400.pt,8358d49b14eff681c47b70db964f4007dbfd07e9212768e13dbf0c17f0afc8d8,150d107225160ac498040fa20d4ccf9e26ec2703,True,fixed_per_environment_quotas_v2,clean,11,29,True,True,6.18,,7,False,False,39.43492126464844,6.18,0.0,0.0003030151128768921,0.0
/home/donglei/isaac_projects/isaac_drone_racer/.worktrees/stage1-fake-vio/logs/skrl/stage1_recovery_20260905/2026-09-05_11-37-52/2026-09-05_11-37-57_ppo_torch_stage1_mixed/checkpoints/agent_50400.pt,8358d49b14eff681c47b70db964f4007dbfd07e9212768e13dbf0c17f0afc8d8,150d107225160ac498040fa20d4ccf9e26ec2703,True,fixed_per_environment_quotas_v2,clean,11,30,True,True,6.13,,7,False,False,39.59134292602539,6.13,0.0,0.0003370010235812515,0.0
/home/donglei/isaac_projects/isaac_drone_racer/.worktrees/stage1-fake-vio/logs/skrl/stage1_recovery_20260905/2026-09-05_11-37-52/2026-09-05_11-37-57_ppo_torch_stage1_mixed/checkpoints/agent_50400.pt,8358d49b14eff681c47b70db964f4007dbfd07e9212768e13dbf0c17f0afc8d8,150d107225160ac498040fa20d4ccf9e26ec2703,True,fixed_per_environment_quotas_v2,clean,11,31,True,True,6.32,,7,False,False,39.758079528808594,6.32,0.0,0.0003506875073071569,0.0
/home/donglei/isaac_projects/isaac_drone_racer/.worktrees/stage1-fake-vio/logs/skrl/stage1_recovery_20260905/2026-09-05_11-37-52/2026-09-05_11-37-57_ppo_torch_stage1_mixed/checkpoints/agent_50400.pt,8358d49b14eff681c47b70db964f4007dbfd07e9212768e13dbf0c17f0afc8d8,150d107225160ac498040fa20d4ccf9e26ec2703,True,fixed_per_environment_quotas_v2,clean,11,32,False,False,,1,4,True,False,18.26332664489746,4.18,0.0,0.0002963754814118147,0.0
/home/donglei/isaac_projects/isaac_drone_racer/.worktrees/stage1-fake-vio/logs/skrl/stage1_recovery_20260905/2026-09-05_11-37-52/2026-09-05_11-37-57_ppo_torch_stage1_mixed/checkpoints/agent_50400.pt,8358d49b14eff681c47b70db964f4007dbfd07e9212768e13dbf0c17f0afc8d8,150d107225160ac498040fa20d4ccf9e26ec2703,True,fixed_per_environment_quotas_v2,clean,11,33,False,False,,2,1,True,False,0.7862262725830078,1.47,0.0,0.00031710800249129534,0.0
/home/donglei/isaac_projects/isaac_drone_racer/.worktrees/stage1-fake-vio/logs/skrl/stage1_recovery_20260905/2026-09-05_11-37-52/2026-09-05_11-37-57_ppo_torch_stage1_mixed/checkpoints/agent_50400.pt,8358d49b14eff681c47b70db964f4007dbfd07e9212768e13dbf0c17f0afc8d8,150d107225160ac498040fa20d4ccf9e26ec2703,True,fixed_per_environment_quotas_v2,clean,11,34,True,True,6.0200000000000005,,7,False,False,39.51718521118164,6.0200000000000005,0.0,0.00028839081642217934,0.0
/home/donglei/isaac_projects/isaac_drone_racer/.worktrees/stage1-fake-vio/logs/skrl/stage1_recovery_20260905/2026-09-05_11-37-52/2026-09-05_11-37-57_ppo_torch_stage1_mixed/checkpoints/agent_50400.pt,8358d49b14eff681c47b70db964f4007dbfd07e9212768e13dbf0c17f0afc8d8,150d107225160ac498040fa20d4ccf9e26ec2703,True,fixed_per_environment_quotas_v2,clean,11,35,True,True,6.140000000000001,,7,False,False,39.582916259765625,6.140000000000001,0.0,0.000329734873957932,0.0
/home/donglei/isaac_projects/isaac_drone_racer/.worktrees/stage1-fake-vio/logs/skrl/stage1_recovery_20260905/2026-09-05_11-37-52/2026-09-05_11-37-57_ppo_torch_stage1_mixed/checkpoints/agent_50400.pt,8358d49b14eff681c47b70db964f4007dbfd07e9212768e13dbf0c17f0afc8d8,150d107225160ac498040fa20d4ccf9e26ec2703,True,fixed_per_environment_quotas_v2,clean,11,36,True,True,6.0,,7,False,False,39.77565383911133,6.0,0.0,0.0002983447629958391,0.0
/home/donglei/isaac_projects/isaac_drone_racer/.worktrees/stage1-fake-vio/logs/skrl/stage1_recovery_20260905/2026-09-05_11-37-52/2026-09-05_11-37-57_ppo_torch_stage1_mixed/checkpoints/agent_50400.pt,8358d49b14eff681c47b70db964f4007dbfd07e9212768e13dbf0c17f0afc8d8,150d107225160ac498040fa20d4ccf9e26ec2703,True,fixed_per_environment_quotas_v2,clean,11,37,True,True,6.12,,7,False,False,39.63206481933594,6.12,0.0,0.0003133246791549027,0.0
/home/donglei/isaac_projects/isaac_drone_racer/.worktrees/stage1-fake-vio/logs/skrl/stage1_recovery_20260905/2026-09-05_11-37-52/2026-09-05_11-37-57_ppo_torch_stage1_mixed/checkpoints/agent_50400.pt,8358d49b14eff681c47b70db964f4007dbfd07e9212768e13dbf0c17f0afc8d8,150d107225160ac498040fa20d4ccf9e26ec2703,True,fixed_per_environment_quotas_v2,clean,11,38,True,True,6.140000000000001,,7,False,False,39.56294250488281,6.140000000000001,0.0,0.00031281396513804793,0.0
/home/donglei/isaac_projects/isaac_drone_racer/.worktrees/stage1-fake-vio/logs/skrl/stage1_recovery_20260905/2026-09-05_11-37-52/2026-09-05_11-37-57_ppo_torch_stage1_mixed/checkpoints/agent_50400.pt,8358d49b14eff681c47b70db964f4007dbfd07e9212768e13dbf0c17f0afc8d8,150d107225160ac498040fa20d4ccf9e26ec2703,True,fixed_per_environment_quotas_v2,clean,11,39,True,True,6.01,,7,False,False,39.56748962402344,6.01,0.0,0.0003495490818750113,0.0
/home/donglei/isaac_projects/isaac_drone_racer/.worktrees/stage1-fake-vio/logs/skrl/stage1_recovery_20260905/2026-09-05_11-37-52/2026-09-05_11-37-57_ppo_torch_stage1_mixed/checkpoints/agent_50400.pt,8358d49b14eff681c47b70db964f4007dbfd07e9212768e13dbf0c17f0afc8d8,150d107225160ac498040fa20d4ccf9e26ec2703,True,fixed_per_environment_quotas_v2,clean,11,40,True,True,5.95,,7,False,False,39.91920471191406,5.95,0.0,0.00033734223688952625,0.0
/home/donglei/isaac_projects/isaac_drone_racer/.worktrees/stage1-fake-vio/logs/skrl/stage1_recovery_20260905/2026-09-05_11-37-52/2026-09-05_11-37-57_ppo_torch_stage1_mixed/checkpoints/agent_50400.pt,8358d49b14eff681c47b70db964f4007dbfd07e9212768e13dbf0c17f0afc8d8,150d107225160ac498040fa20d4ccf9e26ec2703,True,fixed_per_environment_quotas_v2,clean,11,41,True,True,6.390000000000001,,7,False,False,39.69477081298828,6.390000000000001,0.0,0.0003126585215795785,0.0
/home/donglei/isaac_projects/isaac_drone_racer/.worktrees/stage1-fake-vio/logs/skrl/stage1_recovery_20260905/2026-09-05_11-37-52/2026-09-05_11-37-57_ppo_torch_stage1_mixed/checkpoints/agent_50400.pt,8358d49b14eff681c47b70db964f4007dbfd07e9212768e13dbf0c17f0afc8d8,150d107225160ac498040fa20d4ccf9e26ec2703,True,fixed_per_environment_quotas_v2,clean,11,42,True,True,5.94,,7,False,False,39.71993637084961,5.94,0.0,0.00030907601467333734,0.0
/home/donglei/isaac_projects/isaac_drone_racer/.worktrees/stage1-fake-vio/logs/skrl/stage1_recovery_20260905/2026-09-05_11-37-52/2026-09-05_11-37-57_ppo_torch_stage1_mixed/checkpoints/agent_50400.pt,8358d49b14eff681c47b70db964f4007dbfd07e9212768e13dbf0c17f0afc8d8,150d107225160ac498040fa20d4ccf9e26ec2703,True,fixed_per_environment_quotas_v2,clean,11,43,True,True,7.930000000000001,,7,False,False,35.701622009277344,7.930000000000001,0.0,0.00030232235440053046,0.0
/home/donglei/isaac_projects/isaac_drone_racer/.worktrees/stage1-fake-vio/logs/skrl/stage1_recovery_20260905/2026-09-05_11-37-52/2026-09-05_11-37-57_ppo_torch_stage1_mixed/checkpoints/agent_50400.pt,8358d49b14eff681c47b70db964f4007dbfd07e9212768e13dbf0c17f0afc8d8,150d107225160ac498040fa20d4ccf9e26ec2703,True,fixed_per_environment_quotas_v2,clean,11,44,True,True,5.97,,7,False,False,39.572872161865234,5.97,0.0,0.0003307943989057094,0.0
/home/donglei/isaac_projects/isaac_drone_racer/.worktrees/stage1-fake-vio/logs/skrl/stage1_recovery_20260905/2026-09-05_11-37-52/2026-09-05_11-37-57_ppo_torch_stage1_mixed/checkpoints/agent_50400.pt,8358d49b14eff681c47b70db964f4007dbfd07e9212768e13dbf0c17f0afc8d8,150d107225160ac498040fa20d4ccf9e26ec2703,True,fixed_per_environment_quotas_v2,clean,11,45,True,True,6.1000000000000005,,7,False,False,39.40418243408203,6.1000000000000005,0.0,0.00033199359313584864,0.0
/home/donglei/isaac_projects/isaac_drone_racer/.worktrees/stage1-fake-vio/logs/skrl/stage1_recovery_20260905/2026-09-05_11-37-52/2026-09-05_11-37-57_ppo_torch_stage1_mixed/checkpoints/agent_50400.pt,8358d49b14eff681c47b70db964f4007dbfd07e9212768e13dbf0c17f0afc8d8,150d107225160ac498040fa20d4ccf9e26ec2703,True,fixed_per_environment_quotas_v2,clean,11,46,True,True,5.84,,7,False,False,39.5674934387207,5.84,0.0,0.0003143194771837443,0.0
/home/donglei/isaac_projects/isaac_drone_racer/.worktrees/stage1-fake-vio/logs/skrl/stage1_recovery_20260905/2026-09-05_11-37-52/2026-09-05_11-37-57_ppo_torch_stage1_mixed/checkpoints/agent_50400.pt,8358d49b14eff681c47b70db964f4007dbfd07e9212768e13dbf0c17f0afc8d8,150d107225160ac498040fa20d4ccf9e26ec2703,True,fixed_per_environment_quotas_v2,clean,11,47,False,False,,2,6,True,False,30.719209671020508,5.89,0.0,0.00027586164651438594,0.0
/home/donglei/isaac_projects/isaac_drone_racer/.worktrees/stage1-fake-vio/logs/skrl/stage1_recovery_20260905/2026-09-05_11-37-52/2026-09-05_11-37-57_ppo_torch_stage1_mixed/checkpoints/agent_50400.pt,8358d49b14eff681c47b70db964f4007dbfd07e9212768e13dbf0c17f0afc8d8,150d107225160ac498040fa20d4ccf9e26ec2703,True,fixed_per_environment_quotas_v2,clean,11,48,True,True,6.12,,7,False,False,39.59559631347656,6.12,0.0,0.0002927559253294021,0.0
/home/donglei/isaac_projects/isaac_drone_racer/.worktrees/stage1-fake-vio/logs/skrl/stage1_recovery_20260905/2026-09-05_11-37-52/2026-09-05_11-37-57_ppo_torch_stage1_mixed/checkpoints/agent_50400.pt,8358d49b14eff681c47b70db964f4007dbfd07e9212768e13dbf0c17f0afc8d8,150d107225160ac498040fa20d4ccf9e26ec2703,True,fixed_per_environment_quotas_v2,clean,11,49,True,True,6.0600000000000005,,7,False,False,39.66877746582031,6.0600000000000005,0.0,0.00031236300128512084,0.0
/home/donglei/isaac_projects/isaac_drone_racer/.worktrees/stage1-fake-vio/logs/skrl/stage1_recovery_20260905/2026-09-05_11-37-52/2026-09-05_11-37-57_ppo_torch_stage1_mixed/checkpoints/agent_50400.pt,8358d49b14eff681c47b70db964f4007dbfd07e9212768e13dbf0c17f0afc8d8,150d107225160ac498040fa20d4ccf9e26ec2703,True,fixed_per_environment_quotas_v2,clean,11,50,False,False,,3,2,True,False,6.224137783050537,1.97,0.0,0.00033368050935678184,0.0
/home/donglei/isaac_projects/isaac_drone_racer/.worktrees/stage1-fake-vio/logs/skrl/stage1_recovery_20260905/2026-09-05_11-37-52/2026-09-05_11-37-57_ppo_torch_stage1_mixed/checkpoints/agent_50400.pt,8358d49b14eff681c47b70db964f4007dbfd07e9212768e13dbf0c17f0afc8d8,150d107225160ac498040fa20d4ccf9e26ec2703,True,fixed_per_environment_quotas_v2,clean,11,51,True,True,5.83,,7,False,False,39.74982833862305,5.83,0.0,0.000305353692965582,0.0
/home/donglei/isaac_projects/isaac_drone_racer/.worktrees/stage1-fake-vio/logs/skrl/stage1_recovery_20260905/2026-09-05_11-37-52/2026-09-05_11-37-57_ppo_torch_stage1_mixed/checkpoints/agent_50400.pt,8358d49b14eff681c47b70db964f4007dbfd07e9212768e13dbf0c17f0afc8d8,150d107225160ac498040fa20d4ccf9e26ec2703,True,fixed_per_environment_quotas_v2,clean,11,52,False,False,,4,0,True,False,-2.246375560760498,1.35,0.0,0.00030304340180009604,0.0
/home/donglei/isaac_projects/isaac_drone_racer/.worktrees/stage1-fake-vio/logs/skrl/stage1_recovery_20260905/2026-09-05_11-37-52/2026-09-05_11-37-57_ppo_torch_stage1_mixed/checkpoints/agent_50400.pt,8358d49b14eff681c47b70db964f4007dbfd07e9212768e13dbf0c17f0afc8d8,150d107225160ac498040fa20d4ccf9e26ec2703,True,fixed_per_environment_quotas_v2,clean,11,53,True,True,5.7700000000000005,,7,False,False,39.36930465698242,5.7700000000000005,0.0,0.0003340135153848678,0.0
/home/donglei/isaac_projects/isaac_drone_racer/.worktrees/stage1-fake-vio/logs/skrl/stage1_recovery_20260905/2026-09-05_11-37-52/2026-09-05_11-37-57_ppo_torch_stage1_mixed/checkpoints/agent_50400.pt,8358d49b14eff681c47b70db964f4007dbfd07e9212768e13dbf0c17f0afc8d8,150d107225160ac498040fa20d4ccf9e26ec2703,True,fixed_per_environment_quotas_v2,clean,11,54,True,True,6.09,,7,False,False,39.53398513793945,6.09,0.0,0.00031781269353814423,0.0
/home/donglei/isaac_projects/isaac_drone_racer/.worktrees/stage1-fake-vio/logs/skrl/stage1_recovery_20260905/2026-09-05_11-37-52/2026-09-05_11-37-57_ppo_torch_stage1_mixed/checkpoints/agent_50400.pt,8358d49b14eff681c47b70db964f4007dbfd07e9212768e13dbf0c17f0afc8d8,150d107225160ac498040fa20d4ccf9e26ec2703,True,fixed_per_environment_quotas_v2,clean,11,55,True,True,5.98,,7,False,False,39.64832305908203,5.98,0.0,0.00032443032250739634,0.0
/home/donglei/isaac_projects/isaac_drone_racer/.worktrees/stage1-fake-vio/logs/skrl/stage1_recovery_20260905/2026-09-05_11-37-52/2026-09-05_11-37-57_ppo_torch_stage1_mixed/checkpoints/agent_50400.pt,8358d49b14eff681c47b70db964f4007dbfd07e9212768e13dbf0c17f0afc8d8,150d107225160ac498040fa20d4ccf9e26ec2703,True,fixed_per_environment_quotas_v2,clean,11,56,True,True,5.88,,7,False,False,39.836456298828125,5.88,0.0,0.0003106489311903715,0.0
/home/donglei/isaac_projects/isaac_drone_racer/.worktrees/stage1-fake-vio/logs/skrl/stage1_recovery_20260905/2026-09-05_11-37-52/2026-09-05_11-37-57_ppo_torch_stage1_mixed/checkpoints/agent_50400.pt,8358d49b14eff681c47b70db964f4007dbfd07e9212768e13dbf0c17f0afc8d8,150d107225160ac498040fa20d4ccf9e26ec2703,True,fixed_per_environment_quotas_v2,clean,11,57,True,True,6.0,,7,False,False,39.54421615600586,6.0,0.0,0.000327549030771479,0.0
/home/donglei/isaac_projects/isaac_drone_racer/.worktrees/stage1-fake-vio/logs/skrl/stage1_recovery_20260905/2026-09-05_11-37-52/2026-09-05_11-37-57_ppo_torch_stage1_mixed/checkpoints/agent_50400.pt,8358d49b14eff681c47b70db964f4007dbfd07e9212768e13dbf0c17f0afc8d8,150d107225160ac498040fa20d4ccf9e26ec2703,True,fixed_per_environment_quotas_v2,clean,11,58,True,True,5.98,,7,False,False,39.5800895690918,5.98,0.0,0.00030149967642500997,0.0
/home/donglei/isaac_projects/isaac_drone_racer/.worktrees/stage1-fake-vio/logs/skrl/stage1_recovery_20260905/2026-09-05_11-37-52/2026-09-05_11-37-57_ppo_torch_stage1_mixed/checkpoints/agent_50400.pt,8358d49b14eff681c47b70db964f4007dbfd07e9212768e13dbf0c17f0afc8d8,150d107225160ac498040fa20d4ccf9e26ec2703,True,fixed_per_environment_quotas_v2,clean,11,59,True,True,5.88,,7,False,False,39.808753967285156,5.88,0.0,0.0003000253054779023,0.0
/home/donglei/isaac_projects/isaac_drone_racer/.worktrees/stage1-fake-vio/logs/skrl/stage1_recovery_20260905/2026-09-05_11-37-52/2026-09-05_11-37-57_ppo_torch_stage1_mixed/checkpoints/agent_50400.pt,8358d49b14eff681c47b70db964f4007dbfd07e9212768e13dbf0c17f0afc8d8,150d107225160ac498040fa20d4ccf9e26ec2703,True,fixed_per_environment_quotas_v2,clean,11,60,True,True,5.89,,7,False,False,39.49443054199219,5.89,0.0,0.000326899578794837,0.0
/home/donglei/isaac_projects/isaac_drone_racer/.worktrees/stage1-fake-vio/logs/skrl/stage1_recovery_20260905/2026-09-05_11-37-52/2026-09-05_11-37-57_ppo_torch_stage1_mixed/checkpoints/agent_50400.pt,8358d49b14eff681c47b70db964f4007dbfd07e9212768e13dbf0c17f0afc8d8,150d107225160ac498040fa20d4ccf9e26ec2703,True,fixed_per_environment_quotas_v2,clean,11,61,True,True,5.8,,7,False,False,39.84351348876953,5.8,0.0,0.00031670212047174573,0.0
/home/donglei/isaac_projects/isaac_drone_racer/.worktrees/stage1-fake-vio/logs/skrl/stage1_recovery_20260905/2026-09-05_11-37-52/2026-09-05_11-37-57_ppo_torch_stage1_mixed/checkpoints/agent_50400.pt,8358d49b14eff681c47b70db964f4007dbfd07e9212768e13dbf0c17f0afc8d8,150d107225160ac498040fa20d4ccf9e26ec2703,True,fixed_per_environment_quotas_v2,clean,11,62,True,True,6.32,,7,False,False,39.73759460449219,6.32,0.0,0.00029711148818023503,0.0
/home/donglei/isaac_projects/isaac_drone_racer/.worktrees/stage1-fake-vio/logs/skrl/stage1_recovery_20260905/2026-09-05_11-37-52/2026-09-05_11-37-57_ppo_torch_stage1_mixed/checkpoints/agent_50400.pt,8358d49b14eff681c47b70db964f4007dbfd07e9212768e13dbf0c17f0afc8d8,150d107225160ac498040fa20d4ccf9e26ec2703,True,fixed_per_environment_quotas_v2,clean,11,63,True,True,6.91,,7,False,False,39.43134307861328,6.91,0.0,0.0003249314322602004,0.0
/home/donglei/isaac_projects/isaac_drone_racer/.worktrees/stage1-fake-vio/logs/skrl/stage1_recovery_20260905/2026-09-05_11-37-52/2026-09-05_11-37-57_ppo_torch_stage1_mixed/checkpoints/agent_50400.pt,8358d49b14eff681c47b70db964f4007dbfd07e9212768e13dbf0c17f0afc8d8,150d107225160ac498040fa20d4ccf9e26ec2703,True,fixed_per_environment_quotas_v2,clean,11,64,True,True,6.0200000000000005,,7,False,False,39.88237762451172,6.0200000000000005,0.0,0.0003233506577089429,0.0
/home/donglei/isaac_projects/isaac_drone_racer/.worktrees/stage1-fake-vio/logs/skrl/stage1_recovery_20260905/2026-09-05_11-37-52/2026-09-05_11-37-57_ppo_torch_stage1_mixed/checkpoints/agent_50400.pt,8358d49b14eff681c47b70db964f4007dbfd07e9212768e13dbf0c17f0afc8d8,150d107225160ac498040fa20d4ccf9e26ec2703,True,fixed_per_environment_quotas_v2,clean,11,65,True,True,6.08,,7,False,False,39.634239196777344,6.08,0.0,0.00032175122760236263,0.0
/home/donglei/isaac_projects/isaac_drone_racer/.worktrees/stage1-fake-vio/logs/skrl/stage1_recovery_20260905/2026-09-05_11-37-52/2026-09-05_11-37-57_ppo_torch_stage1_mixed/checkpoints/agent_50400.pt,8358d49b14eff681c47b70db964f4007dbfd07e9212768e13dbf0c17f0afc8d8,150d107225160ac498040fa20d4ccf9e26ec2703,True,fixed_per_environment_quotas_v2,clean,11,66,True,True,6.1000000000000005,,7,False,False,39.459293365478516,6.1000000000000005,0.0,0.0002781875664368272,0.0
/home/donglei/isaac_projects/isaac_drone_racer/.worktrees/stage1-fake-vio/logs/skrl/stage1_recovery_20260905/2026-09-05_11-37-52/2026-09-05_11-37-57_ppo_torch_stage1_mixed/checkpoints/agent_50400.pt,8358d49b14eff681c47b70db964f4007dbfd07e9212768e13dbf0c17f0afc8d8,150d107225160ac498040fa20d4ccf9e26ec2703,True,fixed_per_environment_quotas_v2,clean,11,67,True,True,6.19,,7,False,False,39.60077667236328,6.19,0.0,0.00030781677924096584,0.0
/home/donglei/isaac_projects/isaac_drone_racer/.worktrees/stage1-fake-vio/logs/skrl/stage1_recovery_20260905/2026-09-05_11-37-52/2026-09-05_11-37-57_ppo_torch_stage1_mixed/checkpoints/agent_50400.pt,8358d49b14eff681c47b70db964f4007dbfd07e9212768e13dbf0c17f0afc8d8,150d107225160ac498040fa20d4ccf9e26ec2703,True,fixed_per_environment_quotas_v2,clean,11,68,True,True,6.0,,7,False,False,39.778472900390625,6.0,0.0,0.00033593372791074216,0.0
/home/donglei/isaac_projects/isaac_drone_racer/.worktrees/stage1-fake-vio/logs/skrl/stage1_recovery_20260905/2026-09-05_11-37-52/2026-09-05_11-37-57_ppo_torch_stage1_mixed/checkpoints/agent_50400.pt,8358d49b14eff681c47b70db964f4007dbfd07e9212768e13dbf0c17f0afc8d8,150d107225160ac498040fa20d4ccf9e26ec2703,True,fixed_per_environment_quotas_v2,clean,11,69,True,True,6.08,,7,False,False,39.87129211425781,6.08,0.0,0.0003193044103682041,0.0
/home/donglei/isaac_projects/isaac_drone_racer/.worktrees/stage1-fake-vio/logs/skrl/stage1_recovery_20260905/2026-09-05_11-37-52/2026-09-05_11-37-57_ppo_torch_stage1_mixed/checkpoints/agent_50400.pt,8358d49b14eff681c47b70db964f4007dbfd07e9212768e13dbf0c17f0afc8d8,150d107225160ac498040fa20d4ccf9e26ec2703,True,fixed_per_environment_quotas_v2,clean,11,70,True,True,6.16,,7,False,False,39.40946960449219,6.16,0.0,0.0003256529162172228,0.0
/home/donglei/isaac_projects/isaac_drone_racer/.worktrees/stage1-fake-vio/logs/skrl/stage1_recovery_20260905/2026-09-05_11-37-52/2026-09-05_11-37-57_ppo_torch_stage1_mixed/checkpoints/agent_50400.pt,8358d49b14eff681c47b70db964f4007dbfd07e9212768e13dbf0c17f0afc8d8,150d107225160ac498040fa20d4ccf9e26ec2703,True,fixed_per_environment_quotas_v2,clean,11,71,True,True,6.05,,7,False,False,39.89389419555664,6.05,0.0,0.00028904154896736145,0.0
/home/donglei/isaac_projects/isaac_drone_racer/.worktrees/stage1-fake-vio/logs/skrl/stage1_recovery_20260905/2026-09-05_11-37-52/2026-09-05_11-37-57_ppo_torch_stage1_mixed/checkpoints/agent_50400.pt,8358d49b14eff681c47b70db964f4007dbfd07e9212768e13dbf0c17f0afc8d8,150d107225160ac498040fa20d4ccf9e26ec2703,True,fixed_per_environment_quotas_v2,clean,11,72,True,True,6.01,,7,False,False,39.838558197021484,6.01,0.0,0.0003403488080948591,0.0
/home/donglei/isaac_projects/isaac_drone_racer/.worktrees/stage1-fake-vio/logs/skrl/stage1_recovery_20260905/2026-09-05_11-37-52/2026-09-05_11-37-57_ppo_torch_stage1_mixed/checkpoints/agent_50400.pt,8358d49b14eff681c47b70db964f4007dbfd07e9212768e13dbf0c17f0afc8d8,150d107225160ac498040fa20d4ccf9e26ec2703,True,fixed_per_environment_quotas_v2,clean,11,73,True,True,5.95,,7,False,False,39.841793060302734,5.95,0.0,0.0003114004503004253,0.0
/home/donglei/isaac_projects/isaac_drone_racer/.worktrees/stage1-fake-vio/logs/skrl/stage1_recovery_20260905/2026-09-05_11-37-52/2026-09-05_11-37-57_ppo_torch_stage1_mixed/checkpoints/agent_50400.pt,8358d49b14eff681c47b70db964f4007dbfd07e9212768e13dbf0c17f0afc8d8,150d107225160ac498040fa20d4ccf9e26ec2703,True,fixed_per_environment_quotas_v2,clean,11,74,True,True,6.25,,7,False,False,39.73220443725586,6.25,0.0,0.0003371616476215422,0.0
/home/donglei/isaac_projects/isaac_drone_racer/.worktrees/stage1-fake-vio/logs/skrl/stage1_recovery_20260905/2026-09-05_11-37-52/2026-09-05_11-37-57_ppo_torch_stage1_mixed/checkpoints/agent_50400.pt,8358d49b14eff681c47b70db964f4007dbfd07e9212768e13dbf0c17f0afc8d8,150d107225160ac498040fa20d4ccf9e26ec2703,True,fixed_per_environment_quotas_v2,clean,11,75,True,True,5.92,,7,False,False,39.47488021850586,5.92,0.0,0.00032483277027495205,0.0
/home/donglei/isaac_projects/isaac_drone_racer/.worktrees/stage1-fake-vio/logs/skrl/stage1_recovery_20260905/2026-09-05_11-37-52/2026-09-05_11-37-57_ppo_torch_stage1_mixed/checkpoints/agent_50400.pt,8358d49b14eff681c47b70db964f4007dbfd07e9212768e13dbf0c17f0afc8d8,150d107225160ac498040fa20d4ccf9e26ec2703,True,fixed_per_environment_quotas_v2,clean,11,76,True,True,6.29,,7,False,False,39.82181930541992,6.29,0.0,0.0003222700906917453,0.0
/home/donglei/isaac_projects/isaac_drone_racer/.worktrees/stage1-fake-vio/logs/skrl/stage1_recovery_20260905/2026-09-05_11-37-52/2026-09-05_11-37-57_ppo_torch_stage1_mixed/checkpoints/agent_50400.pt,8358d49b14eff681c47b70db964f4007dbfd07e9212768e13dbf0c17f0afc8d8,150d107225160ac498040fa20d4ccf9e26ec2703,True,fixed_per_environment_quotas_v2,clean,11,77,True,True,6.0600000000000005,,7,False,False,39.738616943359375,6.0600000000000005,0.0,0.0003111009136773646,0.0
/home/donglei/isaac_projects/isaac_drone_racer/.worktrees/stage1-fake-vio/logs/skrl/stage1_recovery_20260905/2026-09-05_11-37-52/2026-09-05_11-37-57_ppo_torch_stage1_mixed/checkpoints/agent_50400.pt,8358d49b14eff681c47b70db964f4007dbfd07e9212768e13dbf0c17f0afc8d8,150d107225160ac498040fa20d4ccf9e26ec2703,True,fixed_per_environment_quotas_v2,clean,11,78,True,True,6.0,,7,False,False,39.752235412597656,6.0,0.0,0.0003164424269925803,0.0
/home/donglei/isaac_projects/isaac_drone_racer/.worktrees/stage1-fake-vio/logs/skrl/stage1_recovery_20260905/2026-09-05_11-37-52/2026-09-05_11-37-57_ppo_torch_stage1_mixed/checkpoints/agent_50400.pt,8358d49b14eff681c47b70db964f4007dbfd07e9212768e13dbf0c17f0afc8d8,150d107225160ac498040fa20d4ccf9e26ec2703,True,fixed_per_environment_quotas_v2,clean,11,79,True,True,6.09,,7,False,False,39.807594299316406,6.09,0.0,0.00030906961183063686,0.0
/home/donglei/isaac_projects/isaac_drone_racer/.worktrees/stage1-fake-vio/logs/skrl/stage1_recovery_20260905/2026-09-05_11-37-52/2026-09-05_11-37-57_ppo_torch_stage1_mixed/checkpoints/agent_50400.pt,8358d49b14eff681c47b70db964f4007dbfd07e9212768e13dbf0c17f0afc8d8,150d107225160ac498040fa20d4ccf9e26ec2703,True,fixed_per_environment_quotas_v2,clean,11,80,True,True,6.11,,7,False,False,39.628150939941406,6.11,0.0,0.000308563350699842,0.0
/home/donglei/isaac_projects/isaac_drone_racer/.worktrees/stage1-fake-vio/logs/skrl/stage1_recovery_20260905/2026-09-05_11-37-52/2026-09-05_11-37-57_ppo_torch_stage1_mixed/checkpoints/agent_50400.pt,8358d49b14eff681c47b70db964f4007dbfd07e9212768e13dbf0c17f0afc8d8,150d107225160ac498040fa20d4ccf9e26ec2703,True,fixed_per_environment_quotas_v2,clean,11,81,True,True,6.08,,7,False,False,39.41556930541992,6.08,0.0,0.0003253869654145092,0.0
/home/donglei/isaac_projects/isaac_drone_racer/.worktrees/stage1-fake-vio/logs/skrl/stage1_recovery_20260905/2026-09-05_11-37-52/2026-09-05_11-37-57_ppo_torch_stage1_mixed/checkpoints/agent_50400.pt,8358d49b14eff681c47b70db964f4007dbfd07e9212768e13dbf0c17f0afc8d8,150d107225160ac498040fa20d4ccf9e26ec2703,True,fixed_per_environment_quotas_v2,clean,11,82,True,True,6.0,,7,False,False,39.85380554199219,6.0,0.0,0.000327549030771479,0.0
/home/donglei/isaac_projects/isaac_drone_racer/.worktrees/stage1-fake-vio/logs/skrl/stage1_recovery_20260905/2026-09-05_11-37-52/2026-09-05_11-37-57_ppo_torch_stage1_mixed/checkpoints/agent_50400.pt,8358d49b14eff681c47b70db964f4007dbfd07e9212768e13dbf0c17f0afc8d8,150d107225160ac498040fa20d4ccf9e26ec2703,True,fixed_per_environment_quotas_v2,clean,11,83,True,True,5.95,,7,False,False,39.38105010986328,5.95,0.0,0.0002759232884272933,0.0
/home/donglei/isaac_projects/isaac_drone_racer/.worktrees/stage1-fake-vio/logs/skrl/stage1_recovery_20260905/2026-09-05_11-37-52/2026-09-05_11-37-57_ppo_torch_stage1_mixed/checkpoints/agent_50400.pt,8358d49b14eff681c47b70db964f4007dbfd07e9212768e13dbf0c17f0afc8d8,150d107225160ac498040fa20d4ccf9e26ec2703,True,fixed_per_environment_quotas_v2,clean,11,84,True,True,5.96,,7,False,False,39.449886322021484,5.96,0.0,0.00032986130099743605,0.0
/home/donglei/isaac_projects/isaac_drone_racer/.worktrees/stage1-fake-vio/logs/skrl/stage1_recovery_20260905/2026-09-05_11-37-52/2026-09-05_11-37-57_ppo_torch_stage1_mixed/checkpoints/agent_50400.pt,8358d49b14eff681c47b70db964f4007dbfd07e9212768e13dbf0c17f0afc8d8,150d107225160ac498040fa20d4ccf9e26ec2703,True,fixed_per_environment_quotas_v2,clean,11,85,False,False,,2,1,True,False,0.5559711456298828,1.1500000000000001,0.0,0.00034676489303819835,0.0
/home/donglei/isaac_projects/isaac_drone_racer/.worktrees/stage1-fake-vio/logs/skrl/stage1_recovery_20260905/2026-09-05_11-37-52/2026-09-05_11-37-57_ppo_torch_stage1_mixed/checkpoints/agent_50400.pt,8358d49b14eff681c47b70db964f4007dbfd07e9212768e13dbf0c17f0afc8d8,150d107225160ac498040fa20d4ccf9e26ec2703,True,fixed_per_environment_quotas_v2,clean,11,86,True,True,6.15,,7,False,False,39.77169418334961,6.15,0.0,0.0003211243893019855,0.0
/home/donglei/isaac_projects/isaac_drone_racer/.worktrees/stage1-fake-vio/logs/skrl/stage1_recovery_20260905/2026-09-05_11-37-52/2026-09-05_11-37-57_ppo_torch_stage1_mixed/checkpoints/agent_50400.pt,8358d49b14eff681c47b70db964f4007dbfd07e9212768e13dbf0c17f0afc8d8,150d107225160ac498040fa20d4ccf9e26ec2703,True,fixed_per_environment_quotas_v2,clean,11,87,False,False,,5,1,True,False,1.2459931373596191,2.11,0.0,0.00030065872124396265,0.0
/home/donglei/isaac_projects/isaac_drone_racer/.worktrees/stage1-fake-vio/logs/skrl/stage1_recovery_20260905/2026-09-05_11-37-52/2026-09-05_11-37-57_ppo_torch_stage1_mixed/checkpoints/agent_50400.pt,8358d49b14eff681c47b70db964f4007dbfd07e9212768e13dbf0c17f0afc8d8,150d107225160ac498040fa20d4ccf9e26ec2703,True,fixed_per_environment_quotas_v2,clean,11,88,False,False,,3,2,False,True,4.058436393737793,2.5,0.0,0.0002727390674408525,0.0
/home/donglei/isaac_projects/isaac_drone_racer/.worktrees/stage1-fake-vio/logs/skrl/stage1_recovery_20260905/2026-09-05_11-37-52/2026-09-05_11-37-57_ppo_torch_stage1_mixed/checkpoints/agent_50400.pt,8358d49b14eff681c47b70db964f4007dbfd07e9212768e13dbf0c17f0afc8d8,150d107225160ac498040fa20d4ccf9e26ec2703,True,fixed_per_environment_quotas_v2,clean,11,89,True,True,5.98,,7,False,False,39.62688064575195,5.98,0.0,0.00030933215748518705,0.0
/home/donglei/isaac_projects/isaac_drone_racer/.worktrees/stage1-fake-vio/logs/skrl/stage1_recovery_20260905/2026-09-05_11-37-52/2026-09-05_11-37-57_ppo_torch_stage1_mixed/checkpoints/agent_50400.pt,8358d49b14eff681c47b70db964f4007dbfd07e9212768e13dbf0c17f0afc8d8,150d107225160ac498040fa20d4ccf9e26ec2703,True,fixed_per_environment_quotas_v2,clean,11,90,True,True,5.9,,7,False,False,39.799922943115234,5.9,0.0,0.0003191128489561379,0.0
/home/donglei/isaac_projects/isaac_drone_racer/.worktrees/stage1-fake-vio/logs/skrl/stage1_recovery_20260905/2026-09-05_11-37-52/2026-09-05_11-37-57_ppo_torch_stage1_mixed/checkpoints/agent_50400.pt,8358d49b14eff681c47b70db964f4007dbfd07e9212768e13dbf0c17f0afc8d8,150d107225160ac498040fa20d4ccf9e26ec2703,True,fixed_per_environment_quotas_v2,clean,11,91,True,True,5.87,,7,False,False,39.3040885925293,5.87,0.0,0.0003199272614438087,0.0
/home/donglei/isaac_projects/isaac_drone_racer/.worktrees/stage1-fake-vio/logs/skrl/stage1_recovery_20260905/2026-09-05_11-37-52/2026-09-05_11-37-57_ppo_torch_stage1_mixed/checkpoints/agent_50400.pt,8358d49b14eff681c47b70db964f4007dbfd07e9212768e13dbf0c17f0afc8d8,150d107225160ac498040fa20d4ccf9e26ec2703,True,fixed_per_environment_quotas_v2,clean,11,92,True,True,5.8500000000000005,,7,False,False,39.64017868041992,5.8500000000000005,0.0,0.00031405073241330683,0.0
/home/donglei/isaac_projects/isaac_drone_racer/.worktrees/stage1-fake-vio/logs/skrl/stage1_recovery_20260905/2026-09-05_11-37-52/2026-09-05_11-37-57_ppo_torch_stage1_mixed/checkpoints/agent_50400.pt,8358d49b14eff681c47b70db964f4007dbfd07e9212768e13dbf0c17f0afc8d8,150d107225160ac498040fa20d4ccf9e26ec2703,True,fixed_per_environment_quotas_v2,clean,11,93,False,False,,2,4,True,False,17.896419525146484,3.97,0.0,0.00032878428464755416,0.0
/home/donglei/isaac_projects/isaac_drone_racer/.worktrees/stage1-fake-vio/logs/skrl/stage1_recovery_20260905/2026-09-05_11-37-52/2026-09-05_11-37-57_ppo_torch_stage1_mixed/checkpoints/agent_50400.pt,8358d49b14eff681c47b70db964f4007dbfd07e9212768e13dbf0c17f0afc8d8,150d107225160ac498040fa20d4ccf9e26ec2703,True,fixed_per_environment_quotas_v2,clean,11,94,True,True,6.19,,7,False,False,39.46699523925781,6.19,0.0,0.000300215178867802,0.0
/home/donglei/isaac_projects/isaac_drone_racer/.worktrees/stage1-fake-vio/logs/skrl/stage1_recovery_20260905/2026-09-05_11-37-52/2026-09-05_11-37-57_ppo_torch_stage1_mixed/checkpoints/agent_50400.pt,8358d49b14eff681c47b70db964f4007dbfd07e9212768e13dbf0c17f0afc8d8,150d107225160ac498040fa20d4ccf9e26ec2703,True,fixed_per_environment_quotas_v2,clean,11,95,True,True,5.94,,7,False,False,39.5936393737793,5.94,0.0,0.00032797761377878487,0.0
/home/donglei/isaac_projects/isaac_drone_racer/.worktrees/stage1-fake-vio/logs/skrl/stage1_recovery_20260905/2026-09-05_11-37-52/2026-09-05_11-37-57_ppo_torch_stage1_mixed/checkpoints/agent_50400.pt,8358d49b14eff681c47b70db964f4007dbfd07e9212768e13dbf0c17f0afc8d8,150d107225160ac498040fa20d4ccf9e26ec2703,True,fixed_per_environment_quotas_v2,clean,11,96,True,True,6.08,,7,False,False,39.45236587524414,6.08,0.0,0.00031559864873997867,0.0
/home/donglei/isaac_projects/isaac_drone_racer/.worktrees/stage1-fake-vio/logs/skrl/stage1_recovery_20260905/2026-09-05_11-37-52/2026-09-05_11-37-57_ppo_torch_stage1_mixed/checkpoints/agent_50400.pt,8358d49b14eff681c47b70db964f4007dbfd07e9212768e13dbf0c17f0afc8d8,150d107225160ac498040fa20d4ccf9e26ec2703,True,fixed_per_environment_quotas_v2,clean,11,97,False,False,,1,5,True,False,24.58610725402832,5.04,0.0,0.0003151842101942748,0.0
/home/donglei/isaac_projects/isaac_drone_racer/.worktrees/stage1-fake-vio/logs/skrl/stage1_recovery_20260905/2026-09-05_11-37-52/2026-09-05_11-37-57_ppo_torch_stage1_mixed/checkpoints/agent_50400.pt,8358d49b14eff681c47b70db964f4007dbfd07e9212768e13dbf0c17f0afc8d8,150d107225160ac498040fa20d4ccf9e26ec2703,True,fixed_per_environment_quotas_v2,clean,11,98,True,True,5.94,,7,False,False,39.70589065551758,5.94,0.0,0.00030383706325665116,0.0
/home/donglei/isaac_projects/isaac_drone_racer/.worktrees/stage1-fake-vio/logs/skrl/stage1_recovery_20260905/2026-09-05_11-37-52/2026-09-05_11-37-57_ppo_torch_stage1_mixed/checkpoints/agent_50400.pt,8358d49b14eff681c47b70db964f4007dbfd07e9212768e13dbf0c17f0afc8d8,150d107225160ac498040fa20d4ccf9e26ec2703,True,fixed_per_environment_quotas_v2,clean,11,99,True,True,6.01,,7,False,False,39.62034225463867,6.01,0.0,0.0003186785033904016,0.0
/home/donglei/isaac_projects/isaac_drone_racer/.worktrees/stage1-fake-vio/logs/skrl/stage1_recovery_20260905/2026-09-05_11-37-52/2026-09-05_11-37-57_ppo_torch_stage1_mixed/checkpoints/agent_50400.pt,8358d49b14eff681c47b70db964f4007dbfd07e9212768e13dbf0c17f0afc8d8,150d107225160ac498040fa20d4ccf9e26ec2703,True,fixed_per_environment_quotas_v2,clean,11,100,True,True,6.3500000000000005,,7,False,False,39.80097579956055,6.3500000000000005,0.0,0.0003051469393540174,0.0
/home/donglei/isaac_projects/isaac_drone_racer/.worktrees/stage1-fake-vio/logs/skrl/stage1_recovery_20260905/2026-09-05_11-37-52/2026-09-05_11-37-57_ppo_torch_stage1_mixed/checkpoints/agent_50400.pt,8358d49b14eff681c47b70db964f4007dbfd07e9212768e13dbf0c17f0afc8d8,150d107225160ac498040fa20d4ccf9e26ec2703,True,fixed_per_environment_quotas_v2,clean,11,101,True,True,6.21,,7,False,False,39.619140625,6.21,0.0,0.00031594460597261786,0.0
/home/donglei/isaac_projects/isaac_drone_racer/.worktrees/stage1-fake-vio/logs/skrl/stage1_recovery_20260905/2026-09-05_11-37-52/2026-09-05_11-37-57_ppo_torch_stage1_mixed/checkpoints/agent_50400.pt,8358d49b14eff681c47b70db964f4007dbfd07e9212768e13dbf0c17f0afc8d8,150d107225160ac498040fa20d4ccf9e26ec2703,True,fixed_per_environment_quotas_v2,clean,11,102,True,True,6.33,,7,False,False,39.547271728515625,6.33,0.0,0.00032474854378961027,0.0
/home/donglei/isaac_projects/isaac_drone_racer/.worktrees/stage1-fake-vio/logs/skrl/stage1_recovery_20260905/2026-09-05_11-37-52/2026-09-05_11-37-57_ppo_torch_stage1_mixed/checkpoints/agent_50400.pt,8358d49b14eff681c47b70db964f4007dbfd07e9212768e13dbf0c17f0afc8d8,150d107225160ac498040fa20d4ccf9e26ec2703,True,fixed_per_environment_quotas_v2,clean,11,103,True,True,5.97,,7,False,False,39.72148895263672,5.97,0.0,0.0002710764529183507,0.0
/home/donglei/isaac_projects/isaac_drone_racer/.worktrees/stage1-fake-vio/logs/skrl/stage1_recovery_20260905/2026-09-05_11-37-52/2026-09-05_11-37-57_ppo_torch_stage1_mixed/checkpoints/agent_50400.pt,8358d49b14eff681c47b70db964f4007dbfd07e9212768e13dbf0c17f0afc8d8,150d107225160ac498040fa20d4ccf9e26ec2703,True,fixed_per_environment_quotas_v2,clean,11,104,True,True,6.18,,7,False,False,39.80292892456055,6.18,0.0,0.000299171224469319,0.0
/home/donglei/isaac_projects/isaac_drone_racer/.worktrees/stage1-fake-vio/logs/skrl/stage1_recovery_20260905/2026-09-05_11-37-52/2026-09-05_11-37-57_ppo_torch_stage1_mixed/checkpoints/agent_50400.pt,8358d49b14eff681c47b70db964f4007dbfd07e9212768e13dbf0c17f0afc8d8,150d107225160ac498040fa20d4ccf9e26ec2703,True,fixed_per_environment_quotas_v2,clean,11,105,True,True,5.98,,7,False,False,39.7474365234375,5.98,0.0,0.0003041329327970743,0.0
/home/donglei/isaac_projects/isaac_drone_racer/.worktrees/stage1-fake-vio/logs/skrl/stage1_recovery_20260905/2026-09-05_11-37-52/2026-09-05_11-37-57_ppo_torch_stage1_mixed/checkpoints/agent_50400.pt,8358d49b14eff681c47b70db964f4007dbfd07e9212768e13dbf0c17f0afc8d8,150d107225160ac498040fa20d4ccf9e26ec2703,True,fixed_per_environment_quotas_v2,clean,11,106,True,True,6.21,,7,False,False,39.64846420288086,6.21,0.0,0.00028529370320029557,0.0
/home/donglei/isaac_projects/isaac_drone_racer/.worktrees/stage1-fake-vio/logs/skrl/stage1_recovery_20260905/2026-09-05_11-37-52/2026-09-05_11-37-57_ppo_torch_stage1_mixed/checkpoints/agent_50400.pt,8358d49b14eff681c47b70db964f4007dbfd07e9212768e13dbf0c17f0afc8d8,150d107225160ac498040fa20d4ccf9e26ec2703,True,fixed_per_environment_quotas_v2,clean,11,107,True,True,5.9,,7,False,False,39.50289535522461,5.9,0.0,0.00029407013789750636,0.0
/home/donglei/isaac_projects/isaac_drone_racer/.worktrees/stage1-fake-vio/logs/skrl/stage1_recovery_20260905/2026-09-05_11-37-52/2026-09-05_11-37-57_ppo_torch_stage1_mixed/checkpoints/agent_50400.pt,8358d49b14eff681c47b70db964f4007dbfd07e9212768e13dbf0c17f0afc8d8,150d107225160ac498040fa20d4ccf9e26ec2703,True,fixed_per_environment_quotas_v2,clean,11,108,True,True,6.0200000000000005,,7,False,False,39.71844482421875,6.0200000000000005,0.0,0.00032941781682893634,0.0
/home/donglei/isaac_projects/isaac_drone_racer/.worktrees/stage1-fake-vio/logs/skrl/stage1_recovery_20260905/2026-09-05_11-37-52/2026-09-05_11-37-57_ppo_torch_stage1_mixed/checkpoints/agent_50400.pt,8358d49b14eff681c47b70db964f4007dbfd07e9212768e13dbf0c17f0afc8d8,150d107225160ac498040fa20d4ccf9e26ec2703,True,fixed_per_environment_quotas_v2,clean,11,109,True,True,6.2,,7,False,False,39.55337905883789,6.2,0.0,0.0003174130979459733,0.0
/home/donglei/isaac_projects/isaac_drone_racer/.worktrees/stage1-fake-vio/logs/skrl/stage1_recovery_20260905/2026-09-05_11-37-52/2026-09-05_11-37-57_ppo_torch_stage1_mixed/checkpoints/agent_50400.pt,8358d49b14eff681c47b70db964f4007dbfd07e9212768e13dbf0c17f0afc8d8,150d107225160ac498040fa20d4ccf9e26ec2703,True,fixed_per_environment_quotas_v2,clean,11,110,True,True,6.140000000000001,,7,False,False,39.539894104003906,6.140000000000001,0.0,0.00032855512108653784,0.0
/home/donglei/isaac_projects/isaac_drone_racer/.worktrees/stage1-fake-vio/logs/skrl/stage1_recovery_20260905/2026-09-05_11-37-52/2026-09-05_11-37-57_ppo_torch_stage1_mixed/checkpoints/agent_50400.pt,8358d49b14eff681c47b70db964f4007dbfd07e9212768e13dbf0c17f0afc8d8,150d107225160ac498040fa20d4ccf9e26ec2703,True,fixed_per_environment_quotas_v2,clean,11,111,True,True,5.94,,7,False,False,39.5560302734375,5.94,0.0,0.00030383706325665116,0.0
/home/donglei/isaac_projects/isaac_drone_racer/.worktrees/stage1-fake-vio/logs/skrl/stage1_recovery_20260905/2026-09-05_11-37-52/2026-09-05_11-37-57_ppo_torch_stage1_mixed/checkpoints/agent_50400.pt,8358d49b14eff681c47b70db964f4007dbfd07e9212768e13dbf0c17f0afc8d8,150d107225160ac498040fa20d4ccf9e26ec2703,True,fixed_per_environment_quotas_v2,clean,11,112,True,True,6.05,,7,False,False,39.430633544921875,6.05,0.0,0.00032009510323405266,0.0
/home/donglei/isaac_projects/isaac_drone_racer/.worktrees/stage1-fake-vio/logs/skrl/stage1_recovery_20260905/2026-09-05_11-37-52/2026-09-05_11-37-57_ppo_torch_stage1_mixed/checkpoints/agent_50400.pt,8358d49b14eff681c47b70db964f4007dbfd07e9212768e13dbf0c17f0afc8d8,150d107225160ac498040fa20d4ccf9e26ec2703,True,fixed_per_environment_quotas_v2,clean,11,113,True,True,6.3100000000000005,,7,False,False,39.74956512451172,6.3100000000000005,0.0,0.0003264223923906684,0.0
/home/donglei/isaac_projects/isaac_drone_racer/.worktrees/stage1-fake-vio/logs/skrl/stage1_recovery_20260905/2026-09-05_11-37-52/2026-09-05_11-37-57_ppo_torch_stage1_mixed/checkpoints/agent_50400.pt,8358d49b14eff681c47b70db964f4007dbfd07e9212768e13dbf0c17f0afc8d8,150d107225160ac498040fa20d4ccf9e26ec2703,True,fixed_per_environment_quotas_v2,clean,11,114,True,True,6.34,,7,False,False,39.639381408691406,6.34,0.0,0.00035227544140070677,0.0
/home/donglei/isaac_projects/isaac_drone_racer/.worktrees/stage1-fake-vio/logs/skrl/stage1_recovery_20260905/2026-09-05_11-37-52/2026-09-05_11-37-57_ppo_torch_stage1_mixed/checkpoints/agent_50400.pt,8358d49b14eff681c47b70db964f4007dbfd07e9212768e13dbf0c17f0afc8d8,150d107225160ac498040fa20d4ccf9e26ec2703,True,fixed_per_environment_quotas_v2,clean,11,115,True,True,5.8100000000000005,,7,False,False,39.584259033203125,5.8100000000000005,0.0,0.00029772057314403355,0.0
/home/donglei/isaac_projects/isaac_drone_racer/.worktrees/stage1-fake-vio/logs/skrl/stage1_recovery_20260905/2026-09-05_11-37-52/2026-09-05_11-37-57_ppo_torch_stage1_mixed/checkpoints/agent_50400.pt,8358d49b14eff681c47b70db964f4007dbfd07e9212768e13dbf0c17f0afc8d8,150d107225160ac498040fa20d4ccf9e26ec2703,True,fixed_per_environment_quotas_v2,clean,11,116,True,True,6.22,,7,False,False,39.63134765625,6.22,0.0,0.00029562576673924923,0.0
/home/donglei/isaac_projects/isaac_drone_racer/.worktrees/stage1-fake-vio/logs/skrl/stage1_recovery_20260905/2026-09-05_11-37-52/2026-09-05_11-37-57_ppo_torch_stage1_mixed/checkpoints/agent_50400.pt,8358d49b14eff681c47b70db964f4007dbfd07e9212768e13dbf0c17f0afc8d8,150d107225160ac498040fa20d4ccf9e26ec2703,True,fixed_per_environment_quotas_v2,clean,11,117,True,True,6.07,,7,False,False,39.357818603515625,6.07,0.0,0.0002939591940958053,0.0
/home/donglei/isaac_projects/isaac_drone_racer/.worktrees/stage1-fake-vio/logs/skrl/stage1_recovery_20260905/2026-09-05_11-37-52/2026-09-05_11-37-57_ppo_torch_stage1_mixed/checkpoints/agent_50400.pt,8358d49b14eff681c47b70db964f4007dbfd07e9212768e13dbf0c17f0afc8d8,150d107225160ac498040fa20d4ccf9e26ec2703,True,fixed_per_environment_quotas_v2,clean,11,118,True,True,6.12,,7,False,False,39.81748580932617,6.12,0.0,0.0003133246791549027,0.0
/home/donglei/isaac_projects/isaac_drone_racer/.worktrees/stage1-fake-vio/logs/skrl/stage1_recovery_20260905/2026-09-05_11-37-52/2026-09-05_11-37-57_ppo_torch_stage1_mixed/checkpoints/agent_50400.pt,8358d49b14eff681c47b70db964f4007dbfd07e9212768e13dbf0c17f0afc8d8,150d107225160ac498040fa20d4ccf9e26ec2703,True,fixed_per_environment_quotas_v2,clean,11,119,True,True,5.83,,7,False,False,39.394264221191406,5.83,0.0,0.000305353692965582,0.0
/home/donglei/isaac_projects/isaac_drone_racer/.worktrees/stage1-fake-vio/logs/skrl/stage1_recovery_20260905/2026-09-05_11-37-52/2026-09-05_11-37-57_ppo_torch_stage1_mixed/checkpoints/agent_50400.pt,8358d49b14eff681c47b70db964f4007dbfd07e9212768e13dbf0c17f0afc8d8,150d107225160ac498040fa20d4ccf9e26ec2703,True,fixed_per_environment_quotas_v2,clean,11,120,True,True,5.92,,7,False,False,39.68767547607422,5.92,0.0,0.00031983506050892174,0.0
/home/donglei/isaac_projects/isaac_drone_racer/.worktrees/stage1-fake-vio/logs/skrl/stage1_recovery_20260905/2026-09-05_11-37-52/2026-09-05_11-37-57_ppo_torch_stage1_mixed/checkpoints/agent_50400.pt,8358d49b14eff681c47b70db964f4007dbfd07e9212768e13dbf0c17f0afc8d8,150d107225160ac498040fa20d4ccf9e26ec2703,True,fixed_per_environment_quotas_v2,clean,11,121,True,True,5.73,,7,False,False,39.64741897583008,5.73,0.0,0.0003093546547461301,0.0
/home/donglei/isaac_projects/isaac_drone_racer/.worktrees/stage1-fake-vio/logs/skrl/stage1_recovery_20260905/2026-09-05_11-37-52/2026-09-05_11-37-57_ppo_torch_stage1_mixed/checkpoints/agent_50400.pt,8358d49b14eff681c47b70db964f4007dbfd07e9212768e13dbf0c17f0afc8d8,150d107225160ac498040fa20d4ccf9e26ec2703,True,fixed_per_environment_quotas_v2,clean,11,122,True,True,6.05,,7,False,False,39.91506576538086,6.05,0.0,0.0003075374406762421,0.0
/home/donglei/isaac_projects/isaac_drone_racer/.worktrees/stage1-fake-vio/logs/skrl/stage1_recovery_20260905/2026-09-05_11-37-52/2026-09-05_11-37-57_ppo_torch_stage1_mixed/checkpoints/agent_50400.pt,8358d49b14eff681c47b70db964f4007dbfd07e9212768e13dbf0c17f0afc8d8,150d107225160ac498040fa20d4ccf9e26ec2703,True,fixed_per_environment_quotas_v2,clean,11,123,True,True,6.16,,7,False,False,39.728248596191406,6.16,0.0,0.00031600179499946535,0.0
/home/donglei/isaac_projects/isaac_drone_racer/.worktrees/stage1-fake-vio/logs/skrl/stage1_recovery_20260905/2026-09-05_11-37-52/2026-09-05_11-37-57_ppo_torch_stage1_mixed/checkpoints/agent_50400.pt,8358d49b14eff681c47b70db964f4007dbfd07e9212768e13dbf0c17f0afc8d8,150d107225160ac498040fa20d4ccf9e26ec2703,True,fixed_per_environment_quotas_v2,clean,11,124,True,True,5.98,,7,False,False,39.87275314331055,5.98,0.0,0.00030674354638904333,0.0
/home/donglei/isaac_projects/isaac_drone_racer/.worktrees/stage1-fake-vio/logs/skrl/stage1_recovery_20260905/2026-09-05_11-37-52/2026-09-05_11-37-57_ppo_torch_stage1_mixed/checkpoints/agent_50400.pt,8358d49b14eff681c47b70db964f4007dbfd07e9212768e13dbf0c17f0afc8d8,150d107225160ac498040fa20d4ccf9e26ec2703,True,fixed_per_environment_quotas_v2,clean,11,125,True,True,6.09,,7,False,False,39.588836669921875,6.09,0.0,0.0003026699705515057,0.0
/home/donglei/isaac_projects/isaac_drone_racer/.worktrees/stage1-fake-vio/logs/skrl/stage1_recovery_20260905/2026-09-05_11-37-52/2026-09-05_11-37-57_ppo_torch_stage1_mixed/checkpoints/agent_50400.pt,8358d49b14eff681c47b70db964f4007dbfd07e9212768e13dbf0c17f0afc8d8,150d107225160ac498040fa20d4ccf9e26ec2703,True,fixed_per_environment_quotas_v2,clean,11,126,True,True,6.3100000000000005,,7,False,False,39.56885528564453,6.3100000000000005,0.0,0.0003073444531764835,0.0
/home/donglei/isaac_projects/isaac_drone_racer/.worktrees/stage1-fake-vio/logs/skrl/stage1_recovery_20260905/2026-09-05_11-37-52/2026-09-05_11-37-57_ppo_torch_stage1_mixed/checkpoints/agent_50400.pt,8358d49b14eff681c47b70db964f4007dbfd07e9212768e13dbf0c17f0afc8d8,150d107225160ac498040fa20d4ccf9e26ec2703,True,fixed_per_environment_quotas_v2,clean,11,127,True,True,5.88,,7,False,False,39.611541748046875,5.88,0.0,0.00031454028794541955,0.0
/home/donglei/isaac_projects/isaac_drone_racer/.worktrees/stage1-fake-vio/logs/skrl/stage1_recovery_20260905/2026-09-05_11-37-52/2026-09-05_11-37-57_ppo_torch_stage1_mixed/checkpoints/agent_50400.pt,8358d49b14eff681c47b70db964f4007dbfd07e9212768e13dbf0c17f0afc8d8,150d107225160ac498040fa20d4ccf9e26ec2703,True,fixed_per_environment_quotas_v2,clean,29,0,False,False,,2,0,True,False,-3.2546777725219727,0.64,0.0,0.0002990099892485887,0.0
/home/donglei/isaac_projects/isaac_drone_racer/.worktrees/stage1-fake-vio/logs/skrl/stage1_recovery_20260905/2026-09-05_11-37-52/2026-09-05_11-37-57_ppo_torch_stage1_mixed/checkpoints/agent_50400.pt,8358d49b14eff681c47b70db964f4007dbfd07e9212768e13dbf0c17f0afc8d8,150d107225160ac498040fa20d4ccf9e26ec2703,True,fixed_per_environment_quotas_v2,clean,29,1,False,False,,3,1,False,False,5.637598037719727,0.75,0.0,0.0003189439885318279,0.0
/home/donglei/isaac_projects/isaac_drone_racer/.worktrees/stage1-fake-vio/logs/skrl/stage1_recovery_20260905/2026-09-05_11-37-52/2026-09-05_11-37-57_ppo_torch_stage1_mixed/checkpoints/agent_50400.pt,8358d49b14eff681c47b70db964f4007dbfd07e9212768e13dbf0c17f0afc8d8,150d107225160ac498040fa20d4ccf9e26ec2703,True,fixed_per_environment_quotas_v2,clean,29,2,False,False,,4,1,False,False,7.567506790161133,1.09,0.0,0.0002474775246810168,0.0
/home/donglei/isaac_projects/isaac_drone_racer/.worktrees/stage1-fake-vio/logs/skrl/stage1_recovery_20260905/2026-09-05_11-37-52/2026-09-05_11-37-57_ppo_torch_stage1_mixed/checkpoints/agent_50400.pt,8358d49b14eff681c47b70db964f4007dbfd07e9212768e13dbf0c17f0afc8d8,150d107225160ac498040fa20d4ccf9e26ec2703,True,fixed_per_environment_quotas_v2,clean,29,3,False,False,,4,0,True,False,-5.118432998657227,1.16,0.0,0.00031409546500071883,0.0
/home/donglei/isaac_projects/isaac_drone_racer/.worktrees/stage1-fake-vio/logs/skrl/stage1_recovery_20260905/2026-09-05_11-37-52/2026-09-05_11-37-57_ppo_torch_stage1_mixed/checkpoints/agent_50400.pt,8358d49b14eff681c47b70db964f4007dbfd07e9212768e13dbf0c17f0afc8d8,150d107225160ac498040fa20d4ccf9e26ec2703,True,fixed_per_environment_quotas_v2,clean,29,4,False,False,,5,2,True,False,5.959593296051025,1.69,0.0,0.0002957484975922853,0.0
/home/donglei/isaac_projects/isaac_drone_racer/.worktrees/stage1-fake-vio/logs/skrl/stage1_recovery_20260905/2026-09-05_11-37-52/2026-09-05_11-37-57_ppo_torch_stage1_mixed/checkpoints/agent_50400.pt,8358d49b14eff681c47b70db964f4007dbfd07e9212768e13dbf0c17f0afc8d8,150d107225160ac498040fa20d4ccf9e26ec2703,True,fixed_per_environment_quotas_v2,clean,29,5,False,False,,3,3,False,False,15.482090950012207,1.85,0.0,0.0003405692696105689,0.0
/home/donglei/isaac_projects/isaac_drone_racer/.worktrees/stage1-fake-vio/logs/skrl/stage1_recovery_20260905/2026-09-05_11-37-52/2026-09-05_11-37-57_ppo_torch_stage1_mixed/checkpoints/agent_50400.pt,8358d49b14eff681c47b70db964f4007dbfd07e9212768e13dbf0c17f0afc8d8,150d107225160ac498040fa20d4ccf9e26ec2703,True,fixed_per_environment_quotas_v2,clean,29,6,False,False,,5,0,True,False,-8.718280792236328,2.4,0.0,0.00031201643287204206,0.0
/home/donglei/isaac_projects/isaac_drone_racer/.worktrees/stage1-fake-vio/logs/skrl/stage1_recovery_20260905/2026-09-05_11-37-52/2026-09-05_11-37-57_ppo_torch_stage1_mixed/checkpoints/agent_50400.pt,8358d49b14eff681c47b70db964f4007dbfd07e9212768e13dbf0c17f0afc8d8,150d107225160ac498040fa20d4ccf9e26ec2703,True,fixed_per_environment_quotas_v2,clean,29,7,False,False,,4,3,False,False,17.647537231445312,2.63,0.0,0.00030704980599693954,0.0
/home/donglei/isaac_projects/isaac_drone_racer/.worktrees/stage1-fake-vio/logs/skrl/stage1_recovery_20260905/2026-09-05_11-37-52/2026-09-05_11-37-57_ppo_torch_stage1_mixed/checkpoints/agent_50400.pt,8358d49b14eff681c47b70db964f4007dbfd07e9212768e13dbf0c17f0afc8d8,150d107225160ac498040fa20d4ccf9e26ec2703,True,fixed_per_environment_quotas_v2,clean,29,8,False,False,,4,3,True,False,13.898144721984863,3.0,0.0,0.0002929687616415322,0.0
/home/donglei/isaac_projects/isaac_drone_racer/.worktrees/stage1-fake-vio/logs/skrl/stage1_recovery_20260905/2026-09-05_11-37-52/2026-09-05_11-37-57_ppo_torch_stage1_mixed/checkpoints/agent_50400.pt,8358d49b14eff681c47b70db964f4007dbfd07e9212768e13dbf0c17f0afc8d8,150d107225160ac498040fa20d4ccf9e26ec2703,True,fixed_per_environment_quotas_v2,clean,29,9,False,False,,4,4,False,False,23.301177978515625,3.66,0.0,0.00030839399551041424,0.0
/home/donglei/isaac_projects/isaac_drone_racer/.worktrees/stage1-fake-vio/logs/skrl/stage1_recovery_20260905/2026-09-05_11-37-52/2026-09-05_11-37-57_ppo_torch_stage1_mixed/checkpoints/agent_50400.pt,8358d49b14eff681c47b70db964f4007dbfd07e9212768e13dbf0c17f0afc8d8,150d107225160ac498040fa20d4ccf9e26ec2703,True,fixed_per_environment_quotas_v2,clean,29,10,False,False,,3,4,True,False,17.612165451049805,3.69,0.0,0.0003113167476840317,0.0
/home/donglei/isaac_projects/isaac_drone_racer/.worktrees/stage1-fake-vio/logs/skrl/stage1_recovery_20260905/2026-09-05_11-37-52/2026-09-05_11-37-57_ppo_torch_stage1_mixed/checkpoints/agent_50400.pt,8358d49b14eff681c47b70db964f4007dbfd07e9212768e13dbf0c17f0afc8d8,150d107225160ac498040fa20d4ccf9e26ec2703,True,fixed_per_environment_quotas_v2,clean,29,11,False,False,,1,5,True,False,22.4550724029541,3.79,0.0,0.0003211976436432451,0.0
/home/donglei/isaac_projects/isaac_drone_racer/.worktrees/stage1-fake-vio/logs/skrl/stage1_recovery_20260905/2026-09-05_11-37-52/2026-09-05_11-37-57_ppo_torch_stage1_mixed/checkpoints/agent_50400.pt,8358d49b14eff681c47b70db964f4007dbfd07e9212768e13dbf0c17f0afc8d8,150d107225160ac498040fa20d4ccf9e26ec2703,True,fixed_per_environment_quotas_v2,clean,29,12,False,False,,1,5,False,False,27.965097427368164,3.95,0.0,0.0002843962865881622,0.0
/home/donglei/isaac_projects/isaac_drone_racer/.worktrees/stage1-fake-vio/logs/skrl/stage1_recovery_20260905/2026-09-05_11-37-52/2026-09-05_11-37-57_ppo_torch_stage1_mixed/checkpoints/agent_50400.pt,8358d49b14eff681c47b70db964f4007dbfd07e9212768e13dbf0c17f0afc8d8,150d107225160ac498040fa20d4ccf9e26ec2703,True,fixed_per_environment_quotas_v2,clean,29,13,False,False,,4,4,False,False,23.823463439941406,3.95,0.0,0.00030089649953879416,0.0
/home/donglei/isaac_projects/isaac_drone_racer/.worktrees/stage1-fake-vio/logs/skrl/stage1_recovery_20260905/2026-09-05_11-37-52/2026-09-05_11-37-57_ppo_torch_stage1_mixed/checkpoints/agent_50400.pt,8358d49b14eff681c47b70db964f4007dbfd07e9212768e13dbf0c17f0afc8d8,150d107225160ac498040fa20d4ccf9e26ec2703,True,fixed_per_environment_quotas_v2,clean,29,14,False,False,,4,5,False,False,28.352602005004883,4.17,0.0,0.00030434035579673946,0.0
/home/donglei/isaac_projects/isaac_drone_racer/.worktrees/stage1-fake-vio/logs/skrl/stage1_recovery_20260905/2026-09-05_11-37-52/2026-09-05_11-37-57_ppo_torch_stage1_mixed/checkpoints/agent_50400.pt,8358d49b14eff681c47b70db964f4007dbfd07e9212768e13dbf0c17f0afc8d8,150d107225160ac498040fa20d4ccf9e26ec2703,True,fixed_per_environment_quotas_v2,clean,29,15,False,False,,2,6,False,False,32.60566329956055,4.21,0.0,0.0002795558248180896,0.0
/home/donglei/isaac_projects/isaac_drone_racer/.worktrees/stage1-fake-vio/logs/skrl/stage1_recovery_20260905/2026-09-05_11-37-52/2026-09-05_11-37-57_ppo_torch_stage1_mixed/checkpoints/agent_50400.pt,8358d49b14eff681c47b70db964f4007dbfd07e9212768e13dbf0c17f0afc8d8,150d107225160ac498040fa20d4ccf9e26ec2703,True,fixed_per_environment_quotas_v2,clean,29,16,False,False,,5,5,False,False,28.929079055786133,4.62,0.0,0.0003047791833523661,0.0
/home/donglei/isaac_projects/isaac_drone_racer/.worktrees/stage1-fake-vio/logs/skrl/stage1_recovery_20260905/2026-09-05_11-37-52/2026-09-05_11-37-57_ppo_torch_stage1_mixed/checkpoints/agent_50400.pt,8358d49b14eff681c47b70db964f4007dbfd07e9212768e13dbf0c17f0afc8d8,150d107225160ac498040fa20d4ccf9e26ec2703,True,fixed_per_environment_quotas_v2,clean,29,17,False,False,,4,4,True,False,19.410369873046875,4.87,0.0,0.0003221613878849894,0.0
/home/donglei/isaac_projects/isaac_drone_racer/.worktrees/stage1-fake-vio/logs/skrl/stage1_recovery_20260905/2026-09-05_11-37-52/2026-09-05_11-37-57_ppo_torch_stage1_mixed/checkpoints/agent_50400.pt,8358d49b14eff681c47b70db964f4007dbfd07e9212768e13dbf0c17f0afc8d8,150d107225160ac498040fa20d4ccf9e26ec2703,True,fixed_per_environment_quotas_v2,clean,29,18,False,False,,2,6,True,False,29.689729690551758,4.99,0.0,0.00034422753378748894,0.0
/home/donglei/isaac_projects/isaac_drone_racer/.worktrees/stage1-fake-vio/logs/skrl/stage1_recovery_20260905/2026-09-05_11-37-52/2026-09-05_11-37-57_ppo_torch_stage1_mixed/checkpoints/agent_50400.pt,8358d49b14eff681c47b70db964f4007dbfd07e9212768e13dbf0c17f0afc8d8,150d107225160ac498040fa20d4ccf9e26ec2703,True,fixed_per_environment_quotas_v2,clean,29,19,False,False,,5,6,False,False,34.38726806640625,5.04,0.0,0.0003269708249717951,0.0
/home/donglei/isaac_projects/isaac_drone_racer/.worktrees/stage1-fake-vio/logs/skrl/stage1_recovery_20260905/2026-09-05_11-37-52/2026-09-05_11-37-57_ppo_torch_stage1_mixed/checkpoints/agent_50400.pt,8358d49b14eff681c47b70db964f4007dbfd07e9212768e13dbf0c17f0afc8d8,150d107225160ac498040fa20d4ccf9e26ec2703,True,fixed_per_environment_quotas_v2,clean,29,20,True,True,5.67,,7,False,False,39.220027923583984,5.67,0.0,0.00029715849086642265,0.0
/home/donglei/isaac_projects/isaac_drone_racer/.worktrees/stage1-fake-vio/logs/skrl/stage1_recovery_20260905/2026-09-05_11-37-52/2026-09-05_11-37-57_ppo_torch_stage1_mixed/checkpoints/agent_50400.pt,8358d49b14eff681c47b70db964f4007dbfd07e9212768e13dbf0c17f0afc8d8,150d107225160ac498040fa20d4ccf9e26ec2703,True,fixed_per_environment_quotas_v2,clean,29,21,True,True,5.86,,7,False,False,39.581756591796875,5.86,0.0,0.00033266391255892813,0.0
/home/donglei/isaac_projects/isaac_drone_racer/.worktrees/stage1-fake-vio/logs/skrl/stage1_recovery_20260905/2026-09-05_11-37-52/2026-09-05_11-37-57_ppo_torch_stage1_mixed/checkpoints/agent_50400.pt,8358d49b14eff681c47b70db964f4007dbfd07e9212768e13dbf0c17f0afc8d8,150d107225160ac498040fa20d4ccf9e26ec2703,True,fixed_per_environment_quotas_v2,clean,29,22,False,False,,5,6,True,False,29.505348205566406,6.04,0.0,0.0003166419337503612,0.0
/home/donglei/isaac_projects/isaac_drone_racer/.worktrees/stage1-fake-vio/logs/skrl/stage1_recovery_20260905/2026-09-05_11-37-52/2026-09-05_11-37-57_ppo_torch_stage1_mixed/checkpoints/agent_50400.pt,8358d49b14eff681c47b70db964f4007dbfd07e9212768e13dbf0c17f0afc8d8,150d107225160ac498040fa20d4ccf9e26ec2703,True,fixed_per_environment_quotas_v2,clean,29,23,False,False,,7,2,True,False,6.771713733673096,2.47,0.0,0.00025619816733524203,0.0
/home/donglei/isaac_projects/isaac_drone_racer/.worktrees/stage1-fake-vio/logs/skrl/stage1_recovery_20260905/2026-09-05_11-37-52/2026-09-05_11-37-57_ppo_torch_stage1_mixed/checkpoints/agent_50400.pt,8358d49b14eff681c47b70db964f4007dbfd07e9212768e13dbf0c17f0afc8d8,150d107225160ac498040fa20d4ccf9e26ec2703,True,fixed_per_environment_quotas_v2,clean,29,24,True,True,5.13,,7,False,False,38.55506134033203,5.13,0.0,0.00030639878241345286,0.0
/home/donglei/isaac_projects/isaac_drone_racer/.worktrees/stage1-fake-vio/logs/skrl/stage1_recovery_20260905/2026-09-05_11-37-52/2026-09-05_11-37-57_ppo_torch_stage1_mixed/checkpoints/agent_50400.pt,8358d49b14eff681c47b70db964f4007dbfd07e9212768e13dbf0c17f0afc8d8,150d107225160ac498040fa20d4ccf9e26ec2703,True,fixed_per_environment_quotas_v2,clean,29,25,True,True,6.29,,7,False,False,39.510780334472656,6.29,0.0,0.00031990912975743413,0.0
/home/donglei/isaac_projects/isaac_drone_racer/.worktrees/stage1-fake-vio/logs/skrl/stage1_recovery_20260905/2026-09-05_11-37-52/2026-09-05_11-37-57_ppo_torch_stage1_mixed/checkpoints/agent_50400.pt,8358d49b14eff681c47b70db964f4007dbfd07e9212768e13dbf0c17f0afc8d8,150d107225160ac498040fa20d4ccf9e26ec2703,True,fixed_per_environment_quotas_v2,clean,29,26,True,True,5.57,,7,False,False,39.21001434326172,5.57,0.0,0.0003026560298167169,0.0
/home/donglei/isaac_projects/isaac_drone_racer/.worktrees/stage1-fake-vio/logs/skrl/stage1_recovery_20260905/2026-09-05_11-37-52/2026-09-05_11-37-57_ppo_torch_stage1_mixed/checkpoints/agent_50400.pt,8358d49b14eff681c47b70db964f4007dbfd07e9212768e13dbf0c17f0afc8d8,150d107225160ac498040fa20d4ccf9e26ec2703,True,fixed_per_environment_quotas_v2,clean,29,27,True,True,5.49,,7,False,False,39.217960357666016,5.49,0.0,0.0002902583801187575,0.0
/home/donglei/isaac_projects/isaac_drone_racer/.worktrees/stage1-fake-vio/logs/skrl/stage1_recovery_20260905/2026-09-05_11-37-52/2026-09-05_11-37-57_ppo_torch_stage1_mixed/checkpoints/agent_50400.pt,8358d49b14eff681c47b70db964f4007dbfd07e9212768e13dbf0c17f0afc8d8,150d107225160ac498040fa20d4ccf9e26ec2703,True,fixed_per_environment_quotas_v2,clean,29,28,False,False,,3,3,True,False,12.860782623291016,3.5700000000000003,0.0,0.0003309465537313372,0.0
/home/donglei/isaac_projects/isaac_drone_racer/.worktrees/stage1-fake-vio/logs/skrl/stage1_recovery_20260905/2026-09-05_11-37-52/2026-09-05_11-37-57_ppo_torch_stage1_mixed/checkpoints/agent_50400.pt,8358d49b14eff681c47b70db964f4007dbfd07e9212768e13dbf0c17f0afc8d8,150d107225160ac498040fa20d4ccf9e26ec2703,True,fixed_per_environment_quotas_v2,clean,29,29,True,True,5.46,,7,False,False,39.07223129272461,5.46,0.0,0.0002819093060679734,0.0
/home/donglei/isaac_projects/isaac_drone_racer/.worktrees/stage1-fake-vio/logs/skrl/stage1_recovery_20260905/2026-09-05_11-37-52/2026-09-05_11-37-57_ppo_torch_stage1_mixed/checkpoints/agent_50400.pt,8358d49b14eff681c47b70db964f4007dbfd07e9212768e13dbf0c17f0afc8d8,150d107225160ac498040fa20d4ccf9e26ec2703,True,fixed_per_environment_quotas_v2,clean,29,30,True,True,5.07,,7,False,False,37.97542190551758,5.07,0.0,0.00032455631298944354,0.0
/home/donglei/isaac_projects/isaac_drone_racer/.worktrees/stage1-fake-vio/logs/skrl/stage1_recovery_20260905/2026-09-05_11-37-52/2026-09-05_11-37-57_ppo_torch_stage1_mixed/checkpoints/agent_50400.pt,8358d49b14eff681c47b70db964f4007dbfd07e9212768e13dbf0c17f0afc8d8,150d107225160ac498040fa20d4ccf9e26ec2703,True,fixed_per_environment_quotas_v2,clean,29,31,True,True,5.74,,7,False,False,39.44523239135742,5.74,0.0,0.00035063878749497235,0.0
/home/donglei/isaac_projects/isaac_drone_racer/.worktrees/stage1-fake-vio/logs/skrl/stage1_recovery_20260905/2026-09-05_11-37-52/2026-09-05_11-37-57_ppo_torch_stage1_mixed/checkpoints/agent_50400.pt,8358d49b14eff681c47b70db964f4007dbfd07e9212768e13dbf0c17f0afc8d8,150d107225160ac498040fa20d4ccf9e26ec2703,True,fixed_per_environment_quotas_v2,clean,29,32,False,False,,2,1,False,True,-1.8003737926483154,2.5300000000000002,0.0,0.0003362795105203986,0.0
/home/donglei/isaac_projects/isaac_drone_racer/.worktrees/stage1-fake-vio/logs/skrl/stage1_recovery_20260905/2026-09-05_11-37-52/2026-09-05_11-37-57_ppo_torch_stage1_mixed/checkpoints/agent_50400.pt,8358d49b14eff681c47b70db964f4007dbfd07e9212768e13dbf0c17f0afc8d8,150d107225160ac498040fa20d4ccf9e26ec2703,True,fixed_per_environment_quotas_v2,clean,29,33,True,True,5.14,,7,False,False,36.90037536621094,5.14,0.0,0.00032804429065436125,0.0
/home/donglei/isaac_projects/isaac_drone_racer/.worktrees/stage1-fake-vio/logs/skrl/stage1_recovery_20260905/2026-09-05_11-37-52/2026-09-05_11-37-57_ppo_torch_stage1_mixed/checkpoints/agent_50400.pt,8358d49b14eff681c47b70db964f4007dbfd07e9212768e13dbf0c17f0afc8d8,150d107225160ac498040fa20d4ccf9e26ec2703,True,fixed_per_environment_quotas_v2,clean,29,34,True,True,5.44,,7,False,False,39.00704574584961,5.44,0.0,0.00030767873977310956,0.0
/home/donglei/isaac_projects/isaac_drone_racer/.worktrees/stage1-fake-vio/logs/skrl/stage1_recovery_20260905/2026-09-05_11-37-52/2026-09-05_11-37-57_ppo_torch_stage1_mixed/checkpoints/agent_50400.pt,8358d49b14eff681c47b70db964f4007dbfd07e9212768e13dbf0c17f0afc8d8,150d107225160ac498040fa20d4ccf9e26ec2703,True,fixed_per_environment_quotas_v2,clean,29,35,True,True,5.6000000000000005,,7,False,False,39.06062316894531,5.6000000000000005,0.0,0.0003046521742362529,0.0
/home/donglei/isaac_projects/isaac_drone_racer/.worktrees/stage1-fake-vio/logs/skrl/stage1_recovery_20260905/2026-09-05_11-37-52/2026-09-05_11-37-57_ppo_torch_stage1_mixed/checkpoints/agent_50400.pt,8358d49b14eff681c47b70db964f4007dbfd07e9212768e13dbf0c17f0afc8d8,150d107225160ac498040fa20d4ccf9e26ec2703,True,fixed_per_environment_quotas_v2,clean,29,36,True,True,4.61,,7,False,False,37.69699478149414,4.61,0.0,0.00030848104506731033,0.0
/home/donglei/isaac_projects/isaac_drone_racer/.worktrees/stage1-fake-vio/logs/skrl/stage1_recovery_20260905/2026-09-05_11-37-52/2026-09-05_11-37-57_ppo_torch_stage1_mixed/checkpoints/agent_50400.pt,8358d49b14eff681c47b70db964f4007dbfd07e9212768e13dbf0c17f0afc8d8,150d107225160ac498040fa20d4ccf9e26ec2703,True,fixed_per_environment_quotas_v2,clean,29,37,True,True,5.0600000000000005,,7,False,False,37.654884338378906,5.0600000000000005,0.0,0.00032776471925899386,0.0
/home/donglei/isaac_projects/isaac_drone_racer/.worktrees/stage1-fake-vio/logs/skrl/stage1_recovery_20260905/2026-09-05_11-37-52/2026-09-05_11-37-57_ppo_torch_stage1_mixed/checkpoints/agent_50400.pt,8358d49b14eff681c47b70db964f4007dbfd07e9212768e13dbf0c17f0afc8d8,150d107225160ac498040fa20d4ccf9e26ec2703,True,fixed_per_environment_quotas_v2,clean,29,38,True,True,5.28,,7,False,False,39.61931610107422,5.28,0.0,0.0003005163453053683,0.0
/home/donglei/isaac_projects/isaac_drone_racer/.worktrees/stage1-fake-vio/logs/skrl/stage1_recovery_20260905/2026-09-05_11-37-52/2026-09-05_11-37-57_ppo_torch_stage1_mixed/checkpoints/agent_50400.pt,8358d49b14eff681c47b70db964f4007dbfd07e9212768e13dbf0c17f0afc8d8,150d107225160ac498040fa20d4ccf9e26ec2703,True,fixed_per_environment_quotas_v2,clean,29,39,False,False,,2,1,True,False,0.7068586349487305,1.1300000000000001,0.0,0.0003115370636805892,0.0
/home/donglei/isaac_projects/isaac_drone_racer/.worktrees/stage1-fake-vio/logs/skrl/stage1_recovery_20260905/2026-09-05_11-37-52/2026-09-05_11-37-57_ppo_torch_stage1_mixed/checkpoints/agent_50400.pt,8358d49b14eff681c47b70db964f4007dbfd07e9212768e13dbf0c17f0afc8d8,150d107225160ac498040fa20d4ccf9e26ec2703,True,fixed_per_environment_quotas_v2,clean,29,40,False,False,,4,4,False,True,11.651327133178711,5.93,0.0,0.00030803403933532536,0.0
/home/donglei/isaac_projects/isaac_drone_racer/.worktrees/stage1-fake-vio/logs/skrl/stage1_recovery_20260905/2026-09-05_11-37-52/2026-09-05_11-37-57_ppo_torch_stage1_mixed/checkpoints/agent_50400.pt,8358d49b14eff681c47b70db964f4007dbfd07e9212768e13dbf0c17f0afc8d8,150d107225160ac498040fa20d4ccf9e26ec2703,True,fixed_per_environment_quotas_v2,clean,29,41,True,True,6.03,,7,False,False,40.2546272277832,6.03,0.0,0.0003181495994795114,0.0
/home/donglei/isaac_projects/isaac_drone_racer/.worktrees/stage1-fake-vio/logs/skrl/stage1_recovery_20260905/2026-09-05_11-37-52/2026-09-05_11-37-57_ppo_torch_stage1_mixed/checkpoints/agent_50400.pt,8358d49b14eff681c47b70db964f4007dbfd07e9212768e13dbf0c17f0afc8d8,150d107225160ac498040fa20d4ccf9e26ec2703,True,fixed_per_environment_quotas_v2,clean,29,42,False,False,,5,6,True,False,28.972721099853516,6.51,0.0,0.0003061960160266608,0.0
/home/donglei/isaac_projects/isaac_drone_racer/.worktrees/stage1-fake-vio/logs/skrl/stage1_recovery_20260905/2026-09-05_11-37-52/2026-09-05_11-37-57_ppo_torch_stage1_mixed/checkpoints/agent_50400.pt,8358d49b14eff681c47b70db964f4007dbfd07e9212768e13dbf0c17f0afc8d8,150d107225160ac498040fa20d4ccf9e26ec2703,True,fixed_per_environment_quotas_v2,clean,29,43,True,True,5.8500000000000005,,7,False,False,39.42535400390625,5.8500000000000005,0.0,0.0003230071160942316,0.0
/home/donglei/isaac_projects/isaac_drone_racer/.worktrees/stage1-fake-vio/logs/skrl/stage1_recovery_20260905/2026-09-05_11-37-52/2026-09-05_11-37-57_ppo_torch_stage1_mixed/checkpoints/agent_50400.pt,8358d49b14eff681c47b70db964f4007dbfd07e9212768e13dbf0c17f0afc8d8,150d107225160ac498040fa20d4ccf9e26ec2703,True,fixed_per_environment_quotas_v2,clean,29,44,False,False,,2,3,True,False,13.236724853515625,3.48,0.0,0.00035888832644559443,0.0
/home/donglei/isaac_projects/isaac_drone_racer/.worktrees/stage1-fake-vio/logs/skrl/stage1_recovery_20260905/2026-09-05_11-37-52/2026-09-05_11-37-57_ppo_torch_stage1_mixed/checkpoints/agent_50400.pt,8358d49b14eff681c47b70db964f4007dbfd07e9212768e13dbf0c17f0afc8d8,150d107225160ac498040fa20d4ccf9e26ec2703,True,fixed_per_environment_quotas_v2,clean,29,45,True,True,5.14,,7,False,False,37.131587982177734,5.14,0.0,0.00033225916558876634,0.0
/home/donglei/isaac_projects/isaac_drone_racer/.worktrees/stage1-fake-vio/logs/skrl/stage1_recovery_20260905/2026-09-05_11-37-52/2026-09-05_11-37-57_ppo_torch_stage1_mixed/checkpoints/agent_50400.pt,8358d49b14eff681c47b70db964f4007dbfd07e9212768e13dbf0c17f0afc8d8,150d107225160ac498040fa20d4ccf9e26ec2703,True,fixed_per_environment_quotas_v2,clean,29,46,True,True,5.5,,7,False,False,38.85018539428711,5.5,0.0,0.00031021671020425856,0.0
/home/donglei/isaac_projects/isaac_drone_racer/.worktrees/stage1-fake-vio/logs/skrl/stage1_recovery_20260905/2026-09-05_11-37-52/2026-09-05_11-37-57_ppo_torch_stage1_mixed/checkpoints/agent_50400.pt,8358d49b14eff681c47b70db964f4007dbfd07e9212768e13dbf0c17f0afc8d8,150d107225160ac498040fa20d4ccf9e26ec2703,True,fixed_per_environment_quotas_v2,clean,29,47,True,True,5.25,,7,False,False,37.98554611206055,5.25,0.0,0.00031464340281672776,0.0
/home/donglei/isaac_projects/isaac_drone_racer/.worktrees/stage1-fake-vio/logs/skrl/stage1_recovery_20260905/2026-09-05_11-37-52/2026-09-05_11-37-57_ppo_torch_stage1_mixed/checkpoints/agent_50400.pt,8358d49b14eff681c47b70db964f4007dbfd07e9212768e13dbf0c17f0afc8d8,150d107225160ac498040fa20d4ccf9e26ec2703,True,fixed_per_environment_quotas_v2,clean,29,48,True,True,5.47,,7,False,False,38.435203552246094,5.47,0.0,0.0003193627926521003,0.0
/home/donglei/isaac_projects/isaac_drone_racer/.worktrees/stage1-fake-vio/logs/skrl/stage1_recovery_20260905/2026-09-05_11-37-52/2026-09-05_11-37-57_ppo_torch_stage1_mixed/checkpoints/agent_50400.pt,8358d49b14eff681c47b70db964f4007dbfd07e9212768e13dbf0c17f0afc8d8,150d107225160ac498040fa20d4ccf9e26ec2703,True,fixed_per_environment_quotas_v2,clean,29,49,True,True,5.59,,7,False,False,39.264076232910156,5.59,0.0,0.00033043354051187634,0.0
/home/donglei/isaac_projects/isaac_drone_racer/.worktrees/stage1-fake-vio/logs/skrl/stage1_recovery_20260905/2026-09-05_11-37-52/2026-09-05_11-37-57_ppo_torch_stage1_mixed/checkpoints/agent_50400.pt,8358d49b14eff681c47b70db964f4007dbfd07e9212768e13dbf0c17f0afc8d8,150d107225160ac498040fa20d4ccf9e26ec2703,True,fixed_per_environment_quotas_v2,clean,29,50,True,True,5.62,,7,False,False,39.45467758178711,5.62,0.0,0.00033211507252417505,0.0
/home/donglei/isaac_projects/isaac_drone_racer/.worktrees/stage1-fake-vio/logs/skrl/stage1_recovery_20260905/2026-09-05_11-37-52/2026-09-05_11-37-57_ppo_torch_stage1_mixed/checkpoints/agent_50400.pt,8358d49b14eff681c47b70db964f4007dbfd07e9212768e13dbf0c17f0afc8d8,150d107225160ac498040fa20d4ccf9e26ec2703,True,fixed_per_environment_quotas_v2,clean,29,51,True,True,5.18,,7,False,False,38.87333679199219,5.18,0.0,0.0003485837369225919,0.0
/home/donglei/isaac_projects/isaac_drone_racer/.worktrees/stage1-fake-vio/logs/skrl/stage1_recovery_20260905/2026-09-05_11-37-52/2026-09-05_11-37-57_ppo_torch_stage1_mixed/checkpoints/agent_50400.pt,8358d49b14eff681c47b70db964f4007dbfd07e9212768e13dbf0c17f0afc8d8,150d107225160ac498040fa20d4ccf9e26ec2703,True,fixed_per_environment_quotas_v2,clean,29,52,False,False,,3,0,True,False,-3.185110569000244,1.01,0.0,0.0003366122837178409,0.0
/home/donglei/isaac_projects/isaac_drone_racer/.worktrees/stage1-fake-vio/logs/skrl/stage1_recovery_20260905/2026-09-05_11-37-52/2026-09-05_11-37-57_ppo_torch_stage1_mixed/checkpoints/agent_50400.pt,8358d49b14eff681c47b70db964f4007dbfd07e9212768e13dbf0c17f0afc8d8,150d107225160ac498040fa20d4ccf9e26ec2703,True,fixed_per_environment_quotas_v2,clean,29,53,True,True,5.03,,7,False,False,37.52180480957031,5.03,0.0,0.00030789387528784573,0.0
/home/donglei/isaac_projects/isaac_drone_racer/.worktrees/stage1-fake-vio/logs/skrl/stage1_recovery_20260905/2026-09-05_11-37-52/2026-09-05_11-37-57_ppo_torch_stage1_mixed/checkpoints/agent_50400.pt,8358d49b14eff681c47b70db964f4007dbfd07e9212768e13dbf0c17f0afc8d8,150d107225160ac498040fa20d4ccf9e26ec2703,True,fixed_per_environment_quotas_v2,clean,29,54,False,False,,2,1,True,False,0.6827545166015625,1.1,0.0,0.0003421137807890773,0.0
/home/donglei/isaac_projects/isaac_drone_racer/.worktrees/stage1-fake-vio/logs/skrl/stage1_recovery_20260905/2026-09-05_11-37-52/2026-09-05_11-37-57_ppo_torch_stage1_mixed/checkpoints/agent_50400.pt,8358d49b14eff681c47b70db964f4007dbfd07e9212768e13dbf0c17f0afc8d8,150d107225160ac498040fa20d4ccf9e26ec2703,True,fixed_per_environment_quotas_v2,clean,29,55,False,False,,2,6,True,False,28.771955490112305,6.12,0.0,0.00031703279819339514,0.0
/home/donglei/isaac_projects/isaac_drone_racer/.worktrees/stage1-fake-vio/logs/skrl/stage1_recovery_20260905/2026-09-05_11-37-52/2026-09-05_11-37-57_ppo_torch_stage1_mixed/checkpoints/agent_50400.pt,8358d49b14eff681c47b70db964f4007dbfd07e9212768e13dbf0c17f0afc8d8,150d107225160ac498040fa20d4ccf9e26ec2703,True,fixed_per_environment_quotas_v2,clean,29,56,False,False,,7,0,True,False,-3.9229581356048584,0.9400000000000001,0.0,0.0002936605305876583,0.0
/home/donglei/isaac_projects/isaac_drone_racer/.worktrees/stage1-fake-vio/logs/skrl/stage1_recovery_20260905/2026-09-05_11-37-52/2026-09-05_11-37-57_ppo_torch_stage1_mixed/checkpoints/agent_50400.pt,8358d49b14eff681c47b70db964f4007dbfd07e9212768e13dbf0c17f0afc8d8,150d107225160ac498040fa20d4ccf9e26ec2703,True,fixed_per_environment_quotas_v2,clean,29,57,True,True,6.25,,7,False,False,39.606964111328125,6.25,0.0,0.0003000447468366474,0.0
/home/donglei/isaac_projects/isaac_drone_racer/.worktrees/stage1-fake-vio/logs/skrl/stage1_recovery_20260905/2026-09-05_11-37-52/2026-09-05_11-37-57_ppo_torch_stage1_mixed/checkpoints/agent_50400.pt,8358d49b14eff681c47b70db964f4007dbfd07e9212768e13dbf0c17f0afc8d8,150d107225160ac498040fa20d4ccf9e26ec2703,True,fixed_per_environment_quotas_v2,clean,29,58,True,True,5.48,,7,False,False,39.1680908203125,5.48,0.0,0.0003363306459505111,0.0
/home/donglei/isaac_projects/isaac_drone_racer/.worktrees/stage1-fake-vio/logs/skrl/stage1_recovery_20260905/2026-09-05_11-37-52/2026-09-05_11-37-57_ppo_torch_stage1_mixed/checkpoints/agent_50400.pt,8358d49b14eff681c47b70db964f4007dbfd07e9212768e13dbf0c17f0afc8d8,150d107225160ac498040fa20d4ccf9e26ec2703,True,fixed_per_environment_quotas_v2,clean,29,59,False,False,,5,3,True,False,13.605937004089355,2.9,0.0,0.00032692094100639224,0.0
/home/donglei/isaac_projects/isaac_drone_racer/.worktrees/stage1-fake-vio/logs/skrl/stage1_recovery_20260905/2026-09-05_11-37-52/2026-09-05_11-37-57_ppo_torch_stage1_mixed/checkpoints/agent_50400.pt,8358d49b14eff681c47b70db964f4007dbfd07e9212768e13dbf0c17f0afc8d8,150d107225160ac498040fa20d4ccf9e26ec2703,True,fixed_per_environment_quotas_v2,clean,29,60,True,True,5.89,,7,False,False,39.72180938720703,5.89,0.0,0.0002802291128318757,0.0
/home/donglei/isaac_projects/isaac_drone_racer/.worktrees/stage1-fake-vio/logs/skrl/stage1_recovery_20260905/2026-09-05_11-37-52/2026-09-05_11-37-57_ppo_torch_stage1_mixed/checkpoints/agent_50400.pt,8358d49b14eff681c47b70db964f4007dbfd07e9212768e13dbf0c17f0afc8d8,150d107225160ac498040fa20d4ccf9e26ec2703,True,fixed_per_environment_quotas_v2,clean,29,61,True,True,5.0,,7,False,False,37.625,5.0,0.0,0.0003238891367800534,0.0
/home/donglei/isaac_projects/isaac_drone_racer/.worktrees/stage1-fake-vio/logs/skrl/stage1_recovery_20260905/2026-09-05_11-37-52/2026-09-05_11-37-57_ppo_torch_stage1_mixed/checkpoints/agent_50400.pt,8358d49b14eff681c47b70db964f4007dbfd07e9212768e13dbf0c17f0afc8d8,150d107225160ac498040fa20d4ccf9e26ec2703,True,fixed_per_environment_quotas_v2,clean,29,62,True,True,5.08,,7,False,False,38.174964904785156,5.08,0.0,0.0003154322621412575,0.0
/home/donglei/isaac_projects/isaac_drone_racer/.worktrees/stage1-fake-vio/logs/skrl/stage1_recovery_20260905/2026-09-05_11-37-52/2026-09-05_11-37-57_ppo_torch_stage1_mixed/checkpoints/agent_50400.pt,8358d49b14eff681c47b70db964f4007dbfd07e9212768e13dbf0c17f0afc8d8,150d107225160ac498040fa20d4ccf9e26ec2703,True,fixed_per_environment_quotas_v2,clean,29,63,True,True,5.3500000000000005,,7,False,False,38.75995635986328,5.3500000000000005,0.0,0.0003256729105487466,0.0
/home/donglei/isaac_projects/isaac_drone_racer/.worktrees/stage1-fake-vio/logs/skrl/stage1_recovery_20260905/2026-09-05_11-37-52/2026-09-05_11-37-57_ppo_torch_stage1_mixed/checkpoints/agent_50400.pt,8358d49b14eff681c47b70db964f4007dbfd07e9212768e13dbf0c17f0afc8d8,150d107225160ac498040fa20d4ccf9e26ec2703,True,fixed_per_environment_quotas_v2,clean,29,64,True,True,5.94,,7,False,False,39.50246047973633,5.94,0.0,0.00031422762549482286,0.0
/home/donglei/isaac_projects/isaac_drone_racer/.worktrees/stage1-fake-vio/logs/skrl/stage1_recovery_20260905/2026-09-05_11-37-52/2026-09-05_11-37-57_ppo_torch_stage1_mixed/checkpoints/agent_50400.pt,8358d49b14eff681c47b70db964f4007dbfd07e9212768e13dbf0c17f0afc8d8,150d107225160ac498040fa20d4ccf9e26ec2703,True,fixed_per_environment_quotas_v2,clean,29,65,True,True,6.0,,7,False,False,39.82764434814453,6.0,0.0,0.0003101002366747707,0.0
/home/donglei/isaac_projects/isaac_drone_racer/.worktrees/stage1-fake-vio/logs/skrl/stage1_recovery_20260905/2026-09-05_11-37-52/2026-09-05_11-37-57_ppo_torch_stage1_mixed/checkpoints/agent_50400.pt,8358d49b14eff681c47b70db964f4007dbfd07e9212768e13dbf0c17f0afc8d8,150d107225160ac498040fa20d4ccf9e26ec2703,True,fixed_per_environment_quotas_v2,clean,29,66,True,True,4.97,,7,False,False,38.567298889160156,4.97,0.0,0.00029056824860163033,0.0
/home/donglei/isaac_projects/isaac_drone_racer/.worktrees/stage1-fake-vio/logs/skrl/stage1_recovery_20260905/2026-09-05_11-37-52/2026-09-05_11-37-57_ppo_torch_stage1_mixed/checkpoints/agent_50400.pt,8358d49b14eff681c47b70db964f4007dbfd07e9212768e13dbf0c17f0afc8d8,150d107225160ac498040fa20d4ccf9e26ec2703,True,fixed_per_environment_quotas_v2,clean,29,67,True,True,6.15,,7,False,False,39.75818634033203,6.15,0.0,0.0003037532733287662,0.0
/home/donglei/isaac_projects/isaac_drone_racer/.worktrees/stage1-fake-vio/logs/skrl/stage1_recovery_20260905/2026-09-05_11-37-52/2026-09-05_11-37-57_ppo_torch_stage1_mixed/checkpoints/agent_50400.pt,8358d49b14eff681c47b70db964f4007dbfd07e9212768e13dbf0c17f0afc8d8,150d107225160ac498040fa20d4ccf9e26ec2703,True,fixed_per_environment_quotas_v2,clean,29,68,True,True,5.29,,7,False,False,39.49337387084961,5.29,0.0,0.00030172959668561816,0.0
/home/donglei/isaac_projects/isaac_drone_racer/.worktrees/stage1-fake-vio/logs/skrl/stage1_recovery_20260905/2026-09-05_11-37-52/2026-09-05_11-37-57_ppo_torch_stage1_mixed/checkpoints/agent_50400.pt,8358d49b14eff681c47b70db964f4007dbfd07e9212768e13dbf0c17f0afc8d8,150d107225160ac498040fa20d4ccf9e26ec2703,True,fixed_per_environment_quotas_v2,clean,29,69,True,True,5.86,,7,False,False,39.86726760864258,5.86,0.0,0.0002964477171190083,0.0
/home/donglei/isaac_projects/isaac_drone_racer/.worktrees/stage1-fake-vio/logs/skrl/stage1_recovery_20260905/2026-09-05_11-37-52/2026-09-05_11-37-57_ppo_torch_stage1_mixed/checkpoints/agent_50400.pt,8358d49b14eff681c47b70db964f4007dbfd07e9212768e13dbf0c17f0afc8d8,150d107225160ac498040fa20d4ccf9e26ec2703,True,fixed_per_environment_quotas_v2,clean,29,70,True,True,5.74,,7,False,False,39.62596893310547,5.74,0.0,0.0003410304198041558,0.0
/home/donglei/isaac_projects/isaac_drone_racer/.worktrees/stage1-fake-vio/logs/skrl/stage1_recovery_20260905/2026-09-05_11-37-52/2026-09-05_11-37-57_ppo_torch_stage1_mixed/checkpoints/agent_50400.pt,8358d49b14eff681c47b70db964f4007dbfd07e9212768e13dbf0c17f0afc8d8,150d107225160ac498040fa20d4ccf9e26ec2703,True,fixed_per_environment_quotas_v2,clean,29,71,True,True,6.2700000000000005,,7,False,False,39.91270446777344,6.2700000000000005,0.0,0.00029054455808363855,0.0
/home/donglei/isaac_projects/isaac_drone_racer/.worktrees/stage1-fake-vio/logs/skrl/stage1_recovery_20260905/2026-09-05_11-37-52/2026-09-05_11-37-57_ppo_torch_stage1_mixed/checkpoints/agent_50400.pt,8358d49b14eff681c47b70db964f4007dbfd07e9212768e13dbf0c17f0afc8d8,150d107225160ac498040fa20d4ccf9e26ec2703,True,fixed_per_environment_quotas_v2,clean,29,72,True,True,5.08,,7,False,False,37.66047668457031,5.08,0.0,0.00028576748445630074,0.0
/home/donglei/isaac_projects/isaac_drone_racer/.worktrees/stage1-fake-vio/logs/skrl/stage1_recovery_20260905/2026-09-05_11-37-52/2026-09-05_11-37-57_ppo_torch_stage1_mixed/checkpoints/agent_50400.pt,8358d49b14eff681c47b70db964f4007dbfd07e9212768e13dbf0c17f0afc8d8,150d107225160ac498040fa20d4ccf9e26ec2703,True,fixed_per_environment_quotas_v2,clean,29,73,True,True,5.39,,7,False,False,39.15932846069336,5.39,0.0,0.00032717743306420743,0.0
/home/donglei/isaac_projects/isaac_drone_racer/.worktrees/stage1-fake-vio/logs/skrl/stage1_recovery_20260905/2026-09-05_11-37-52/2026-09-05_11-37-57_ppo_torch_stage1_mixed/checkpoints/agent_50400.pt,8358d49b14eff681c47b70db964f4007dbfd07e9212768e13dbf0c17f0afc8d8,150d107225160ac498040fa20d4ccf9e26ec2703,True,fixed_per_environment_quotas_v2,clean,29,74,True,True,6.46,,7,False,False,39.952171325683594,6.46,0.0,0.0003237523778807372,0.0
/home/donglei/isaac_projects/isaac_drone_racer/.worktrees/stage1-fake-vio/logs/skrl/stage1_recovery_20260905/2026-09-05_11-37-52/2026-09-05_11-37-57_ppo_torch_stage1_mixed/checkpoints/agent_50400.pt,8358d49b14eff681c47b70db964f4007dbfd07e9212768e13dbf0c17f0afc8d8,150d107225160ac498040fa20d4ccf9e26ec2703,True,fixed_per_environment_quotas_v2,clean,29,75,True,True,5.93,,7,False,False,39.867279052734375,5.93,0.0,0.0003183046355843544,0.0
/home/donglei/isaac_projects/isaac_drone_racer/.worktrees/stage1-fake-vio/logs/skrl/stage1_recovery_20260905/2026-09-05_11-37-52/2026-09-05_11-37-57_ppo_torch_stage1_mixed/checkpoints/agent_50400.pt,8358d49b14eff681c47b70db964f4007dbfd07e9212768e13dbf0c17f0afc8d8,150d107225160ac498040fa20d4ccf9e26ec2703,True,fixed_per_environment_quotas_v2,clean,29,76,True,True,5.14,,7,False,False,39.21257019042969,5.14,0.0,0.0002999779535457492,0.0
/home/donglei/isaac_projects/isaac_drone_racer/.worktrees/stage1-fake-vio/logs/skrl/stage1_recovery_20260905/2026-09-05_11-37-52/2026-09-05_11-37-57_ppo_torch_stage1_mixed/checkpoints/agent_50400.pt,8358d49b14eff681c47b70db964f4007dbfd07e9212768e13dbf0c17f0afc8d8,150d107225160ac498040fa20d4ccf9e26ec2703,True,fixed_per_environment_quotas_v2,clean,29,77,True,True,5.87,,7,False,False,39.73924255371094,5.87,0.0,0.0003160956548526883,0.0
/home/donglei/isaac_projects/isaac_drone_racer/.worktrees/stage1-fake-vio/logs/skrl/stage1_recovery_20260905/2026-09-05_11-37-52/2026-09-05_11-37-57_ppo_torch_stage1_mixed/checkpoints/agent_50400.pt,8358d49b14eff681c47b70db964f4007dbfd07e9212768e13dbf0c17f0afc8d8,150d107225160ac498040fa20d4ccf9e26ec2703,True,fixed_per_environment_quotas_v2,clean,29,78,True,True,5.62,,7,False,False,39.273170471191406,5.62,0.0,0.0003082662005908787,0.0
/home/donglei/isaac_projects/isaac_drone_racer/.worktrees/stage1-fake-vio/logs/skrl/stage1_recovery_20260905/2026-09-05_11-37-52/2026-09-05_11-37-57_ppo_torch_stage1_mixed/checkpoints/agent_50400.pt,8358d49b14eff681c47b70db964f4007dbfd07e9212768e13dbf0c17f0afc8d8,150d107225160ac498040fa20d4ccf9e26ec2703,True,fixed_per_environment_quotas_v2,clean,29,79,True,True,5.88,,7,False,False,39.38857650756836,5.88,0.0,0.00031454028794541955,0.0
/home/donglei/isaac_projects/isaac_drone_racer/.worktrees/stage1-fake-vio/logs/skrl/stage1_recovery_20260905/2026-09-05_11-37-52/2026-09-05_11-37-57_ppo_torch_stage1_mixed/checkpoints/agent_50400.pt,8358d49b14eff681c47b70db964f4007dbfd07e9212768e13dbf0c17f0afc8d8,150d107225160ac498040fa20d4ccf9e26ec2703,True,fixed_per_environment_quotas_v2,clean,29,80,False,False,,1,1,True,False,0.0805511474609375,1.26,0.0,0.00031965511152520776,0.0
/home/donglei/isaac_projects/isaac_drone_racer/.worktrees/stage1-fake-vio/logs/skrl/stage1_recovery_20260905/2026-09-05_11-37-52/2026-09-05_11-37-57_ppo_torch_stage1_mixed/checkpoints/agent_50400.pt,8358d49b14eff681c47b70db964f4007dbfd07e9212768e13dbf0c17f0afc8d8,150d107225160ac498040fa20d4ccf9e26ec2703,True,fixed_per_environment_quotas_v2,clean,29,81,False,False,,6,0,True,False,-3.0004544258117676,1.26,0.0,0.0003013737441506237,0.0
/home/donglei/isaac_projects/isaac_drone_racer/.worktrees/stage1-fake-vio/logs/skrl/stage1_recovery_20260905/2026-09-05_11-37-52/2026-09-05_11-37-57_ppo_torch_stage1_mixed/checkpoints/agent_50400.pt,8358d49b14eff681c47b70db964f4007dbfd07e9212768e13dbf0c17f0afc8d8,150d107225160ac498040fa20d4ccf9e26ec2703,True,fixed_per_environment_quotas_v2,clean,29,82,True,True,6.17,,7,False,False,39.711021423339844,6.17,0.0,0.00031205255072563887,0.0
/home/donglei/isaac_projects/isaac_drone_racer/.worktrees/stage1-fake-vio/logs/skrl/stage1_recovery_20260905/2026-09-05_11-37-52/2026-09-05_11-37-57_ppo_torch_stage1_mixed/checkpoints/agent_50400.pt,8358d49b14eff681c47b70db964f4007dbfd07e9212768e13dbf0c17f0afc8d8,150d107225160ac498040fa20d4ccf9e26ec2703,True,fixed_per_environment_quotas_v2,clean,29,83,True,True,5.89,,7,False,False,39.429893493652344,5.89,0.0,0.0003116865118499845,0.0
/home/donglei/isaac_projects/isaac_drone_racer/.worktrees/stage1-fake-vio/logs/skrl/stage1_recovery_20260905/2026-09-05_11-37-52/2026-09-05_11-37-57_ppo_torch_stage1_mixed/checkpoints/agent_50400.pt,8358d49b14eff681c47b70db964f4007dbfd07e9212768e13dbf0c17f0afc8d8,150d107225160ac498040fa20d4ccf9e26ec2703,True,fixed_per_environment_quotas_v2,clean,29,84,True,True,5.87,,7,False,False,39.748268127441406,5.87,0.0,0.00032371352426707745,0.0
/home/donglei/isaac_projects/isaac_drone_racer/.worktrees/stage1-fake-vio/logs/skrl/stage1_recovery_20260905/2026-09-05_11-37-52/2026-09-05_11-37-57_ppo_torch_stage1_mixed/checkpoints/agent_50400.pt,8358d49b14eff681c47b70db964f4007dbfd07e9212768e13dbf0c17f0afc8d8,150d107225160ac498040fa20d4ccf9e26ec2703,True,fixed_per_environment_quotas_v2,clean,29,85,True,True,6.03,,7,False,False,39.70847702026367,6.03,0.0,0.0003218563215341419,0.0
/home/donglei/isaac_projects/isaac_drone_racer/.worktrees/stage1-fake-vio/logs/skrl/stage1_recovery_20260905/2026-09-05_11-37-52/2026-09-05_11-37-57_ppo_torch_stage1_mixed/checkpoints/agent_50400.pt,8358d49b14eff681c47b70db964f4007dbfd07e9212768e13dbf0c17f0afc8d8,150d107225160ac498040fa20d4ccf9e26ec2703,True,fixed_per_environment_quotas_v2,clean,29,86,True,True,6.55,,7,False,False,39.65168380737305,6.55,0.0,0.00032152043422684073,0.0
/home/donglei/isaac_projects/isaac_drone_racer/.worktrees/stage1-fake-vio/logs/skrl/stage1_recovery_20260905/2026-09-05_11-37-52/2026-09-05_11-37-57_ppo_torch_stage1_mixed/checkpoints/agent_50400.pt,8358d49b14eff681c47b70db964f4007dbfd07e9212768e13dbf0c17f0afc8d8,150d107225160ac498040fa20d4ccf9e26ec2703,True,fixed_per_environment_quotas_v2,clean,29,87,True,True,6.22,,7,False,False,39.78718566894531,6.22,0.0,0.0003169023839291185,0.0
/home/donglei/isaac_projects/isaac_drone_racer/.worktrees/stage1-fake-vio/logs/skrl/stage1_recovery_20260905/2026-09-05_11-37-52/2026-09-05_11-37-57_ppo_torch_stage1_mixed/checkpoints/agent_50400.pt,8358d49b14eff681c47b70db964f4007dbfd07e9212768e13dbf0c17f0afc8d8,150d107225160ac498040fa20d4ccf9e26ec2703,True,fixed_per_environment_quotas_v2,clean,29,88,True,True,5.87,,7,False,False,39.74123764038086,5.87,0.0,0.00029619509587064385,0.0
/home/donglei/isaac_projects/isaac_drone_racer/.worktrees/stage1-fake-vio/logs/skrl/stage1_recovery_20260905/2026-09-05_11-37-52/2026-09-05_11-37-57_ppo_torch_stage1_mixed/checkpoints/agent_50400.pt,8358d49b14eff681c47b70db964f4007dbfd07e9212768e13dbf0c17f0afc8d8,150d107225160ac498040fa20d4ccf9e26ec2703,True,fixed_per_environment_quotas_v2,clean,29,89,True,True,5.98,,7,False,False,39.7487907409668,5.98,0.0,0.00030149967642500997,0.0
/home/donglei/isaac_projects/isaac_drone_racer/.worktrees/stage1-fake-vio/logs/skrl/stage1_recovery_20260905/2026-09-05_11-37-52/2026-09-05_11-37-57_ppo_torch_stage1_mixed/checkpoints/agent_50400.pt,8358d49b14eff681c47b70db964f4007dbfd07e9212768e13dbf0c17f0afc8d8,150d107225160ac498040fa20d4ccf9e26ec2703,True,fixed_per_environment_quotas_v2,clean,29,90,False,False,,7,1,True,False,1.0670857429504395,1.43,0.0,0.0003266570274718106,0.0
/home/donglei/isaac_projects/isaac_drone_racer/.worktrees/stage1-fake-vio/logs/skrl/stage1_recovery_20260905/2026-09-05_11-37-52/2026-09-05_11-37-57_ppo_torch_stage1_mixed/checkpoints/agent_50400.pt,8358d49b14eff681c47b70db964f4007dbfd07e9212768e13dbf0c17f0afc8d8,150d107225160ac498040fa20d4ccf9e26ec2703,True,fixed_per_environment_quotas_v2,clean,29,91,True,True,6.140000000000001,,7,False,False,39.69352722167969,6.140000000000001,0.0,0.000324990221997723,0.0
/home/donglei/isaac_projects/isaac_drone_racer/.worktrees/stage1-fake-vio/logs/skrl/stage1_recovery_20260905/2026-09-05_11-37-52/2026-09-05_11-37-57_ppo_torch_stage1_mixed/checkpoints/agent_50400.pt,8358d49b14eff681c47b70db964f4007dbfd07e9212768e13dbf0c17f0afc8d8,150d107225160ac498040fa20d4ccf9e26ec2703,True,fixed_per_environment_quotas_v2,clean,29,92,True,True,5.95,,7,False,False,39.417327880859375,5.95,0.0,0.00028869762900285423,0.0
/home/donglei/isaac_projects/isaac_drone_racer/.worktrees/stage1-fake-vio/logs/skrl/stage1_recovery_20260905/2026-09-05_11-37-52/2026-09-05_11-37-57_ppo_torch_stage1_mixed/checkpoints/agent_50400.pt,8358d49b14eff681c47b70db964f4007dbfd07e9212768e13dbf0c17f0afc8d8,150d107225160ac498040fa20d4ccf9e26ec2703,True,fixed_per_environment_quotas_v2,clean,29,93,True,True,5.96,,7,False,False,39.7278938293457,5.96,0.0,0.0003249741857871413,0.0
/home/donglei/isaac_projects/isaac_drone_racer/.worktrees/stage1-fake-vio/logs/skrl/stage1_recovery_20260905/2026-09-05_11-37-52/2026-09-05_11-37-57_ppo_torch_stage1_mixed/checkpoints/agent_50400.pt,8358d49b14eff681c47b70db964f4007dbfd07e9212768e13dbf0c17f0afc8d8,150d107225160ac498040fa20d4ccf9e26ec2703,True,fixed_per_environment_quotas_v2,clean,29,94,True,True,6.08,,7,False,False,39.748416900634766,6.08,0.0,0.00031310375197790563,0.0
/home/donglei/isaac_projects/isaac_drone_racer/.worktrees/stage1-fake-vio/logs/skrl/stage1_recovery_20260905/2026-09-05_11-37-52/2026-09-05_11-37-57_ppo_torch_stage1_mixed/checkpoints/agent_50400.pt,8358d49b14eff681c47b70db964f4007dbfd07e9212768e13dbf0c17f0afc8d8,150d107225160ac498040fa20d4ccf9e26ec2703,True,fixed_per_environment_quotas_v2,clean,29,95,True,True,6.0600000000000005,,7,False,False,39.42456817626953,6.0600000000000005,0.0,0.00032832883880473673,0.0
/home/donglei/isaac_projects/isaac_drone_racer/.worktrees/stage1-fake-vio/logs/skrl/stage1_recovery_20260905/2026-09-05_11-37-52/2026-09-05_11-37-57_ppo_torch_stage1_mixed/checkpoints/agent_50400.pt,8358d49b14eff681c47b70db964f4007dbfd07e9212768e13dbf0c17f0afc8d8,150d107225160ac498040fa20d4ccf9e26ec2703,True,fixed_per_environment_quotas_v2,clean,29,96,True,True,6.0600000000000005,,7,False,False,39.331336975097656,6.0600000000000005,0.0,0.0003034182300325483,0.0
/home/donglei/isaac_projects/isaac_drone_racer/.worktrees/stage1-fake-vio/logs/skrl/stage1_recovery_20260905/2026-09-05_11-37-52/2026-09-05_11-37-57_ppo_torch_stage1_mixed/checkpoints/agent_50400.pt,8358d49b14eff681c47b70db964f4007dbfd07e9212768e13dbf0c17f0afc8d8,150d107225160ac498040fa20d4ccf9e26ec2703,True,fixed_per_environment_quotas_v2,clean,29,97,True,True,6.28,,7,False,False,39.5926399230957,6.28,0.0,0.0003005928883794695,0.0
/home/donglei/isaac_projects/isaac_drone_racer/.worktrees/stage1-fake-vio/logs/skrl/stage1_recovery_20260905/2026-09-05_11-37-52/2026-09-05_11-37-57_ppo_torch_stage1_mixed/checkpoints/agent_50400.pt,8358d49b14eff681c47b70db964f4007dbfd07e9212768e13dbf0c17f0afc8d8,150d107225160ac498040fa20d4ccf9e26ec2703,True,fixed_per_environment_quotas_v2,clean,29,98,True,True,6.01,,7,False,False,39.80398178100586,6.01,0.0,0.00030467775650322437,0.0
/home/donglei/isaac_projects/isaac_drone_racer/.worktrees/stage1-fake-vio/logs/skrl/stage1_recovery_20260905/2026-09-05_11-37-52/2026-09-05_11-37-57_ppo_torch_stage1_mixed/checkpoints/agent_50400.pt,8358d49b14eff681c47b70db964f4007dbfd07e9212768e13dbf0c17f0afc8d8,150d107225160ac498040fa20d4ccf9e26ec2703,True,fixed_per_environment_quotas_v2,clean,29,99,True,True,6.01,,7,False,False,39.89813232421875,6.01,0.0,0.00032484307303093374,0.0
/home/donglei/isaac_projects/isaac_drone_racer/.worktrees/stage1-fake-vio/logs/skrl/stage1_recovery_20260905/2026-09-05_11-37-52/2026-09-05_11-37-57_ppo_torch_stage1_mixed/checkpoints/agent_50400.pt,8358d49b14eff681c47b70db964f4007dbfd07e9212768e13dbf0c17f0afc8d8,150d107225160ac498040fa20d4ccf9e26ec2703,True,fixed_per_environment_quotas_v2,clean,29,100,True,True,6.1000000000000005,,7,False,False,39.635986328125,6.1000000000000005,0.0,0.0003049956285394728,0.0
/home/donglei/isaac_projects/isaac_drone_racer/.worktrees/stage1-fake-vio/logs/skrl/stage1_recovery_20260905/2026-09-05_11-37-52/2026-09-05_11-37-57_ppo_torch_stage1_mixed/checkpoints/agent_50400.pt,8358d49b14eff681c47b70db964f4007dbfd07e9212768e13dbf0c17f0afc8d8,150d107225160ac498040fa20d4ccf9e26ec2703,True,fixed_per_environment_quotas_v2,clean,29,101,True,True,5.98,,7,False,False,39.3564338684082,5.98,0.0,0.0003194768796674907,0.0
/home/donglei/isaac_projects/isaac_drone_racer/.worktrees/stage1-fake-vio/logs/skrl/stage1_recovery_20260905/2026-09-05_11-37-52/2026-09-05_11-37-57_ppo_torch_stage1_mixed/checkpoints/agent_50400.pt,8358d49b14eff681c47b70db964f4007dbfd07e9212768e13dbf0c17f0afc8d8,150d107225160ac498040fa20d4ccf9e26ec2703,True,fixed_per_environment_quotas_v2,clean,29,102,True,True,6.140000000000001,,7,False,False,39.85843276977539,6.140000000000001,0.0,0.00030272052390500903,0.0
/home/donglei/isaac_projects/isaac_drone_racer/.worktrees/stage1-fake-vio/logs/skrl/stage1_recovery_20260905/2026-09-05_11-37-52/2026-09-05_11-37-57_ppo_torch_stage1_mixed/checkpoints/agent_50400.pt,8358d49b14eff681c47b70db964f4007dbfd07e9212768e13dbf0c17f0afc8d8,150d107225160ac498040fa20d4ccf9e26ec2703,True,fixed_per_environment_quotas_v2,clean,29,103,True,True,6.01,,7,False,False,39.474769592285156,6.01,0.0,0.0002830795419868082,0.0
/home/donglei/isaac_projects/isaac_drone_racer/.worktrees/stage1-fake-vio/logs/skrl/stage1_recovery_20260905/2026-09-05_11-37-52/2026-09-05_11-37-57_ppo_torch_stage1_mixed/checkpoints/agent_50400.pt,8358d49b14eff681c47b70db964f4007dbfd07e9212768e13dbf0c17f0afc8d8,150d107225160ac498040fa20d4ccf9e26ec2703,True,fixed_per_environment_quotas_v2,clean,29,104,True,True,5.83,,7,False,False,39.805179595947266,5.83,0.0,0.00032482214737683535,0.0
/home/donglei/isaac_projects/isaac_drone_racer/.worktrees/stage1-fake-vio/logs/skrl/stage1_recovery_20260905/2026-09-05_11-37-52/2026-09-05_11-37-57_ppo_torch_stage1_mixed/checkpoints/agent_50400.pt,8358d49b14eff681c47b70db964f4007dbfd07e9212768e13dbf0c17f0afc8d8,150d107225160ac498040fa20d4ccf9e26ec2703,True,fixed_per_environment_quotas_v2,clean,29,105,True,True,6.13,,7,False,False,39.71821975708008,6.13,0.0,0.00028984560049138963,0.0
/home/donglei/isaac_projects/isaac_drone_racer/.worktrees/stage1-fake-vio/logs/skrl/stage1_recovery_20260905/2026-09-05_11-37-52/2026-09-05_11-37-57_ppo_torch_stage1_mixed/checkpoints/agent_50400.pt,8358d49b14eff681c47b70db964f4007dbfd07e9212768e13dbf0c17f0afc8d8,150d107225160ac498040fa20d4ccf9e26ec2703,True,fixed_per_environment_quotas_v2,clean,29,106,True,True,5.95,,7,False,False,39.62879943847656,5.95,0.0,0.0002969086926896125,0.0
/home/donglei/isaac_projects/isaac_drone_racer/.worktrees/stage1-fake-vio/logs/skrl/stage1_recovery_20260905/2026-09-05_11-37-52/2026-09-05_11-37-57_ppo_torch_stage1_mixed/checkpoints/agent_50400.pt,8358d49b14eff681c47b70db964f4007dbfd07e9212768e13dbf0c17f0afc8d8,150d107225160ac498040fa20d4ccf9e26ec2703,True,fixed_per_environment_quotas_v2,clean,29,107,True,True,5.93,,7,False,False,39.7838020324707,5.93,0.0,0.0003067260258831084,0.0
/home/donglei/isaac_projects/isaac_drone_racer/.worktrees/stage1-fake-vio/logs/skrl/stage1_recovery_20260905/2026-09-05_11-37-52/2026-09-05_11-37-57_ppo_torch_stage1_mixed/checkpoints/agent_50400.pt,8358d49b14eff681c47b70db964f4007dbfd07e9212768e13dbf0c17f0afc8d8,150d107225160ac498040fa20d4ccf9e26ec2703,True,fixed_per_environment_quotas_v2,clean,29,108,True,True,6.28,,7,False,False,39.57099533081055,6.28,0.0,0.0003260387748014182,0.0
/home/donglei/isaac_projects/isaac_drone_racer/.worktrees/stage1-fake-vio/logs/skrl/stage1_recovery_20260905/2026-09-05_11-37-52/2026-09-05_11-37-57_ppo_torch_stage1_mixed/checkpoints/agent_50400.pt,8358d49b14eff681c47b70db964f4007dbfd07e9212768e13dbf0c17f0afc8d8,150d107225160ac498040fa20d4ccf9e26ec2703,True,fixed_per_environment_quotas_v2,clean,29,109,True,True,6.2700000000000005,,7,False,False,39.57514190673828,6.2700000000000005,0.0,0.00031200118246488273,0.0
/home/donglei/isaac_projects/isaac_drone_racer/.worktrees/stage1-fake-vio/logs/skrl/stage1_recovery_20260905/2026-09-05_11-37-52/2026-09-05_11-37-57_ppo_torch_stage1_mixed/checkpoints/agent_50400.pt,8358d49b14eff681c47b70db964f4007dbfd07e9212768e13dbf0c17f0afc8d8,150d107225160ac498040fa20d4ccf9e26ec2703,True,fixed_per_environment_quotas_v2,clean,29,110,True,True,6.08,,7,False,False,39.64344024658203,6.08,0.0,0.00031559864873997867,0.0
/home/donglei/isaac_projects/isaac_drone_racer/.worktrees/stage1-fake-vio/logs/skrl/stage1_recovery_20260905/2026-09-05_11-37-52/2026-09-05_11-37-57_ppo_torch_stage1_mixed/checkpoints/agent_50400.pt,8358d49b14eff681c47b70db964f4007dbfd07e9212768e13dbf0c17f0afc8d8,150d107225160ac498040fa20d4ccf9e26ec2703,True,fixed_per_environment_quotas_v2,clean,29,111,True,True,6.140000000000001,,7,False,False,39.92456817626953,6.140000000000001,0.0,0.0002896094520110637,0.0
/home/donglei/isaac_projects/isaac_drone_racer/.worktrees/stage1-fake-vio/logs/skrl/stage1_recovery_20260905/2026-09-05_11-37-52/2026-09-05_11-37-57_ppo_torch_stage1_mixed/checkpoints/agent_50400.pt,8358d49b14eff681c47b70db964f4007dbfd07e9212768e13dbf0c17f0afc8d8,150d107225160ac498040fa20d4ccf9e26ec2703,True,fixed_per_environment_quotas_v2,clean,29,112,True,True,5.9,,7,False,False,39.60771179199219,5.9,0.0,0.0002968057233374566,0.0
/home/donglei/isaac_projects/isaac_drone_racer/.worktrees/stage1-fake-vio/logs/skrl/stage1_recovery_20260905/2026-09-05_11-37-52/2026-09-05_11-37-57_ppo_torch_stage1_mixed/checkpoints/agent_50400.pt,8358d49b14eff681c47b70db964f4007dbfd07e9212768e13dbf0c17f0afc8d8,150d107225160ac498040fa20d4ccf9e26ec2703,True,fixed_per_environment_quotas_v2,clean,29,113,True,True,5.83,,7,False,False,39.84507369995117,5.83,0.0,0.00031328629120253026,0.0
/home/donglei/isaac_projects/isaac_drone_racer/.worktrees/stage1-fake-vio/logs/skrl/stage1_recovery_20260905/2026-09-05_11-37-52/2026-09-05_11-37-57_ppo_torch_stage1_mixed/checkpoints/agent_50400.pt,8358d49b14eff681c47b70db964f4007dbfd07e9212768e13dbf0c17f0afc8d8,150d107225160ac498040fa20d4ccf9e26ec2703,True,fixed_per_environment_quotas_v2,clean,29,114,True,True,5.95,,7,False,False,39.417667388916016,5.95,0.0,0.0003101110050920397,0.0
/home/donglei/isaac_projects/isaac_drone_racer/.worktrees/stage1-fake-vio/logs/skrl/stage1_recovery_20260905/2026-09-05_11-37-52/2026-09-05_11-37-57_ppo_torch_stage1_mixed/checkpoints/agent_50400.pt,8358d49b14eff681c47b70db964f4007dbfd07e9212768e13dbf0c17f0afc8d8,150d107225160ac498040fa20d4ccf9e26ec2703,True,fixed_per_environment_quotas_v2,clean,29,115,True,True,5.89,,7,False,False,39.58559036254883,5.89,0.0,0.0003103851049672812,0.0
/home/donglei/isaac_projects/isaac_drone_racer/.worktrees/stage1-fake-vio/logs/skrl/stage1_recovery_20260905/2026-09-05_11-37-52/2026-09-05_11-37-57_ppo_torch_stage1_mixed/checkpoints/agent_50400.pt,8358d49b14eff681c47b70db964f4007dbfd07e9212768e13dbf0c17f0afc8d8,150d107225160ac498040fa20d4ccf9e26ec2703,True,fixed_per_environment_quotas_v2,clean,29,116,True,True,5.97,,7,False,False,39.712890625,5.97,0.0,0.0002882136614061892,0.0
/home/donglei/isaac_projects/isaac_drone_racer/.worktrees/stage1-fake-vio/logs/skrl/stage1_recovery_20260905/2026-09-05_11-37-52/2026-09-05_11-37-57_ppo_torch_stage1_mixed/checkpoints/agent_50400.pt,8358d49b14eff681c47b70db964f4007dbfd07e9212768e13dbf0c17f0afc8d8,150d107225160ac498040fa20d4ccf9e26ec2703,True,fixed_per_environment_quotas_v2,clean,29,117,True,True,6.13,,7,False,False,39.64036178588867,6.13,0.0,0.0002802950912155211,0.0
/home/donglei/isaac_projects/isaac_drone_racer/.worktrees/stage1-fake-vio/logs/skrl/stage1_recovery_20260905/2026-09-05_11-37-52/2026-09-05_11-37-57_ppo_torch_stage1_mixed/checkpoints/agent_50400.pt,8358d49b14eff681c47b70db964f4007dbfd07e9212768e13dbf0c17f0afc8d8,150d107225160ac498040fa20d4ccf9e26ec2703,True,fixed_per_environment_quotas_v2,clean,29,118,True,True,6.17,,7,False,False,39.592193603515625,6.17,0.0,0.00030956603586673737,0.0
/home/donglei/isaac_projects/isaac_drone_racer/.worktrees/stage1-fake-vio/logs/skrl/stage1_recovery_20260905/2026-09-05_11-37-52/2026-09-05_11-37-57_ppo_torch_stage1_mixed/checkpoints/agent_50400.pt,8358d49b14eff681c47b70db964f4007dbfd07e9212768e13dbf0c17f0afc8d8,150d107225160ac498040fa20d4ccf9e26ec2703,True,fixed_per_environment_quotas_v2,clean,29,119,True,True,6.24,,7,False,False,39.835514068603516,6.24,0.0,0.00030782478279434144,0.0
/home/donglei/isaac_projects/isaac_drone_racer/.worktrees/stage1-fake-vio/logs/skrl/stage1_recovery_20260905/2026-09-05_11-37-52/2026-09-05_11-37-57_ppo_torch_stage1_mixed/checkpoints/agent_50400.pt,8358d49b14eff681c47b70db964f4007dbfd07e9212768e13dbf0c17f0afc8d8,150d107225160ac498040fa20d4ccf9e26ec2703,True,fixed_per_environment_quotas_v2,clean,29,120,True,True,6.0200000000000005,,7,False,False,39.6192626953125,6.0200000000000005,0.0,0.00034122864599339664,0.0
/home/donglei/isaac_projects/isaac_drone_racer/.worktrees/stage1-fake-vio/logs/skrl/stage1_recovery_20260905/2026-09-05_11-37-52/2026-09-05_11-37-57_ppo_torch_stage1_mixed/checkpoints/agent_50400.pt,8358d49b14eff681c47b70db964f4007dbfd07e9212768e13dbf0c17f0afc8d8,150d107225160ac498040fa20d4ccf9e26ec2703,True,fixed_per_environment_quotas_v2,clean,29,121,True,True,5.95,,7,False,False,39.49597930908203,5.95,0.0,0.0003337597590871155,0.0
/home/donglei/isaac_projects/isaac_drone_racer/.worktrees/stage1-fake-vio/logs/skrl/stage1_recovery_20260905/2026-09-05_11-37-52/2026-09-05_11-37-57_ppo_torch_stage1_mixed/checkpoints/agent_50400.pt,8358d49b14eff681c47b70db964f4007dbfd07e9212768e13dbf0c17f0afc8d8,150d107225160ac498040fa20d4ccf9e26ec2703,True,fixed_per_environment_quotas_v2,clean,29,122,True,True,6.01,,7,False,False,39.651466369628906,6.01,0.0,0.0003211585571989417,0.0
/home/donglei/isaac_projects/isaac_drone_racer/.worktrees/stage1-fake-vio/logs/skrl/stage1_recovery_20260905/2026-09-05_11-37-52/2026-09-05_11-37-57_ppo_torch_stage1_mixed/checkpoints/agent_50400.pt,8358d49b14eff681c47b70db964f4007dbfd07e9212768e13dbf0c17f0afc8d8,150d107225160ac498040fa20d4ccf9e26ec2703,True,fixed_per_environment_quotas_v2,clean,29,123,True,True,6.03,,7,False,False,39.54045867919922,6.03,0.0,0.00033272881410084665,0.0
/home/donglei/isaac_projects/isaac_drone_racer/.worktrees/stage1-fake-vio/logs/skrl/stage1_recovery_20260905/2026-09-05_11-37-52/2026-09-05_11-37-57_ppo_torch_stage1_mixed/checkpoints/agent_50400.pt,8358d49b14eff681c47b70db964f4007dbfd07e9212768e13dbf0c17f0afc8d8,150d107225160ac498040fa20d4ccf9e26ec2703,True,fixed_per_environment_quotas_v2,clean,29,124,True,True,5.95,,7,False,False,39.7480354309082,5.95,0.0,0.0003478684520814568,0.0
/home/donglei/isaac_projects/isaac_drone_racer/.worktrees/stage1-fake-vio/logs/skrl/stage1_recovery_20260905/2026-09-05_11-37-52/2026-09-05_11-37-57_ppo_torch_stage1_mixed/checkpoints/agent_50400.pt,8358d49b14eff681c47b70db964f4007dbfd07e9212768e13dbf0c17f0afc8d8,150d107225160ac498040fa20d4ccf9e26ec2703,True,fixed_per_environment_quotas_v2,clean,29,125,True,True,5.96,,7,False,False,39.612335205078125,5.96,0.0,0.00029934424674138427,0.0
/home/donglei/isaac_projects/isaac_drone_racer/.worktrees/stage1-fake-vio/logs/skrl/stage1_recovery_20260905/2026-09-05_11-37-52/2026-09-05_11-37-57_ppo_torch_stage1_mixed/checkpoints/agent_50400.pt,8358d49b14eff681c47b70db964f4007dbfd07e9212768e13dbf0c17f0afc8d8,150d107225160ac498040fa20d4ccf9e26ec2703,True,fixed_per_environment_quotas_v2,clean,29,126,True,True,6.11,,7,False,False,39.7154426574707,6.11,0.0,0.0003221738152205944,0.0
/home/donglei/isaac_projects/isaac_drone_racer/.worktrees/stage1-fake-vio/logs/skrl/stage1_recovery_20260905/2026-09-05_11-37-52/2026-09-05_11-37-57_ppo_torch_stage1_mixed/checkpoints/agent_50400.pt,8358d49b14eff681c47b70db964f4007dbfd07e9212768e13dbf0c17f0afc8d8,150d107225160ac498040fa20d4ccf9e26ec2703,True,fixed_per_environment_quotas_v2,clean,29,127,True,True,6.09,,7,False,False,39.60609817504883,6.09,0.0,0.000311592681100592,0.0
/home/donglei/isaac_projects/isaac_drone_racer/.worktrees/stage1-fake-vio/logs/skrl/stage1_recovery_20260905/2026-09-05_11-37-52/2026-09-05_11-37-57_ppo_torch_stage1_mixed/checkpoints/agent_50400.pt,8358d49b14eff681c47b70db964f4007dbfd07e9212768e13dbf0c17f0afc8d8,150d107225160ac498040fa20d4ccf9e26ec2703,True,fixed_per_environment_quotas_v2,clean,47,0,False,False,,1,0,True,False,-4.997889518737793,0.05,0.0,0.0003088161756750196,0.0
/home/donglei/isaac_projects/isaac_drone_racer/.worktrees/stage1-fake-vio/logs/skrl/stage1_recovery_20260905/2026-09-05_11-37-52/2026-09-05_11-37-57_ppo_torch_stage1_mixed/checkpoints/agent_50400.pt,8358d49b14eff681c47b70db964f4007dbfd07e9212768e13dbf0c17f0afc8d8,150d107225160ac498040fa20d4ccf9e26ec2703,True,fixed_per_environment_quotas_v2,clean,47,1,False,False,,6,0,False,False,0.8922128081321716,0.29,0.0,0.00025645786081440747,0.0
/home/donglei/isaac_projects/isaac_drone_racer/.worktrees/stage1-fake-vio/logs/skrl/stage1_recovery_20260905/2026-09-05_11-37-52/2026-09-05_11-37-57_ppo_torch_stage1_mixed/checkpoints/agent_50400.pt,8358d49b14eff681c47b70db964f4007dbfd07e9212768e13dbf0c17f0afc8d8,150d107225160ac498040fa20d4ccf9e26ec2703,True,fixed_per_environment_quotas_v2,clean,47,2,False,False,,6,0,False,False,1.3265372514724731,0.43,0.0,0.00037968417746014893,0.0
/home/donglei/isaac_projects/isaac_drone_racer/.worktrees/stage1-fake-vio/logs/skrl/stage1_recovery_20260905/2026-09-05_11-37-52/2026-09-05_11-37-57_ppo_torch_stage1_mixed/checkpoints/agent_50400.pt,8358d49b14eff681c47b70db964f4007dbfd07e9212768e13dbf0c17f0afc8d8,150d107225160ac498040fa20d4ccf9e26ec2703,True,fixed_per_environment_quotas_v2,clean,47,3,False,False,,6,2,False,False,8.588542938232422,0.64,0.0,0.0003662109375,0.0
/home/donglei/isaac_projects/isaac_drone_racer/.worktrees/stage1-fake-vio/logs/skrl/stage1_recovery_20260905/2026-09-05_11-37-52/2026-09-05_11-37-57_ppo_torch_stage1_mixed/checkpoints/agent_50400.pt,8358d49b14eff681c47b70db964f4007dbfd07e9212768e13dbf0c17f0afc8d8,150d107225160ac498040fa20d4ccf9e26ec2703,True,fixed_per_environment_quotas_v2,clean,47,4,False,False,,6,0,True,False,-3.246157169342041,0.65,0.0,0.00032047368586063385,0.0
/home/donglei/isaac_projects/isaac_drone_racer/.worktrees/stage1-fake-vio/logs/skrl/stage1_recovery_20260905/2026-09-05_11-37-52/2026-09-05_11-37-57_ppo_torch_stage1_mixed/checkpoints/agent_50400.pt,8358d49b14eff681c47b70db964f4007dbfd07e9212768e13dbf0c17f0afc8d8,150d107225160ac498040fa20d4ccf9e26ec2703,True,fixed_per_environment_quotas_v2,clean,47,5,False,False,,4,1,True,False,0.23484086990356445,1.55,0.0,0.00029868827550671995,0.0
/home/donglei/isaac_projects/isaac_drone_racer/.worktrees/stage1-fake-vio/logs/skrl/stage1_recovery_20260905/2026-09-05_11-37-52/2026-09-05_11-37-57_ppo_torch_stage1_mixed/checkpoints/agent_50400.pt,8358d49b14eff681c47b70db964f4007dbfd07e9212768e13dbf0c17f0afc8d8,150d107225160ac498040fa20d4ccf9e26ec2703,True,fixed_per_environment_quotas_v2,clean,47,6,False,False,,7,2,True,False,6.894827365875244,2.1,0.0,0.00031247094739228487,0.0
/home/donglei/isaac_projects/isaac_drone_racer/.worktrees/stage1-fake-vio/logs/skrl/stage1_recovery_20260905/2026-09-05_11-37-52/2026-09-05_11-37-57_ppo_torch_stage1_mixed/checkpoints/agent_50400.pt,8358d49b14eff681c47b70db964f4007dbfd07e9212768e13dbf0c17f0afc8d8,150d107225160ac498040fa20d4ccf9e26ec2703,True,fixed_per_environment_quotas_v2,clean,47,7,False,False,,1,1,False,True,-7.110267639160156,2.29,0.0,0.0003161461791023612,0.0
/home/donglei/isaac_projects/isaac_drone_racer/.worktrees/stage1-fake-vio/logs/skrl/stage1_recovery_20260905/2026-09-05_11-37-52/2026-09-05_11-37-57_ppo_torch_stage1_mixed/checkpoints/agent_50400.pt,8358d49b14eff681c47b70db964f4007dbfd07e9212768e13dbf0c17f0afc8d8,150d107225160ac498040fa20d4ccf9e26ec2703,True,fixed_per_environment_quotas_v2,clean,47,8,False,False,,4,2,True,False,9.092386245727539,2.7600000000000002,0.0,0.0003165515954606235,0.0
/home/donglei/isaac_projects/isaac_drone_racer/.worktrees/stage1-fake-vio/logs/skrl/stage1_recovery_20260905/2026-09-05_11-37-52/2026-09-05_11-37-57_ppo_torch_stage1_mixed/checkpoints/agent_50400.pt,8358d49b14eff681c47b70db964f4007dbfd07e9212768e13dbf0c17f0afc8d8,150d107225160ac498040fa20d4ccf9e26ec2703,True,fixed_per_environment_quotas_v2,clean,47,9,False,False,,4,2,True,False,6.786042213439941,2.96,0.0,0.0003056702553294599,0.0
/home/donglei/isaac_projects/isaac_drone_racer/.worktrees/stage1-fake-vio/logs/skrl/stage1_recovery_20260905/2026-09-05_11-37-52/2026-09-05_11-37-57_ppo_torch_stage1_mixed/checkpoints/agent_50400.pt,8358d49b14eff681c47b70db964f4007dbfd07e9212768e13dbf0c17f0afc8d8,150d107225160ac498040fa20d4ccf9e26ec2703,True,fixed_per_environment_quotas_v2,clean,47,10,False,False,,4,3,True,False,13.755289077758789,2.98,0.0,0.0003249741857871413,0.0
/home/donglei/isaac_projects/isaac_drone_racer/.worktrees/stage1-fake-vio/logs/skrl/stage1_recovery_20260905/2026-09-05_11-37-52/2026-09-05_11-37-57_ppo_torch_stage1_mixed/checkpoints/agent_50400.pt,8358d49b14eff681c47b70db964f4007dbfd07e9212768e13dbf0c17f0afc8d8,150d107225160ac498040fa20d4ccf9e26ec2703,True,fixed_per_environment_quotas_v2,clean,47,11,False,False,,4,2,True,False,9.088033676147461,3.5,0.0,0.00031319676782004535,0.0
/home/donglei/isaac_projects/isaac_drone_racer/.worktrees/stage1-fake-vio/logs/skrl/stage1_recovery_20260905/2026-09-05_11-37-52/2026-09-05_11-37-57_ppo_torch_stage1_mixed/checkpoints/agent_50400.pt,8358d49b14eff681c47b70db964f4007dbfd07e9212768e13dbf0c17f0afc8d8,150d107225160ac498040fa20d4ccf9e26ec2703,True,fixed_per_environment_quotas_v2,clean,47,12,False,False,,2,5,False,False,27.033395767211914,3.72,0.0,0.0003079849120695144,0.0
/home/donglei/isaac_projects/isaac_drone_racer/.worktrees/stage1-fake-vio/logs/skrl/stage1_recovery_20260905/2026-09-05_11-37-52/2026-09-05_11-37-57_ppo_torch_stage1_mixed/checkpoints/agent_50400.pt,8358d49b14eff681c47b70db964f4007dbfd07e9212768e13dbf0c17f0afc8d8,150d107225160ac498040fa20d4ccf9e26ec2703,True,fixed_per_environment_quotas_v2,clean,47,13,False,False,,4,4,True,False,19.209075927734375,3.98,0.0,0.0003037308342754841,0.0
/home/donglei/isaac_projects/isaac_drone_racer/.worktrees/stage1-fake-vio/logs/skrl/stage1_recovery_20260905/2026-09-05_11-37-52/2026-09-05_11-37-57_ppo_torch_stage1_mixed/checkpoints/agent_50400.pt,8358d49b14eff681c47b70db964f4007dbfd07e9212768e13dbf0c17f0afc8d8,150d107225160ac498040fa20d4ccf9e26ec2703,True,fixed_per_environment_quotas_v2,clean,47,14,False,False,,1,4,False,True,9.866293907165527,4.6000000000000005,0.0,0.0003407337353564799,0.0
/home/donglei/isaac_projects/isaac_drone_racer/.worktrees/stage1-fake-vio/logs/skrl/stage1_recovery_20260905/2026-09-05_11-37-52/2026-09-05_11-37-57_ppo_torch_stage1_mixed/checkpoints/agent_50400.pt,8358d49b14eff681c47b70db964f4007dbfd07e9212768e13dbf0c17f0afc8d8,150d107225160ac498040fa20d4ccf9e26ec2703,True,fixed_per_environment_quotas_v2,clean,47,15,False,False,,1,5,False,False,28.99977684020996,4.61,0.0,0.00029651320073753595,0.0
/home/donglei/isaac_projects/isaac_drone_racer/.worktrees/stage1-fake-vio/logs/skrl/stage1_recovery_20260905/2026-09-05_11-37-52/2026-09-05_11-37-57_ppo_torch_stage1_mixed/checkpoints/agent_50400.pt,8358d49b14eff681c47b70db964f4007dbfd07e9212768e13dbf0c17f0afc8d8,150d107225160ac498040fa20d4ccf9e26ec2703,True,fixed_per_environment_quotas_v2,clean,47,16,False,False,,4,5,True,False,25.18218231201172,4.84,0.0,0.0003291991597507149,0.0
/home/donglei/isaac_projects/isaac_drone_racer/.worktrees/stage1-fake-vio/logs/skrl/stage1_recovery_20260905/2026-09-05_11-37-52/2026-09-05_11-37-57_ppo_torch_stage1_mixed/checkpoints/agent_50400.pt,8358d49b14eff681c47b70db964f4007dbfd07e9212768e13dbf0c17f0afc8d8,150d107225160ac498040fa20d4ccf9e26ec2703,True,fixed_per_environment_quotas_v2,clean,47,17,False,False,,5,5,False,False,29.331954956054688,4.87,0.0,0.0003399081469979137,0.0
/home/donglei/isaac_projects/isaac_drone_racer/.worktrees/stage1-fake-vio/logs/skrl/stage1_recovery_20260905/2026-09-05_11-37-52/2026-09-05_11-37-57_ppo_torch_stage1_mixed/checkpoints/agent_50400.pt,8358d49b14eff681c47b70db964f4007dbfd07e9212768e13dbf0c17f0afc8d8,150d107225160ac498040fa20d4ccf9e26ec2703,True,fixed_per_environment_quotas_v2,clean,47,18,False,False,,6,6,True,False,30.182796478271484,5.51,0.0,0.0003127148374915123,0.0
/home/donglei/isaac_projects/isaac_drone_racer/.worktrees/stage1-fake-vio/logs/skrl/stage1_recovery_20260905/2026-09-05_11-37-52/2026-09-05_11-37-57_ppo_torch_stage1_mixed/checkpoints/agent_50400.pt,8358d49b14eff681c47b70db964f4007dbfd07e9212768e13dbf0c17f0afc8d8,150d107225160ac498040fa20d4ccf9e26ec2703,True,fixed_per_environment_quotas_v2,clean,47,19,True,True,5.6000000000000005,,7,False,False,39.3359260559082,5.6000000000000005,0.0,0.0003004304599016905,0.0
/home/donglei/isaac_projects/isaac_drone_racer/.worktrees/stage1-fake-vio/logs/skrl/stage1_recovery_20260905/2026-09-05_11-37-52/2026-09-05_11-37-57_ppo_torch_stage1_mixed/checkpoints/agent_50400.pt,8358d49b14eff681c47b70db964f4007dbfd07e9212768e13dbf0c17f0afc8d8,150d107225160ac498040fa20d4ccf9e26ec2703,True,fixed_per_environment_quotas_v2,clean,47,20,True,True,5.28,,7,False,False,39.04978561401367,5.28,0.0,0.0002850948367267847,0.0
/home/donglei/isaac_projects/isaac_drone_racer/.worktrees/stage1-fake-vio/logs/skrl/stage1_recovery_20260905/2026-09-05_11-37-52/2026-09-05_11-37-57_ppo_torch_stage1_mixed/checkpoints/agent_50400.pt,8358d49b14eff681c47b70db964f4007dbfd07e9212768e13dbf0c17f0afc8d8,150d107225160ac498040fa20d4ccf9e26ec2703,True,fixed_per_environment_quotas_v2,clean,47,21,True,True,5.5200000000000005,,7,False,False,39.38069534301758,5.5200000000000005,0.0,0.00032330185058526695,0.0
/home/donglei/isaac_projects/isaac_drone_racer/.worktrees/stage1-fake-vio/logs/skrl/stage1_recovery_20260905/2026-09-05_11-37-52/2026-09-05_11-37-57_ppo_torch_stage1_mixed/checkpoints/agent_50400.pt,8358d49b14eff681c47b70db964f4007dbfd07e9212768e13dbf0c17f0afc8d8,150d107225160ac498040fa20d4ccf9e26ec2703,True,fixed_per_environment_quotas_v2,clean,47,22,True,True,5.37,,7,False,False,39.27268981933594,5.37,0.0,0.0002994736423715949,0.0
/home/donglei/isaac_projects/isaac_drone_racer/.worktrees/stage1-fake-vio/logs/skrl/stage1_recovery_20260905/2026-09-05_11-37-52/2026-09-05_11-37-57_ppo_torch_stage1_mixed/checkpoints/agent_50400.pt,8358d49b14eff681c47b70db964f4007dbfd07e9212768e13dbf0c17f0afc8d8,150d107225160ac498040fa20d4ccf9e26ec2703,True,fixed_per_environment_quotas_v2,clean,47,23,True,True,5.2700000000000005,,7,False,False,38.308834075927734,5.2700000000000005,0.0,0.00030230157426558435,0.0
/home/donglei/isaac_projects/isaac_drone_racer/.worktrees/stage1-fake-vio/logs/skrl/stage1_recovery_20260905/2026-09-05_11-37-52/2026-09-05_11-37-57_ppo_torch_stage1_mixed/checkpoints/agent_50400.pt,8358d49b14eff681c47b70db964f4007dbfd07e9212768e13dbf0c17f0afc8d8,150d107225160ac498040fa20d4ccf9e26ec2703,True,fixed_per_environment_quotas_v2,clean,47,24,True,True,4.76,,7,False,False,36.75767135620117,4.76,0.0,0.0003334594948682934,0.0
/home/donglei/isaac_projects/isaac_drone_racer/.worktrees/stage1-fake-vio/logs/skrl/stage1_recovery_20260905/2026-09-05_11-37-52/2026-09-05_11-37-57_ppo_torch_stage1_mixed/checkpoints/agent_50400.pt,8358d49b14eff681c47b70db964f4007dbfd07e9212768e13dbf0c17f0afc8d8,150d107225160ac498040fa20d4ccf9e26ec2703,True,fixed_per_environment_quotas_v2,clean,47,25,True,True,5.14,,7,False,False,38.09114074707031,5.14,0.0,0.0003179923805873841,0.0
/home/donglei/isaac_projects/isaac_drone_racer/.worktrees/stage1-fake-vio/logs/skrl/stage1_recovery_20260905/2026-09-05_11-37-52/2026-09-05_11-37-57_ppo_torch_stage1_mixed/checkpoints/agent_50400.pt,8358d49b14eff681c47b70db964f4007dbfd07e9212768e13dbf0c17f0afc8d8,150d107225160ac498040fa20d4ccf9e26ec2703,True,fixed_per_environment_quotas_v2,clean,47,26,True,True,5.2700000000000005,,7,False,False,39.327003479003906,5.2700000000000005,0.0,0.00032675385591574013,0.0
/home/donglei/isaac_projects/isaac_drone_racer/.worktrees/stage1-fake-vio/logs/skrl/stage1_recovery_20260905/2026-09-05_11-37-52/2026-09-05_11-37-57_ppo_torch_stage1_mixed/checkpoints/agent_50400.pt,8358d49b14eff681c47b70db964f4007dbfd07e9212768e13dbf0c17f0afc8d8,150d107225160ac498040fa20d4ccf9e26ec2703,True,fixed_per_environment_quotas_v2,clean,47,27,True,True,5.62,,7,False,False,39.433509826660156,5.62,0.0,0.0002653725096024573,0.0
/home/donglei/isaac_projects/isaac_drone_racer/.worktrees/stage1-fake-vio/logs/skrl/stage1_recovery_20260905/2026-09-05_11-37-52/2026-09-05_11-37-57_ppo_torch_stage1_mixed/checkpoints/agent_50400.pt,8358d49b14eff681c47b70db964f4007dbfd07e9212768e13dbf0c17f0afc8d8,150d107225160ac498040fa20d4ccf9e26ec2703,True,fixed_per_environment_quotas_v2,clean,47,28,True,True,5.6000000000000005,,7,False,False,38.834228515625,5.6000000000000005,0.0,0.0003183204389642924,0.0
/home/donglei/isaac_projects/isaac_drone_racer/.worktrees/stage1-fake-vio/logs/skrl/stage1_recovery_20260905/2026-09-05_11-37-52/2026-09-05_11-37-57_ppo_torch_stage1_mixed/checkpoints/agent_50400.pt,8358d49b14eff681c47b70db964f4007dbfd07e9212768e13dbf0c17f0afc8d8,150d107225160ac498040fa20d4ccf9e26ec2703,True,fixed_per_environment_quotas_v2,clean,47,29,True,True,4.95,,7,False,False,38.26323699951172,4.95,0.0,0.00028614880284294486,0.0
/home/donglei/isaac_projects/isaac_drone_racer/.worktrees/stage1-fake-vio/logs/skrl/stage1_recovery_20260905/2026-09-05_11-37-52/2026-09-05_11-37-57_ppo_torch_stage1_mixed/checkpoints/agent_50400.pt,8358d49b14eff681c47b70db964f4007dbfd07e9212768e13dbf0c17f0afc8d8,150d107225160ac498040fa20d4ccf9e26ec2703,True,fixed_per_environment_quotas_v2,clean,47,30,True,True,5.04,,7,False,False,37.53916549682617,5.04,0.0,0.00032552084303461015,0.0
/home/donglei/isaac_projects/isaac_drone_racer/.worktrees/stage1-fake-vio/logs/skrl/stage1_recovery_20260905/2026-09-05_11-37-52/2026-09-05_11-37-57_ppo_torch_stage1_mixed/checkpoints/agent_50400.pt,8358d49b14eff681c47b70db964f4007dbfd07e9212768e13dbf0c17f0afc8d8,150d107225160ac498040fa20d4ccf9e26ec2703,True,fixed_per_environment_quotas_v2,clean,47,31,False,False,,7,0,True,False,-3.9722671508789062,0.8300000000000001,0.0,0.0003389697812963277,0.0
/home/donglei/isaac_projects/isaac_drone_racer/.worktrees/stage1-fake-vio/logs/skrl/stage1_recovery_20260905/2026-09-05_11-37-52/2026-09-05_11-37-57_ppo_torch_stage1_mixed/checkpoints/agent_50400.pt,8358d49b14eff681c47b70db964f4007dbfd07e9212768e13dbf0c17f0afc8d8,150d107225160ac498040fa20d4ccf9e26ec2703,True,fixed_per_environment_quotas_v2,clean,47,32,True,True,5.7,,7,False,False,39.45520782470703,5.7,0.0,0.0003019679570570588,0.0
/home/donglei/isaac_projects/isaac_drone_racer/.worktrees/stage1-fake-vio/logs/skrl/stage1_recovery_20260905/2026-09-05_11-37-52/2026-09-05_11-37-57_ppo_torch_stage1_mixed/checkpoints/agent_50400.pt,8358d49b14eff681c47b70db964f4007dbfd07e9212768e13dbf0c17f0afc8d8,150d107225160ac498040fa20d4ccf9e26ec2703,True,fixed_per_environment_quotas_v2,clean,47,33,True,True,5.7700000000000005,,7,False,False,39.64972686767578,5.7700000000000005,0.0,0.0003001306904479861,0.0
/home/donglei/isaac_projects/isaac_drone_racer/.worktrees/stage1-fake-vio/logs/skrl/stage1_recovery_20260905/2026-09-05_11-37-52/2026-09-05_11-37-57_ppo_torch_stage1_mixed/checkpoints/agent_50400.pt,8358d49b14eff681c47b70db964f4007dbfd07e9212768e13dbf0c17f0afc8d8,150d107225160ac498040fa20d4ccf9e26ec2703,True,fixed_per_environment_quotas_v2,clean,47,34,True,True,5.5,,7,False,False,39.596214294433594,5.5,0.0,0.0003059958980884403,0.0
/home/donglei/isaac_projects/isaac_drone_racer/.worktrees/stage1-fake-vio/logs/skrl/stage1_recovery_20260905/2026-09-05_11-37-52/2026-09-05_11-37-57_ppo_torch_stage1_mixed/checkpoints/agent_50400.pt,8358d49b14eff681c47b70db964f4007dbfd07e9212768e13dbf0c17f0afc8d8,150d107225160ac498040fa20d4ccf9e26ec2703,True,fixed_per_environment_quotas_v2,clean,47,35,True,True,4.66,,7,False,False,37.63591766357422,4.66,0.0,0.00030514958780258894,0.0
/home/donglei/isaac_projects/isaac_drone_racer/.worktrees/stage1-fake-vio/logs/skrl/stage1_recovery_20260905/2026-09-05_11-37-52/2026-09-05_11-37-57_ppo_torch_stage1_mixed/checkpoints/agent_50400.pt,8358d49b14eff681c47b70db964f4007dbfd07e9212768e13dbf0c17f0afc8d8,150d107225160ac498040fa20d4ccf9e26ec2703,True,fixed_per_environment_quotas_v2,clean,47,36,True,True,5.24,,7,False,False,38.755332946777344,5.24,0.0,0.0003276878851465881,0.0
/home/donglei/isaac_projects/isaac_drone_racer/.worktrees/stage1-fake-vio/logs/skrl/stage1_recovery_20260905/2026-09-05_11-37-52/2026-09-05_11-37-57_ppo_torch_stage1_mixed/checkpoints/agent_50400.pt,8358d49b14eff681c47b70db964f4007dbfd07e9212768e13dbf0c17f0afc8d8,150d107225160ac498040fa20d4ccf9e26ec2703,True,fixed_per_environment_quotas_v2,clean,47,37,True,True,5.5200000000000005,,7,False,False,39.85102844238281,5.5200000000000005,0.0,0.00034275592770427465,0.0
/home/donglei/isaac_projects/isaac_drone_racer/.worktrees/stage1-fake-vio/logs/skrl/stage1_recovery_20260905/2026-09-05_11-37-52/2026-09-05_11-37-57_ppo_torch_stage1_mixed/checkpoints/agent_50400.pt,8358d49b14eff681c47b70db964f4007dbfd07e9212768e13dbf0c17f0afc8d8,150d107225160ac498040fa20d4ccf9e26ec2703,True,fixed_per_environment_quotas_v2,clean,47,38,True,True,5.15,,7,False,False,38.517669677734375,5.15,0.0,0.00032913521863520145,0.0
/home/donglei/isaac_projects/isaac_drone_racer/.worktrees/stage1-fake-vio/logs/skrl/stage1_recovery_20260905/2026-09-05_11-37-52/2026-09-05_11-37-57_ppo_torch_stage1_mixed/checkpoints/agent_50400.pt,8358d49b14eff681c47b70db964f4007dbfd07e9212768e13dbf0c17f0afc8d8,150d107225160ac498040fa20d4ccf9e26ec2703,True,fixed_per_environment_quotas_v2,clean,47,39,False,False,,7,0,True,False,-3.968541145324707,1.07,0.0,0.0003834865347016603,0.0
/home/donglei/isaac_projects/isaac_drone_racer/.worktrees/stage1-fake-vio/logs/skrl/stage1_recovery_20260905/2026-09-05_11-37-52/2026-09-05_11-37-57_ppo_torch_stage1_mixed/checkpoints/agent_50400.pt,8358d49b14eff681c47b70db964f4007dbfd07e9212768e13dbf0c17f0afc8d8,150d107225160ac498040fa20d4ccf9e26ec2703,True,fixed_per_environment_quotas_v2,clean,47,40,True,True,5.23,,7,False,False,38.272491455078125,5.23,0.0,0.0003321443509776145,0.0
/home/donglei/isaac_projects/isaac_drone_racer/.worktrees/stage1-fake-vio/logs/skrl/stage1_recovery_20260905/2026-09-05_11-37-52/2026-09-05_11-37-57_ppo_torch_stage1_mixed/checkpoints/agent_50400.pt,8358d49b14eff681c47b70db964f4007dbfd07e9212768e13dbf0c17f0afc8d8,150d107225160ac498040fa20d4ccf9e26ec2703,True,fixed_per_environment_quotas_v2,clean,47,41,True,True,5.92,,7,False,False,39.6106071472168,5.92,0.0,0.00031347587355412543,0.0
/home/donglei/isaac_projects/isaac_drone_racer/.worktrees/stage1-fake-vio/logs/skrl/stage1_recovery_20260905/2026-09-05_11-37-52/2026-09-05_11-37-57_ppo_torch_stage1_mixed/checkpoints/agent_50400.pt,8358d49b14eff681c47b70db964f4007dbfd07e9212768e13dbf0c17f0afc8d8,150d107225160ac498040fa20d4ccf9e26ec2703,True,fixed_per_environment_quotas_v2,clean,47,42,False,False,,4,3,True,False,13.163434982299805,4.46,0.0,0.00030322629027068615,0.0
/home/donglei/isaac_projects/isaac_drone_racer/.worktrees/stage1-fake-vio/logs/skrl/stage1_recovery_20260905/2026-09-05_11-37-52/2026-09-05_11-37-57_ppo_torch_stage1_mixed/checkpoints/agent_50400.pt,8358d49b14eff681c47b70db964f4007dbfd07e9212768e13dbf0c17f0afc8d8,150d107225160ac498040fa20d4ccf9e26ec2703,True,fixed_per_environment_quotas_v2,clean,47,43,True,True,5.32,,7,False,False,37.26982879638672,5.32,0.0,0.000309685681713745,0.0
/home/donglei/isaac_projects/isaac_drone_racer/.worktrees/stage1-fake-vio/logs/skrl/stage1_recovery_20260905/2026-09-05_11-37-52/2026-09-05_11-37-57_ppo_torch_stage1_mixed/checkpoints/agent_50400.pt,8358d49b14eff681c47b70db964f4007dbfd07e9212768e13dbf0c17f0afc8d8,150d107225160ac498040fa20d4ccf9e26ec2703,True,fixed_per_environment_quotas_v2,clean,47,44,True,True,5.71,,7,False,False,39.40998077392578,5.71,0.0,0.0002975225797854364,0.0
/home/donglei/isaac_projects/isaac_drone_racer/.worktrees/stage1-fake-vio/logs/skrl/stage1_recovery_20260905/2026-09-05_11-37-52/2026-09-05_11-37-57_ppo_torch_stage1_mixed/checkpoints/agent_50400.pt,8358d49b14eff681c47b70db964f4007dbfd07e9212768e13dbf0c17f0afc8d8,150d107225160ac498040fa20d4ccf9e26ec2703,True,fixed_per_environment_quotas_v2,clean,47,45,True,True,5.86,,7,False,False,39.606754302978516,5.86,0.0,0.00030590398819185793,0.0
/home/donglei/isaac_projects/isaac_drone_racer/.worktrees/stage1-fake-vio/logs/skrl/stage1_recovery_20260905/2026-09-05_11-37-52/2026-09-05_11-37-57_ppo_torch_stage1_mixed/checkpoints/agent_50400.pt,8358d49b14eff681c47b70db964f4007dbfd07e9212768e13dbf0c17f0afc8d8,150d107225160ac498040fa20d4ccf9e26ec2703,True,fixed_per_environment_quotas_v2,clean,47,46,False,False,,1,0,True,False,-4.81620979309082,1.4000000000000001,0.0,0.0003032514650840312,0.0
/home/donglei/isaac_projects/isaac_drone_racer/.worktrees/stage1-fake-vio/logs/skrl/stage1_recovery_20260905/2026-09-05_11-37-52/2026-09-05_11-37-57_ppo_torch_stage1_mixed/checkpoints/agent_50400.pt,8358d49b14eff681c47b70db964f4007dbfd07e9212768e13dbf0c17f0afc8d8,150d107225160ac498040fa20d4ccf9e26ec2703,True,fixed_per_environment_quotas_v2,clean,47,47,True,True,5.67,,7,False,False,39.61240005493164,5.67,0.0,0.00031899669556878507,0.0
/home/donglei/isaac_projects/isaac_drone_racer/.worktrees/stage1-fake-vio/logs/skrl/stage1_recovery_20260905/2026-09-05_11-37-52/2026-09-05_11-37-57_ppo_torch_stage1_mixed/checkpoints/agent_50400.pt,8358d49b14eff681c47b70db964f4007dbfd07e9212768e13dbf0c17f0afc8d8,150d107225160ac498040fa20d4ccf9e26ec2703,True,fixed_per_environment_quotas_v2,clean,47,48,True,True,5.08,,7,False,False,39.085411071777344,5.08,0.0,0.0003384021401870996,0.0
/home/donglei/isaac_projects/isaac_drone_racer/.worktrees/stage1-fake-vio/logs/skrl/stage1_recovery_20260905/2026-09-05_11-37-52/2026-09-05_11-37-57_ppo_torch_stage1_mixed/checkpoints/agent_50400.pt,8358d49b14eff681c47b70db964f4007dbfd07e9212768e13dbf0c17f0afc8d8,150d107225160ac498040fa20d4ccf9e26ec2703,True,fixed_per_environment_quotas_v2,clean,47,49,True,True,5.05,,7,False,False,39.13762283325195,5.05,0.0,0.00029151482158340514,0.0
/home/donglei/isaac_projects/isaac_drone_racer/.worktrees/stage1-fake-vio/logs/skrl/stage1_recovery_20260905/2026-09-05_11-37-52/2026-09-05_11-37-57_ppo_torch_stage1_mixed/checkpoints/agent_50400.pt,8358d49b14eff681c47b70db964f4007dbfd07e9212768e13dbf0c17f0afc8d8,150d107225160ac498040fa20d4ccf9e26ec2703,True,fixed_per_environment_quotas_v2,clean,47,50,True,True,6.01,,7,False,False,39.60416030883789,6.01,0.0,0.0003296917420811951,0.0
/home/donglei/isaac_projects/isaac_drone_racer/.worktrees/stage1-fake-vio/logs/skrl/stage1_recovery_20260905/2026-09-05_11-37-52/2026-09-05_11-37-57_ppo_torch_stage1_mixed/checkpoints/agent_50400.pt,8358d49b14eff681c47b70db964f4007dbfd07e9212768e13dbf0c17f0afc8d8,150d107225160ac498040fa20d4ccf9e26ec2703,True,fixed_per_environment_quotas_v2,clean,47,51,False,False,,4,3,True,False,14.474482536315918,3.63,0.0,0.00030323598184622824,0.0
/home/donglei/isaac_projects/isaac_drone_racer/.worktrees/stage1-fake-vio/logs/skrl/stage1_recovery_20260905/2026-09-05_11-37-52/2026-09-05_11-37-57_ppo_torch_stage1_mixed/checkpoints/agent_50400.pt,8358d49b14eff681c47b70db964f4007dbfd07e9212768e13dbf0c17f0afc8d8,150d107225160ac498040fa20d4ccf9e26ec2703,True,fixed_per_environment_quotas_v2,clean,47,52,True,True,5.14,,7,False,False,37.598976135253906,5.14,0.0,0.0003364212461747229,0.0
/home/donglei/isaac_projects/isaac_drone_racer/.worktrees/stage1-fake-vio/logs/skrl/stage1_recovery_20260905/2026-09-05_11-37-52/2026-09-05_11-37-57_ppo_torch_stage1_mixed/checkpoints/agent_50400.pt,8358d49b14eff681c47b70db964f4007dbfd07e9212768e13dbf0c17f0afc8d8,150d107225160ac498040fa20d4ccf9e26ec2703,True,fixed_per_environment_quotas_v2,clean,47,53,True,True,6.11,,7,False,False,39.66136169433594,6.11,0.0,0.0003398562839720398,0.0
/home/donglei/isaac_projects/isaac_drone_racer/.worktrees/stage1-fake-vio/logs/skrl/stage1_recovery_20260905/2026-09-05_11-37-52/2026-09-05_11-37-57_ppo_torch_stage1_mixed/checkpoints/agent_50400.pt,8358d49b14eff681c47b70db964f4007dbfd07e9212768e13dbf0c17f0afc8d8,150d107225160ac498040fa20d4ccf9e26ec2703,True,fixed_per_environment_quotas_v2,clean,47,54,True,True,5.23,,7,False,False,38.12736511230469,5.23,0.0,0.00034161677467636764,0.0
/home/donglei/isaac_projects/isaac_drone_racer/.worktrees/stage1-fake-vio/logs/skrl/stage1_recovery_20260905/2026-09-05_11-37-52/2026-09-05_11-37-57_ppo_torch_stage1_mixed/checkpoints/agent_50400.pt,8358d49b14eff681c47b70db964f4007dbfd07e9212768e13dbf0c17f0afc8d8,150d107225160ac498040fa20d4ccf9e26ec2703,True,fixed_per_environment_quotas_v2,clean,47,55,True,True,5.23,,7,False,False,38.16265106201172,5.23,0.0,0.0003079292073380202,0.0
/home/donglei/isaac_projects/isaac_drone_racer/.worktrees/stage1-fake-vio/logs/skrl/stage1_recovery_20260905/2026-09-05_11-37-52/2026-09-05_11-37-57_ppo_torch_stage1_mixed/checkpoints/agent_50400.pt,8358d49b14eff681c47b70db964f4007dbfd07e9212768e13dbf0c17f0afc8d8,150d107225160ac498040fa20d4ccf9e26ec2703,True,fixed_per_environment_quotas_v2,clean,47,56,True,True,5.22,,7,False,False,38.869449615478516,5.22,0.0,0.000277006154647097,0.0
/home/donglei/isaac_projects/isaac_drone_racer/.worktrees/stage1-fake-vio/logs/skrl/stage1_recovery_20260905/2026-09-05_11-37-52/2026-09-05_11-37-57_ppo_torch_stage1_mixed/checkpoints/agent_50400.pt,8358d49b14eff681c47b70db964f4007dbfd07e9212768e13dbf0c17f0afc8d8,150d107225160ac498040fa20d4ccf9e26ec2703,True,fixed_per_environment_quotas_v2,clean,47,57,True,True,6.25,,7,False,False,39.714019775390625,6.25,0.0,0.0003197403275407851,0.0
/home/donglei/isaac_projects/isaac_drone_racer/.worktrees/stage1-fake-vio/logs/skrl/stage1_recovery_20260905/2026-09-05_11-37-52/2026-09-05_11-37-57_ppo_torch_stage1_mixed/checkpoints/agent_50400.pt,8358d49b14eff681c47b70db964f4007dbfd07e9212768e13dbf0c17f0afc8d8,150d107225160ac498040fa20d4ccf9e26ec2703,True,fixed_per_environment_quotas_v2,clean,47,58,True,True,6.12,,7,False,False,39.968929290771484,6.12,0.0,0.0003032147651538253,0.0
/home/donglei/isaac_projects/isaac_drone_racer/.worktrees/stage1-fake-vio/logs/skrl/stage1_recovery_20260905/2026-09-05_11-37-52/2026-09-05_11-37-57_ppo_torch_stage1_mixed/checkpoints/agent_50400.pt,8358d49b14eff681c47b70db964f4007dbfd07e9212768e13dbf0c17f0afc8d8,150d107225160ac498040fa20d4ccf9e26ec2703,True,fixed_per_environment_quotas_v2,clean,47,59,True,True,5.41,,7,False,False,39.066184997558594,5.41,0.0,0.0003113742859568447,0.0
/home/donglei/isaac_projects/isaac_drone_racer/.worktrees/stage1-fake-vio/logs/skrl/stage1_recovery_20260905/2026-09-05_11-37-52/2026-09-05_11-37-57_ppo_torch_stage1_mixed/checkpoints/agent_50400.pt,8358d49b14eff681c47b70db964f4007dbfd07e9212768e13dbf0c17f0afc8d8,150d107225160ac498040fa20d4ccf9e26ec2703,True,fixed_per_environment_quotas_v2,clean,47,60,True,True,5.34,,7,False,False,38.643646240234375,5.34,0.0,0.0002755014575086534,0.0
/home/donglei/isaac_projects/isaac_drone_racer/.worktrees/stage1-fake-vio/logs/skrl/stage1_recovery_20260905/2026-09-05_11-37-52/2026-09-05_11-37-57_ppo_torch_stage1_mixed/checkpoints/agent_50400.pt,8358d49b14eff681c47b70db964f4007dbfd07e9212768e13dbf0c17f0afc8d8,150d107225160ac498040fa20d4ccf9e26ec2703,True,fixed_per_environment_quotas_v2,clean,47,61,True,True,5.0200000000000005,,7,False,False,38.528297424316406,5.0200000000000005,0.0,0.0003290679887868464,0.0
/home/donglei/isaac_projects/isaac_drone_racer/.worktrees/stage1-fake-vio/logs/skrl/stage1_recovery_20260905/2026-09-05_11-37-52/2026-09-05_11-37-57_ppo_torch_stage1_mixed/checkpoints/agent_50400.pt,8358d49b14eff681c47b70db964f4007dbfd07e9212768e13dbf0c17f0afc8d8,150d107225160ac498040fa20d4ccf9e26ec2703,True,fixed_per_environment_quotas_v2,clean,47,62,True,True,5.14,,7,False,False,38.85162353515625,5.14,0.0,0.0002999779535457492,0.0
/home/donglei/isaac_projects/isaac_drone_racer/.worktrees/stage1-fake-vio/logs/skrl/stage1_recovery_20260905/2026-09-05_11-37-52/2026-09-05_11-37-57_ppo_torch_stage1_mixed/checkpoints/agent_50400.pt,8358d49b14eff681c47b70db964f4007dbfd07e9212768e13dbf0c17f0afc8d8,150d107225160ac498040fa20d4ccf9e26ec2703,True,fixed_per_environment_quotas_v2,clean,47,63,True,True,5.59,,7,False,False,39.526344299316406,5.59,0.0,0.0003199409111402929,0.0
/home/donglei/isaac_projects/isaac_drone_racer/.worktrees/stage1-fake-vio/logs/skrl/stage1_recovery_20260905/2026-09-05_11-37-52/2026-09-05_11-37-57_ppo_torch_stage1_mixed/checkpoints/agent_50400.pt,8358d49b14eff681c47b70db964f4007dbfd07e9212768e13dbf0c17f0afc8d8,150d107225160ac498040fa20d4ccf9e26ec2703,True,fixed_per_environment_quotas_v2,clean,47,64,True,True,5.1000000000000005,,7,False,False,38.456302642822266,5.1000000000000005,0.0,0.0002785729884635657,0.0
/home/donglei/isaac_projects/isaac_drone_racer/.worktrees/stage1-fake-vio/logs/skrl/stage1_recovery_20260905/2026-09-05_11-37-52/2026-09-05_11-37-57_ppo_torch_stage1_mixed/checkpoints/agent_50400.pt,8358d49b14eff681c47b70db964f4007dbfd07e9212768e13dbf0c17f0afc8d8,150d107225160ac498040fa20d4ccf9e26ec2703,True,fixed_per_environment_quotas_v2,clean,47,65,True,True,5.5200000000000005,,7,False,False,39.52481460571289,5.5200000000000005,0.0,0.00031926881638355553,0.0
/home/donglei/isaac_projects/isaac_drone_racer/.worktrees/stage1-fake-vio/logs/skrl/stage1_recovery_20260905/2026-09-05_11-37-52/2026-09-05_11-37-57_ppo_torch_stage1_mixed/checkpoints/agent_50400.pt,8358d49b14eff681c47b70db964f4007dbfd07e9212768e13dbf0c17f0afc8d8,150d107225160ac498040fa20d4ccf9e26ec2703,True,fixed_per_environment_quotas_v2,clean,47,66,True,True,6.2700000000000005,,7,False,False,39.919456481933594,6.2700000000000005,0.0,0.00030334998155012727,0.0
/home/donglei/isaac_projects/isaac_drone_racer/.worktrees/stage1-fake-vio/logs/skrl/stage1_recovery_20260905/2026-09-05_11-37-52/2026-09-05_11-37-57_ppo_torch_stage1_mixed/checkpoints/agent_50400.pt,8358d49b14eff681c47b70db964f4007dbfd07e9212768e13dbf0c17f0afc8d8,150d107225160ac498040fa20d4ccf9e26ec2703,True,fixed_per_environment_quotas_v2,clean,47,67,True,True,5.6000000000000005,,7,False,False,39.58415222167969,5.6000000000000005,0.0,0.0002903411805164069,0.0
/home/donglei/isaac_projects/isaac_drone_racer/.worktrees/stage1-fake-vio/logs/skrl/stage1_recovery_20260905/2026-09-05_11-37-52/2026-09-05_11-37-57_ppo_torch_stage1_mixed/checkpoints/agent_50400.pt,8358d49b14eff681c47b70db964f4007dbfd07e9212768e13dbf0c17f0afc8d8,150d107225160ac498040fa20d4ccf9e26ec2703,True,fixed_per_environment_quotas_v2,clean,47,68,True,True,6.36,,7,False,False,39.8187370300293,6.36,0.0,0.00030119597795419395,0.0
/home/donglei/isaac_projects/isaac_drone_racer/.worktrees/stage1-fake-vio/logs/skrl/stage1_recovery_20260905/2026-09-05_11-37-52/2026-09-05_11-37-57_ppo_torch_stage1_mixed/checkpoints/agent_50400.pt,8358d49b14eff681c47b70db964f4007dbfd07e9212768e13dbf0c17f0afc8d8,150d107225160ac498040fa20d4ccf9e26ec2703,True,fixed_per_environment_quotas_v2,clean,47,69,False,False,,7,0,True,False,-3.910196304321289,0.9400000000000001,0.0,0.0002848925651051104,0.0
/home/donglei/isaac_projects/isaac_drone_racer/.worktrees/stage1-fake-vio/logs/skrl/stage1_recovery_20260905/2026-09-05_11-37-52/2026-09-05_11-37-57_ppo_torch_stage1_mixed/checkpoints/agent_50400.pt,8358d49b14eff681c47b70db964f4007dbfd07e9212768e13dbf0c17f0afc8d8,150d107225160ac498040fa20d4ccf9e26ec2703,True,fixed_per_environment_quotas_v2,clean,47,70,True,True,5.5600000000000005,,7,False,False,39.83244323730469,5.5600000000000005,0.0,0.00030434035579673946,0.0
/home/donglei/isaac_projects/isaac_drone_racer/.worktrees/stage1-fake-vio/logs/skrl/stage1_recovery_20260905/2026-09-05_11-37-52/2026-09-05_11-37-57_ppo_torch_stage1_mixed/checkpoints/agent_50400.pt,8358d49b14eff681c47b70db964f4007dbfd07e9212768e13dbf0c17f0afc8d8,150d107225160ac498040fa20d4ccf9e26ec2703,True,fixed_per_environment_quotas_v2,clean,47,71,True,True,5.67,,7,False,False,39.67316818237305,5.67,0.0,0.0003013737150467932,0.0
/home/donglei/isaac_projects/isaac_drone_racer/.worktrees/stage1-fake-vio/logs/skrl/stage1_recovery_20260905/2026-09-05_11-37-52/2026-09-05_11-37-57_ppo_torch_stage1_mixed/checkpoints/agent_50400.pt,8358d49b14eff681c47b70db964f4007dbfd07e9212768e13dbf0c17f0afc8d8,150d107225160ac498040fa20d4ccf9e26ec2703,True,fixed_per_environment_quotas_v2,clean,47,72,True,True,5.5200000000000005,,7,False,False,38.649024963378906,5.5200000000000005,0.0,0.0002757127513177693,0.0
/home/donglei/isaac_projects/isaac_drone_racer/.worktrees/stage1-fake-vio/logs/skrl/stage1_recovery_20260905/2026-09-05_11-37-52/2026-09-05_11-37-57_ppo_torch_stage1_mixed/checkpoints/agent_50400.pt,8358d49b14eff681c47b70db964f4007dbfd07e9212768e13dbf0c17f0afc8d8,150d107225160ac498040fa20d4ccf9e26ec2703,True,fixed_per_environment_quotas_v2,clean,47,73,True,True,5.72,,7,False,False,39.5787353515625,5.72,0.0,0.00029159971745684743,0.0
/home/donglei/isaac_projects/isaac_drone_racer/.worktrees/stage1-fake-vio/logs/skrl/stage1_recovery_20260905/2026-09-05_11-37-52/2026-09-05_11-37-57_ppo_torch_stage1_mixed/checkpoints/agent_50400.pt,8358d49b14eff681c47b70db964f4007dbfd07e9212768e13dbf0c17f0afc8d8,150d107225160ac498040fa20d4ccf9e26ec2703,True,fixed_per_environment_quotas_v2,clean,47,74,True,True,5.94,,7,False,False,39.854148864746094,5.94,0.0,0.0003242854436393827,0.0
/home/donglei/isaac_projects/isaac_drone_racer/.worktrees/stage1-fake-vio/logs/skrl/stage1_recovery_20260905/2026-09-05_11-37-52/2026-09-05_11-37-57_ppo_torch_stage1_mixed/checkpoints/agent_50400.pt,8358d49b14eff681c47b70db964f4007dbfd07e9212768e13dbf0c17f0afc8d8,150d107225160ac498040fa20d4ccf9e26ec2703,True,fixed_per_environment_quotas_v2,clean,47,75,True,True,5.96,,7,False,False,39.85493469238281,5.96,0.0,0.0003124221693724394,0.0
/home/donglei/isaac_projects/isaac_drone_racer/.worktrees/stage1-fake-vio/logs/skrl/stage1_recovery_20260905/2026-09-05_11-37-52/2026-09-05_11-37-57_ppo_torch_stage1_mixed/checkpoints/agent_50400.pt,8358d49b14eff681c47b70db964f4007dbfd07e9212768e13dbf0c17f0afc8d8,150d107225160ac498040fa20d4ccf9e26ec2703,True,fixed_per_environment_quotas_v2,clean,47,76,True,True,5.75,,7,False,False,39.60808181762695,5.75,0.0,0.00035151533666066825,0.0
/home/donglei/isaac_projects/isaac_drone_racer/.worktrees/stage1-fake-vio/logs/skrl/stage1_recovery_20260905/2026-09-05_11-37-52/2026-09-05_11-37-57_ppo_torch_stage1_mixed/checkpoints/agent_50400.pt,8358d49b14eff681c47b70db964f4007dbfd07e9212768e13dbf0c17f0afc8d8,150d107225160ac498040fa20d4ccf9e26ec2703,True,fixed_per_environment_quotas_v2,clean,47,77,True,True,5.74,,7,False,False,39.49074935913086,5.74,0.0,0.00032095189089886844,0.0
/home/donglei/isaac_projects/isaac_drone_racer/.worktrees/stage1-fake-vio/logs/skrl/stage1_recovery_20260905/2026-09-05_11-37-52/2026-09-05_11-37-57_ppo_torch_stage1_mixed/checkpoints/agent_50400.pt,8358d49b14eff681c47b70db964f4007dbfd07e9212768e13dbf0c17f0afc8d8,150d107225160ac498040fa20d4ccf9e26ec2703,True,fixed_per_environment_quotas_v2,clean,47,78,True,True,6.05,,7,False,False,39.842018127441406,6.05,0.0,0.000335718592396006,0.0
/home/donglei/isaac_projects/isaac_drone_racer/.worktrees/stage1-fake-vio/logs/skrl/stage1_recovery_20260905/2026-09-05_11-37-52/2026-09-05_11-37-57_ppo_torch_stage1_mixed/checkpoints/agent_50400.pt,8358d49b14eff681c47b70db964f4007dbfd07e9212768e13dbf0c17f0afc8d8,150d107225160ac498040fa20d4ccf9e26ec2703,True,fixed_per_environment_quotas_v2,clean,47,79,False,False,,7,0,True,False,-7.94905948638916,2.16,0.0,0.0002819093060679734,0.0
/home/donglei/isaac_projects/isaac_drone_racer/.worktrees/stage1-fake-vio/logs/skrl/stage1_recovery_20260905/2026-09-05_11-37-52/2026-09-05_11-37-57_ppo_torch_stage1_mixed/checkpoints/agent_50400.pt,8358d49b14eff681c47b70db964f4007dbfd07e9212768e13dbf0c17f0afc8d8,150d107225160ac498040fa20d4ccf9e26ec2703,True,fixed_per_environment_quotas_v2,clean,47,80,True,True,5.74,,7,False,False,39.58576965332031,5.74,0.0,0.0003311433829367161,0.0
/home/donglei/isaac_projects/isaac_drone_racer/.worktrees/stage1-fake-vio/logs/skrl/stage1_recovery_20260905/2026-09-05_11-37-52/2026-09-05_11-37-57_ppo_torch_stage1_mixed/checkpoints/agent_50400.pt,8358d49b14eff681c47b70db964f4007dbfd07e9212768e13dbf0c17f0afc8d8,150d107225160ac498040fa20d4ccf9e26ec2703,True,fixed_per_environment_quotas_v2,clean,47,81,True,True,6.18,,7,False,False,39.5565185546875,6.18,0.0,0.000314264849293977,0.0
/home/donglei/isaac_projects/isaac_drone_racer/.worktrees/stage1-fake-vio/logs/skrl/stage1_recovery_20260905/2026-09-05_11-37-52/2026-09-05_11-37-57_ppo_torch_stage1_mixed/checkpoints/agent_50400.pt,8358d49b14eff681c47b70db964f4007dbfd07e9212768e13dbf0c17f0afc8d8,150d107225160ac498040fa20d4ccf9e26ec2703,True,fixed_per_environment_quotas_v2,clean,47,82,True,True,6.0200000000000005,,7,False,False,39.34196090698242,6.0200000000000005,0.0,0.0002842411049641669,0.0
/home/donglei/isaac_projects/isaac_drone_racer/.worktrees/stage1-fake-vio/logs/skrl/stage1_recovery_20260905/2026-09-05_11-37-52/2026-09-05_11-37-57_ppo_torch_stage1_mixed/checkpoints/agent_50400.pt,8358d49b14eff681c47b70db964f4007dbfd07e9212768e13dbf0c17f0afc8d8,150d107225160ac498040fa20d4ccf9e26ec2703,True,fixed_per_environment_quotas_v2,clean,47,83,True,True,5.91,,7,False,False,39.408241271972656,5.91,0.0,0.0003098594897892326,0.0
/home/donglei/isaac_projects/isaac_drone_racer/.worktrees/stage1-fake-vio/logs/skrl/stage1_recovery_20260905/2026-09-05_11-37-52/2026-09-05_11-37-57_ppo_torch_stage1_mixed/checkpoints/agent_50400.pt,8358d49b14eff681c47b70db964f4007dbfd07e9212768e13dbf0c17f0afc8d8,150d107225160ac498040fa20d4ccf9e26ec2703,True,fixed_per_environment_quotas_v2,clean,47,84,True,True,6.2700000000000005,,7,False,False,39.52098846435547,6.2700000000000005,0.0,0.00027577270520851016,0.0
/home/donglei/isaac_projects/isaac_drone_racer/.worktrees/stage1-fake-vio/logs/skrl/stage1_recovery_20260905/2026-09-05_11-37-52/2026-09-05_11-37-57_ppo_torch_stage1_mixed/checkpoints/agent_50400.pt,8358d49b14eff681c47b70db964f4007dbfd07e9212768e13dbf0c17f0afc8d8,150d107225160ac498040fa20d4ccf9e26ec2703,True,fixed_per_environment_quotas_v2,clean,47,85,True,True,5.8500000000000005,,7,False,False,39.66020584106445,5.8500000000000005,0.0,0.0003061653405893594,0.0
/home/donglei/isaac_projects/isaac_drone_racer/.worktrees/stage1-fake-vio/logs/skrl/stage1_recovery_20260905/2026-09-05_11-37-52/2026-09-05_11-37-57_ppo_torch_stage1_mixed/checkpoints/agent_50400.pt,8358d49b14eff681c47b70db964f4007dbfd07e9212768e13dbf0c17f0afc8d8,150d107225160ac498040fa20d4ccf9e26ec2703,True,fixed_per_environment_quotas_v2,clean,47,86,True,True,5.86,,7,False,False,39.471370697021484,5.86,0.0,0.00030590398819185793,0.0
/home/donglei/isaac_projects/isaac_drone_racer/.worktrees/stage1-fake-vio/logs/skrl/stage1_recovery_20260905/2026-09-05_11-37-52/2026-09-05_11-37-57_ppo_torch_stage1_mixed/checkpoints/agent_50400.pt,8358d49b14eff681c47b70db964f4007dbfd07e9212768e13dbf0c17f0afc8d8,150d107225160ac498040fa20d4ccf9e26ec2703,True,fixed_per_environment_quotas_v2,clean,47,87,False,False,,7,1,False,True,-5.679583549499512,3.36,0.0,0.00026099730166606605,0.0
/home/donglei/isaac_projects/isaac_drone_racer/.worktrees/stage1-fake-vio/logs/skrl/stage1_recovery_20260905/2026-09-05_11-37-52/2026-09-05_11-37-57_ppo_torch_stage1_mixed/checkpoints/agent_50400.pt,8358d49b14eff681c47b70db964f4007dbfd07e9212768e13dbf0c17f0afc8d8,150d107225160ac498040fa20d4ccf9e26ec2703,True,fixed_per_environment_quotas_v2,clean,47,88,True,True,6.21,,7,False,False,39.804752349853516,6.21,0.0,0.0002657866571098566,0.0
/home/donglei/isaac_projects/isaac_drone_racer/.worktrees/stage1-fake-vio/logs/skrl/stage1_recovery_20260905/2026-09-05_11-37-52/2026-09-05_11-37-57_ppo_torch_stage1_mixed/checkpoints/agent_50400.pt,8358d49b14eff681c47b70db964f4007dbfd07e9212768e13dbf0c17f0afc8d8,150d107225160ac498040fa20d4ccf9e26ec2703,True,fixed_per_environment_quotas_v2,clean,47,89,True,True,6.19,,7,False,False,39.45435333251953,6.19,0.0,0.00033073785016313195,0.0
/home/donglei/isaac_projects/isaac_drone_racer/.worktrees/stage1-fake-vio/logs/skrl/stage1_recovery_20260905/2026-09-05_11-37-52/2026-09-05_11-37-57_ppo_torch_stage1_mixed/checkpoints/agent_50400.pt,8358d49b14eff681c47b70db964f4007dbfd07e9212768e13dbf0c17f0afc8d8,150d107225160ac498040fa20d4ccf9e26ec2703,True,fixed_per_environment_quotas_v2,clean,47,90,True,True,5.93,,7,False,False,39.3846321105957,5.93,0.0,0.0003054124244954437,0.0
/home/donglei/isaac_projects/isaac_drone_racer/.worktrees/stage1-fake-vio/logs/skrl/stage1_recovery_20260905/2026-09-05_11-37-52/2026-09-05_11-37-57_ppo_torch_stage1_mixed/checkpoints/agent_50400.pt,8358d49b14eff681c47b70db964f4007dbfd07e9212768e13dbf0c17f0afc8d8,150d107225160ac498040fa20d4ccf9e26ec2703,True,fixed_per_environment_quotas_v2,clean,47,91,True,True,5.91,,7,False,False,39.66900634765625,5.91,0.0,0.0003443895548116416,0.0
/home/donglei/isaac_projects/isaac_drone_racer/.worktrees/stage1-fake-vio/logs/skrl/stage1_recovery_20260905/2026-09-05_11-37-52/2026-09-05_11-37-57_ppo_torch_stage1_mixed/checkpoints/agent_50400.pt,8358d49b14eff681c47b70db964f4007dbfd07e9212768e13dbf0c17f0afc8d8,150d107225160ac498040fa20d4ccf9e26ec2703,True,fixed_per_environment_quotas_v2,clean,47,92,True,True,5.89,,7,False,False,39.93330764770508,5.89,0.0,0.0003168387047480792,0.0
/home/donglei/isaac_projects/isaac_drone_racer/.worktrees/stage1-fake-vio/logs/skrl/stage1_recovery_20260905/2026-09-05_11-37-52/2026-09-05_11-37-57_ppo_torch_stage1_mixed/checkpoints/agent_50400.pt,8358d49b14eff681c47b70db964f4007dbfd07e9212768e13dbf0c17f0afc8d8,150d107225160ac498040fa20d4ccf9e26ec2703,True,fixed_per_environment_quotas_v2,clean,47,93,True,True,6.17,,7,False,False,39.6187744140625,6.17,0.0,0.0003393404185771942,0.0
/home/donglei/isaac_projects/isaac_drone_racer/.worktrees/stage1-fake-vio/logs/skrl/stage1_recovery_20260905/2026-09-05_11-37-52/2026-09-05_11-37-57_ppo_torch_stage1_mixed/checkpoints/agent_50400.pt,8358d49b14eff681c47b70db964f4007dbfd07e9212768e13dbf0c17f0afc8d8,150d107225160ac498040fa20d4ccf9e26ec2703,True,fixed_per_environment_quotas_v2,clean,47,94,True,True,6.140000000000001,,7,False,False,39.66157913208008,6.140000000000001,0.0,0.0003213857999071479,0.0
/home/donglei/isaac_projects/isaac_drone_racer/.worktrees/stage1-fake-vio/logs/skrl/stage1_recovery_20260905/2026-09-05_11-37-52/2026-09-05_11-37-57_ppo_torch_stage1_mixed/checkpoints/agent_50400.pt,8358d49b14eff681c47b70db964f4007dbfd07e9212768e13dbf0c17f0afc8d8,150d107225160ac498040fa20d4ccf9e26ec2703,True,fixed_per_environment_quotas_v2,clean,47,95,True,True,5.96,,7,False,False,39.726905822753906,5.96,0.0,0.0002713037538342178,0.0
/home/donglei/isaac_projects/isaac_drone_racer/.worktrees/stage1-fake-vio/logs/skrl/stage1_recovery_20260905/2026-09-05_11-37-52/2026-09-05_11-37-57_ppo_torch_stage1_mixed/checkpoints/agent_50400.pt,8358d49b14eff681c47b70db964f4007dbfd07e9212768e13dbf0c17f0afc8d8,150d107225160ac498040fa20d4ccf9e26ec2703,True,fixed_per_environment_quotas_v2,clean,47,96,True,True,6.13,,7,False,False,39.924129486083984,6.13,0.0,0.00031430888338945806,0.0
/home/donglei/isaac_projects/isaac_drone_racer/.worktrees/stage1-fake-vio/logs/skrl/stage1_recovery_20260905/2026-09-05_11-37-52/2026-09-05_11-37-57_ppo_torch_stage1_mixed/checkpoints/agent_50400.pt,8358d49b14eff681c47b70db964f4007dbfd07e9212768e13dbf0c17f0afc8d8,150d107225160ac498040fa20d4ccf9e26ec2703,True,fixed_per_environment_quotas_v2,clean,47,97,True,True,5.88,,7,False,False,39.50617218017578,5.88,0.0,0.0003259357763454318,0.0
/home/donglei/isaac_projects/isaac_drone_racer/.worktrees/stage1-fake-vio/logs/skrl/stage1_recovery_20260905/2026-09-05_11-37-52/2026-09-05_11-37-57_ppo_torch_stage1_mixed/checkpoints/agent_50400.pt,8358d49b14eff681c47b70db964f4007dbfd07e9212768e13dbf0c17f0afc8d8,150d107225160ac498040fa20d4ccf9e26ec2703,True,fixed_per_environment_quotas_v2,clean,47,98,True,True,6.07,,7,False,False,39.85567855834961,6.07,0.0,0.00028720058617182076,0.0
/home/donglei/isaac_projects/isaac_drone_racer/.worktrees/stage1-fake-vio/logs/skrl/stage1_recovery_20260905/2026-09-05_11-37-52/2026-09-05_11-37-57_ppo_torch_stage1_mixed/checkpoints/agent_50400.pt,8358d49b14eff681c47b70db964f4007dbfd07e9212768e13dbf0c17f0afc8d8,150d107225160ac498040fa20d4ccf9e26ec2703,True,fixed_per_environment_quotas_v2,clean,47,99,True,True,6.12,,7,False,False,39.474552154541016,6.12,0.0,0.00037345290184020996,0.0
/home/donglei/isaac_projects/isaac_drone_racer/.worktrees/stage1-fake-vio/logs/skrl/stage1_recovery_20260905/2026-09-05_11-37-52/2026-09-05_11-37-57_ppo_torch_stage1_mixed/checkpoints/agent_50400.pt,8358d49b14eff681c47b70db964f4007dbfd07e9212768e13dbf0c17f0afc8d8,150d107225160ac498040fa20d4ccf9e26ec2703,True,fixed_per_environment_quotas_v2,clean,47,100,True,True,6.17,,7,False,False,39.607444763183594,6.17,0.0,0.00029420596547424793,0.0
/home/donglei/isaac_projects/isaac_drone_racer/.worktrees/stage1-fake-vio/logs/skrl/stage1_recovery_20260905/2026-09-05_11-37-52/2026-09-05_11-37-57_ppo_torch_stage1_mixed/checkpoints/agent_50400.pt,8358d49b14eff681c47b70db964f4007dbfd07e9212768e13dbf0c17f0afc8d8,150d107225160ac498040fa20d4ccf9e26ec2703,True,fixed_per_environment_quotas_v2,clean,47,101,True,True,5.87,,7,False,False,39.553428649902344,5.87,0.0,0.000297563208732754,0.0
/home/donglei/isaac_projects/isaac_drone_racer/.worktrees/stage1-fake-vio/logs/skrl/stage1_recovery_20260905/2026-09-05_11-37-52/2026-09-05_11-37-57_ppo_torch_stage1_mixed/checkpoints/agent_50400.pt,8358d49b14eff681c47b70db964f4007dbfd07e9212768e13dbf0c17f0afc8d8,150d107225160ac498040fa20d4ccf9e26ec2703,True,fixed_per_environment_quotas_v2,clean,47,102,True,True,5.99,,7,False,False,39.59737777709961,5.99,0.0,0.00028634542832151055,0.0
/home/donglei/isaac_projects/isaac_drone_racer/.worktrees/stage1-fake-vio/logs/skrl/stage1_recovery_20260905/2026-09-05_11-37-52/2026-09-05_11-37-57_ppo_torch_stage1_mixed/checkpoints/agent_50400.pt,8358d49b14eff681c47b70db964f4007dbfd07e9212768e13dbf0c17f0afc8d8,150d107225160ac498040fa20d4ccf9e26ec2703,True,fixed_per_environment_quotas_v2,clean,47,103,True,True,6.25,,7,False,False,39.650856018066406,6.25,0.0,0.0003256510244682431,0.0
/home/donglei/isaac_projects/isaac_drone_racer/.worktrees/stage1-fake-vio/logs/skrl/stage1_recovery_20260905/2026-09-05_11-37-52/2026-09-05_11-37-57_ppo_torch_stage1_mixed/checkpoints/agent_50400.pt,8358d49b14eff681c47b70db964f4007dbfd07e9212768e13dbf0c17f0afc8d8,150d107225160ac498040fa20d4ccf9e26ec2703,True,fixed_per_environment_quotas_v2,clean,47,104,True,True,6.140000000000001,,7,False,False,39.86922836303711,6.140000000000001,0.0,0.000292278709821403,0.0
/home/donglei/isaac_projects/isaac_drone_racer/.worktrees/stage1-fake-vio/logs/skrl/stage1_recovery_20260905/2026-09-05_11-37-52/2026-09-05_11-37-57_ppo_torch_stage1_mixed/checkpoints/agent_50400.pt,8358d49b14eff681c47b70db964f4007dbfd07e9212768e13dbf0c17f0afc8d8,150d107225160ac498040fa20d4ccf9e26ec2703,True,fixed_per_environment_quotas_v2,clean,47,105,True,True,6.08,,7,False,False,39.45497512817383,6.08,0.0,0.0003253869654145092,0.0
/home/donglei/isaac_projects/isaac_drone_racer/.worktrees/stage1-fake-vio/logs/skrl/stage1_recovery_20260905/2026-09-05_11-37-52/2026-09-05_11-37-57_ppo_torch_stage1_mixed/checkpoints/agent_50400.pt,8358d49b14eff681c47b70db964f4007dbfd07e9212768e13dbf0c17f0afc8d8,150d107225160ac498040fa20d4ccf9e26ec2703,True,fixed_per_environment_quotas_v2,clean,47,106,True,True,6.0200000000000005,,7,False,False,39.662864685058594,6.0200000000000005,0.0,0.00029517742223106325,0.0
/home/donglei/isaac_projects/isaac_drone_racer/.worktrees/stage1-fake-vio/logs/skrl/stage1_recovery_20260905/2026-09-05_11-37-52/2026-09-05_11-37-57_ppo_torch_stage1_mixed/checkpoints/agent_50400.pt,8358d49b14eff681c47b70db964f4007dbfd07e9212768e13dbf0c17f0afc8d8,150d107225160ac498040fa20d4ccf9e26ec2703,True,fixed_per_environment_quotas_v2,clean,47,107,True,True,6.15,,7,False,False,39.69011306762695,6.15,0.0,0.00030247430549934506,0.0
/home/donglei/isaac_projects/isaac_drone_racer/.worktrees/stage1-fake-vio/logs/skrl/stage1_recovery_20260905/2026-09-05_11-37-52/2026-09-05_11-37-57_ppo_torch_stage1_mixed/checkpoints/agent_50400.pt,8358d49b14eff681c47b70db964f4007dbfd07e9212768e13dbf0c17f0afc8d8,150d107225160ac498040fa20d4ccf9e26ec2703,True,fixed_per_environment_quotas_v2,clean,47,108,True,True,5.98,,7,False,False,39.99257278442383,5.98,0.0,0.00030017440440133214,0.0
/home/donglei/isaac_projects/isaac_drone_racer/.worktrees/stage1-fake-vio/logs/skrl/stage1_recovery_20260905/2026-09-05_11-37-52/2026-09-05_11-37-57_ppo_torch_stage1_mixed/checkpoints/agent_50400.pt,8358d49b14eff681c47b70db964f4007dbfd07e9212768e13dbf0c17f0afc8d8,150d107225160ac498040fa20d4ccf9e26ec2703,True,fixed_per_environment_quotas_v2,clean,47,109,True,True,5.87,,7,False,False,39.85041809082031,5.87,0.0,0.00030163032351993024,0.0
/home/donglei/isaac_projects/isaac_drone_racer/.worktrees/stage1-fake-vio/logs/skrl/stage1_recovery_20260905/2026-09-05_11-37-52/2026-09-05_11-37-57_ppo_torch_stage1_mixed/checkpoints/agent_50400.pt,8358d49b14eff681c47b70db964f4007dbfd07e9212768e13dbf0c17f0afc8d8,150d107225160ac498040fa20d4ccf9e26ec2703,True,fixed_per_environment_quotas_v2,clean,47,110,True,True,5.88,,7,False,False,39.78581237792969,5.88,0.0,0.0003132485435344279,0.0
/home/donglei/isaac_projects/isaac_drone_racer/.worktrees/stage1-fake-vio/logs/skrl/stage1_recovery_20260905/2026-09-05_11-37-52/2026-09-05_11-37-57_ppo_torch_stage1_mixed/checkpoints/agent_50400.pt,8358d49b14eff681c47b70db964f4007dbfd07e9212768e13dbf0c17f0afc8d8,150d107225160ac498040fa20d4ccf9e26ec2703,True,fixed_per_environment_quotas_v2,clean,47,111,True,True,6.29,,7,False,False,39.793067932128906,6.29,0.0,0.0003053600958082825,0.0
/home/donglei/isaac_projects/isaac_drone_racer/.worktrees/stage1-fake-vio/logs/skrl/stage1_recovery_20260905/2026-09-05_11-37-52/2026-09-05_11-37-57_ppo_torch_stage1_mixed/checkpoints/agent_50400.pt,8358d49b14eff681c47b70db964f4007dbfd07e9212768e13dbf0c17f0afc8d8,150d107225160ac498040fa20d4ccf9e26ec2703,True,fixed_per_environment_quotas_v2,clean,47,112,True,True,5.92,,7,False,False,39.8117790222168,5.92,0.0,0.000290816358756274,0.0
/home/donglei/isaac_projects/isaac_drone_racer/.worktrees/stage1-fake-vio/logs/skrl/stage1_recovery_20260905/2026-09-05_11-37-52/2026-09-05_11-37-57_ppo_torch_stage1_mixed/checkpoints/agent_50400.pt,8358d49b14eff681c47b70db964f4007dbfd07e9212768e13dbf0c17f0afc8d8,150d107225160ac498040fa20d4ccf9e26ec2703,True,fixed_per_environment_quotas_v2,clean,47,113,True,True,6.05,,7,False,False,39.78450393676758,6.05,0.0,0.0003176232858095318,0.0
/home/donglei/isaac_projects/isaac_drone_racer/.worktrees/stage1-fake-vio/logs/skrl/stage1_recovery_20260905/2026-09-05_11-37-52/2026-09-05_11-37-57_ppo_torch_stage1_mixed/checkpoints/agent_50400.pt,8358d49b14eff681c47b70db964f4007dbfd07e9212768e13dbf0c17f0afc8d8,150d107225160ac498040fa20d4ccf9e26ec2703,True,fixed_per_environment_quotas_v2,clean,47,114,True,True,5.88,,7,False,False,39.538448333740234,5.88,0.0,0.0003320976684335619,0.0
/home/donglei/isaac_projects/isaac_drone_racer/.worktrees/stage1-fake-vio/logs/skrl/stage1_recovery_20260905/2026-09-05_11-37-52/2026-09-05_11-37-57_ppo_torch_stage1_mixed/checkpoints/agent_50400.pt,8358d49b14eff681c47b70db964f4007dbfd07e9212768e13dbf0c17f0afc8d8,150d107225160ac498040fa20d4ccf9e26ec2703,True,fixed_per_environment_quotas_v2,clean,47,115,True,True,6.18,,7,False,False,39.87278747558594,6.18,0.0,0.00030931548099033535,0.0
/home/donglei/isaac_projects/isaac_drone_racer/.worktrees/stage1-fake-vio/logs/skrl/stage1_recovery_20260905/2026-09-05_11-37-52/2026-09-05_11-37-57_ppo_torch_stage1_mixed/checkpoints/agent_50400.pt,8358d49b14eff681c47b70db964f4007dbfd07e9212768e13dbf0c17f0afc8d8,150d107225160ac498040fa20d4ccf9e26ec2703,True,fixed_per_environment_quotas_v2,clean,47,116,True,True,6.17,,7,False,False,39.693824768066406,6.17,0.0,0.0003145193913951516,0.0
/home/donglei/isaac_projects/isaac_drone_racer/.worktrees/stage1-fake-vio/logs/skrl/stage1_recovery_20260905/2026-09-05_11-37-52/2026-09-05_11-37-57_ppo_torch_stage1_mixed/checkpoints/agent_50400.pt,8358d49b14eff681c47b70db964f4007dbfd07e9212768e13dbf0c17f0afc8d8,150d107225160ac498040fa20d4ccf9e26ec2703,True,fixed_per_environment_quotas_v2,clean,47,117,True,True,5.7,,7,False,False,39.7712516784668,5.7,0.0,0.00030334998155012727,0.0
/home/donglei/isaac_projects/isaac_drone_racer/.worktrees/stage1-fake-vio/logs/skrl/stage1_recovery_20260905/2026-09-05_11-37-52/2026-09-05_11-37-57_ppo_torch_stage1_mixed/checkpoints/agent_50400.pt,8358d49b14eff681c47b70db964f4007dbfd07e9212768e13dbf0c17f0afc8d8,150d107225160ac498040fa20d4ccf9e26ec2703,True,fixed_per_environment_quotas_v2,clean,47,118,True,True,5.95,,7,False,False,39.45781326293945,5.95,0.0,0.00033734223688952625,0.0
/home/donglei/isaac_projects/isaac_drone_racer/.worktrees/stage1-fake-vio/logs/skrl/stage1_recovery_20260905/2026-09-05_11-37-52/2026-09-05_11-37-57_ppo_torch_stage1_mixed/checkpoints/agent_50400.pt,8358d49b14eff681c47b70db964f4007dbfd07e9212768e13dbf0c17f0afc8d8,150d107225160ac498040fa20d4ccf9e26ec2703,True,fixed_per_environment_quotas_v2,clean,47,119,True,True,6.05,,7,False,False,39.47410202026367,6.05,0.0,0.00032739859307184815,0.0
/home/donglei/isaac_projects/isaac_drone_racer/.worktrees/stage1-fake-vio/logs/skrl/stage1_recovery_20260905/2026-09-05_11-37-52/2026-09-05_11-37-57_ppo_torch_stage1_mixed/checkpoints/agent_50400.pt,8358d49b14eff681c47b70db964f4007dbfd07e9212768e13dbf0c17f0afc8d8,150d107225160ac498040fa20d4ccf9e26ec2703,True,fixed_per_environment_quotas_v2,clean,47,120,True,True,5.99,,7,False,False,39.805267333984375,5.99,0.0,0.00032292917603626847,0.0
/home/donglei/isaac_projects/isaac_drone_racer/.worktrees/stage1-fake-vio/logs/skrl/stage1_recovery_20260905/2026-09-05_11-37-52/2026-09-05_11-37-57_ppo_torch_stage1_mixed/checkpoints/agent_50400.pt,8358d49b14eff681c47b70db964f4007dbfd07e9212768e13dbf0c17f0afc8d8,150d107225160ac498040fa20d4ccf9e26ec2703,True,fixed_per_environment_quotas_v2,clean,47,121,True,True,6.04,,7,False,False,39.51602554321289,6.04,0.0,0.0003052162064705044,0.0
/home/donglei/isaac_projects/isaac_drone_racer/.worktrees/stage1-fake-vio/logs/skrl/stage1_recovery_20260905/2026-09-05_11-37-52/2026-09-05_11-37-57_ppo_torch_stage1_mixed/checkpoints/agent_50400.pt,8358d49b14eff681c47b70db964f4007dbfd07e9212768e13dbf0c17f0afc8d8,150d107225160ac498040fa20d4ccf9e26ec2703,True,fixed_per_environment_quotas_v2,clean,47,122,True,True,5.98,,7,False,False,39.51335144042969,5.98,0.0,0.0003131749399472028,0.0
/home/donglei/isaac_projects/isaac_drone_racer/.worktrees/stage1-fake-vio/logs/skrl/stage1_recovery_20260905/2026-09-05_11-37-52/2026-09-05_11-37-57_ppo_torch_stage1_mixed/checkpoints/agent_50400.pt,8358d49b14eff681c47b70db964f4007dbfd07e9212768e13dbf0c17f0afc8d8,150d107225160ac498040fa20d4ccf9e26ec2703,True,fixed_per_environment_quotas_v2,clean,47,123,True,True,6.01,,7,False,False,39.83806610107422,6.01,0.0,0.0003320895484648645,0.0
/home/donglei/isaac_projects/isaac_drone_racer/.worktrees/stage1-fake-vio/logs/skrl/stage1_recovery_20260905/2026-09-05_11-37-52/2026-09-05_11-37-57_ppo_torch_stage1_mixed/checkpoints/agent_50400.pt,8358d49b14eff681c47b70db964f4007dbfd07e9212768e13dbf0c17f0afc8d8,150d107225160ac498040fa20d4ccf9e26ec2703,True,fixed_per_environment_quotas_v2,clean,47,124,True,True,5.91,,7,False,False,39.34431076049805,5.91,0.0,0.0003175750025548041,0.0
/home/donglei/isaac_projects/isaac_drone_racer/.worktrees/stage1-fake-vio/logs/skrl/stage1_recovery_20260905/2026-09-05_11-37-52/2026-09-05_11-37-57_ppo_torch_stage1_mixed/checkpoints/agent_50400.pt,8358d49b14eff681c47b70db964f4007dbfd07e9212768e13dbf0c17f0afc8d8,150d107225160ac498040fa20d4ccf9e26ec2703,True,fixed_per_environment_quotas_v2,clean,47,125,True,True,6.0200000000000005,,7,False,False,39.687313079833984,6.0200000000000005,0.0,0.0003121327608823776,0.0
/home/donglei/isaac_projects/isaac_drone_racer/.worktrees/stage1-fake-vio/logs/skrl/stage1_recovery_20260905/2026-09-05_11-37-52/2026-09-05_11-37-57_ppo_torch_stage1_mixed/checkpoints/agent_50400.pt,8358d49b14eff681c47b70db964f4007dbfd07e9212768e13dbf0c17f0afc8d8,150d107225160ac498040fa20d4ccf9e26ec2703,True,fixed_per_environment_quotas_v2,clean,47,126,True,True,5.93,,7,False,False,39.796409606933594,5.93,0.0,0.0003093364939559251,0.0
/home/donglei/isaac_projects/isaac_drone_racer/.worktrees/stage1-fake-vio/logs/skrl/stage1_recovery_20260905/2026-09-05_11-37-52/2026-09-05_11-37-57_ppo_torch_stage1_mixed/checkpoints/agent_50400.pt,8358d49b14eff681c47b70db964f4007dbfd07e9212768e13dbf0c17f0afc8d8,150d107225160ac498040fa20d4ccf9e26ec2703,True,fixed_per_environment_quotas_v2,clean,47,127,True,True,5.95,,7,False,False,39.78180694580078,5.95,0.0,0.00029008230194449425,0.0
/home/donglei/isaac_projects/isaac_drone_racer/.worktrees/stage1-fake-vio/logs/skrl/stage1_recovery_20260905/2026-09-05_11-37-52/2026-09-05_11-37-57_ppo_torch_stage1_mixed/checkpoints/agent_50400.pt,8358d49b14eff681c47b70db964f4007dbfd07e9212768e13dbf0c17f0afc8d8,150d107225160ac498040fa20d4ccf9e26ec2703,True,fixed_per_environment_quotas_v2,mild,11,0,False,False,,3,0,True,False,-4.918857097625732,0.33,0.03422757610678673,0.0815730020403862,0.2573331594467163
/home/donglei/isaac_projects/isaac_drone_racer/.worktrees/stage1-fake-vio/logs/skrl/stage1_recovery_20260905/2026-09-05_11-37-52/2026-09-05_11-37-57_ppo_torch_stage1_mixed/checkpoints/agent_50400.pt,8358d49b14eff681c47b70db964f4007dbfd07e9212768e13dbf0c17f0afc8d8,150d107225160ac498040fa20d4ccf9e26ec2703,True,fixed_per_environment_quotas_v2,mild,11,1,False,False,,7,0,True,False,-3.875335216522217,0.8300000000000001,0.08682872354984283,0.040462687611579895,1.204119324684143
/home/donglei/isaac_projects/isaac_drone_racer/.worktrees/stage1-fake-vio/logs/skrl/stage1_recovery_20260905/2026-09-05_11-37-52/2026-09-05_11-37-57_ppo_torch_stage1_mixed/checkpoints/agent_50400.pt,8358d49b14eff681c47b70db964f4007dbfd07e9212768e13dbf0c17f0afc8d8,150d107225160ac498040fa20d4ccf9e26ec2703,True,fixed_per_environment_quotas_v2,mild,11,2,False,False,,2,1,True,False,0.5975394248962402,1.05,0.09805094450712204,0.04965808615088463,0.9521867036819458
/home/donglei/isaac_projects/isaac_drone_racer/.worktrees/stage1-fake-vio/logs/skrl/stage1_recovery_20260905/2026-09-05_11-37-52/2026-09-05_11-37-57_ppo_torch_stage1_mixed/checkpoints/agent_50400.pt,8358d49b14eff681c47b70db964f4007dbfd07e9212768e13dbf0c17f0afc8d8,150d107225160ac498040fa20d4ccf9e26ec2703,True,fixed_per_environment_quotas_v2,mild,11,3,False,False,,1,1,True,False,-0.01981067657470703,1.09,0.07467486709356308,0.18144606053829193,1.2698100805282593
/home/donglei/isaac_projects/isaac_drone_racer/.worktrees/stage1-fake-vio/logs/skrl/stage1_recovery_20260905/2026-09-05_11-37-52/2026-09-05_11-37-57_ppo_torch_stage1_mixed/checkpoints/agent_50400.pt,8358d49b14eff681c47b70db964f4007dbfd07e9212768e13dbf0c17f0afc8d8,150d107225160ac498040fa20d4ccf9e26ec2703,True,fixed_per_environment_quotas_v2,mild,11,4,False,False,,2,1,True,False,0.3979969024658203,1.56,0.09196939319372177,0.19141115248203278,1.1461397409439087
/home/donglei/isaac_projects/isaac_drone_racer/.worktrees/stage1-fake-vio/logs/skrl/stage1_recovery_20260905/2026-09-05_11-37-52/2026-09-05_11-37-57_ppo_torch_stage1_mixed/checkpoints/agent_50400.pt,8358d49b14eff681c47b70db964f4007dbfd07e9212768e13dbf0c17f0afc8d8,150d107225160ac498040fa20d4ccf9e26ec2703,True,fixed_per_environment_quotas_v2,mild,11,5,False,False,,2,1,True,False,2.130791664123535,1.8800000000000001,0.1115088239312172,0.05258173495531082,0.3997582495212555
/home/donglei/isaac_projects/isaac_drone_racer/.worktrees/stage1-fake-vio/logs/skrl/stage1_recovery_20260905/2026-09-05_11-37-52/2026-09-05_11-37-57_ppo_torch_stage1_mixed/checkpoints/agent_50400.pt,8358d49b14eff681c47b70db964f4007dbfd07e9212768e13dbf0c17f0afc8d8,150d107225160ac498040fa20d4ccf9e26ec2703,True,fixed_per_environment_quotas_v2,mild,11,6,False,False,,3,2,True,False,6.1583356857299805,2.05,0.1087774708867073,0.15982986986637115,0.9976078271865845
/home/donglei/isaac_projects/isaac_drone_racer/.worktrees/stage1-fake-vio/logs/skrl/stage1_recovery_20260905/2026-09-05_11-37-52/2026-09-05_11-37-57_ppo_torch_stage1_mixed/checkpoints/agent_50400.pt,8358d49b14eff681c47b70db964f4007dbfd07e9212768e13dbf0c17f0afc8d8,150d107225160ac498040fa20d4ccf9e26ec2703,True,fixed_per_environment_quotas_v2,mild,11,7,False,False,,1,1,False,True,-2.979224443435669,2.17,0.14250166714191437,0.17813651263713837,0.2552044689655304
/home/donglei/isaac_projects/isaac_drone_racer/.worktrees/stage1-fake-vio/logs/skrl/stage1_recovery_20260905/2026-09-05_11-37-52/2026-09-05_11-37-57_ppo_torch_stage1_mixed/checkpoints/agent_50400.pt,8358d49b14eff681c47b70db964f4007dbfd07e9212768e13dbf0c17f0afc8d8,150d107225160ac498040fa20d4ccf9e26ec2703,True,fixed_per_environment_quotas_v2,mild,11,8,False,False,,7,2,True,False,5.26527738571167,2.25,0.1140609085559845,0.2726713716983795,0.5465254783630371
/home/donglei/isaac_projects/isaac_drone_racer/.worktrees/stage1-fake-vio/logs/skrl/stage1_recovery_20260905/2026-09-05_11-37-52/2026-09-05_11-37-57_ppo_torch_stage1_mixed/checkpoints/agent_50400.pt,8358d49b14eff681c47b70db964f4007dbfd07e9212768e13dbf0c17f0afc8d8,150d107225160ac498040fa20d4ccf9e26ec2703,True,fixed_per_environment_quotas_v2,mild,11,9,False,False,,7,0,False,True,-11.713796615600586,2.27,0.14124387502670288,0.14020812511444092,0.3688724637031555
/home/donglei/isaac_projects/isaac_drone_racer/.worktrees/stage1-fake-vio/logs/skrl/stage1_recovery_20260905/2026-09-05_11-37-52/2026-09-05_11-37-57_ppo_torch_stage1_mixed/checkpoints/agent_50400.pt,8358d49b14eff681c47b70db964f4007dbfd07e9212768e13dbf0c17f0afc8d8,150d107225160ac498040fa20d4ccf9e26ec2703,True,fixed_per_environment_quotas_v2,mild,11,10,False,False,,2,4,True,False,17.856586456298828,3.92,0.11237489432096481,0.03855133801698685,0.4035644233226776
/home/donglei/isaac_projects/isaac_drone_racer/.worktrees/stage1-fake-vio/logs/skrl/stage1_recovery_20260905/2026-09-05_11-37-52/2026-09-05_11-37-57_ppo_torch_stage1_mixed/checkpoints/agent_50400.pt,8358d49b14eff681c47b70db964f4007dbfd07e9212768e13dbf0c17f0afc8d8,150d107225160ac498040fa20d4ccf9e26ec2703,True,fixed_per_environment_quotas_v2,mild,11,11,False,False,,4,4,True,False,19.682552337646484,4.5200000000000005,0.13702823221683502,0.04036996513605118,0.32841795682907104
/home/donglei/isaac_projects/isaac_drone_racer/.worktrees/stage1-fake-vio/logs/skrl/stage1_recovery_20260905/2026-09-05_11-37-52/2026-09-05_11-37-57_ppo_torch_stage1_mixed/checkpoints/agent_50400.pt,8358d49b14eff681c47b70db964f4007dbfd07e9212768e13dbf0c17f0afc8d8,150d107225160ac498040fa20d4ccf9e26ec2703,True,fixed_per_environment_quotas_v2,mild,11,12,False,False,,4,4,True,False,19.82240867614746,4.66,0.13894037902355194,0.04524550586938858,0.44156938791275024
/home/donglei/isaac_projects/isaac_drone_racer/.worktrees/stage1-fake-vio/logs/skrl/stage1_recovery_20260905/2026-09-05_11-37-52/2026-09-05_11-37-57_ppo_torch_stage1_mixed/checkpoints/agent_50400.pt,8358d49b14eff681c47b70db964f4007dbfd07e9212768e13dbf0c17f0afc8d8,150d107225160ac498040fa20d4ccf9e26ec2703,True,fixed_per_environment_quotas_v2,mild,11,13,True,True,5.93,,7,False,False,39.53949737548828,5.93,0.1289615035057068,0.03957638517022133,0.31184473633766174
/home/donglei/isaac_projects/isaac_drone_racer/.worktrees/stage1-fake-vio/logs/skrl/stage1_recovery_20260905/2026-09-05_11-37-52/2026-09-05_11-37-57_ppo_torch_stage1_mixed/checkpoints/agent_50400.pt,8358d49b14eff681c47b70db964f4007dbfd07e9212768e13dbf0c17f0afc8d8,150d107225160ac498040fa20d4ccf9e26ec2703,True,fixed_per_environment_quotas_v2,mild,11,14,False,False,,2,0,True,False,-4.460947513580322,0.61,0.06772778928279877,0.05635180324316025,1.6394416093826294
/home/donglei/isaac_projects/isaac_drone_racer/.worktrees/stage1-fake-vio/logs/skrl/stage1_recovery_20260905/2026-09-05_11-37-52/2026-09-05_11-37-57_ppo_torch_stage1_mixed/checkpoints/agent_50400.pt,8358d49b14eff681c47b70db964f4007dbfd07e9212768e13dbf0c17f0afc8d8,150d107225160ac498040fa20d4ccf9e26ec2703,True,fixed_per_environment_quotas_v2,mild,11,15,True,True,6.16,,7,False,False,39.546043395996094,6.16,0.1228741705417633,0.04365736246109009,0.3229093849658966
/home/donglei/isaac_projects/isaac_drone_racer/.worktrees/stage1-fake-vio/logs/skrl/stage1_recovery_20260905/2026-09-05_11-37-52/2026-09-05_11-37-57_ppo_torch_stage1_mixed/checkpoints/agent_50400.pt,8358d49b14eff681c47b70db964f4007dbfd07e9212768e13dbf0c17f0afc8d8,150d107225160ac498040fa20d4ccf9e26ec2703,True,fixed_per_environment_quotas_v2,mild,11,16,True,True,6.01,,7,False,False,39.53859329223633,6.01,0.12751440703868866,0.041728630661964417,0.3364371657371521
/home/donglei/isaac_projects/isaac_drone_racer/.worktrees/stage1-fake-vio/logs/skrl/stage1_recovery_20260905/2026-09-05_11-37-52/2026-09-05_11-37-57_ppo_torch_stage1_mixed/checkpoints/agent_50400.pt,8358d49b14eff681c47b70db964f4007dbfd07e9212768e13dbf0c17f0afc8d8,150d107225160ac498040fa20d4ccf9e26ec2703,True,fixed_per_environment_quotas_v2,mild,11,17,True,True,6.07,,7,False,False,39.7147216796875,6.07,0.12320888787508011,0.0411534309387207,0.3180168867111206
/home/donglei/isaac_projects/isaac_drone_racer/.worktrees/stage1-fake-vio/logs/skrl/stage1_recovery_20260905/2026-09-05_11-37-52/2026-09-05_11-37-57_ppo_torch_stage1_mixed/checkpoints/agent_50400.pt,8358d49b14eff681c47b70db964f4007dbfd07e9212768e13dbf0c17f0afc8d8,150d107225160ac498040fa20d4ccf9e26ec2703,True,fixed_per_environment_quotas_v2,mild,11,18,True,True,6.140000000000001,,7,False,False,39.240882873535156,6.140000000000001,0.1261083036661148,0.04109649732708931,0.3310098648071289
/home/donglei/isaac_projects/isaac_drone_racer/.worktrees/stage1-fake-vio/logs/skrl/stage1_recovery_20260905/2026-09-05_11-37-52/2026-09-05_11-37-57_ppo_torch_stage1_mixed/checkpoints/agent_50400.pt,8358d49b14eff681c47b70db964f4007dbfd07e9212768e13dbf0c17f0afc8d8,150d107225160ac498040fa20d4ccf9e26ec2703,True,fixed_per_environment_quotas_v2,mild,11,19,True,True,6.04,,7,False,False,39.680992126464844,6.04,0.12754802405834198,0.04149704426527023,0.3237740695476532
/home/donglei/isaac_projects/isaac_drone_racer/.worktrees/stage1-fake-vio/logs/skrl/stage1_recovery_20260905/2026-09-05_11-37-52/2026-09-05_11-37-57_ppo_torch_stage1_mixed/checkpoints/agent_50400.pt,8358d49b14eff681c47b70db964f4007dbfd07e9212768e13dbf0c17f0afc8d8,150d107225160ac498040fa20d4ccf9e26ec2703,True,fixed_per_environment_quotas_v2,mild,11,20,True,True,5.92,,7,False,False,39.71114730834961,5.92,0.1297210454940796,0.037376921623945236,0.3155350387096405
/home/donglei/isaac_projects/isaac_drone_racer/.worktrees/stage1-fake-vio/logs/skrl/stage1_recovery_20260905/2026-09-05_11-37-52/2026-09-05_11-37-57_ppo_torch_stage1_mixed/checkpoints/agent_50400.pt,8358d49b14eff681c47b70db964f4007dbfd07e9212768e13dbf0c17f0afc8d8,150d107225160ac498040fa20d4ccf9e26ec2703,True,fixed_per_environment_quotas_v2,mild,11,21,False,False,,6,1,True,False,1.564751148223877,1.57,0.0982387587428093,0.06481985002756119,0.8333543539047241
/home/donglei/isaac_projects/isaac_drone_racer/.worktrees/stage1-fake-vio/logs/skrl/stage1_recovery_20260905/2026-09-05_11-37-52/2026-09-05_11-37-57_ppo_torch_stage1_mixed/checkpoints/agent_50400.pt,8358d49b14eff681c47b70db964f4007dbfd07e9212768e13dbf0c17f0afc8d8,150d107225160ac498040fa20d4ccf9e26ec2703,True,fixed_per_environment_quotas_v2,mild,11,22,True,True,5.83,,7,False,False,39.8192024230957,5.83,0.1240464374423027,0.04463089630007744,0.3279319405555725
/home/donglei/isaac_projects/isaac_drone_racer/.worktrees/stage1-fake-vio/logs/skrl/stage1_recovery_20260905/2026-09-05_11-37-52/2026-09-05_11-37-57_ppo_torch_stage1_mixed/checkpoints/agent_50400.pt,8358d49b14eff681c47b70db964f4007dbfd07e9212768e13dbf0c17f0afc8d8,150d107225160ac498040fa20d4ccf9e26ec2703,True,fixed_per_environment_quotas_v2,mild,11,23,True,True,6.18,,7,False,False,39.76035690307617,6.18,0.12054351717233658,0.04019569978117943,0.3234621286392212
/home/donglei/isaac_projects/isaac_drone_racer/.worktrees/stage1-fake-vio/logs/skrl/stage1_recovery_20260905/2026-09-05_11-37-52/2026-09-05_11-37-57_ppo_torch_stage1_mixed/checkpoints/agent_50400.pt,8358d49b14eff681c47b70db964f4007dbfd07e9212768e13dbf0c17f0afc8d8,150d107225160ac498040fa20d4ccf9e26ec2703,True,fixed_per_environment_quotas_v2,mild,11,24,True,True,5.98,,7,False,False,39.616477966308594,5.98,0.12639041244983673,0.04061882197856903,0.32942041754722595
/home/donglei/isaac_projects/isaac_drone_racer/.worktrees/stage1-fake-vio/logs/skrl/stage1_recovery_20260905/2026-09-05_11-37-52/2026-09-05_11-37-57_ppo_torch_stage1_mixed/checkpoints/agent_50400.pt,8358d49b14eff681c47b70db964f4007dbfd07e9212768e13dbf0c17f0afc8d8,150d107225160ac498040fa20d4ccf9e26ec2703,True,fixed_per_environment_quotas_v2,mild,11,25,True,True,5.66,,7,False,False,39.73892593383789,5.66,0.13016755878925323,0.04151434451341629,0.33957502245903015
/home/donglei/isaac_projects/isaac_drone_racer/.worktrees/stage1-fake-vio/logs/skrl/stage1_recovery_20260905/2026-09-05_11-37-52/2026-09-05_11-37-57_ppo_torch_stage1_mixed/checkpoints/agent_50400.pt,8358d49b14eff681c47b70db964f4007dbfd07e9212768e13dbf0c17f0afc8d8,150d107225160ac498040fa20d4ccf9e26ec2703,True,fixed_per_environment_quotas_v2,mild,11,26,True,True,6.3100000000000005,,7,False,False,39.672733306884766,6.3100000000000005,0.12116546183824539,0.040516454726457596,0.3224141597747803
/home/donglei/isaac_projects/isaac_drone_racer/.worktrees/stage1-fake-vio/logs/skrl/stage1_recovery_20260905/2026-09-05_11-37-52/2026-09-05_11-37-57_ppo_torch_stage1_mixed/checkpoints/agent_50400.pt,8358d49b14eff681c47b70db964f4007dbfd07e9212768e13dbf0c17f0afc8d8,150d107225160ac498040fa20d4ccf9e26ec2703,True,fixed_per_environment_quotas_v2,mild,11,27,True,True,6.43,,7,False,False,39.908172607421875,6.43,0.11197398602962494,0.041777871549129486,0.2827887535095215
/home/donglei/isaac_projects/isaac_drone_racer/.worktrees/stage1-fake-vio/logs/skrl/stage1_recovery_20260905/2026-09-05_11-37-52/2026-09-05_11-37-57_ppo_torch_stage1_mixed/checkpoints/agent_50400.pt,8358d49b14eff681c47b70db964f4007dbfd07e9212768e13dbf0c17f0afc8d8,150d107225160ac498040fa20d4ccf9e26ec2703,True,fixed_per_environment_quotas_v2,mild,11,28,True,True,5.9,,7,False,False,39.68775939941406,5.9,0.12567049264907837,0.038656339049339294,0.3160856068134308
/home/donglei/isaac_projects/isaac_drone_racer/.worktrees/stage1-fake-vio/logs/skrl/stage1_recovery_20260905/2026-09-05_11-37-52/2026-09-05_11-37-57_ppo_torch_stage1_mixed/checkpoints/agent_50400.pt,8358d49b14eff681c47b70db964f4007dbfd07e9212768e13dbf0c17f0afc8d8,150d107225160ac498040fa20d4ccf9e26ec2703,True,fixed_per_environment_quotas_v2,mild,11,29,True,True,6.04,,7,False,False,39.76731872558594,6.04,0.13000014424324036,0.04050043225288391,0.33605459332466125
/home/donglei/isaac_projects/isaac_drone_racer/.worktrees/stage1-fake-vio/logs/skrl/stage1_recovery_20260905/2026-09-05_11-37-52/2026-09-05_11-37-57_ppo_torch_stage1_mixed/checkpoints/agent_50400.pt,8358d49b14eff681c47b70db964f4007dbfd07e9212768e13dbf0c17f0afc8d8,150d107225160ac498040fa20d4ccf9e26ec2703,True,fixed_per_environment_quotas_v2,mild,11,30,True,True,6.15,,7,False,False,39.52873992919922,6.15,0.13006292283535004,0.04149377718567848,0.3227529525756836
/home/donglei/isaac_projects/isaac_drone_racer/.worktrees/stage1-fake-vio/logs/skrl/stage1_recovery_20260905/2026-09-05_11-37-52/2026-09-05_11-37-57_ppo_torch_stage1_mixed/checkpoints/agent_50400.pt,8358d49b14eff681c47b70db964f4007dbfd07e9212768e13dbf0c17f0afc8d8,150d107225160ac498040fa20d4ccf9e26ec2703,True,fixed_per_environment_quotas_v2,mild,11,31,True,True,5.83,,7,False,False,39.80522155761719,5.83,0.12516134977340698,0.04262347146868706,0.32814574241638184
/home/donglei/isaac_projects/isaac_drone_racer/.worktrees/stage1-fake-vio/logs/skrl/stage1_recovery_20260905/2026-09-05_11-37-52/2026-09-05_11-37-57_ppo_torch_stage1_mixed/checkpoints/agent_50400.pt,8358d49b14eff681c47b70db964f4007dbfd07e9212768e13dbf0c17f0afc8d8,150d107225160ac498040fa20d4ccf9e26ec2703,True,fixed_per_environment_quotas_v2,mild,11,32,True,True,6.07,,7,False,False,39.453857421875,6.07,0.12318481504917145,0.03829945623874664,0.32081305980682373
/home/donglei/isaac_projects/isaac_drone_racer/.worktrees/stage1-fake-vio/logs/skrl/stage1_recovery_20260905/2026-09-05_11-37-52/2026-09-05_11-37-57_ppo_torch_stage1_mixed/checkpoints/agent_50400.pt,8358d49b14eff681c47b70db964f4007dbfd07e9212768e13dbf0c17f0afc8d8,150d107225160ac498040fa20d4ccf9e26ec2703,True,fixed_per_environment_quotas_v2,mild,11,33,True,True,6.08,,7,False,False,39.59764862060547,6.08,0.12425153702497482,0.03864569589495659,0.3226788640022278
/home/donglei/isaac_projects/isaac_drone_racer/.worktrees/stage1-fake-vio/logs/skrl/stage1_recovery_20260905/2026-09-05_11-37-52/2026-09-05_11-37-57_ppo_torch_stage1_mixed/checkpoints/agent_50400.pt,8358d49b14eff681c47b70db964f4007dbfd07e9212768e13dbf0c17f0afc8d8,150d107225160ac498040fa20d4ccf9e26ec2703,True,fixed_per_environment_quotas_v2,mild,11,34,True,True,5.94,,7,False,False,39.63408279418945,5.94,0.12729904055595398,0.039992254227399826,0.3295990824699402
/home/donglei/isaac_projects/isaac_drone_racer/.worktrees/stage1-fake-vio/logs/skrl/stage1_recovery_20260905/2026-09-05_11-37-52/2026-09-05_11-37-57_ppo_torch_stage1_mixed/checkpoints/agent_50400.pt,8358d49b14eff681c47b70db964f4007dbfd07e9212768e13dbf0c17f0afc8d8,150d107225160ac498040fa20d4ccf9e26ec2703,True,fixed_per_environment_quotas_v2,mild,11,35,True,True,5.79,,7,False,False,39.8545036315918,5.79,0.12984535098075867,0.03936292603611946,0.337904691696167
/home/donglei/isaac_projects/isaac_drone_racer/.worktrees/stage1-fake-vio/logs/skrl/stage1_recovery_20260905/2026-09-05_11-37-52/2026-09-05_11-37-57_ppo_torch_stage1_mixed/checkpoints/agent_50400.pt,8358d49b14eff681c47b70db964f4007dbfd07e9212768e13dbf0c17f0afc8d8,150d107225160ac498040fa20d4ccf9e26ec2703,True,fixed_per_environment_quotas_v2,mild,11,36,True,True,5.89,,7,False,False,39.544273376464844,5.89,0.13154876232147217,0.03710933402180672,0.3289520740509033
/home/donglei/isaac_projects/isaac_drone_racer/.worktrees/stage1-fake-vio/logs/skrl/stage1_recovery_20260905/2026-09-05_11-37-52/2026-09-05_11-37-57_ppo_torch_stage1_mixed/checkpoints/agent_50400.pt,8358d49b14eff681c47b70db964f4007dbfd07e9212768e13dbf0c17f0afc8d8,150d107225160ac498040fa20d4ccf9e26ec2703,True,fixed_per_environment_quotas_v2,mild,11,37,True,True,6.0,,7,False,False,39.716251373291016,6.0,0.1319511979818344,0.0410771518945694,0.32816407084465027
/home/donglei/isaac_projects/isaac_drone_racer/.worktrees/stage1-fake-vio/logs/skrl/stage1_recovery_20260905/2026-09-05_11-37-52/2026-09-05_11-37-57_ppo_torch_stage1_mixed/checkpoints/agent_50400.pt,8358d49b14eff681c47b70db964f4007dbfd07e9212768e13dbf0c17f0afc8d8,150d107225160ac498040fa20d4ccf9e26ec2703,True,fixed_per_environment_quotas_v2,mild,11,38,True,True,6.22,,7,False,False,39.79111099243164,6.22,0.12302162498235703,0.044442176818847656,0.3234911561012268
/home/donglei/isaac_projects/isaac_drone_racer/.worktrees/stage1-fake-vio/logs/skrl/stage1_recovery_20260905/2026-09-05_11-37-52/2026-09-05_11-37-57_ppo_torch_stage1_mixed/checkpoints/agent_50400.pt,8358d49b14eff681c47b70db964f4007dbfd07e9212768e13dbf0c17f0afc8d8,150d107225160ac498040fa20d4ccf9e26ec2703,True,fixed_per_environment_quotas_v2,mild,11,39,True,True,6.15,,7,False,False,39.430458068847656,6.15,0.12941032648086548,0.04122624546289444,0.3335290253162384
/home/donglei/isaac_projects/isaac_drone_racer/.worktrees/stage1-fake-vio/logs/skrl/stage1_recovery_20260905/2026-09-05_11-37-52/2026-09-05_11-37-57_ppo_torch_stage1_mixed/checkpoints/agent_50400.pt,8358d49b14eff681c47b70db964f4007dbfd07e9212768e13dbf0c17f0afc8d8,150d107225160ac498040fa20d4ccf9e26ec2703,True,fixed_per_environment_quotas_v2,mild,11,40,True,True,5.94,,7,False,False,39.610748291015625,5.94,0.12554901838302612,0.03932075947523117,0.3171200156211853
/home/donglei/isaac_projects/isaac_drone_racer/.worktrees/stage1-fake-vio/logs/skrl/stage1_recovery_20260905/2026-09-05_11-37-52/2026-09-05_11-37-57_ppo_torch_stage1_mixed/checkpoints/agent_50400.pt,8358d49b14eff681c47b70db964f4007dbfd07e9212768e13dbf0c17f0afc8d8,150d107225160ac498040fa20d4ccf9e26ec2703,True,fixed_per_environment_quotas_v2,mild,11,41,True,True,5.87,,7,False,False,39.84182357788086,5.87,0.12644274532794952,0.044212594628334045,0.33027327060699463
/home/donglei/isaac_projects/isaac_drone_racer/.worktrees/stage1-fake-vio/logs/skrl/stage1_recovery_20260905/2026-09-05_11-37-52/2026-09-05_11-37-57_ppo_torch_stage1_mixed/checkpoints/agent_50400.pt,8358d49b14eff681c47b70db964f4007dbfd07e9212768e13dbf0c17f0afc8d8,150d107225160ac498040fa20d4ccf9e26ec2703,True,fixed_per_environment_quotas_v2,mild,11,42,True,True,5.87,,7,False,False,39.58839416503906,5.87,0.12826040387153625,0.03826063871383667,0.3217447102069855
/home/donglei/isaac_projects/isaac_drone_racer/.worktrees/stage1-fake-vio/logs/skrl/stage1_recovery_20260905/2026-09-05_11-37-52/2026-09-05_11-37-57_ppo_torch_stage1_mixed/checkpoints/agent_50400.pt,8358d49b14eff681c47b70db964f4007dbfd07e9212768e13dbf0c17f0afc8d8,150d107225160ac498040fa20d4ccf9e26ec2703,True,fixed_per_environment_quotas_v2,mild,11,43,True,True,6.1000000000000005,,7,False,False,39.47580337524414,6.1000000000000005,0.1266934871673584,0.041207700967788696,0.31367674469947815
/home/donglei/isaac_projects/isaac_drone_racer/.worktrees/stage1-fake-vio/logs/skrl/stage1_recovery_20260905/2026-09-05_11-37-52/2026-09-05_11-37-57_ppo_torch_stage1_mixed/checkpoints/agent_50400.pt,8358d49b14eff681c47b70db964f4007dbfd07e9212768e13dbf0c17f0afc8d8,150d107225160ac498040fa20d4ccf9e26ec2703,True,fixed_per_environment_quotas_v2,mild,11,44,True,True,5.97,,7,False,False,39.648712158203125,5.97,0.12883953750133514,0.04230918362736702,0.3312227129936218
/home/donglei/isaac_projects/isaac_drone_racer/.worktrees/stage1-fake-vio/logs/skrl/stage1_recovery_20260905/2026-09-05_11-37-52/2026-09-05_11-37-57_ppo_torch_stage1_mixed/checkpoints/agent_50400.pt,8358d49b14eff681c47b70db964f4007dbfd07e9212768e13dbf0c17f0afc8d8,150d107225160ac498040fa20d4ccf9e26ec2703,True,fixed_per_environment_quotas_v2,mild,11,45,True,True,6.05,,7,False,False,40.00044250488281,6.05,0.12517157196998596,0.04103799909353256,0.32028043270111084
/home/donglei/isaac_projects/isaac_drone_racer/.worktrees/stage1-fake-vio/logs/skrl/stage1_recovery_20260905/2026-09-05_11-37-52/2026-09-05_11-37-57_ppo_torch_stage1_mixed/checkpoints/agent_50400.pt,8358d49b14eff681c47b70db964f4007dbfd07e9212768e13dbf0c17f0afc8d8,150d107225160ac498040fa20d4ccf9e26ec2703,True,fixed_per_environment_quotas_v2,mild,11,46,True,True,6.03,,7,False,False,39.6298713684082,6.03,0.1258460283279419,0.03937174752354622,0.3306936025619507
/home/donglei/isaac_projects/isaac_drone_racer/.worktrees/stage1-fake-vio/logs/skrl/stage1_recovery_20260905/2026-09-05_11-37-52/2026-09-05_11-37-57_ppo_torch_stage1_mixed/checkpoints/agent_50400.pt,8358d49b14eff681c47b70db964f4007dbfd07e9212768e13dbf0c17f0afc8d8,150d107225160ac498040fa20d4ccf9e26ec2703,True,fixed_per_environment_quotas_v2,mild,11,47,True,True,6.22,,7,False,False,39.659759521484375,6.22,0.12583066523075104,0.043250396847724915,0.3131917119026184
/home/donglei/isaac_projects/isaac_drone_racer/.worktrees/stage1-fake-vio/logs/skrl/stage1_recovery_20260905/2026-09-05_11-37-52/2026-09-05_11-37-57_ppo_torch_stage1_mixed/checkpoints/agent_50400.pt,8358d49b14eff681c47b70db964f4007dbfd07e9212768e13dbf0c17f0afc8d8,150d107225160ac498040fa20d4ccf9e26ec2703,True,fixed_per_environment_quotas_v2,mild,11,48,True,True,5.98,,7,False,False,39.81663513183594,5.98,0.12070991098880768,0.04565117135643959,0.3122999370098114
/home/donglei/isaac_projects/isaac_drone_racer/.worktrees/stage1-fake-vio/logs/skrl/stage1_recovery_20260905/2026-09-05_11-37-52/2026-09-05_11-37-57_ppo_torch_stage1_mixed/checkpoints/agent_50400.pt,8358d49b14eff681c47b70db964f4007dbfd07e9212768e13dbf0c17f0afc8d8,150d107225160ac498040fa20d4ccf9e26ec2703,True,fixed_per_environment_quotas_v2,mild,11,49,True,True,6.05,,7,False,False,39.883792877197266,6.05,0.12408699840307236,0.040231700986623764,0.313553124666214
/home/donglei/isaac_projects/isaac_drone_racer/.worktrees/stage1-fake-vio/logs/skrl/stage1_recovery_20260905/2026-09-05_11-37-52/2026-09-05_11-37-57_ppo_torch_stage1_mixed/checkpoints/agent_50400.pt,8358d49b14eff681c47b70db964f4007dbfd07e9212768e13dbf0c17f0afc8d8,150d107225160ac498040fa20d4ccf9e26ec2703,True,fixed_per_environment_quotas_v2,mild,11,50,True,True,6.140000000000001,,7,False,False,39.647010803222656,6.140000000000001,0.121379554271698,0.038897354155778885,0.315931499004364
/home/donglei/isaac_projects/isaac_drone_racer/.worktrees/stage1-fake-vio/logs/skrl/stage1_recovery_20260905/2026-09-05_11-37-52/2026-09-05_11-37-57_ppo_torch_stage1_mixed/checkpoints/agent_50400.pt,8358d49b14eff681c47b70db964f4007dbfd07e9212768e13dbf0c17f0afc8d8,150d107225160ac498040fa20d4ccf9e26ec2703,True,fixed_per_environment_quotas_v2,mild,11,51,True,True,6.1000000000000005,,7,False,False,40.009185791015625,6.1000000000000005,0.12360695749521255,0.041427068412303925,0.3124009370803833
/home/donglei/isaac_projects/isaac_drone_racer/.worktrees/stage1-fake-vio/logs/skrl/stage1_recovery_20260905/2026-09-05_11-37-52/2026-09-05_11-37-57_ppo_torch_stage1_mixed/checkpoints/agent_50400.pt,8358d49b14eff681c47b70db964f4007dbfd07e9212768e13dbf0c17f0afc8d8,150d107225160ac498040fa20d4ccf9e26ec2703,True,fixed_per_environment_quotas_v2,mild,11,52,True,True,5.87,,7,False,False,39.88337326049805,5.87,0.1260913908481598,0.04036994278430939,0.32583779096603394
/home/donglei/isaac_projects/isaac_drone_racer/.worktrees/stage1-fake-vio/logs/skrl/stage1_recovery_20260905/2026-09-05_11-37-52/2026-09-05_11-37-57_ppo_torch_stage1_mixed/checkpoints/agent_50400.pt,8358d49b14eff681c47b70db964f4007dbfd07e9212768e13dbf0c17f0afc8d8,150d107225160ac498040fa20d4ccf9e26ec2703,True,fixed_per_environment_quotas_v2,mild,11,53,True,True,6.23,,7,False,False,39.76822280883789,6.23,0.12351123243570328,0.04039829596877098,0.30835697054862976
/home/donglei/isaac_projects/isaac_drone_racer/.worktrees/stage1-fake-vio/logs/skrl/stage1_recovery_20260905/2026-09-05_11-37-52/2026-09-05_11-37-57_ppo_torch_stage1_mixed/checkpoints/agent_50400.pt,8358d49b14eff681c47b70db964f4007dbfd07e9212768e13dbf0c17f0afc8d8,150d107225160ac498040fa20d4ccf9e26ec2703,True,fixed_per_environment_quotas_v2,mild,11,54,True,True,5.94,,7,False,False,39.49237060546875,5.94,0.1281411200761795,0.037623368203639984,0.33147162199020386
/home/donglei/isaac_projects/isaac_drone_racer/.worktrees/stage1-fake-vio/logs/skrl/stage1_recovery_20260905/2026-09-05_11-37-52/2026-09-05_11-37-57_ppo_torch_stage1_mixed/checkpoints/agent_50400.pt,8358d49b14eff681c47b70db964f4007dbfd07e9212768e13dbf0c17f0afc8d8,150d107225160ac498040fa20d4ccf9e26ec2703,True,fixed_per_environment_quotas_v2,mild,11,55,True,True,6.21,,7,False,False,39.83074951171875,6.21,0.1182141900062561,0.04338549077510834,0.3009776175022125
/home/donglei/isaac_projects/isaac_drone_racer/.worktrees/stage1-fake-vio/logs/skrl/stage1_recovery_20260905/2026-09-05_11-37-52/2026-09-05_11-37-57_ppo_torch_stage1_mixed/checkpoints/agent_50400.pt,8358d49b14eff681c47b70db964f4007dbfd07e9212768e13dbf0c17f0afc8d8,150d107225160ac498040fa20d4ccf9e26ec2703,True,fixed_per_environment_quotas_v2,mild,11,56,True,True,6.07,,7,False,False,39.505401611328125,6.07,0.12610384821891785,0.04489072412252426,0.3326530158519745
/home/donglei/isaac_projects/isaac_drone_racer/.worktrees/stage1-fake-vio/logs/skrl/stage1_recovery_20260905/2026-09-05_11-37-52/2026-09-05_11-37-57_ppo_torch_stage1_mixed/checkpoints/agent_50400.pt,8358d49b14eff681c47b70db964f4007dbfd07e9212768e13dbf0c17f0afc8d8,150d107225160ac498040fa20d4ccf9e26ec2703,True,fixed_per_environment_quotas_v2,mild,11,57,True,True,5.99,,7,False,False,39.85114669799805,5.99,0.12438375502824783,0.04175875708460808,0.321441113948822
/home/donglei/isaac_projects/isaac_drone_racer/.worktrees/stage1-fake-vio/logs/skrl/stage1_recovery_20260905/2026-09-05_11-37-52/2026-09-05_11-37-57_ppo_torch_stage1_mixed/checkpoints/agent_50400.pt,8358d49b14eff681c47b70db964f4007dbfd07e9212768e13dbf0c17f0afc8d8,150d107225160ac498040fa20d4ccf9e26ec2703,True,fixed_per_environment_quotas_v2,mild,11,58,True,True,5.9,,7,False,False,39.842933654785156,5.9,0.1266288459300995,0.04030297324061394,0.3186820447444916
/home/donglei/isaac_projects/isaac_drone_racer/.worktrees/stage1-fake-vio/logs/skrl/stage1_recovery_20260905/2026-09-05_11-37-52/2026-09-05_11-37-57_ppo_torch_stage1_mixed/checkpoints/agent_50400.pt,8358d49b14eff681c47b70db964f4007dbfd07e9212768e13dbf0c17f0afc8d8,150d107225160ac498040fa20d4ccf9e26ec2703,True,fixed_per_environment_quotas_v2,mild,11,59,True,True,5.98,,7,False,False,39.96989822387695,5.98,0.12031212449073792,0.04601418972015381,0.3168110251426697
/home/donglei/isaac_projects/isaac_drone_racer/.worktrees/stage1-fake-vio/logs/skrl/stage1_recovery_20260905/2026-09-05_11-37-52/2026-09-05_11-37-57_ppo_torch_stage1_mixed/checkpoints/agent_50400.pt,8358d49b14eff681c47b70db964f4007dbfd07e9212768e13dbf0c17f0afc8d8,150d107225160ac498040fa20d4ccf9e26ec2703,True,fixed_per_environment_quotas_v2,mild,11,60,True,True,6.03,,7,False,False,39.49406051635742,6.03,0.1251872330904007,0.03975199908018112,0.32489073276519775
/home/donglei/isaac_projects/isaac_drone_racer/.worktrees/stage1-fake-vio/logs/skrl/stage1_recovery_20260905/2026-09-05_11-37-52/2026-09-05_11-37-57_ppo_torch_stage1_mixed/checkpoints/agent_50400.pt,8358d49b14eff681c47b70db964f4007dbfd07e9212768e13dbf0c17f0afc8d8,150d107225160ac498040fa20d4ccf9e26ec2703,True,fixed_per_environment_quotas_v2,mild,11,61,True,True,6.09,,7,False,False,39.9185676574707,6.09,0.12355584651231766,0.040407270193099976,0.31509026885032654
/home/donglei/isaac_projects/isaac_drone_racer/.worktrees/stage1-fake-vio/logs/skrl/stage1_recovery_20260905/2026-09-05_11-37-52/2026-09-05_11-37-57_ppo_torch_stage1_mixed/checkpoints/agent_50400.pt,8358d49b14eff681c47b70db964f4007dbfd07e9212768e13dbf0c17f0afc8d8,150d107225160ac498040fa20d4ccf9e26ec2703,True,fixed_per_environment_quotas_v2,mild,11,62,True,True,5.97,,7,False,False,39.56975173950195,5.97,0.12912224233150482,0.04140746593475342,0.33269381523132324
/home/donglei/isaac_projects/isaac_drone_racer/.worktrees/stage1-fake-vio/logs/skrl/stage1_recovery_20260905/2026-09-05_11-37-52/2026-09-05_11-37-57_ppo_torch_stage1_mixed/checkpoints/agent_50400.pt,8358d49b14eff681c47b70db964f4007dbfd07e9212768e13dbf0c17f0afc8d8,150d107225160ac498040fa20d4ccf9e26ec2703,True,fixed_per_environment_quotas_v2,mild,11,63,True,True,5.96,,7,False,False,39.71699523925781,5.96,0.12451813369989395,0.044427692890167236,0.3221704959869385
/home/donglei/isaac_projects/isaac_drone_racer/.worktrees/stage1-fake-vio/logs/skrl/stage1_recovery_20260905/2026-09-05_11-37-52/2026-09-05_11-37-57_ppo_torch_stage1_mixed/checkpoints/agent_50400.pt,8358d49b14eff681c47b70db964f4007dbfd07e9212768e13dbf0c17f0afc8d8,150d107225160ac498040fa20d4ccf9e26ec2703,True,fixed_per_environment_quotas_v2,mild,11,64,True,True,6.05,,7,False,False,39.43251037597656,6.05,0.1280500441789627,0.04213850200176239,0.3172227740287781
/home/donglei/isaac_projects/isaac_drone_racer/.worktrees/stage1-fake-vio/logs/skrl/stage1_recovery_20260905/2026-09-05_11-37-52/2026-09-05_11-37-57_ppo_torch_stage1_mixed/checkpoints/agent_50400.pt,8358d49b14eff681c47b70db964f4007dbfd07e9212768e13dbf0c17f0afc8d8,150d107225160ac498040fa20d4ccf9e26ec2703,True,fixed_per_environment_quotas_v2,mild,11,65,True,True,5.91,,7,False,False,39.73020553588867,5.91,0.12570910155773163,0.038419414311647415,0.3181329667568207
/home/donglei/isaac_projects/isaac_drone_racer/.worktrees/stage1-fake-vio/logs/skrl/stage1_recovery_20260905/2026-09-05_11-37-52/2026-09-05_11-37-57_ppo_torch_stage1_mixed/checkpoints/agent_50400.pt,8358d49b14eff681c47b70db964f4007dbfd07e9212768e13dbf0c17f0afc8d8,150d107225160ac498040fa20d4ccf9e26ec2703,True,fixed_per_environment_quotas_v2,mild,11,66,True,True,6.07,,7,False,False,39.58695602416992,6.07,0.12459463626146317,0.039366163313388824,0.3240604102611542
/home/donglei/isaac_projects/isaac_drone_racer/.worktrees/stage1-fake-vio/logs/skrl/stage1_recovery_20260905/2026-09-05_11-37-52/2026-09-05_11-37-57_ppo_torch_stage1_mixed/checkpoints/agent_50400.pt,8358d49b14eff681c47b70db964f4007dbfd07e9212768e13dbf0c17f0afc8d8,150d107225160ac498040fa20d4ccf9e26ec2703,True,fixed_per_environment_quotas_v2,mild,11,67,True,True,7.07,,7,False,False,39.80833053588867,7.07,0.11543873697519302,0.04385175555944443,0.28134632110595703
/home/donglei/isaac_projects/isaac_drone_racer/.worktrees/stage1-fake-vio/logs/skrl/stage1_recovery_20260905/2026-09-05_11-37-52/2026-09-05_11-37-57_ppo_torch_stage1_mixed/checkpoints/agent_50400.pt,8358d49b14eff681c47b70db964f4007dbfd07e9212768e13dbf0c17f0afc8d8,150d107225160ac498040fa20d4ccf9e26ec2703,True,fixed_per_environment_quotas_v2,mild,11,68,True,True,5.92,,7,False,False,39.847164154052734,5.92,0.12477080523967743,0.03837946802377701,0.3145119845867157
/home/donglei/isaac_projects/isaac_drone_racer/.worktrees/stage1-fake-vio/logs/skrl/stage1_recovery_20260905/2026-09-05_11-37-52/2026-09-05_11-37-57_ppo_torch_stage1_mixed/checkpoints/agent_50400.pt,8358d49b14eff681c47b70db964f4007dbfd07e9212768e13dbf0c17f0afc8d8,150d107225160ac498040fa20d4ccf9e26ec2703,True,fixed_per_environment_quotas_v2,mild,11,69,False,False,,3,0,True,False,-4.929953098297119,0.35000000000000003,0.02700708620250225,0.0794866681098938,0.2713168263435364
/home/donglei/isaac_projects/isaac_drone_racer/.worktrees/stage1-fake-vio/logs/skrl/stage1_recovery_20260905/2026-09-05_11-37-52/2026-09-05_11-37-57_ppo_torch_stage1_mixed/checkpoints/agent_50400.pt,8358d49b14eff681c47b70db964f4007dbfd07e9212768e13dbf0c17f0afc8d8,150d107225160ac498040fa20d4ccf9e26ec2703,True,fixed_per_environment_quotas_v2,mild,11,70,True,True,5.8500000000000005,,7,False,False,39.780967712402344,5.8500000000000005,0.1268911361694336,0.03881586343050003,0.32264259457588196
/home/donglei/isaac_projects/isaac_drone_racer/.worktrees/stage1-fake-vio/logs/skrl/stage1_recovery_20260905/2026-09-05_11-37-52/2026-09-05_11-37-57_ppo_torch_stage1_mixed/checkpoints/agent_50400.pt,8358d49b14eff681c47b70db964f4007dbfd07e9212768e13dbf0c17f0afc8d8,150d107225160ac498040fa20d4ccf9e26ec2703,True,fixed_per_environment_quotas_v2,mild,11,71,False,False,,7,0,True,False,-3.8870174884796143,0.88,0.07977066189050674,0.0578257218003273,0.24910596013069153
/home/donglei/isaac_projects/isaac_drone_racer/.worktrees/stage1-fake-vio/logs/skrl/stage1_recovery_20260905/2026-09-05_11-37-52/2026-09-05_11-37-57_ppo_torch_stage1_mixed/checkpoints/agent_50400.pt,8358d49b14eff681c47b70db964f4007dbfd07e9212768e13dbf0c17f0afc8d8,150d107225160ac498040fa20d4ccf9e26ec2703,True,fixed_per_environment_quotas_v2,mild,11,72,True,True,5.9,,7,False,False,39.71647262573242,5.9,0.1312989592552185,0.04002398997545242,0.3319565951824188
/home/donglei/isaac_projects/isaac_drone_racer/.worktrees/stage1-fake-vio/logs/skrl/stage1_recovery_20260905/2026-09-05_11-37-52/2026-09-05_11-37-57_ppo_torch_stage1_mixed/checkpoints/agent_50400.pt,8358d49b14eff681c47b70db964f4007dbfd07e9212768e13dbf0c17f0afc8d8,150d107225160ac498040fa20d4ccf9e26ec2703,True,fixed_per_environment_quotas_v2,mild,11,73,True,True,6.43,,7,False,False,39.613555908203125,6.43,0.12203323841094971,0.039197567850351334,0.3120223879814148
/home/donglei/isaac_projects/isaac_drone_racer/.worktrees/stage1-fake-vio/logs/skrl/stage1_recovery_20260905/2026-09-05_11-37-52/2026-09-05_11-37-57_ppo_torch_stage1_mixed/checkpoints/agent_50400.pt,8358d49b14eff681c47b70db964f4007dbfd07e9212768e13dbf0c17f0afc8d8,150d107225160ac498040fa20d4ccf9e26ec2703,True,fixed_per_environment_quotas_v2,mild,11,74,False,False,,2,1,True,False,0.5546112060546875,1.16,0.10010620951652527,0.050439778715372086,0.9939252734184265
/home/donglei/isaac_projects/isaac_drone_racer/.worktrees/stage1-fake-vio/logs/skrl/stage1_recovery_20260905/2026-09-05_11-37-52/2026-09-05_11-37-57_ppo_torch_stage1_mixed/checkpoints/agent_50400.pt,8358d49b14eff681c47b70db964f4007dbfd07e9212768e13dbf0c17f0afc8d8,150d107225160ac498040fa20d4ccf9e26ec2703,True,fixed_per_environment_quotas_v2,mild,11,75,True,True,5.98,,7,False,False,39.59521484375,5.98,0.12082507461309433,0.044170260429382324,0.3267914354801178
/home/donglei/isaac_projects/isaac_drone_racer/.worktrees/stage1-fake-vio/logs/skrl/stage1_recovery_20260905/2026-09-05_11-37-52/2026-09-05_11-37-57_ppo_torch_stage1_mixed/checkpoints/agent_50400.pt,8358d49b14eff681c47b70db964f4007dbfd07e9212768e13dbf0c17f0afc8d8,150d107225160ac498040fa20d4ccf9e26ec2703,True,fixed_per_environment_quotas_v2,mild,11,76,False,False,,6,1,True,False,1.5669240951538086,1.62,0.10708076506853104,0.04621896520256996,1.0584328174591064
/home/donglei/isaac_projects/isaac_drone_racer/.worktrees/stage1-fake-vio/logs/skrl/stage1_recovery_20260905/2026-09-05_11-37-52/2026-09-05_11-37-57_ppo_torch_stage1_mixed/checkpoints/agent_50400.pt,8358d49b14eff681c47b70db964f4007dbfd07e9212768e13dbf0c17f0afc8d8,150d107225160ac498040fa20d4ccf9e26ec2703,True,fixed_per_environment_quotas_v2,mild,11,77,True,True,6.0200000000000005,,7,False,False,39.65102767944336,6.0200000000000005,0.1253969967365265,0.041674379259347916,0.32324033975601196
/home/donglei/isaac_projects/isaac_drone_racer/.worktrees/stage1-fake-vio/logs/skrl/stage1_recovery_20260905/2026-09-05_11-37-52/2026-09-05_11-37-57_ppo_torch_stage1_mixed/checkpoints/agent_50400.pt,8358d49b14eff681c47b70db964f4007dbfd07e9212768e13dbf0c17f0afc8d8,150d107225160ac498040fa20d4ccf9e26ec2703,True,fixed_per_environment_quotas_v2,mild,11,78,True,True,5.92,,7,False,False,39.752105712890625,5.92,0.13377228379249573,0.040130436420440674,0.34199559688568115
/home/donglei/isaac_projects/isaac_drone_racer/.worktrees/stage1-fake-vio/logs/skrl/stage1_recovery_20260905/2026-09-05_11-37-52/2026-09-05_11-37-57_ppo_torch_stage1_mixed/checkpoints/agent_50400.pt,8358d49b14eff681c47b70db964f4007dbfd07e9212768e13dbf0c17f0afc8d8,150d107225160ac498040fa20d4ccf9e26ec2703,True,fixed_per_environment_quotas_v2,mild,11,79,True,True,5.72,,7,False,False,39.84621810913086,5.72,0.13197560608386993,0.042382992804050446,0.33380764722824097
/home/donglei/isaac_projects/isaac_drone_racer/.worktrees/stage1-fake-vio/logs/skrl/stage1_recovery_20260905/2026-09-05_11-37-52/2026-09-05_11-37-57_ppo_torch_stage1_mixed/checkpoints/agent_50400.pt,8358d49b14eff681c47b70db964f4007dbfd07e9212768e13dbf0c17f0afc8d8,150d107225160ac498040fa20d4ccf9e26ec2703,True,fixed_per_environment_quotas_v2,mild,11,80,True,True,6.04,,7,False,False,39.77214813232422,6.04,0.1290014088153839,0.04223010689020157,0.3314163088798523
/home/donglei/isaac_projects/isaac_drone_racer/.worktrees/stage1-fake-vio/logs/skrl/stage1_recovery_20260905/2026-09-05_11-37-52/2026-09-05_11-37-57_ppo_torch_stage1_mixed/checkpoints/agent_50400.pt,8358d49b14eff681c47b70db964f4007dbfd07e9212768e13dbf0c17f0afc8d8,150d107225160ac498040fa20d4ccf9e26ec2703,True,fixed_per_environment_quotas_v2,mild,11,81,True,True,6.2,,7,False,False,40.0052375793457,6.2,0.12069770693778992,0.04279794543981552,0.3203701674938202
/home/donglei/isaac_projects/isaac_drone_racer/.worktrees/stage1-fake-vio/logs/skrl/stage1_recovery_20260905/2026-09-05_11-37-52/2026-09-05_11-37-57_ppo_torch_stage1_mixed/checkpoints/agent_50400.pt,8358d49b14eff681c47b70db964f4007dbfd07e9212768e13dbf0c17f0afc8d8,150d107225160ac498040fa20d4ccf9e26ec2703,True,fixed_per_environment_quotas_v2,mild,11,82,True,True,6.09,,7,False,False,39.87640380859375,6.09,0.12460751831531525,0.042633481323719025,0.31269535422325134
/home/donglei/isaac_projects/isaac_drone_racer/.worktrees/stage1-fake-vio/logs/skrl/stage1_recovery_20260905/2026-09-05_11-37-52/2026-09-05_11-37-57_ppo_torch_stage1_mixed/checkpoints/agent_50400.pt,8358d49b14eff681c47b70db964f4007dbfd07e9212768e13dbf0c17f0afc8d8,150d107225160ac498040fa20d4ccf9e26ec2703,True,fixed_per_environment_quotas_v2,mild,11,83,False,False,,4,1,False,True,-6.086052417755127,4.36,0.12116273492574692,0.6749000549316406,0.4974524974822998
/home/donglei/isaac_projects/isaac_drone_racer/.worktrees/stage1-fake-vio/logs/skrl/stage1_recovery_20260905/2026-09-05_11-37-52/2026-09-05_11-37-57_ppo_torch_stage1_mixed/checkpoints/agent_50400.pt,8358d49b14eff681c47b70db964f4007dbfd07e9212768e13dbf0c17f0afc8d8,150d107225160ac498040fa20d4ccf9e26ec2703,True,fixed_per_environment_quotas_v2,mild,11,84,True,True,5.94,,7,False,False,39.64297103881836,5.94,0.12836797535419464,0.04147309809923172,0.3274771571159363
/home/donglei/isaac_projects/isaac_drone_racer/.worktrees/stage1-fake-vio/logs/skrl/stage1_recovery_20260905/2026-09-05_11-37-52/2026-09-05_11-37-57_ppo_torch_stage1_mixed/checkpoints/agent_50400.pt,8358d49b14eff681c47b70db964f4007dbfd07e9212768e13dbf0c17f0afc8d8,150d107225160ac498040fa20d4ccf9e26ec2703,True,fixed_per_environment_quotas_v2,mild,11,85,False,False,,1,6,True,False,29.848119735717773,6.94,0.11845178157091141,0.050447288900613785,0.4095410704612732
/home/donglei/isaac_projects/isaac_drone_racer/.worktrees/stage1-fake-vio/logs/skrl/stage1_recovery_20260905/2026-09-05_11-37-52/2026-09-05_11-37-57_ppo_torch_stage1_mixed/checkpoints/agent_50400.pt,8358d49b14eff681c47b70db964f4007dbfd07e9212768e13dbf0c17f0afc8d8,150d107225160ac498040fa20d4ccf9e26ec2703,True,fixed_per_environment_quotas_v2,mild,11,86,True,True,5.8500000000000005,,7,False,False,39.804222106933594,5.8500000000000005,0.12627898156642914,0.04400479421019554,0.32694098353385925
/home/donglei/isaac_projects/isaac_drone_racer/.worktrees/stage1-fake-vio/logs/skrl/stage1_recovery_20260905/2026-09-05_11-37-52/2026-09-05_11-37-57_ppo_torch_stage1_mixed/checkpoints/agent_50400.pt,8358d49b14eff681c47b70db964f4007dbfd07e9212768e13dbf0c17f0afc8d8,150d107225160ac498040fa20d4ccf9e26ec2703,True,fixed_per_environment_quotas_v2,mild,11,87,True,True,5.94,,7,False,False,39.41896057128906,5.94,0.12496940046548843,0.0424702987074852,0.31123271584510803
/home/donglei/isaac_projects/isaac_drone_racer/.worktrees/stage1-fake-vio/logs/skrl/stage1_recovery_20260905/2026-09-05_11-37-52/2026-09-05_11-37-57_ppo_torch_stage1_mixed/checkpoints/agent_50400.pt,8358d49b14eff681c47b70db964f4007dbfd07e9212768e13dbf0c17f0afc8d8,150d107225160ac498040fa20d4ccf9e26ec2703,True,fixed_per_environment_quotas_v2,mild,11,88,True,True,6.17,,7,False,False,40.00928497314453,6.17,0.12439688295125961,0.03936237096786499,0.31586435437202454
/home/donglei/isaac_projects/isaac_drone_racer/.worktrees/stage1-fake-vio/logs/skrl/stage1_recovery_20260905/2026-09-05_11-37-52/2026-09-05_11-37-57_ppo_torch_stage1_mixed/checkpoints/agent_50400.pt,8358d49b14eff681c47b70db964f4007dbfd07e9212768e13dbf0c17f0afc8d8,150d107225160ac498040fa20d4ccf9e26ec2703,True,fixed_per_environment_quotas_v2,mild,11,89,True,True,6.16,,7,False,False,39.63133239746094,6.16,0.12408282607793808,0.0419297032058239,0.33055078983306885
/home/donglei/isaac_projects/isaac_drone_racer/.worktrees/stage1-fake-vio/logs/skrl/stage1_recovery_20260905/2026-09-05_11-37-52/2026-09-05_11-37-57_ppo_torch_stage1_mixed/checkpoints/agent_50400.pt,8358d49b14eff681c47b70db964f4007dbfd07e9212768e13dbf0c17f0afc8d8,150d107225160ac498040fa20d4ccf9e26ec2703,True,fixed_per_environment_quotas_v2,mild,11,90,True,True,5.99,,7,False,False,39.65139389038086,5.99,0.13363325595855713,0.040509480983018875,0.3405400812625885
/home/donglei/isaac_projects/isaac_drone_racer/.worktrees/stage1-fake-vio/logs/skrl/stage1_recovery_20260905/2026-09-05_11-37-52/2026-09-05_11-37-57_ppo_torch_stage1_mixed/checkpoints/agent_50400.pt,8358d49b14eff681c47b70db964f4007dbfd07e9212768e13dbf0c17f0afc8d8,150d107225160ac498040fa20d4ccf9e26ec2703,True,fixed_per_environment_quotas_v2,mild,11,91,True,True,6.04,,7,False,False,39.568424224853516,6.04,0.12369250506162643,0.03781890124082565,0.32515496015548706
/home/donglei/isaac_projects/isaac_drone_racer/.worktrees/stage1-fake-vio/logs/skrl/stage1_recovery_20260905/2026-09-05_11-37-52/2026-09-05_11-37-57_ppo_torch_stage1_mixed/checkpoints/agent_50400.pt,8358d49b14eff681c47b70db964f4007dbfd07e9212768e13dbf0c17f0afc8d8,150d107225160ac498040fa20d4ccf9e26ec2703,True,fixed_per_environment_quotas_v2,mild,11,92,True,True,5.98,,7,False,False,39.74037551879883,5.98,0.12342210859060287,0.03749364614486694,0.33156752586364746
/home/donglei/isaac_projects/isaac_drone_racer/.worktrees/stage1-fake-vio/logs/skrl/stage1_recovery_20260905/2026-09-05_11-37-52/2026-09-05_11-37-57_ppo_torch_stage1_mixed/checkpoints/agent_50400.pt,8358d49b14eff681c47b70db964f4007dbfd07e9212768e13dbf0c17f0afc8d8,150d107225160ac498040fa20d4ccf9e26ec2703,True,fixed_per_environment_quotas_v2,mild,11,93,True,True,6.0600000000000005,,7,False,False,39.748626708984375,6.0600000000000005,0.11968164891004562,0.04358381778001785,0.30587735772132874
/home/donglei/isaac_projects/isaac_drone_racer/.worktrees/stage1-fake-vio/logs/skrl/stage1_recovery_20260905/2026-09-05_11-37-52/2026-09-05_11-37-57_ppo_torch_stage1_mixed/checkpoints/agent_50400.pt,8358d49b14eff681c47b70db964f4007dbfd07e9212768e13dbf0c17f0afc8d8,150d107225160ac498040fa20d4ccf9e26ec2703,True,fixed_per_environment_quotas_v2,mild,11,94,True,True,6.0200000000000005,,7,False,False,39.751182556152344,6.0200000000000005,0.13338758051395416,0.04088003560900688,0.34461352229118347
/home/donglei/isaac_projects/isaac_drone_racer/.worktrees/stage1-fake-vio/logs/skrl/stage1_recovery_20260905/2026-09-05_11-37-52/2026-09-05_11-37-57_ppo_torch_stage1_mixed/checkpoints/agent_50400.pt,8358d49b14eff681c47b70db964f4007dbfd07e9212768e13dbf0c17f0afc8d8,150d107225160ac498040fa20d4ccf9e26ec2703,True,fixed_per_environment_quotas_v2,mild,11,95,True,True,6.0,,7,False,False,39.67446517944336,6.0,0.1277996301651001,0.04315909370779991,0.3288024663925171
/home/donglei/isaac_projects/isaac_drone_racer/.worktrees/stage1-fake-vio/logs/skrl/stage1_recovery_20260905/2026-09-05_11-37-52/2026-09-05_11-37-57_ppo_torch_stage1_mixed/checkpoints/agent_50400.pt,8358d49b14eff681c47b70db964f4007dbfd07e9212768e13dbf0c17f0afc8d8,150d107225160ac498040fa20d4ccf9e26ec2703,True,fixed_per_environment_quotas_v2,mild,11,96,True,True,6.0200000000000005,,7,False,False,39.56028747558594,6.0200000000000005,0.12766246497631073,0.0440511628985405,0.3252890110015869
/home/donglei/isaac_projects/isaac_drone_racer/.worktrees/stage1-fake-vio/logs/skrl/stage1_recovery_20260905/2026-09-05_11-37-52/2026-09-05_11-37-57_ppo_torch_stage1_mixed/checkpoints/agent_50400.pt,8358d49b14eff681c47b70db964f4007dbfd07e9212768e13dbf0c17f0afc8d8,150d107225160ac498040fa20d4ccf9e26ec2703,True,fixed_per_environment_quotas_v2,mild,11,97,True,True,6.0600000000000005,,7,False,False,39.48346710205078,6.0600000000000005,0.12387186288833618,0.040170252323150635,0.3213919699192047
/home/donglei/isaac_projects/isaac_drone_racer/.worktrees/stage1-fake-vio/logs/skrl/stage1_recovery_20260905/2026-09-05_11-37-52/2026-09-05_11-37-57_ppo_torch_stage1_mixed/checkpoints/agent_50400.pt,8358d49b14eff681c47b70db964f4007dbfd07e9212768e13dbf0c17f0afc8d8,150d107225160ac498040fa20d4ccf9e26ec2703,True,fixed_per_environment_quotas_v2,mild,11,98,True,True,5.97,,7,False,False,39.78964614868164,5.97,0.11796440929174423,0.042550742626190186,0.3087646961212158
/home/donglei/isaac_projects/isaac_drone_racer/.worktrees/stage1-fake-vio/logs/skrl/stage1_recovery_20260905/2026-09-05_11-37-52/2026-09-05_11-37-57_ppo_torch_stage1_mixed/checkpoints/agent_50400.pt,8358d49b14eff681c47b70db964f4007dbfd07e9212768e13dbf0c17f0afc8d8,150d107225160ac498040fa20d4ccf9e26ec2703,True,fixed_per_environment_quotas_v2,mild,11,99,True,True,5.99,,7,False,False,39.57555389404297,5.99,0.1311447024345398,0.039908114820718765,0.3356734812259674
/home/donglei/isaac_projects/isaac_drone_racer/.worktrees/stage1-fake-vio/logs/skrl/stage1_recovery_20260905/2026-09-05_11-37-52/2026-09-05_11-37-57_ppo_torch_stage1_mixed/checkpoints/agent_50400.pt,8358d49b14eff681c47b70db964f4007dbfd07e9212768e13dbf0c17f0afc8d8,150d107225160ac498040fa20d4ccf9e26ec2703,True,fixed_per_environment_quotas_v2,mild,11,100,True,True,5.99,,7,False,False,39.477359771728516,5.99,0.12549810111522675,0.03820584714412689,0.3251148760318756
/home/donglei/isaac_projects/isaac_drone_racer/.worktrees/stage1-fake-vio/logs/skrl/stage1_recovery_20260905/2026-09-05_11-37-52/2026-09-05_11-37-57_ppo_torch_stage1_mixed/checkpoints/agent_50400.pt,8358d49b14eff681c47b70db964f4007dbfd07e9212768e13dbf0c17f0afc8d8,150d107225160ac498040fa20d4ccf9e26ec2703,True,fixed_per_environment_quotas_v2,mild,11,101,True,True,6.0200000000000005,,7,False,False,39.501766204833984,6.0200000000000005,0.12463059276342392,0.03927718847990036,0.32210132479667664
/home/donglei/isaac_projects/isaac_drone_racer/.worktrees/stage1-fake-vio/logs/skrl/stage1_recovery_20260905/2026-09-05_11-37-52/2026-09-05_11-37-57_ppo_torch_stage1_mixed/checkpoints/agent_50400.pt,8358d49b14eff681c47b70db964f4007dbfd07e9212768e13dbf0c17f0afc8d8,150d107225160ac498040fa20d4ccf9e26ec2703,True,fixed_per_environment_quotas_v2,mild,11,102,True,True,6.05,,7,False,False,39.67720413208008,6.05,0.12832984328269958,0.04162171110510826,0.3277985155582428
/home/donglei/isaac_projects/isaac_drone_racer/.worktrees/stage1-fake-vio/logs/skrl/stage1_recovery_20260905/2026-09-05_11-37-52/2026-09-05_11-37-57_ppo_torch_stage1_mixed/checkpoints/agent_50400.pt,8358d49b14eff681c47b70db964f4007dbfd07e9212768e13dbf0c17f0afc8d8,150d107225160ac498040fa20d4ccf9e26ec2703,True,fixed_per_environment_quotas_v2,mild,11,103,True,True,5.95,,7,False,False,39.7755241394043,5.95,0.12376762926578522,0.04051724076271057,0.3205007016658783
/home/donglei/isaac_projects/isaac_drone_racer/.worktrees/stage1-fake-vio/logs/skrl/stage1_recovery_20260905/2026-09-05_11-37-52/2026-09-05_11-37-57_ppo_torch_stage1_mixed/checkpoints/agent_50400.pt,8358d49b14eff681c47b70db964f4007dbfd07e9212768e13dbf0c17f0afc8d8,150d107225160ac498040fa20d4ccf9e26ec2703,True,fixed_per_environment_quotas_v2,mild,11,104,True,True,5.98,,7,False,False,39.67534637451172,5.98,0.1229032427072525,0.04178683087229729,0.3101849853992462
/home/donglei/isaac_projects/isaac_drone_racer/.worktrees/stage1-fake-vio/logs/skrl/stage1_recovery_20260905/2026-09-05_11-37-52/2026-09-05_11-37-57_ppo_torch_stage1_mixed/checkpoints/agent_50400.pt,8358d49b14eff681c47b70db964f4007dbfd07e9212768e13dbf0c17f0afc8d8,150d107225160ac498040fa20d4ccf9e26ec2703,True,fixed_per_environment_quotas_v2,mild,11,105,True,True,6.21,,7,False,False,39.68960189819336,6.21,0.12247347831726074,0.04039863124489784,0.3262242078781128
/home/donglei/isaac_projects/isaac_drone_racer/.worktrees/stage1-fake-vio/logs/skrl/stage1_recovery_20260905/2026-09-05_11-37-52/2026-09-05_11-37-57_ppo_torch_stage1_mixed/checkpoints/agent_50400.pt,8358d49b14eff681c47b70db964f4007dbfd07e9212768e13dbf0c17f0afc8d8,150d107225160ac498040fa20d4ccf9e26ec2703,True,fixed_per_environment_quotas_v2,mild,11,106,True,True,5.8500000000000005,,7,False,False,39.60847091674805,5.8500000000000005,0.13323087990283966,0.04037793353199959,0.3437989354133606
/home/donglei/isaac_projects/isaac_drone_racer/.worktrees/stage1-fake-vio/logs/skrl/stage1_recovery_20260905/2026-09-05_11-37-52/2026-09-05_11-37-57_ppo_torch_stage1_mixed/checkpoints/agent_50400.pt,8358d49b14eff681c47b70db964f4007dbfd07e9212768e13dbf0c17f0afc8d8,150d107225160ac498040fa20d4ccf9e26ec2703,True,fixed_per_environment_quotas_v2,mild,11,107,True,True,5.87,,7,False,False,39.67021179199219,5.87,0.1302676647901535,0.04182164743542671,0.3300279676914215
/home/donglei/isaac_projects/isaac_drone_racer/.worktrees/stage1-fake-vio/logs/skrl/stage1_recovery_20260905/2026-09-05_11-37-52/2026-09-05_11-37-57_ppo_torch_stage1_mixed/checkpoints/agent_50400.pt,8358d49b14eff681c47b70db964f4007dbfd07e9212768e13dbf0c17f0afc8d8,150d107225160ac498040fa20d4ccf9e26ec2703,True,fixed_per_environment_quotas_v2,mild,11,108,True,True,6.03,,7,False,False,39.478355407714844,6.03,0.12268111109733582,0.04415183141827583,0.31056246161460876
/home/donglei/isaac_projects/isaac_drone_racer/.worktrees/stage1-fake-vio/logs/skrl/stage1_recovery_20260905/2026-09-05_11-37-52/2026-09-05_11-37-57_ppo_torch_stage1_mixed/checkpoints/agent_50400.pt,8358d49b14eff681c47b70db964f4007dbfd07e9212768e13dbf0c17f0afc8d8,150d107225160ac498040fa20d4ccf9e26ec2703,True,fixed_per_environment_quotas_v2,mild,11,109,True,True,5.89,,7,False,False,39.6850700378418,5.89,0.12105046212673187,0.04503004997968674,0.31719329953193665
/home/donglei/isaac_projects/isaac_drone_racer/.worktrees/stage1-fake-vio/logs/skrl/stage1_recovery_20260905/2026-09-05_11-37-52/2026-09-05_11-37-57_ppo_torch_stage1_mixed/checkpoints/agent_50400.pt,8358d49b14eff681c47b70db964f4007dbfd07e9212768e13dbf0c17f0afc8d8,150d107225160ac498040fa20d4ccf9e26ec2703,True,fixed_per_environment_quotas_v2,mild,11,110,True,True,5.89,,7,False,False,39.30280303955078,5.89,0.12810854613780975,0.04008525237441063,0.3075133264064789
/home/donglei/isaac_projects/isaac_drone_racer/.worktrees/stage1-fake-vio/logs/skrl/stage1_recovery_20260905/2026-09-05_11-37-52/2026-09-05_11-37-57_ppo_torch_stage1_mixed/checkpoints/agent_50400.pt,8358d49b14eff681c47b70db964f4007dbfd07e9212768e13dbf0c17f0afc8d8,150d107225160ac498040fa20d4ccf9e26ec2703,True,fixed_per_environment_quotas_v2,mild,11,111,True,True,6.12,,7,False,False,39.76673889160156,6.12,0.12141795456409454,0.03870883956551552,0.3213518559932709
/home/donglei/isaac_projects/isaac_drone_racer/.worktrees/stage1-fake-vio/logs/skrl/stage1_recovery_20260905/2026-09-05_11-37-52/2026-09-05_11-37-57_ppo_torch_stage1_mixed/checkpoints/agent_50400.pt,8358d49b14eff681c47b70db964f4007dbfd07e9212768e13dbf0c17f0afc8d8,150d107225160ac498040fa20d4ccf9e26ec2703,True,fixed_per_environment_quotas_v2,mild,11,112,True,True,6.11,,7,False,False,39.44241714477539,6.11,0.12267811596393585,0.041371166706085205,0.32242128252983093
/home/donglei/isaac_projects/isaac_drone_racer/.worktrees/stage1-fake-vio/logs/skrl/stage1_recovery_20260905/2026-09-05_11-37-52/2026-09-05_11-37-57_ppo_torch_stage1_mixed/checkpoints/agent_50400.pt,8358d49b14eff681c47b70db964f4007dbfd07e9212768e13dbf0c17f0afc8d8,150d107225160ac498040fa20d4ccf9e26ec2703,True,fixed_per_environment_quotas_v2,mild,11,113,True,True,5.9,,7,False,False,39.806514739990234,5.9,0.12719933688640594,0.043244071304798126,0.3333560526371002
/home/donglei/isaac_projects/isaac_drone_racer/.worktrees/stage1-fake-vio/logs/skrl/stage1_recovery_20260905/2026-09-05_11-37-52/2026-09-05_11-37-57_ppo_torch_stage1_mixed/checkpoints/agent_50400.pt,8358d49b14eff681c47b70db964f4007dbfd07e9212768e13dbf0c17f0afc8d8,150d107225160ac498040fa20d4ccf9e26ec2703,True,fixed_per_environment_quotas_v2,mild,11,114,True,True,6.12,,7,False,False,39.665870666503906,6.12,0.12338344752788544,0.040193744003772736,0.31993478536605835
/home/donglei/isaac_projects/isaac_drone_racer/.worktrees/stage1-fake-vio/logs/skrl/stage1_recovery_20260905/2026-09-05_11-37-52/2026-09-05_11-37-57_ppo_torch_stage1_mixed/checkpoints/agent_50400.pt,8358d49b14eff681c47b70db964f4007dbfd07e9212768e13dbf0c17f0afc8d8,150d107225160ac498040fa20d4ccf9e26ec2703,True,fixed_per_environment_quotas_v2,mild,11,115,True,True,6.09,,7,False,False,39.961280822753906,6.09,0.12056019902229309,0.040601082146167755,0.30917075276374817
/home/donglei/isaac_projects/isaac_drone_racer/.worktrees/stage1-fake-vio/logs/skrl/stage1_recovery_20260905/2026-09-05_11-37-52/2026-09-05_11-37-57_ppo_torch_stage1_mixed/checkpoints/agent_50400.pt,8358d49b14eff681c47b70db964f4007dbfd07e9212768e13dbf0c17f0afc8d8,150d107225160ac498040fa20d4ccf9e26ec2703,True,fixed_per_environment_quotas_v2,mild,11,116,True,True,6.01,,7,False,False,39.694801330566406,6.01,0.1261969804763794,0.0378141812980175,0.3278532028198242
/home/donglei/isaac_projects/isaac_drone_racer/.worktrees/stage1-fake-vio/logs/skrl/stage1_recovery_20260905/2026-09-05_11-37-52/2026-09-05_11-37-57_ppo_torch_stage1_mixed/checkpoints/agent_50400.pt,8358d49b14eff681c47b70db964f4007dbfd07e9212768e13dbf0c17f0afc8d8,150d107225160ac498040fa20d4ccf9e26ec2703,True,fixed_per_environment_quotas_v2,mild,11,117,True,True,5.87,,7,False,False,39.671504974365234,5.87,0.12628021836280823,0.03834066912531853,0.31247299909591675
/home/donglei/isaac_projects/isaac_drone_racer/.worktrees/stage1-fake-vio/logs/skrl/stage1_recovery_20260905/2026-09-05_11-37-52/2026-09-05_11-37-57_ppo_torch_stage1_mixed/checkpoints/agent_50400.pt,8358d49b14eff681c47b70db964f4007dbfd07e9212768e13dbf0c17f0afc8d8,150d107225160ac498040fa20d4ccf9e26ec2703,True,fixed_per_environment_quotas_v2,mild,11,118,True,True,5.95,,7,False,False,39.78922653198242,5.95,0.12456808239221573,0.04078928381204605,0.3167422413825989
/home/donglei/isaac_projects/isaac_drone_racer/.worktrees/stage1-fake-vio/logs/skrl/stage1_recovery_20260905/2026-09-05_11-37-52/2026-09-05_11-37-57_ppo_torch_stage1_mixed/checkpoints/agent_50400.pt,8358d49b14eff681c47b70db964f4007dbfd07e9212768e13dbf0c17f0afc8d8,150d107225160ac498040fa20d4ccf9e26ec2703,True,fixed_per_environment_quotas_v2,mild,11,119,True,True,5.94,,7,False,False,39.79073715209961,5.94,0.12562347948551178,0.04304469749331474,0.33122730255126953
/home/donglei/isaac_projects/isaac_drone_racer/.worktrees/stage1-fake-vio/logs/skrl/stage1_recovery_20260905/2026-09-05_11-37-52/2026-09-05_11-37-57_ppo_torch_stage1_mixed/checkpoints/agent_50400.pt,8358d49b14eff681c47b70db964f4007dbfd07e9212768e13dbf0c17f0afc8d8,150d107225160ac498040fa20d4ccf9e26ec2703,True,fixed_per_environment_quotas_v2,mild,11,120,True,True,5.89,,7,False,False,39.29591369628906,5.89,0.12839913368225098,0.039828069508075714,0.33289214968681335
/home/donglei/isaac_projects/isaac_drone_racer/.worktrees/stage1-fake-vio/logs/skrl/stage1_recovery_20260905/2026-09-05_11-37-52/2026-09-05_11-37-57_ppo_torch_stage1_mixed/checkpoints/agent_50400.pt,8358d49b14eff681c47b70db964f4007dbfd07e9212768e13dbf0c17f0afc8d8,150d107225160ac498040fa20d4ccf9e26ec2703,True,fixed_per_environment_quotas_v2,mild,11,121,True,True,6.01,,7,False,False,39.635616302490234,6.01,0.12447486817836761,0.04185725003480911,0.3201411962509155
/home/donglei/isaac_projects/isaac_drone_racer/.worktrees/stage1-fake-vio/logs/skrl/stage1_recovery_20260905/2026-09-05_11-37-52/2026-09-05_11-37-57_ppo_torch_stage1_mixed/checkpoints/agent_50400.pt,8358d49b14eff681c47b70db964f4007dbfd07e9212768e13dbf0c17f0afc8d8,150d107225160ac498040fa20d4ccf9e26ec2703,True,fixed_per_environment_quotas_v2,mild,11,122,True,True,6.11,,7,False,False,39.5874137878418,6.11,0.12270347774028778,0.04357944801449776,0.3066428005695343
/home/donglei/isaac_projects/isaac_drone_racer/.worktrees/stage1-fake-vio/logs/skrl/stage1_recovery_20260905/2026-09-05_11-37-52/2026-09-05_11-37-57_ppo_torch_stage1_mixed/checkpoints/agent_50400.pt,8358d49b14eff681c47b70db964f4007dbfd07e9212768e13dbf0c17f0afc8d8,150d107225160ac498040fa20d4ccf9e26ec2703,True,fixed_per_environment_quotas_v2,mild,11,123,True,True,6.17,,7,False,False,39.514503479003906,6.17,0.12640520930290222,0.044395752251148224,0.330488383769989
/home/donglei/isaac_projects/isaac_drone_racer/.worktrees/stage1-fake-vio/logs/skrl/stage1_recovery_20260905/2026-09-05_11-37-52/2026-09-05_11-37-57_ppo_torch_stage1_mixed/checkpoints/agent_50400.pt,8358d49b14eff681c47b70db964f4007dbfd07e9212768e13dbf0c17f0afc8d8,150d107225160ac498040fa20d4ccf9e26ec2703,True,fixed_per_environment_quotas_v2,mild,11,124,True,True,5.84,,7,False,False,39.74249267578125,5.84,0.1335342526435852,0.038696713745594025,0.3385137617588043
/home/donglei/isaac_projects/isaac_drone_racer/.worktrees/stage1-fake-vio/logs/skrl/stage1_recovery_20260905/2026-09-05_11-37-52/2026-09-05_11-37-57_ppo_torch_stage1_mixed/checkpoints/agent_50400.pt,8358d49b14eff681c47b70db964f4007dbfd07e9212768e13dbf0c17f0afc8d8,150d107225160ac498040fa20d4ccf9e26ec2703,True,fixed_per_environment_quotas_v2,mild,11,125,True,True,6.05,,7,False,False,39.97303009033203,6.05,0.11686568707227707,0.04199942201375961,0.30587834119796753
/home/donglei/isaac_projects/isaac_drone_racer/.worktrees/stage1-fake-vio/logs/skrl/stage1_recovery_20260905/2026-09-05_11-37-52/2026-09-05_11-37-57_ppo_torch_stage1_mixed/checkpoints/agent_50400.pt,8358d49b14eff681c47b70db964f4007dbfd07e9212768e13dbf0c17f0afc8d8,150d107225160ac498040fa20d4ccf9e26ec2703,True,fixed_per_environment_quotas_v2,mild,11,126,True,True,6.03,,7,False,False,39.73631286621094,6.03,0.12544533610343933,0.04293880984187126,0.3165188729763031
/home/donglei/isaac_projects/isaac_drone_racer/.worktrees/stage1-fake-vio/logs/skrl/stage1_recovery_20260905/2026-09-05_11-37-52/2026-09-05_11-37-57_ppo_torch_stage1_mixed/checkpoints/agent_50400.pt,8358d49b14eff681c47b70db964f4007dbfd07e9212768e13dbf0c17f0afc8d8,150d107225160ac498040fa20d4ccf9e26ec2703,True,fixed_per_environment_quotas_v2,mild,11,127,True,True,5.93,,7,False,False,39.30881881713867,5.93,0.12831048667430878,0.03775201365351677,0.31306174397468567
/home/donglei/isaac_projects/isaac_drone_racer/.worktrees/stage1-fake-vio/logs/skrl/stage1_recovery_20260905/2026-09-05_11-37-52/2026-09-05_11-37-57_ppo_torch_stage1_mixed/checkpoints/agent_50400.pt,8358d49b14eff681c47b70db964f4007dbfd07e9212768e13dbf0c17f0afc8d8,150d107225160ac498040fa20d4ccf9e26ec2703,True,fixed_per_environment_quotas_v2,mild,29,0,False,False,,1,0,False,False,0.5247325897216797,0.35000000000000003,0.0949101597070694,0.04393629729747772,0.3990180492401123
/home/donglei/isaac_projects/isaac_drone_racer/.worktrees/stage1-fake-vio/logs/skrl/stage1_recovery_20260905/2026-09-05_11-37-52/2026-09-05_11-37-57_ppo_torch_stage1_mixed/checkpoints/agent_50400.pt,8358d49b14eff681c47b70db964f4007dbfd07e9212768e13dbf0c17f0afc8d8,150d107225160ac498040fa20d4ccf9e26ec2703,True,fixed_per_environment_quotas_v2,mild,29,1,False,False,,3,1,False,False,6.0545549392700195,1.05,0.11989736557006836,0.042656298726797104,0.29427868127822876
/home/donglei/isaac_projects/isaac_drone_racer/.worktrees/stage1-fake-vio/logs/skrl/stage1_recovery_20260905/2026-09-05_11-37-52/2026-09-05_11-37-57_ppo_torch_stage1_mixed/checkpoints/agent_50400.pt,8358d49b14eff681c47b70db964f4007dbfd07e9212768e13dbf0c17f0afc8d8,150d107225160ac498040fa20d4ccf9e26ec2703,True,fixed_per_environment_quotas_v2,mild,29,2,False,False,,1,1,False,False,5.645543575286865,1.09,0.10878212004899979,0.03182198479771614,0.3691752851009369
/home/donglei/isaac_projects/isaac_drone_racer/.worktrees/stage1-fake-vio/logs/skrl/stage1_recovery_20260905/2026-09-05_11-37-52/2026-09-05_11-37-57_ppo_torch_stage1_mixed/checkpoints/agent_50400.pt,8358d49b14eff681c47b70db964f4007dbfd07e9212768e13dbf0c17f0afc8d8,150d107225160ac498040fa20d4ccf9e26ec2703,True,fixed_per_environment_quotas_v2,mild,29,3,False,False,,7,0,True,False,-4.086609840393066,1.1500000000000001,0.08430764824151993,0.14671626687049866,1.380806565284729
/home/donglei/isaac_projects/isaac_drone_racer/.worktrees/stage1-fake-vio/logs/skrl/stage1_recovery_20260905/2026-09-05_11-37-52/2026-09-05_11-37-57_ppo_torch_stage1_mixed/checkpoints/agent_50400.pt,8358d49b14eff681c47b70db964f4007dbfd07e9212768e13dbf0c17f0afc8d8,150d107225160ac498040fa20d4ccf9e26ec2703,True,fixed_per_environment_quotas_v2,mild,29,4,False,False,,2,2,False,False,9.643810272216797,1.16,0.10612285137176514,0.03565339744091034,0.37016576528549194
/home/donglei/isaac_projects/isaac_drone_racer/.worktrees/stage1-fake-vio/logs/skrl/stage1_recovery_20260905/2026-09-05_11-37-52/2026-09-05_11-37-57_ppo_torch_stage1_mixed/checkpoints/agent_50400.pt,8358d49b14eff681c47b70db964f4007dbfd07e9212768e13dbf0c17f0afc8d8,150d107225160ac498040fa20d4ccf9e26ec2703,True,fixed_per_environment_quotas_v2,mild,29,5,False,False,,3,1,True,False,0.34245967864990234,1.47,0.10846434533596039,0.04157945513725281,0.5917190909385681
/home/donglei/isaac_projects/isaac_drone_racer/.worktrees/stage1-fake-vio/logs/skrl/stage1_recovery_20260905/2026-09-05_11-37-52/2026-09-05_11-37-57_ppo_torch_stage1_mixed/checkpoints/agent_50400.pt,8358d49b14eff681c47b70db964f4007dbfd07e9212768e13dbf0c17f0afc8d8,150d107225160ac498040fa20d4ccf9e26ec2703,True,fixed_per_environment_quotas_v2,mild,29,6,False,False,,4,1,False,False,8.52546215057373,1.62,0.17076389491558075,0.03435331955552101,0.3399118483066559
/home/donglei/isaac_projects/isaac_drone_racer/.worktrees/stage1-fake-vio/logs/skrl/stage1_recovery_20260905/2026-09-05_11-37-52/2026-09-05_11-37-57_ppo_torch_stage1_mixed/checkpoints/agent_50400.pt,8358d49b14eff681c47b70db964f4007dbfd07e9212768e13dbf0c17f0afc8d8,150d107225160ac498040fa20d4ccf9e26ec2703,True,fixed_per_environment_quotas_v2,mild,29,7,False,False,,1,2,False,False,11.363924980163574,1.84,0.12787416577339172,0.036762215197086334,0.3681442439556122
/home/donglei/isaac_projects/isaac_drone_racer/.worktrees/stage1-fake-vio/logs/skrl/stage1_recovery_20260905/2026-09-05_11-37-52/2026-09-05_11-37-57_ppo_torch_stage1_mixed/checkpoints/agent_50400.pt,8358d49b14eff681c47b70db964f4007dbfd07e9212768e13dbf0c17f0afc8d8,150d107225160ac498040fa20d4ccf9e26ec2703,True,fixed_per_environment_quotas_v2,mild,29,8,False,False,,4,2,False,False,12.30688762664795,1.8800000000000001,0.14167265594005585,0.041137341409921646,0.3317579925060272
/home/donglei/isaac_projects/isaac_drone_racer/.worktrees/stage1-fake-vio/logs/skrl/stage1_recovery_20260905/2026-09-05_11-37-52/2026-09-05_11-37-57_ppo_torch_stage1_mixed/checkpoints/agent_50400.pt,8358d49b14eff681c47b70db964f4007dbfd07e9212768e13dbf0c17f0afc8d8,150d107225160ac498040fa20d4ccf9e26ec2703,True,fixed_per_environment_quotas_v2,mild,29,9,False,False,,1,2,True,False,4.406981468200684,2.05,0.1040019765496254,0.10605991631746292,0.844416618347168
/home/donglei/isaac_projects/isaac_drone_racer/.worktrees/stage1-fake-vio/logs/skrl/stage1_recovery_20260905/2026-09-05_11-37-52/2026-09-05_11-37-57_ppo_torch_stage1_mixed/checkpoints/agent_50400.pt,8358d49b14eff681c47b70db964f4007dbfd07e9212768e13dbf0c17f0afc8d8,150d107225160ac498040fa20d4ccf9e26ec2703,True,fixed_per_environment_quotas_v2,mild,29,10,False,False,,4,0,False,True,-11.517377853393555,2.16,0.14012600481510162,0.13005490601062775,0.28783318400382996
/home/donglei/isaac_projects/isaac_drone_racer/.worktrees/stage1-fake-vio/logs/skrl/stage1_recovery_20260905/2026-09-05_11-37-52/2026-09-05_11-37-57_ppo_torch_stage1_mixed/checkpoints/agent_50400.pt,8358d49b14eff681c47b70db964f4007dbfd07e9212768e13dbf0c17f0afc8d8,150d107225160ac498040fa20d4ccf9e26ec2703,True,fixed_per_environment_quotas_v2,mild,29,11,False,False,,1,1,False,True,-2.841926097869873,2.22,0.11242209374904633,0.10456230491399765,0.27146047353744507
/home/donglei/isaac_projects/isaac_drone_racer/.worktrees/stage1-fake-vio/logs/skrl/stage1_recovery_20260905/2026-09-05_11-37-52/2026-09-05_11-37-57_ppo_torch_stage1_mixed/checkpoints/agent_50400.pt,8358d49b14eff681c47b70db964f4007dbfd07e9212768e13dbf0c17f0afc8d8,150d107225160ac498040fa20d4ccf9e26ec2703,True,fixed_per_environment_quotas_v2,mild,29,12,False,False,,1,3,True,False,11.660884857177734,2.83,0.11579255759716034,0.033585116267204285,0.3501776158809662
/home/donglei/isaac_projects/isaac_drone_racer/.worktrees/stage1-fake-vio/logs/skrl/stage1_recovery_20260905/2026-09-05_11-37-52/2026-09-05_11-37-57_ppo_torch_stage1_mixed/checkpoints/agent_50400.pt,8358d49b14eff681c47b70db964f4007dbfd07e9212768e13dbf0c17f0afc8d8,150d107225160ac498040fa20d4ccf9e26ec2703,True,fixed_per_environment_quotas_v2,mild,29,13,False,False,,2,4,False,False,21.319194793701172,2.97,0.11860602349042892,0.03608543798327446,0.35452374815940857
/home/donglei/isaac_projects/isaac_drone_racer/.worktrees/stage1-fake-vio/logs/skrl/stage1_recovery_20260905/2026-09-05_11-37-52/2026-09-05_11-37-57_ppo_torch_stage1_mixed/checkpoints/agent_50400.pt,8358d49b14eff681c47b70db964f4007dbfd07e9212768e13dbf0c17f0afc8d8,150d107225160ac498040fa20d4ccf9e26ec2703,True,fixed_per_environment_quotas_v2,mild,29,14,False,False,,6,0,True,False,-3.1684272289276123,0.93,0.11310803890228271,0.10086647421121597,1.0528616905212402
/home/donglei/isaac_projects/isaac_drone_racer/.worktrees/stage1-fake-vio/logs/skrl/stage1_recovery_20260905/2026-09-05_11-37-52/2026-09-05_11-37-57_ppo_torch_stage1_mixed/checkpoints/agent_50400.pt,8358d49b14eff681c47b70db964f4007dbfd07e9212768e13dbf0c17f0afc8d8,150d107225160ac498040fa20d4ccf9e26ec2703,True,fixed_per_environment_quotas_v2,mild,29,15,False,False,,4,2,True,False,9.168025016784668,3.3000000000000003,0.14774736762046814,0.040467843413352966,0.3954509496688843
/home/donglei/isaac_projects/isaac_drone_racer/.worktrees/stage1-fake-vio/logs/skrl/stage1_recovery_20260905/2026-09-05_11-37-52/2026-09-05_11-37-57_ppo_torch_stage1_mixed/checkpoints/agent_50400.pt,8358d49b14eff681c47b70db964f4007dbfd07e9212768e13dbf0c17f0afc8d8,150d107225160ac498040fa20d4ccf9e26ec2703,True,fixed_per_environment_quotas_v2,mild,29,16,False,False,,6,4,False,False,23.545419692993164,3.5,0.14009225368499756,0.0441419892013073,0.3316360414028168
/home/donglei/isaac_projects/isaac_drone_racer/.worktrees/stage1-fake-vio/logs/skrl/stage1_recovery_20260905/2026-09-05_11-37-52/2026-09-05_11-37-57_ppo_torch_stage1_mixed/checkpoints/agent_50400.pt,8358d49b14eff681c47b70db964f4007dbfd07e9212768e13dbf0c17f0afc8d8,150d107225160ac498040fa20d4ccf9e26ec2703,True,fixed_per_environment_quotas_v2,mild,29,17,False,False,,4,1,True,False,2.3461947441101074,2.06,0.1203727275133133,0.06822305917739868,1.1883822679519653
/home/donglei/isaac_projects/isaac_drone_racer/.worktrees/stage1-fake-vio/logs/skrl/stage1_recovery_20260905/2026-09-05_11-37-52/2026-09-05_11-37-57_ppo_torch_stage1_mixed/checkpoints/agent_50400.pt,8358d49b14eff681c47b70db964f4007dbfd07e9212768e13dbf0c17f0afc8d8,150d107225160ac498040fa20d4ccf9e26ec2703,True,fixed_per_environment_quotas_v2,mild,29,18,False,False,,1,4,True,False,18.527873992919922,4.32,0.1151183620095253,0.03927530720829964,0.32221364974975586
/home/donglei/isaac_projects/isaac_drone_racer/.worktrees/stage1-fake-vio/logs/skrl/stage1_recovery_20260905/2026-09-05_11-37-52/2026-09-05_11-37-57_ppo_torch_stage1_mixed/checkpoints/agent_50400.pt,8358d49b14eff681c47b70db964f4007dbfd07e9212768e13dbf0c17f0afc8d8,150d107225160ac498040fa20d4ccf9e26ec2703,True,fixed_per_environment_quotas_v2,mild,29,19,False,False,,4,5,False,False,28.781970977783203,4.36,0.14207422733306885,0.0359981469810009,0.3305530548095703
/home/donglei/isaac_projects/isaac_drone_racer/.worktrees/stage1-fake-vio/logs/skrl/stage1_recovery_20260905/2026-09-05_11-37-52/2026-09-05_11-37-57_ppo_torch_stage1_mixed/checkpoints/agent_50400.pt,8358d49b14eff681c47b70db964f4007dbfd07e9212768e13dbf0c17f0afc8d8,150d107225160ac498040fa20d4ccf9e26ec2703,True,fixed_per_environment_quotas_v2,mild,29,20,False,False,,4,4,True,False,19.620410919189453,4.42,0.13654810190200806,0.04248760640621185,0.36524805426597595
/home/donglei/isaac_projects/isaac_drone_racer/.worktrees/stage1-fake-vio/logs/skrl/stage1_recovery_20260905/2026-09-05_11-37-52/2026-09-05_11-37-57_ppo_torch_stage1_mixed/checkpoints/agent_50400.pt,8358d49b14eff681c47b70db964f4007dbfd07e9212768e13dbf0c17f0afc8d8,150d107225160ac498040fa20d4ccf9e26ec2703,True,fixed_per_environment_quotas_v2,mild,29,21,False,False,,1,4,True,False,18.490428924560547,4.43,0.1117972582578659,0.04387783631682396,0.4071049690246582
/home/donglei/isaac_projects/isaac_drone_racer/.worktrees/stage1-fake-vio/logs/skrl/stage1_recovery_20260905/2026-09-05_11-37-52/2026-09-05_11-37-57_ppo_torch_stage1_mixed/checkpoints/agent_50400.pt,8358d49b14eff681c47b70db964f4007dbfd07e9212768e13dbf0c17f0afc8d8,150d107225160ac498040fa20d4ccf9e26ec2703,True,fixed_per_environment_quotas_v2,mild,29,22,False,False,,4,5,False,False,30.301382064819336,4.66,0.14002904295921326,0.03708562254905701,0.33342352509498596
/home/donglei/isaac_projects/isaac_drone_racer/.worktrees/stage1-fake-vio/logs/skrl/stage1_recovery_20260905/2026-09-05_11-37-52/2026-09-05_11-37-57_ppo_torch_stage1_mixed/checkpoints/agent_50400.pt,8358d49b14eff681c47b70db964f4007dbfd07e9212768e13dbf0c17f0afc8d8,150d107225160ac498040fa20d4ccf9e26ec2703,True,fixed_per_environment_quotas_v2,mild,29,23,False,False,,4,5,True,False,23.907676696777344,4.68,0.13488800823688507,0.04245299473404884,0.3680477738380432
/home/donglei/isaac_projects/isaac_drone_racer/.worktrees/stage1-fake-vio/logs/skrl/stage1_recovery_20260905/2026-09-05_11-37-52/2026-09-05_11-37-57_ppo_torch_stage1_mixed/checkpoints/agent_50400.pt,8358d49b14eff681c47b70db964f4007dbfd07e9212768e13dbf0c17f0afc8d8,150d107225160ac498040fa20d4ccf9e26ec2703,True,fixed_per_environment_quotas_v2,mild,29,24,False,False,,6,6,True,False,30.45673179626465,5.96,0.1267589032649994,0.04164247587323189,0.31214258074760437
/home/donglei/isaac_projects/isaac_drone_racer/.worktrees/stage1-fake-vio/logs/skrl/stage1_recovery_20260905/2026-09-05_11-37-52/2026-09-05_11-37-57_ppo_torch_stage1_mixed/checkpoints/agent_50400.pt,8358d49b14eff681c47b70db964f4007dbfd07e9212768e13dbf0c17f0afc8d8,150d107225160ac498040fa20d4ccf9e26ec2703,True,fixed_per_environment_quotas_v2,mild,29,25,True,True,5.64,,7,False,False,39.5418586730957,5.64,0.14010366797447205,0.035602327436208725,0.3518291711807251
/home/donglei/isaac_projects/isaac_drone_racer/.worktrees/stage1-fake-vio/logs/skrl/stage1_recovery_20260905/2026-09-05_11-37-52/2026-09-05_11-37-57_ppo_torch_stage1_mixed/checkpoints/agent_50400.pt,8358d49b14eff681c47b70db964f4007dbfd07e9212768e13dbf0c17f0afc8d8,150d107225160ac498040fa20d4ccf9e26ec2703,True,fixed_per_environment_quotas_v2,mild,29,26,True,True,5.36,,7,False,False,38.04710388183594,5.36,0.1327601671218872,0.03753754869103432,0.34717801213264465
/home/donglei/isaac_projects/isaac_drone_racer/.worktrees/stage1-fake-vio/logs/skrl/stage1_recovery_20260905/2026-09-05_11-37-52/2026-09-05_11-37-57_ppo_torch_stage1_mixed/checkpoints/agent_50400.pt,8358d49b14eff681c47b70db964f4007dbfd07e9212768e13dbf0c17f0afc8d8,150d107225160ac498040fa20d4ccf9e26ec2703,True,fixed_per_environment_quotas_v2,mild,29,27,True,True,5.4,,7,False,False,38.863731384277344,5.4,0.13004177808761597,0.037119604647159576,0.32886579632759094
/home/donglei/isaac_projects/isaac_drone_racer/.worktrees/stage1-fake-vio/logs/skrl/stage1_recovery_20260905/2026-09-05_11-37-52/2026-09-05_11-37-57_ppo_torch_stage1_mixed/checkpoints/agent_50400.pt,8358d49b14eff681c47b70db964f4007dbfd07e9212768e13dbf0c17f0afc8d8,150d107225160ac498040fa20d4ccf9e26ec2703,True,fixed_per_environment_quotas_v2,mild,29,28,True,True,5.8500000000000005,,7,False,False,39.533912658691406,5.8500000000000005,0.13069719076156616,0.04045665264129639,0.3316476047039032
/home/donglei/isaac_projects/isaac_drone_racer/.worktrees/stage1-fake-vio/logs/skrl/stage1_recovery_20260905/2026-09-05_11-37-52/2026-09-05_11-37-57_ppo_torch_stage1_mixed/checkpoints/agent_50400.pt,8358d49b14eff681c47b70db964f4007dbfd07e9212768e13dbf0c17f0afc8d8,150d107225160ac498040fa20d4ccf9e26ec2703,True,fixed_per_environment_quotas_v2,mild,29,29,True,True,5.3,,7,False,False,39.44664001464844,5.3,0.14171205461025238,0.03755442798137665,0.3340265452861786
/home/donglei/isaac_projects/isaac_drone_racer/.worktrees/stage1-fake-vio/logs/skrl/stage1_recovery_20260905/2026-09-05_11-37-52/2026-09-05_11-37-57_ppo_torch_stage1_mixed/checkpoints/agent_50400.pt,8358d49b14eff681c47b70db964f4007dbfd07e9212768e13dbf0c17f0afc8d8,150d107225160ac498040fa20d4ccf9e26ec2703,True,fixed_per_environment_quotas_v2,mild,29,30,True,True,4.8500000000000005,,7,False,False,36.853431701660156,4.8500000000000005,0.13046930730342865,0.034959904849529266,0.35589876770973206
/home/donglei/isaac_projects/isaac_drone_racer/.worktrees/stage1-fake-vio/logs/skrl/stage1_recovery_20260905/2026-09-05_11-37-52/2026-09-05_11-37-57_ppo_torch_stage1_mixed/checkpoints/agent_50400.pt,8358d49b14eff681c47b70db964f4007dbfd07e9212768e13dbf0c17f0afc8d8,150d107225160ac498040fa20d4ccf9e26ec2703,True,fixed_per_environment_quotas_v2,mild,29,31,True,True,4.84,,7,False,False,36.6762580871582,4.84,0.13026413321495056,0.034440603107213974,0.3539552092552185
/home/donglei/isaac_projects/isaac_drone_racer/.worktrees/stage1-fake-vio/logs/skrl/stage1_recovery_20260905/2026-09-05_11-37-52/2026-09-05_11-37-57_ppo_torch_stage1_mixed/checkpoints/agent_50400.pt,8358d49b14eff681c47b70db964f4007dbfd07e9212768e13dbf0c17f0afc8d8,150d107225160ac498040fa20d4ccf9e26ec2703,True,fixed_per_environment_quotas_v2,mild,29,32,True,True,5.41,,7,False,False,38.8273811340332,5.41,0.12788869440555573,0.04030541330575943,0.3303968012332916
/home/donglei/isaac_projects/isaac_drone_racer/.worktrees/stage1-fake-vio/logs/skrl/stage1_recovery_20260905/2026-09-05_11-37-52/2026-09-05_11-37-57_ppo_torch_stage1_mixed/checkpoints/agent_50400.pt,8358d49b14eff681c47b70db964f4007dbfd07e9212768e13dbf0c17f0afc8d8,150d107225160ac498040fa20d4ccf9e26ec2703,True,fixed_per_environment_quotas_v2,mild,29,33,True,True,4.86,,7,False,False,36.92451095581055,4.86,0.11920429766178131,0.036150138825178146,0.3305220305919647
/home/donglei/isaac_projects/isaac_drone_racer/.worktrees/stage1-fake-vio/logs/skrl/stage1_recovery_20260905/2026-09-05_11-37-52/2026-09-05_11-37-57_ppo_torch_stage1_mixed/checkpoints/agent_50400.pt,8358d49b14eff681c47b70db964f4007dbfd07e9212768e13dbf0c17f0afc8d8,150d107225160ac498040fa20d4ccf9e26ec2703,True,fixed_per_environment_quotas_v2,mild,29,34,True,True,5.87,,7,False,False,39.51523208618164,5.87,0.1309838593006134,0.03947635367512703,0.33363670110702515
/home/donglei/isaac_projects/isaac_drone_racer/.worktrees/stage1-fake-vio/logs/skrl/stage1_recovery_20260905/2026-09-05_11-37-52/2026-09-05_11-37-57_ppo_torch_stage1_mixed/checkpoints/agent_50400.pt,8358d49b14eff681c47b70db964f4007dbfd07e9212768e13dbf0c17f0afc8d8,150d107225160ac498040fa20d4ccf9e26ec2703,True,fixed_per_environment_quotas_v2,mild,29,35,True,True,5.54,,7,False,False,39.36842346191406,5.54,0.12863585352897644,0.04225313290953636,0.32248416543006897
/home/donglei/isaac_projects/isaac_drone_racer/.worktrees/stage1-fake-vio/logs/skrl/stage1_recovery_20260905/2026-09-05_11-37-52/2026-09-05_11-37-57_ppo_torch_stage1_mixed/checkpoints/agent_50400.pt,8358d49b14eff681c47b70db964f4007dbfd07e9212768e13dbf0c17f0afc8d8,150d107225160ac498040fa20d4ccf9e26ec2703,True,fixed_per_environment_quotas_v2,mild,29,36,False,False,,1,1,True,False,0.09806966781616211,1.07,0.07689294219017029,0.18833479285240173,0.8547635674476624
/home/donglei/isaac_projects/isaac_drone_racer/.worktrees/stage1-fake-vio/logs/skrl/stage1_recovery_20260905/2026-09-05_11-37-52/2026-09-05_11-37-57_ppo_torch_stage1_mixed/checkpoints/agent_50400.pt,8358d49b14eff681c47b70db964f4007dbfd07e9212768e13dbf0c17f0afc8d8,150d107225160ac498040fa20d4ccf9e26ec2703,True,fixed_per_environment_quotas_v2,mild,29,37,True,True,5.84,,7,False,False,39.588897705078125,5.84,0.1293850988149643,0.03783242776989937,0.3132963180541992
/home/donglei/isaac_projects/isaac_drone_racer/.worktrees/stage1-fake-vio/logs/skrl/stage1_recovery_20260905/2026-09-05_11-37-52/2026-09-05_11-37-57_ppo_torch_stage1_mixed/checkpoints/agent_50400.pt,8358d49b14eff681c47b70db964f4007dbfd07e9212768e13dbf0c17f0afc8d8,150d107225160ac498040fa20d4ccf9e26ec2703,True,fixed_per_environment_quotas_v2,mild,29,38,True,True,5.8,,7,False,False,39.62895584106445,5.8,0.12646783888339996,0.04106738418340683,0.32180339097976685
/home/donglei/isaac_projects/isaac_drone_racer/.worktrees/stage1-fake-vio/logs/skrl/stage1_recovery_20260905/2026-09-05_11-37-52/2026-09-05_11-37-57_ppo_torch_stage1_mixed/checkpoints/agent_50400.pt,8358d49b14eff681c47b70db964f4007dbfd07e9212768e13dbf0c17f0afc8d8,150d107225160ac498040fa20d4ccf9e26ec2703,True,fixed_per_environment_quotas_v2,mild,29,39,True,True,5.44,,7,False,False,38.93142318725586,5.44,0.13937291502952576,0.03538321703672409,0.3394979238510132
/home/donglei/isaac_projects/isaac_drone_racer/.worktrees/stage1-fake-vio/logs/skrl/stage1_recovery_20260905/2026-09-05_11-37-52/2026-09-05_11-37-57_ppo_torch_stage1_mixed/checkpoints/agent_50400.pt,8358d49b14eff681c47b70db964f4007dbfd07e9212768e13dbf0c17f0afc8d8,150d107225160ac498040fa20d4ccf9e26ec2703,True,fixed_per_environment_quotas_v2,mild,29,40,True,True,6.0600000000000005,,7,False,False,39.686065673828125,6.0600000000000005,0.1227010041475296,0.0378657765686512,0.3155709505081177
/home/donglei/isaac_projects/isaac_drone_racer/.worktrees/stage1-fake-vio/logs/skrl/stage1_recovery_20260905/2026-09-05_11-37-52/2026-09-05_11-37-57_ppo_torch_stage1_mixed/checkpoints/agent_50400.pt,8358d49b14eff681c47b70db964f4007dbfd07e9212768e13dbf0c17f0afc8d8,150d107225160ac498040fa20d4ccf9e26ec2703,True,fixed_per_environment_quotas_v2,mild,29,41,True,True,4.97,,7,False,False,38.55293273925781,4.97,0.13440047204494476,0.037882670760154724,0.33198654651641846
/home/donglei/isaac_projects/isaac_drone_racer/.worktrees/stage1-fake-vio/logs/skrl/stage1_recovery_20260905/2026-09-05_11-37-52/2026-09-05_11-37-57_ppo_torch_stage1_mixed/checkpoints/agent_50400.pt,8358d49b14eff681c47b70db964f4007dbfd07e9212768e13dbf0c17f0afc8d8,150d107225160ac498040fa20d4ccf9e26ec2703,True,fixed_per_environment_quotas_v2,mild,29,42,True,True,5.54,,7,False,False,38.969058990478516,5.54,0.13284993171691895,0.03770256042480469,0.34633931517601013
/home/donglei/isaac_projects/isaac_drone_racer/.worktrees/stage1-fake-vio/logs/skrl/stage1_recovery_20260905/2026-09-05_11-37-52/2026-09-05_11-37-57_ppo_torch_stage1_mixed/checkpoints/agent_50400.pt,8358d49b14eff681c47b70db964f4007dbfd07e9212768e13dbf0c17f0afc8d8,150d107225160ac498040fa20d4ccf9e26ec2703,True,fixed_per_environment_quotas_v2,mild,29,43,True,True,5.64,,7,False,False,39.335533142089844,5.64,0.13383153080940247,0.03629584237933159,0.33426302671432495
/home/donglei/isaac_projects/isaac_drone_racer/.worktrees/stage1-fake-vio/logs/skrl/stage1_recovery_20260905/2026-09-05_11-37-52/2026-09-05_11-37-57_ppo_torch_stage1_mixed/checkpoints/agent_50400.pt,8358d49b14eff681c47b70db964f4007dbfd07e9212768e13dbf0c17f0afc8d8,150d107225160ac498040fa20d4ccf9e26ec2703,True,fixed_per_environment_quotas_v2,mild,29,44,True,True,6.29,,7,False,False,39.9764289855957,6.29,0.11242341995239258,0.041362836956977844,0.2829025983810425
/home/donglei/isaac_projects/isaac_drone_racer/.worktrees/stage1-fake-vio/logs/skrl/stage1_recovery_20260905/2026-09-05_11-37-52/2026-09-05_11-37-57_ppo_torch_stage1_mixed/checkpoints/agent_50400.pt,8358d49b14eff681c47b70db964f4007dbfd07e9212768e13dbf0c17f0afc8d8,150d107225160ac498040fa20d4ccf9e26ec2703,True,fixed_per_environment_quotas_v2,mild,29,45,True,True,5.42,,7,False,False,39.309017181396484,5.42,0.1376732587814331,0.036296434700489044,0.335727334022522
/home/donglei/isaac_projects/isaac_drone_racer/.worktrees/stage1-fake-vio/logs/skrl/stage1_recovery_20260905/2026-09-05_11-37-52/2026-09-05_11-37-57_ppo_torch_stage1_mixed/checkpoints/agent_50400.pt,8358d49b14eff681c47b70db964f4007dbfd07e9212768e13dbf0c17f0afc8d8,150d107225160ac498040fa20d4ccf9e26ec2703,True,fixed_per_environment_quotas_v2,mild,29,46,True,True,5.26,,7,False,False,39.079341888427734,5.26,0.13563109934329987,0.04128390923142433,0.33533158898353577
/home/donglei/isaac_projects/isaac_drone_racer/.worktrees/stage1-fake-vio/logs/skrl/stage1_recovery_20260905/2026-09-05_11-37-52/2026-09-05_11-37-57_ppo_torch_stage1_mixed/checkpoints/agent_50400.pt,8358d49b14eff681c47b70db964f4007dbfd07e9212768e13dbf0c17f0afc8d8,150d107225160ac498040fa20d4ccf9e26ec2703,True,fixed_per_environment_quotas_v2,mild,29,47,True,True,5.28,,7,False,False,38.45390701293945,5.28,0.12610329687595367,0.03824877738952637,0.3347916007041931
/home/donglei/isaac_projects/isaac_drone_racer/.worktrees/stage1-fake-vio/logs/skrl/stage1_recovery_20260905/2026-09-05_11-37-52/2026-09-05_11-37-57_ppo_torch_stage1_mixed/checkpoints/agent_50400.pt,8358d49b14eff681c47b70db964f4007dbfd07e9212768e13dbf0c17f0afc8d8,150d107225160ac498040fa20d4ccf9e26ec2703,True,fixed_per_environment_quotas_v2,mild,29,48,False,False,,1,6,True,False,30.58555793762207,6.65,0.11796364188194275,0.04893973097205162,0.3246438801288605
/home/donglei/isaac_projects/isaac_drone_racer/.worktrees/stage1-fake-vio/logs/skrl/stage1_recovery_20260905/2026-09-05_11-37-52/2026-09-05_11-37-57_ppo_torch_stage1_mixed/checkpoints/agent_50400.pt,8358d49b14eff681c47b70db964f4007dbfd07e9212768e13dbf0c17f0afc8d8,150d107225160ac498040fa20d4ccf9e26ec2703,True,fixed_per_environment_quotas_v2,mild,29,49,False,False,,4,1,False,True,-6.689322471618652,3.96,0.13503925502300262,0.7955528497695923,0.5739274621009827
/home/donglei/isaac_projects/isaac_drone_racer/.worktrees/stage1-fake-vio/logs/skrl/stage1_recovery_20260905/2026-09-05_11-37-52/2026-09-05_11-37-57_ppo_torch_stage1_mixed/checkpoints/agent_50400.pt,8358d49b14eff681c47b70db964f4007dbfd07e9212768e13dbf0c17f0afc8d8,150d107225160ac498040fa20d4ccf9e26ec2703,True,fixed_per_environment_quotas_v2,mild,29,50,True,True,5.68,,7,False,False,39.66550827026367,5.68,0.12921398878097534,0.0391700454056263,0.33294716477394104
/home/donglei/isaac_projects/isaac_drone_racer/.worktrees/stage1-fake-vio/logs/skrl/stage1_recovery_20260905/2026-09-05_11-37-52/2026-09-05_11-37-57_ppo_torch_stage1_mixed/checkpoints/agent_50400.pt,8358d49b14eff681c47b70db964f4007dbfd07e9212768e13dbf0c17f0afc8d8,150d107225160ac498040fa20d4ccf9e26ec2703,True,fixed_per_environment_quotas_v2,mild,29,51,True,True,6.28,,7,False,False,39.71562576293945,6.28,0.11919067800045013,0.04136265069246292,0.3173390030860901
/home/donglei/isaac_projects/isaac_drone_racer/.worktrees/stage1-fake-vio/logs/skrl/stage1_recovery_20260905/2026-09-05_11-37-52/2026-09-05_11-37-57_ppo_torch_stage1_mixed/checkpoints/agent_50400.pt,8358d49b14eff681c47b70db964f4007dbfd07e9212768e13dbf0c17f0afc8d8,150d107225160ac498040fa20d4ccf9e26ec2703,True,fixed_per_environment_quotas_v2,mild,29,52,True,True,5.93,,7,False,False,39.370269775390625,5.93,0.12982413172721863,0.04083968698978424,0.3317217230796814
/home/donglei/isaac_projects/isaac_drone_racer/.worktrees/stage1-fake-vio/logs/skrl/stage1_recovery_20260905/2026-09-05_11-37-52/2026-09-05_11-37-57_ppo_torch_stage1_mixed/checkpoints/agent_50400.pt,8358d49b14eff681c47b70db964f4007dbfd07e9212768e13dbf0c17f0afc8d8,150d107225160ac498040fa20d4ccf9e26ec2703,True,fixed_per_environment_quotas_v2,mild,29,53,True,True,6.0200000000000005,,7,False,False,39.9102897644043,6.0200000000000005,0.12388326227664948,0.042156293988227844,0.31713223457336426
/home/donglei/isaac_projects/isaac_drone_racer/.worktrees/stage1-fake-vio/logs/skrl/stage1_recovery_20260905/2026-09-05_11-37-52/2026-09-05_11-37-57_ppo_torch_stage1_mixed/checkpoints/agent_50400.pt,8358d49b14eff681c47b70db964f4007dbfd07e9212768e13dbf0c17f0afc8d8,150d107225160ac498040fa20d4ccf9e26ec2703,True,fixed_per_environment_quotas_v2,mild,29,54,True,True,5.95,,7,False,False,39.900474548339844,5.95,0.127055823802948,0.03889920562505722,0.32824254035949707
/home/donglei/isaac_projects/isaac_drone_racer/.worktrees/stage1-fake-vio/logs/skrl/stage1_recovery_20260905/2026-09-05_11-37-52/2026-09-05_11-37-57_ppo_torch_stage1_mixed/checkpoints/agent_50400.pt,8358d49b14eff681c47b70db964f4007dbfd07e9212768e13dbf0c17f0afc8d8,150d107225160ac498040fa20d4ccf9e26ec2703,True,fixed_per_environment_quotas_v2,mild,29,55,True,True,6.23,,7,False,False,39.804466247558594,6.23,0.11553145200014114,0.04380233585834503,0.2905772626399994
/home/donglei/isaac_projects/isaac_drone_racer/.worktrees/stage1-fake-vio/logs/skrl/stage1_recovery_20260905/2026-09-05_11-37-52/2026-09-05_11-37-57_ppo_torch_stage1_mixed/checkpoints/agent_50400.pt,8358d49b14eff681c47b70db964f4007dbfd07e9212768e13dbf0c17f0afc8d8,150d107225160ac498040fa20d4ccf9e26ec2703,True,fixed_per_environment_quotas_v2,mild,29,56,True,True,5.97,,7,False,False,39.50398254394531,5.97,0.12942194938659668,0.03974471613764763,0.3209691047668457
/home/donglei/isaac_projects/isaac_drone_racer/.worktrees/stage1-fake-vio/logs/skrl/stage1_recovery_20260905/2026-09-05_11-37-52/2026-09-05_11-37-57_ppo_torch_stage1_mixed/checkpoints/agent_50400.pt,8358d49b14eff681c47b70db964f4007dbfd07e9212768e13dbf0c17f0afc8d8,150d107225160ac498040fa20d4ccf9e26ec2703,True,fixed_per_environment_quotas_v2,mild,29,57,True,True,6.1000000000000005,,7,False,False,39.477882385253906,6.1000000000000005,0.12630166113376617,0.04187560826539993,0.32373300194740295
/home/donglei/isaac_projects/isaac_drone_racer/.worktrees/stage1-fake-vio/logs/skrl/stage1_recovery_20260905/2026-09-05_11-37-52/2026-09-05_11-37-57_ppo_torch_stage1_mixed/checkpoints/agent_50400.pt,8358d49b14eff681c47b70db964f4007dbfd07e9212768e13dbf0c17f0afc8d8,150d107225160ac498040fa20d4ccf9e26ec2703,True,fixed_per_environment_quotas_v2,mild,29,58,True,True,5.97,,7,False,False,39.450809478759766,5.97,0.12974421679973602,0.03987062722444534,0.3207751512527466
/home/donglei/isaac_projects/isaac_drone_racer/.worktrees/stage1-fake-vio/logs/skrl/stage1_recovery_20260905/2026-09-05_11-37-52/2026-09-05_11-37-57_ppo_torch_stage1_mixed/checkpoints/agent_50400.pt,8358d49b14eff681c47b70db964f4007dbfd07e9212768e13dbf0c17f0afc8d8,150d107225160ac498040fa20d4ccf9e26ec2703,True,fixed_per_environment_quotas_v2,mild,29,59,True,True,5.97,,7,False,False,39.98500061035156,5.97,0.12085556983947754,0.04441874101758003,0.31477493047714233
/home/donglei/isaac_projects/isaac_drone_racer/.worktrees/stage1-fake-vio/logs/skrl/stage1_recovery_20260905/2026-09-05_11-37-52/2026-09-05_11-37-57_ppo_torch_stage1_mixed/checkpoints/agent_50400.pt,8358d49b14eff681c47b70db964f4007dbfd07e9212768e13dbf0c17f0afc8d8,150d107225160ac498040fa20d4ccf9e26ec2703,True,fixed_per_environment_quotas_v2,mild,29,60,True,True,6.01,,7,False,False,39.74058151245117,6.01,0.11776145547628403,0.038260653614997864,0.30964982509613037
/home/donglei/isaac_projects/isaac_drone_racer/.worktrees/stage1-fake-vio/logs/skrl/stage1_recovery_20260905/2026-09-05_11-37-52/2026-09-05_11-37-57_ppo_torch_stage1_mixed/checkpoints/agent_50400.pt,8358d49b14eff681c47b70db964f4007dbfd07e9212768e13dbf0c17f0afc8d8,150d107225160ac498040fa20d4ccf9e26ec2703,True,fixed_per_environment_quotas_v2,mild,29,61,True,True,5.97,,7,False,False,39.619258880615234,5.97,0.12445186078548431,0.04013242572546005,0.31718316674232483
/home/donglei/isaac_projects/isaac_drone_racer/.worktrees/stage1-fake-vio/logs/skrl/stage1_recovery_20260905/2026-09-05_11-37-52/2026-09-05_11-37-57_ppo_torch_stage1_mixed/checkpoints/agent_50400.pt,8358d49b14eff681c47b70db964f4007dbfd07e9212768e13dbf0c17f0afc8d8,150d107225160ac498040fa20d4ccf9e26ec2703,True,fixed_per_environment_quotas_v2,mild,29,62,True,True,6.01,,7,False,False,39.59918975830078,6.01,0.12464552372694016,0.0402439646422863,0.32231688499450684
/home/donglei/isaac_projects/isaac_drone_racer/.worktrees/stage1-fake-vio/logs/skrl/stage1_recovery_20260905/2026-09-05_11-37-52/2026-09-05_11-37-57_ppo_torch_stage1_mixed/checkpoints/agent_50400.pt,8358d49b14eff681c47b70db964f4007dbfd07e9212768e13dbf0c17f0afc8d8,150d107225160ac498040fa20d4ccf9e26ec2703,True,fixed_per_environment_quotas_v2,mild,29,63,True,True,5.97,,7,False,False,39.668399810791016,5.97,0.13069798052310944,0.041808780282735825,0.3373948037624359
/home/donglei/isaac_projects/isaac_drone_racer/.worktrees/stage1-fake-vio/logs/skrl/stage1_recovery_20260905/2026-09-05_11-37-52/2026-09-05_11-37-57_ppo_torch_stage1_mixed/checkpoints/agent_50400.pt,8358d49b14eff681c47b70db964f4007dbfd07e9212768e13dbf0c17f0afc8d8,150d107225160ac498040fa20d4ccf9e26ec2703,True,fixed_per_environment_quotas_v2,mild,29,64,True,True,5.97,,7,False,False,39.79561233520508,5.97,0.13260012865066528,0.04034241661429405,0.33844929933547974
/home/donglei/isaac_projects/isaac_drone_racer/.worktrees/stage1-fake-vio/logs/skrl/stage1_recovery_20260905/2026-09-05_11-37-52/2026-09-05_11-37-57_ppo_torch_stage1_mixed/checkpoints/agent_50400.pt,8358d49b14eff681c47b70db964f4007dbfd07e9212768e13dbf0c17f0afc8d8,150d107225160ac498040fa20d4ccf9e26ec2703,True,fixed_per_environment_quotas_v2,mild,29,65,True,True,6.11,,7,False,False,39.641693115234375,6.11,0.12324400246143341,0.04347725212574005,0.3251005709171295
/home/donglei/isaac_projects/isaac_drone_racer/.worktrees/stage1-fake-vio/logs/skrl/stage1_recovery_20260905/2026-09-05_11-37-52/2026-09-05_11-37-57_ppo_torch_stage1_mixed/checkpoints/agent_50400.pt,8358d49b14eff681c47b70db964f4007dbfd07e9212768e13dbf0c17f0afc8d8,150d107225160ac498040fa20d4ccf9e26ec2703,True,fixed_per_environment_quotas_v2,mild,29,66,True,True,6.32,,7,False,False,39.91679763793945,6.32,0.1125434935092926,0.03968314826488495,0.2828431725502014
/home/donglei/isaac_projects/isaac_drone_racer/.worktrees/stage1-fake-vio/logs/skrl/stage1_recovery_20260905/2026-09-05_11-37-52/2026-09-05_11-37-57_ppo_torch_stage1_mixed/checkpoints/agent_50400.pt,8358d49b14eff681c47b70db964f4007dbfd07e9212768e13dbf0c17f0afc8d8,150d107225160ac498040fa20d4ccf9e26ec2703,True,fixed_per_environment_quotas_v2,mild,29,67,True,True,6.2,,7,False,False,39.7761116027832,6.2,0.12395842373371124,0.039556365460157394,0.32432031631469727
/home/donglei/isaac_projects/isaac_drone_racer/.worktrees/stage1-fake-vio/logs/skrl/stage1_recovery_20260905/2026-09-05_11-37-52/2026-09-05_11-37-57_ppo_torch_stage1_mixed/checkpoints/agent_50400.pt,8358d49b14eff681c47b70db964f4007dbfd07e9212768e13dbf0c17f0afc8d8,150d107225160ac498040fa20d4ccf9e26ec2703,True,fixed_per_environment_quotas_v2,mild,29,68,True,True,5.99,,7,False,False,39.85948181152344,5.99,0.12401074916124344,0.03950102627277374,0.31327036023139954
/home/donglei/isaac_projects/isaac_drone_racer/.worktrees/stage1-fake-vio/logs/skrl/stage1_recovery_20260905/2026-09-05_11-37-52/2026-09-05_11-37-57_ppo_torch_stage1_mixed/checkpoints/agent_50400.pt,8358d49b14eff681c47b70db964f4007dbfd07e9212768e13dbf0c17f0afc8d8,150d107225160ac498040fa20d4ccf9e26ec2703,True,fixed_per_environment_quotas_v2,mild,29,69,True,True,6.0600000000000005,,7,False,False,39.89472579956055,6.0600000000000005,0.1290222853422165,0.04177553579211235,0.31880199909210205
/home/donglei/isaac_projects/isaac_drone_racer/.worktrees/stage1-fake-vio/logs/skrl/stage1_recovery_20260905/2026-09-05_11-37-52/2026-09-05_11-37-57_ppo_torch_stage1_mixed/checkpoints/agent_50400.pt,8358d49b14eff681c47b70db964f4007dbfd07e9212768e13dbf0c17f0afc8d8,150d107225160ac498040fa20d4ccf9e26ec2703,True,fixed_per_environment_quotas_v2,mild,29,70,True,True,5.94,,7,False,False,39.80255126953125,5.94,0.12203983217477798,0.04213625192642212,0.31774255633354187
/home/donglei/isaac_projects/isaac_drone_racer/.worktrees/stage1-fake-vio/logs/skrl/stage1_recovery_20260905/2026-09-05_11-37-52/2026-09-05_11-37-57_ppo_torch_stage1_mixed/checkpoints/agent_50400.pt,8358d49b14eff681c47b70db964f4007dbfd07e9212768e13dbf0c17f0afc8d8,150d107225160ac498040fa20d4ccf9e26ec2703,True,fixed_per_environment_quotas_v2,mild,29,71,True,True,5.96,,7,False,False,39.869346618652344,5.96,0.12876702845096588,0.039299093186855316,0.3208107650279999
/home/donglei/isaac_projects/isaac_drone_racer/.worktrees/stage1-fake-vio/logs/skrl/stage1_recovery_20260905/2026-09-05_11-37-52/2026-09-05_11-37-57_ppo_torch_stage1_mixed/checkpoints/agent_50400.pt,8358d49b14eff681c47b70db964f4007dbfd07e9212768e13dbf0c17f0afc8d8,150d107225160ac498040fa20d4ccf9e26ec2703,True,fixed_per_environment_quotas_v2,mild,29,72,False,False,,7,0,True,False,-3.7937121391296387,1.11,0.07862074673175812,0.1479005217552185,0.7273029685020447
/home/donglei/isaac_projects/isaac_drone_racer/.worktrees/stage1-fake-vio/logs/skrl/stage1_recovery_20260905/2026-09-05_11-37-52/2026-09-05_11-37-57_ppo_torch_stage1_mixed/checkpoints/agent_50400.pt,8358d49b14eff681c47b70db964f4007dbfd07e9212768e13dbf0c17f0afc8d8,150d107225160ac498040fa20d4ccf9e26ec2703,True,fixed_per_environment_quotas_v2,mild,29,73,True,True,6.16,,7,False,False,39.59636306762695,6.16,0.12210676819086075,0.03971858322620392,0.3173145055770874
/home/donglei/isaac_projects/isaac_drone_racer/.worktrees/stage1-fake-vio/logs/skrl/stage1_recovery_20260905/2026-09-05_11-37-52/2026-09-05_11-37-57_ppo_torch_stage1_mixed/checkpoints/agent_50400.pt,8358d49b14eff681c47b70db964f4007dbfd07e9212768e13dbf0c17f0afc8d8,150d107225160ac498040fa20d4ccf9e26ec2703,True,fixed_per_environment_quotas_v2,mild,29,74,True,True,6.0200000000000005,,7,False,False,39.427032470703125,6.0200000000000005,0.12929780781269073,0.0381338931620121,0.3123210072517395
/home/donglei/isaac_projects/isaac_drone_racer/.worktrees/stage1-fake-vio/logs/skrl/stage1_recovery_20260905/2026-09-05_11-37-52/2026-09-05_11-37-57_ppo_torch_stage1_mixed/checkpoints/agent_50400.pt,8358d49b14eff681c47b70db964f4007dbfd07e9212768e13dbf0c17f0afc8d8,150d107225160ac498040fa20d4ccf9e26ec2703,True,fixed_per_environment_quotas_v2,mild,29,75,True,True,6.17,,7,False,False,39.77277374267578,6.17,0.11993740499019623,0.038841165602207184,0.31056368350982666
/home/donglei/isaac_projects/isaac_drone_racer/.worktrees/stage1-fake-vio/logs/skrl/stage1_recovery_20260905/2026-09-05_11-37-52/2026-09-05_11-37-57_ppo_torch_stage1_mixed/checkpoints/agent_50400.pt,8358d49b14eff681c47b70db964f4007dbfd07e9212768e13dbf0c17f0afc8d8,150d107225160ac498040fa20d4ccf9e26ec2703,True,fixed_per_environment_quotas_v2,mild,29,76,True,True,5.8500000000000005,,7,False,False,39.669837951660156,5.8500000000000005,0.12470090389251709,0.03955291211605072,0.31536057591438293
/home/donglei/isaac_projects/isaac_drone_racer/.worktrees/stage1-fake-vio/logs/skrl/stage1_recovery_20260905/2026-09-05_11-37-52/2026-09-05_11-37-57_ppo_torch_stage1_mixed/checkpoints/agent_50400.pt,8358d49b14eff681c47b70db964f4007dbfd07e9212768e13dbf0c17f0afc8d8,150d107225160ac498040fa20d4ccf9e26ec2703,True,fixed_per_environment_quotas_v2,mild,29,77,True,True,5.96,,7,False,False,39.77884292602539,5.96,0.1257394552230835,0.04057551547884941,0.3274171054363251
/home/donglei/isaac_projects/isaac_drone_racer/.worktrees/stage1-fake-vio/logs/skrl/stage1_recovery_20260905/2026-09-05_11-37-52/2026-09-05_11-37-57_ppo_torch_stage1_mixed/checkpoints/agent_50400.pt,8358d49b14eff681c47b70db964f4007dbfd07e9212768e13dbf0c17f0afc8d8,150d107225160ac498040fa20d4ccf9e26ec2703,True,fixed_per_environment_quotas_v2,mild,29,78,True,True,6.18,,7,False,False,39.74639892578125,6.18,0.12373308837413788,0.04322073236107826,0.32912537455558777
/home/donglei/isaac_projects/isaac_drone_racer/.worktrees/stage1-fake-vio/logs/skrl/stage1_recovery_20260905/2026-09-05_11-37-52/2026-09-05_11-37-57_ppo_torch_stage1_mixed/checkpoints/agent_50400.pt,8358d49b14eff681c47b70db964f4007dbfd07e9212768e13dbf0c17f0afc8d8,150d107225160ac498040fa20d4ccf9e26ec2703,True,fixed_per_environment_quotas_v2,mild,29,79,True,True,5.98,,7,False,False,39.5010986328125,5.98,0.12610194087028503,0.04011537507176399,0.3132084310054779
/home/donglei/isaac_projects/isaac_drone_racer/.worktrees/stage1-fake-vio/logs/skrl/stage1_recovery_20260905/2026-09-05_11-37-52/2026-09-05_11-37-57_ppo_torch_stage1_mixed/checkpoints/agent_50400.pt,8358d49b14eff681c47b70db964f4007dbfd07e9212768e13dbf0c17f0afc8d8,150d107225160ac498040fa20d4ccf9e26ec2703,True,fixed_per_environment_quotas_v2,mild,29,80,True,True,6.0600000000000005,,7,False,False,39.450721740722656,6.0600000000000005,0.1288670301437378,0.04042430967092514,0.31174343824386597
/home/donglei/isaac_projects/isaac_drone_racer/.worktrees/stage1-fake-vio/logs/skrl/stage1_recovery_20260905/2026-09-05_11-37-52/2026-09-05_11-37-57_ppo_torch_stage1_mixed/checkpoints/agent_50400.pt,8358d49b14eff681c47b70db964f4007dbfd07e9212768e13dbf0c17f0afc8d8,150d107225160ac498040fa20d4ccf9e26ec2703,True,fixed_per_environment_quotas_v2,mild,29,81,True,True,6.26,,7,False,False,39.891544342041016,6.26,0.12174844741821289,0.0401802621781826,0.3063005805015564
/home/donglei/isaac_projects/isaac_drone_racer/.worktrees/stage1-fake-vio/logs/skrl/stage1_recovery_20260905/2026-09-05_11-37-52/2026-09-05_11-37-57_ppo_torch_stage1_mixed/checkpoints/agent_50400.pt,8358d49b14eff681c47b70db964f4007dbfd07e9212768e13dbf0c17f0afc8d8,150d107225160ac498040fa20d4ccf9e26ec2703,True,fixed_per_environment_quotas_v2,mild,29,82,True,True,6.04,,7,False,False,39.838836669921875,6.04,0.12353163957595825,0.042655110359191895,0.32260167598724365
/home/donglei/isaac_projects/isaac_drone_racer/.worktrees/stage1-fake-vio/logs/skrl/stage1_recovery_20260905/2026-09-05_11-37-52/2026-09-05_11-37-57_ppo_torch_stage1_mixed/checkpoints/agent_50400.pt,8358d49b14eff681c47b70db964f4007dbfd07e9212768e13dbf0c17f0afc8d8,150d107225160ac498040fa20d4ccf9e26ec2703,True,fixed_per_environment_quotas_v2,mild,29,83,True,True,6.11,,7,False,False,39.74324417114258,6.11,0.12424133718013763,0.040629345923662186,0.32744264602661133
/home/donglei/isaac_projects/isaac_drone_racer/.worktrees/stage1-fake-vio/logs/skrl/stage1_recovery_20260905/2026-09-05_11-37-52/2026-09-05_11-37-57_ppo_torch_stage1_mixed/checkpoints/agent_50400.pt,8358d49b14eff681c47b70db964f4007dbfd07e9212768e13dbf0c17f0afc8d8,150d107225160ac498040fa20d4ccf9e26ec2703,True,fixed_per_environment_quotas_v2,mild,29,84,True,True,5.87,,7,False,False,39.380069732666016,5.87,0.13429763913154602,0.03811107575893402,0.3297984004020691
/home/donglei/isaac_projects/isaac_drone_racer/.worktrees/stage1-fake-vio/logs/skrl/stage1_recovery_20260905/2026-09-05_11-37-52/2026-09-05_11-37-57_ppo_torch_stage1_mixed/checkpoints/agent_50400.pt,8358d49b14eff681c47b70db964f4007dbfd07e9212768e13dbf0c17f0afc8d8,150d107225160ac498040fa20d4ccf9e26ec2703,True,fixed_per_environment_quotas_v2,mild,29,85,True,True,6.07,,7,False,False,39.73149108886719,6.07,0.12366639077663422,0.042368751019239426,0.3155745267868042
/home/donglei/isaac_projects/isaac_drone_racer/.worktrees/stage1-fake-vio/logs/skrl/stage1_recovery_20260905/2026-09-05_11-37-52/2026-09-05_11-37-57_ppo_torch_stage1_mixed/checkpoints/agent_50400.pt,8358d49b14eff681c47b70db964f4007dbfd07e9212768e13dbf0c17f0afc8d8,150d107225160ac498040fa20d4ccf9e26ec2703,True,fixed_per_environment_quotas_v2,mild,29,86,True,True,5.96,,7,False,False,39.81010055541992,5.96,0.12275075167417526,0.03970717638731003,0.3151039779186249
/home/donglei/isaac_projects/isaac_drone_racer/.worktrees/stage1-fake-vio/logs/skrl/stage1_recovery_20260905/2026-09-05_11-37-52/2026-09-05_11-37-57_ppo_torch_stage1_mixed/checkpoints/agent_50400.pt,8358d49b14eff681c47b70db964f4007dbfd07e9212768e13dbf0c17f0afc8d8,150d107225160ac498040fa20d4ccf9e26ec2703,True,fixed_per_environment_quotas_v2,mild,29,87,True,True,5.92,,7,False,False,39.36976623535156,5.92,0.12766017019748688,0.038715362548828125,0.3125801682472229
/home/donglei/isaac_projects/isaac_drone_racer/.worktrees/stage1-fake-vio/logs/skrl/stage1_recovery_20260905/2026-09-05_11-37-52/2026-09-05_11-37-57_ppo_torch_stage1_mixed/checkpoints/agent_50400.pt,8358d49b14eff681c47b70db964f4007dbfd07e9212768e13dbf0c17f0afc8d8,150d107225160ac498040fa20d4ccf9e26ec2703,True,fixed_per_environment_quotas_v2,mild,29,88,True,True,6.0200000000000005,,7,False,False,39.437469482421875,6.0200000000000005,0.12874504923820496,0.04001660272479057,0.31484755873680115
/home/donglei/isaac_projects/isaac_drone_racer/.worktrees/stage1-fake-vio/logs/skrl/stage1_recovery_20260905/2026-09-05_11-37-52/2026-09-05_11-37-57_ppo_torch_stage1_mixed/checkpoints/agent_50400.pt,8358d49b14eff681c47b70db964f4007dbfd07e9212768e13dbf0c17f0afc8d8,150d107225160ac498040fa20d4ccf9e26ec2703,True,fixed_per_environment_quotas_v2,mild,29,89,True,True,5.92,,7,False,False,39.542564392089844,5.92,0.12787248194217682,0.04042867198586464,0.31300827860832214
/home/donglei/isaac_projects/isaac_drone_racer/.worktrees/stage1-fake-vio/logs/skrl/stage1_recovery_20260905/2026-09-05_11-37-52/2026-09-05_11-37-57_ppo_torch_stage1_mixed/checkpoints/agent_50400.pt,8358d49b14eff681c47b70db964f4007dbfd07e9212768e13dbf0c17f0afc8d8,150d107225160ac498040fa20d4ccf9e26ec2703,True,fixed_per_environment_quotas_v2,mild,29,90,True,True,6.13,,7,False,False,39.8568229675293,6.13,0.12279347330331802,0.03900182992219925,0.312545508146286
/home/donglei/isaac_projects/isaac_drone_racer/.worktrees/stage1-fake-vio/logs/skrl/stage1_recovery_20260905/2026-09-05_11-37-52/2026-09-05_11-37-57_ppo_torch_stage1_mixed/checkpoints/agent_50400.pt,8358d49b14eff681c47b70db964f4007dbfd07e9212768e13dbf0c17f0afc8d8,150d107225160ac498040fa20d4ccf9e26ec2703,True,fixed_per_environment_quotas_v2,mild,29,91,False,False,,4,5,True,False,23.2702579498291,6.33,0.12186118960380554,0.26075661182403564,0.5203368067741394
/home/donglei/isaac_projects/isaac_drone_racer/.worktrees/stage1-fake-vio/logs/skrl/stage1_recovery_20260905/2026-09-05_11-37-52/2026-09-05_11-37-57_ppo_torch_stage1_mixed/checkpoints/agent_50400.pt,8358d49b14eff681c47b70db964f4007dbfd07e9212768e13dbf0c17f0afc8d8,150d107225160ac498040fa20d4ccf9e26ec2703,True,fixed_per_environment_quotas_v2,mild,29,92,True,True,5.97,,7,False,False,39.504974365234375,5.97,0.12294775247573853,0.0439603365957737,0.30991244316101074
/home/donglei/isaac_projects/isaac_drone_racer/.worktrees/stage1-fake-vio/logs/skrl/stage1_recovery_20260905/2026-09-05_11-37-52/2026-09-05_11-37-57_ppo_torch_stage1_mixed/checkpoints/agent_50400.pt,8358d49b14eff681c47b70db964f4007dbfd07e9212768e13dbf0c17f0afc8d8,150d107225160ac498040fa20d4ccf9e26ec2703,True,fixed_per_environment_quotas_v2,mild,29,93,True,True,6.08,,7,False,False,39.63826370239258,6.08,0.1337236911058426,0.03982461243867874,0.3368619978427887
/home/donglei/isaac_projects/isaac_drone_racer/.worktrees/stage1-fake-vio/logs/skrl/stage1_recovery_20260905/2026-09-05_11-37-52/2026-09-05_11-37-57_ppo_torch_stage1_mixed/checkpoints/agent_50400.pt,8358d49b14eff681c47b70db964f4007dbfd07e9212768e13dbf0c17f0afc8d8,150d107225160ac498040fa20d4ccf9e26ec2703,True,fixed_per_environment_quotas_v2,mild,29,94,True,True,5.96,,7,False,False,39.73784637451172,5.96,0.1259990781545639,0.039525147527456284,0.31252628564834595
/home/donglei/isaac_projects/isaac_drone_racer/.worktrees/stage1-fake-vio/logs/skrl/stage1_recovery_20260905/2026-09-05_11-37-52/2026-09-05_11-37-57_ppo_torch_stage1_mixed/checkpoints/agent_50400.pt,8358d49b14eff681c47b70db964f4007dbfd07e9212768e13dbf0c17f0afc8d8,150d107225160ac498040fa20d4ccf9e26ec2703,True,fixed_per_environment_quotas_v2,mild,29,95,True,True,5.83,,7,False,False,39.47791290283203,5.83,0.13300001621246338,0.04037521034479141,0.32530638575553894
/home/donglei/isaac_projects/isaac_drone_racer/.worktrees/stage1-fake-vio/logs/skrl/stage1_recovery_20260905/2026-09-05_11-37-52/2026-09-05_11-37-57_ppo_torch_stage1_mixed/checkpoints/agent_50400.pt,8358d49b14eff681c47b70db964f4007dbfd07e9212768e13dbf0c17f0afc8d8,150d107225160ac498040fa20d4ccf9e26ec2703,True,fixed_per_environment_quotas_v2,mild,29,96,True,True,5.92,,7,False,False,39.84357452392578,5.92,0.1311003714799881,0.039390381425619125,0.33300960063934326
/home/donglei/isaac_projects/isaac_drone_racer/.worktrees/stage1-fake-vio/logs/skrl/stage1_recovery_20260905/2026-09-05_11-37-52/2026-09-05_11-37-57_ppo_torch_stage1_mixed/checkpoints/agent_50400.pt,8358d49b14eff681c47b70db964f4007dbfd07e9212768e13dbf0c17f0afc8d8,150d107225160ac498040fa20d4ccf9e26ec2703,True,fixed_per_environment_quotas_v2,mild,29,97,True,True,6.16,,7,False,False,39.75001907348633,6.16,0.12473288923501968,0.03962079808115959,0.326812207698822
/home/donglei/isaac_projects/isaac_drone_racer/.worktrees/stage1-fake-vio/logs/skrl/stage1_recovery_20260905/2026-09-05_11-37-52/2026-09-05_11-37-57_ppo_torch_stage1_mixed/checkpoints/agent_50400.pt,8358d49b14eff681c47b70db964f4007dbfd07e9212768e13dbf0c17f0afc8d8,150d107225160ac498040fa20d4ccf9e26ec2703,True,fixed_per_environment_quotas_v2,mild,29,98,True,True,5.98,,7,False,False,39.44135284423828,5.98,0.129130557179451,0.0408477708697319,0.3311351537704468
/home/donglei/isaac_projects/isaac_drone_racer/.worktrees/stage1-fake-vio/logs/skrl/stage1_recovery_20260905/2026-09-05_11-37-52/2026-09-05_11-37-57_ppo_torch_stage1_mixed/checkpoints/agent_50400.pt,8358d49b14eff681c47b70db964f4007dbfd07e9212768e13dbf0c17f0afc8d8,150d107225160ac498040fa20d4ccf9e26ec2703,True,fixed_per_environment_quotas_v2,mild,29,99,True,True,5.86,,7,False,False,39.776512145996094,5.86,0.1400771290063858,0.037476494908332825,0.3578058183193207
/home/donglei/isaac_projects/isaac_drone_racer/.worktrees/stage1-fake-vio/logs/skrl/stage1_recovery_20260905/2026-09-05_11-37-52/2026-09-05_11-37-57_ppo_torch_stage1_mixed/checkpoints/agent_50400.pt,8358d49b14eff681c47b70db964f4007dbfd07e9212768e13dbf0c17f0afc8d8,150d107225160ac498040fa20d4ccf9e26ec2703,True,fixed_per_environment_quotas_v2,mild,29,100,True,True,6.05,,7,False,False,39.636497497558594,6.05,0.12314809858798981,0.04029616713523865,0.3134539723396301
/home/donglei/isaac_projects/isaac_drone_racer/.worktrees/stage1-fake-vio/logs/skrl/stage1_recovery_20260905/2026-09-05_11-37-52/2026-09-05_11-37-57_ppo_torch_stage1_mixed/checkpoints/agent_50400.pt,8358d49b14eff681c47b70db964f4007dbfd07e9212768e13dbf0c17f0afc8d8,150d107225160ac498040fa20d4ccf9e26ec2703,True,fixed_per_environment_quotas_v2,mild,29,101,True,True,5.82,,7,False,False,39.58364486694336,5.82,0.12592679262161255,0.04026344418525696,0.3172132968902588
/home/donglei/isaac_projects/isaac_drone_racer/.worktrees/stage1-fake-vio/logs/skrl/stage1_recovery_20260905/2026-09-05_11-37-52/2026-09-05_11-37-57_ppo_torch_stage1_mixed/checkpoints/agent_50400.pt,8358d49b14eff681c47b70db964f4007dbfd07e9212768e13dbf0c17f0afc8d8,150d107225160ac498040fa20d4ccf9e26ec2703,True,fixed_per_environment_quotas_v2,mild,29,102,True,True,5.94,,7,False,False,39.53588104248047,5.94,0.13144975900650024,0.041918713599443436,0.34149041771888733
/home/donglei/isaac_projects/isaac_drone_racer/.worktrees/stage1-fake-vio/logs/skrl/stage1_recovery_20260905/2026-09-05_11-37-52/2026-09-05_11-37-57_ppo_torch_stage1_mixed/checkpoints/agent_50400.pt,8358d49b14eff681c47b70db964f4007dbfd07e9212768e13dbf0c17f0afc8d8,150d107225160ac498040fa20d4ccf9e26ec2703,True,fixed_per_environment_quotas_v2,mild,29,103,True,True,6.17,,7,False,False,39.637779235839844,6.17,0.12321005016565323,0.04075205326080322,0.3213455379009247
/home/donglei/isaac_projects/isaac_drone_racer/.worktrees/stage1-fake-vio/logs/skrl/stage1_recovery_20260905/2026-09-05_11-37-52/2026-09-05_11-37-57_ppo_torch_stage1_mixed/checkpoints/agent_50400.pt,8358d49b14eff681c47b70db964f4007dbfd07e9212768e13dbf0c17f0afc8d8,150d107225160ac498040fa20d4ccf9e26ec2703,True,fixed_per_environment_quotas_v2,mild,29,104,True,True,5.99,,7,False,False,39.48383331298828,5.99,0.1280822902917862,0.040037598460912704,0.32797732949256897
/home/donglei/isaac_projects/isaac_drone_racer/.worktrees/stage1-fake-vio/logs/skrl/stage1_recovery_20260905/2026-09-05_11-37-52/2026-09-05_11-37-57_ppo_torch_stage1_mixed/checkpoints/agent_50400.pt,8358d49b14eff681c47b70db964f4007dbfd07e9212768e13dbf0c17f0afc8d8,150d107225160ac498040fa20d4ccf9e26ec2703,True,fixed_per_environment_quotas_v2,mild,29,105,True,True,5.98,,7,False,False,39.75314712524414,5.98,0.13472597301006317,0.03938232362270355,0.3377602696418762
/home/donglei/isaac_projects/isaac_drone_racer/.worktrees/stage1-fake-vio/logs/skrl/stage1_recovery_20260905/2026-09-05_11-37-52/2026-09-05_11-37-57_ppo_torch_stage1_mixed/checkpoints/agent_50400.pt,8358d49b14eff681c47b70db964f4007dbfd07e9212768e13dbf0c17f0afc8d8,150d107225160ac498040fa20d4ccf9e26ec2703,True,fixed_per_environment_quotas_v2,mild,29,106,True,True,6.01,,7,False,False,39.70600891113281,6.01,0.13561010360717773,0.039730288088321686,0.3413095474243164
/home/donglei/isaac_projects/isaac_drone_racer/.worktrees/stage1-fake-vio/logs/skrl/stage1_recovery_20260905/2026-09-05_11-37-52/2026-09-05_11-37-57_ppo_torch_stage1_mixed/checkpoints/agent_50400.pt,8358d49b14eff681c47b70db964f4007dbfd07e9212768e13dbf0c17f0afc8d8,150d107225160ac498040fa20d4ccf9e26ec2703,True,fixed_per_environment_quotas_v2,mild,29,107,True,True,6.17,,7,False,False,39.925926208496094,6.17,0.1222022995352745,0.043089646846055984,0.31487828493118286
/home/donglei/isaac_projects/isaac_drone_racer/.worktrees/stage1-fake-vio/logs/skrl/stage1_recovery_20260905/2026-09-05_11-37-52/2026-09-05_11-37-57_ppo_torch_stage1_mixed/checkpoints/agent_50400.pt,8358d49b14eff681c47b70db964f4007dbfd07e9212768e13dbf0c17f0afc8d8,150d107225160ac498040fa20d4ccf9e26ec2703,True,fixed_per_environment_quotas_v2,mild,29,108,True,True,6.05,,7,False,False,39.75047302246094,6.05,0.1286763995885849,0.03998679295182228,0.3218097388744354
/home/donglei/isaac_projects/isaac_drone_racer/.worktrees/stage1-fake-vio/logs/skrl/stage1_recovery_20260905/2026-09-05_11-37-52/2026-09-05_11-37-57_ppo_torch_stage1_mixed/checkpoints/agent_50400.pt,8358d49b14eff681c47b70db964f4007dbfd07e9212768e13dbf0c17f0afc8d8,150d107225160ac498040fa20d4ccf9e26ec2703,True,fixed_per_environment_quotas_v2,mild,29,109,True,True,6.05,,7,False,False,39.522422790527344,6.05,0.12683448195457458,0.03810781240463257,0.32342272996902466
/home/donglei/isaac_projects/isaac_drone_racer/.worktrees/stage1-fake-vio/logs/skrl/stage1_recovery_20260905/2026-09-05_11-37-52/2026-09-05_11-37-57_ppo_torch_stage1_mixed/checkpoints/agent_50400.pt,8358d49b14eff681c47b70db964f4007dbfd07e9212768e13dbf0c17f0afc8d8,150d107225160ac498040fa20d4ccf9e26ec2703,True,fixed_per_environment_quotas_v2,mild,29,110,True,True,6.03,,7,False,False,39.48108673095703,6.03,0.1289469599723816,0.04160444438457489,0.3162855803966522
/home/donglei/isaac_projects/isaac_drone_racer/.worktrees/stage1-fake-vio/logs/skrl/stage1_recovery_20260905/2026-09-05_11-37-52/2026-09-05_11-37-57_ppo_torch_stage1_mixed/checkpoints/agent_50400.pt,8358d49b14eff681c47b70db964f4007dbfd07e9212768e13dbf0c17f0afc8d8,150d107225160ac498040fa20d4ccf9e26ec2703,True,fixed_per_environment_quotas_v2,mild,29,111,True,True,6.13,,7,False,False,39.8036003112793,6.13,0.12481574714183807,0.04131729155778885,0.31211477518081665
/home/donglei/isaac_projects/isaac_drone_racer/.worktrees/stage1-fake-vio/logs/skrl/stage1_recovery_20260905/2026-09-05_11-37-52/2026-09-05_11-37-57_ppo_torch_stage1_mixed/checkpoints/agent_50400.pt,8358d49b14eff681c47b70db964f4007dbfd07e9212768e13dbf0c17f0afc8d8,150d107225160ac498040fa20d4ccf9e26ec2703,True,fixed_per_environment_quotas_v2,mild,29,112,True,True,6.13,,7,False,False,39.551513671875,6.13,0.1274597942829132,0.04035612940788269,0.32624638080596924
/home/donglei/isaac_projects/isaac_drone_racer/.worktrees/stage1-fake-vio/logs/skrl/stage1_recovery_20260905/2026-09-05_11-37-52/2026-09-05_11-37-57_ppo_torch_stage1_mixed/checkpoints/agent_50400.pt,8358d49b14eff681c47b70db964f4007dbfd07e9212768e13dbf0c17f0afc8d8,150d107225160ac498040fa20d4ccf9e26ec2703,True,fixed_per_environment_quotas_v2,mild,29,113,True,True,5.98,,7,False,False,39.46955871582031,5.98,0.12471864372491837,0.03876642510294914,0.3056469261646271
/home/donglei/isaac_projects/isaac_drone_racer/.worktrees/stage1-fake-vio/logs/skrl/stage1_recovery_20260905/2026-09-05_11-37-52/2026-09-05_11-37-57_ppo_torch_stage1_mixed/checkpoints/agent_50400.pt,8358d49b14eff681c47b70db964f4007dbfd07e9212768e13dbf0c17f0afc8d8,150d107225160ac498040fa20d4ccf9e26ec2703,True,fixed_per_environment_quotas_v2,mild,29,114,True,True,5.98,,7,False,False,39.77354049682617,5.98,0.12390829622745514,0.04110676050186157,0.3274622857570648
/home/donglei/isaac_projects/isaac_drone_racer/.worktrees/stage1-fake-vio/logs/skrl/stage1_recovery_20260905/2026-09-05_11-37-52/2026-09-05_11-37-57_ppo_torch_stage1_mixed/checkpoints/agent_50400.pt,8358d49b14eff681c47b70db964f4007dbfd07e9212768e13dbf0c17f0afc8d8,150d107225160ac498040fa20d4ccf9e26ec2703,True,fixed_per_environment_quotas_v2,mild,29,115,True,True,6.0,,7,False,False,39.95018005371094,6.0,0.12317724525928497,0.04191359132528305,0.31649088859558105
/home/donglei/isaac_projects/isaac_drone_racer/.worktrees/stage1-fake-vio/logs/skrl/stage1_recovery_20260905/2026-09-05_11-37-52/2026-09-05_11-37-57_ppo_torch_stage1_mixed/checkpoints/agent_50400.pt,8358d49b14eff681c47b70db964f4007dbfd07e9212768e13dbf0c17f0afc8d8,150d107225160ac498040fa20d4ccf9e26ec2703,True,fixed_per_environment_quotas_v2,mild,29,116,True,True,6.2,,7,False,False,39.434326171875,6.2,0.12316995859146118,0.04228247329592705,0.32453280687332153
/home/donglei/isaac_projects/isaac_drone_racer/.worktrees/stage1-fake-vio/logs/skrl/stage1_recovery_20260905/2026-09-05_11-37-52/2026-09-05_11-37-57_ppo_torch_stage1_mixed/checkpoints/agent_50400.pt,8358d49b14eff681c47b70db964f4007dbfd07e9212768e13dbf0c17f0afc8d8,150d107225160ac498040fa20d4ccf9e26ec2703,True,fixed_per_environment_quotas_v2,mild,29,117,True,True,6.15,,7,False,False,39.615840911865234,6.15,0.1226850375533104,0.04106917604804039,0.3244817554950714
/home/donglei/isaac_projects/isaac_drone_racer/.worktrees/stage1-fake-vio/logs/skrl/stage1_recovery_20260905/2026-09-05_11-37-52/2026-09-05_11-37-57_ppo_torch_stage1_mixed/checkpoints/agent_50400.pt,8358d49b14eff681c47b70db964f4007dbfd07e9212768e13dbf0c17f0afc8d8,150d107225160ac498040fa20d4ccf9e26ec2703,True,fixed_per_environment_quotas_v2,mild,29,118,True,True,6.11,,7,False,False,40.0369873046875,6.11,0.12389081716537476,0.04091623052954674,0.3127279579639435
/home/donglei/isaac_projects/isaac_drone_racer/.worktrees/stage1-fake-vio/logs/skrl/stage1_recovery_20260905/2026-09-05_11-37-52/2026-09-05_11-37-57_ppo_torch_stage1_mixed/checkpoints/agent_50400.pt,8358d49b14eff681c47b70db964f4007dbfd07e9212768e13dbf0c17f0afc8d8,150d107225160ac498040fa20d4ccf9e26ec2703,True,fixed_per_environment_quotas_v2,mild,29,119,True,True,6.05,,7,False,False,39.80382537841797,6.05,0.12753801047801971,0.041694749146699905,0.32351234555244446
/home/donglei/isaac_projects/isaac_drone_racer/.worktrees/stage1-fake-vio/logs/skrl/stage1_recovery_20260905/2026-09-05_11-37-52/2026-09-05_11-37-57_ppo_torch_stage1_mixed/checkpoints/agent_50400.pt,8358d49b14eff681c47b70db964f4007dbfd07e9212768e13dbf0c17f0afc8d8,150d107225160ac498040fa20d4ccf9e26ec2703,True,fixed_per_environment_quotas_v2,mild,29,120,True,True,5.93,,7,False,False,39.64723205566406,5.93,0.1257157176733017,0.038971442729234695,0.31340882182121277
/home/donglei/isaac_projects/isaac_drone_racer/.worktrees/stage1-fake-vio/logs/skrl/stage1_recovery_20260905/2026-09-05_11-37-52/2026-09-05_11-37-57_ppo_torch_stage1_mixed/checkpoints/agent_50400.pt,8358d49b14eff681c47b70db964f4007dbfd07e9212768e13dbf0c17f0afc8d8,150d107225160ac498040fa20d4ccf9e26ec2703,True,fixed_per_environment_quotas_v2,mild,29,121,True,True,5.95,,7,False,False,39.82948684692383,5.95,0.11945035308599472,0.04431360587477684,0.30912408232688904
/home/donglei/isaac_projects/isaac_drone_racer/.worktrees/stage1-fake-vio/logs/skrl/stage1_recovery_20260905/2026-09-05_11-37-52/2026-09-05_11-37-57_ppo_torch_stage1_mixed/checkpoints/agent_50400.pt,8358d49b14eff681c47b70db964f4007dbfd07e9212768e13dbf0c17f0afc8d8,150d107225160ac498040fa20d4ccf9e26ec2703,True,fixed_per_environment_quotas_v2,mild,29,122,True,True,6.36,,7,False,False,39.686256408691406,6.36,0.11919446289539337,0.03795943409204483,0.3001827895641327
/home/donglei/isaac_projects/isaac_drone_racer/.worktrees/stage1-fake-vio/logs/skrl/stage1_recovery_20260905/2026-09-05_11-37-52/2026-09-05_11-37-57_ppo_torch_stage1_mixed/checkpoints/agent_50400.pt,8358d49b14eff681c47b70db964f4007dbfd07e9212768e13dbf0c17f0afc8d8,150d107225160ac498040fa20d4ccf9e26ec2703,True,fixed_per_environment_quotas_v2,mild,29,123,True,True,6.09,,7,False,False,39.6163215637207,6.09,0.12634101510047913,0.04251240938901901,0.3120797872543335
/home/donglei/isaac_projects/isaac_drone_racer/.worktrees/stage1-fake-vio/logs/skrl/stage1_recovery_20260905/2026-09-05_11-37-52/2026-09-05_11-37-57_ppo_torch_stage1_mixed/checkpoints/agent_50400.pt,8358d49b14eff681c47b70db964f4007dbfd07e9212768e13dbf0c17f0afc8d8,150d107225160ac498040fa20d4ccf9e26ec2703,True,fixed_per_environment_quotas_v2,mild,29,124,True,True,6.11,,7,False,False,39.93889236450195,6.11,0.12266293168067932,0.03861692175269127,0.3138435482978821
/home/donglei/isaac_projects/isaac_drone_racer/.worktrees/stage1-fake-vio/logs/skrl/stage1_recovery_20260905/2026-09-05_11-37-52/2026-09-05_11-37-57_ppo_torch_stage1_mixed/checkpoints/agent_50400.pt,8358d49b14eff681c47b70db964f4007dbfd07e9212768e13dbf0c17f0afc8d8,150d107225160ac498040fa20d4ccf9e26ec2703,True,fixed_per_environment_quotas_v2,mild,29,125,True,True,5.98,,7,False,False,39.67433166503906,5.98,0.12650568783283234,0.03943806514143944,0.3240087628364563
/home/donglei/isaac_projects/isaac_drone_racer/.worktrees/stage1-fake-vio/logs/skrl/stage1_recovery_20260905/2026-09-05_11-37-52/2026-09-05_11-37-57_ppo_torch_stage1_mixed/checkpoints/agent_50400.pt,8358d49b14eff681c47b70db964f4007dbfd07e9212768e13dbf0c17f0afc8d8,150d107225160ac498040fa20d4ccf9e26ec2703,True,fixed_per_environment_quotas_v2,mild,29,126,True,True,5.98,,7,False,False,39.43246841430664,5.98,0.1261807531118393,0.03992490470409393,0.3304106891155243
/home/donglei/isaac_projects/isaac_drone_racer/.worktrees/stage1-fake-vio/logs/skrl/stage1_recovery_20260905/2026-09-05_11-37-52/2026-09-05_11-37-57_ppo_torch_stage1_mixed/checkpoints/agent_50400.pt,8358d49b14eff681c47b70db964f4007dbfd07e9212768e13dbf0c17f0afc8d8,150d107225160ac498040fa20d4ccf9e26ec2703,True,fixed_per_environment_quotas_v2,mild,29,127,True,True,6.08,,7,False,False,39.75811004638672,6.08,0.12601767480373383,0.040697090327739716,0.3165039122104645
/home/donglei/isaac_projects/isaac_drone_racer/.worktrees/stage1-fake-vio/logs/skrl/stage1_recovery_20260905/2026-09-05_11-37-52/2026-09-05_11-37-57_ppo_torch_stage1_mixed/checkpoints/agent_50400.pt,8358d49b14eff681c47b70db964f4007dbfd07e9212768e13dbf0c17f0afc8d8,150d107225160ac498040fa20d4ccf9e26ec2703,True,fixed_per_environment_quotas_v2,mild,47,0,False,False,,7,0,False,False,-6.42138147354126,1.01,0.22030983865261078,0.34163898229599,0.3254697024822235
/home/donglei/isaac_projects/isaac_drone_racer/.worktrees/stage1-fake-vio/logs/skrl/stage1_recovery_20260905/2026-09-05_11-37-52/2026-09-05_11-37-57_ppo_torch_stage1_mixed/checkpoints/agent_50400.pt,8358d49b14eff681c47b70db964f4007dbfd07e9212768e13dbf0c17f0afc8d8,150d107225160ac498040fa20d4ccf9e26ec2703,True,fixed_per_environment_quotas_v2,mild,47,1,False,False,,2,1,True,False,1.2616519927978516,1.06,0.14236994087696075,0.11779490858316422,1.315482497215271
/home/donglei/isaac_projects/isaac_drone_racer/.worktrees/stage1-fake-vio/logs/skrl/stage1_recovery_20260905/2026-09-05_11-37-52/2026-09-05_11-37-57_ppo_torch_stage1_mixed/checkpoints/agent_50400.pt,8358d49b14eff681c47b70db964f4007dbfd07e9212768e13dbf0c17f0afc8d8,150d107225160ac498040fa20d4ccf9e26ec2703,True,fixed_per_environment_quotas_v2,mild,47,2,False,False,,1,1,False,False,5.63479471206665,1.09,0.10672419518232346,0.03410124406218529,0.3813222050666809
/home/donglei/isaac_projects/isaac_drone_racer/.worktrees/stage1-fake-vio/logs/skrl/stage1_recovery_20260905/2026-09-05_11-37-52/2026-09-05_11-37-57_ppo_torch_stage1_mixed/checkpoints/agent_50400.pt,8358d49b14eff681c47b70db964f4007dbfd07e9212768e13dbf0c17f0afc8d8,150d107225160ac498040fa20d4ccf9e26ec2703,True,fixed_per_environment_quotas_v2,mild,47,3,False,False,,3,1,False,False,6.090736389160156,1.11,0.14585982263088226,0.03982902318239212,0.34637847542762756
/home/donglei/isaac_projects/isaac_drone_racer/.worktrees/stage1-fake-vio/logs/skrl/stage1_recovery_20260905/2026-09-05_11-37-52/2026-09-05_11-37-57_ppo_torch_stage1_mixed/checkpoints/agent_50400.pt,8358d49b14eff681c47b70db964f4007dbfd07e9212768e13dbf0c17f0afc8d8,150d107225160ac498040fa20d4ccf9e26ec2703,True,fixed_per_environment_quotas_v2,mild,47,4,False,False,,4,1,False,False,7.682180404663086,1.1500000000000001,0.16787350177764893,0.047791339457035065,0.2934182584285736
/home/donglei/isaac_projects/isaac_drone_racer/.worktrees/stage1-fake-vio/logs/skrl/stage1_recovery_20260905/2026-09-05_11-37-52/2026-09-05_11-37-57_ppo_torch_stage1_mixed/checkpoints/agent_50400.pt,8358d49b14eff681c47b70db964f4007dbfd07e9212768e13dbf0c17f0afc8d8,150d107225160ac498040fa20d4ccf9e26ec2703,True,fixed_per_environment_quotas_v2,mild,47,5,False,False,,1,1,False,False,5.614187717437744,1.16,0.1156492754817009,0.03245999664068222,0.36397606134414673
/home/donglei/isaac_projects/isaac_drone_racer/.worktrees/stage1-fake-vio/logs/skrl/stage1_recovery_20260905/2026-09-05_11-37-52/2026-09-05_11-37-57_ppo_torch_stage1_mixed/checkpoints/agent_50400.pt,8358d49b14eff681c47b70db964f4007dbfd07e9212768e13dbf0c17f0afc8d8,150d107225160ac498040fa20d4ccf9e26ec2703,True,fixed_per_environment_quotas_v2,mild,47,6,False,False,,1,2,False,False,10.625083923339844,1.47,0.12549661099910736,0.03267354145646095,0.3393217623233795
/home/donglei/isaac_projects/isaac_drone_racer/.worktrees/stage1-fake-vio/logs/skrl/stage1_recovery_20260905/2026-09-05_11-37-52/2026-09-05_11-37-57_ppo_torch_stage1_mixed/checkpoints/agent_50400.pt,8358d49b14eff681c47b70db964f4007dbfd07e9212768e13dbf0c17f0afc8d8,150d107225160ac498040fa20d4ccf9e26ec2703,True,fixed_per_environment_quotas_v2,mild,47,7,False,False,,5,2,False,False,11.617755889892578,1.47,0.15772326290607452,0.036427997052669525,0.3350258469581604
/home/donglei/isaac_projects/isaac_drone_racer/.worktrees/stage1-fake-vio/logs/skrl/stage1_recovery_20260905/2026-09-05_11-37-52/2026-09-05_11-37-57_ppo_torch_stage1_mixed/checkpoints/agent_50400.pt,8358d49b14eff681c47b70db964f4007dbfd07e9212768e13dbf0c17f0afc8d8,150d107225160ac498040fa20d4ccf9e26ec2703,True,fixed_per_environment_quotas_v2,mild,47,8,False,False,,2,1,True,False,0.7558765411376953,1.5,0.09029515832662582,0.2733778953552246,0.7057035565376282
/home/donglei/isaac_projects/isaac_drone_racer/.worktrees/stage1-fake-vio/logs/skrl/stage1_recovery_20260905/2026-09-05_11-37-52/2026-09-05_11-37-57_ppo_torch_stage1_mixed/checkpoints/agent_50400.pt,8358d49b14eff681c47b70db964f4007dbfd07e9212768e13dbf0c17f0afc8d8,150d107225160ac498040fa20d4ccf9e26ec2703,True,fixed_per_environment_quotas_v2,mild,47,9,False,False,,3,2,False,False,10.790708541870117,1.62,0.13236768543720245,0.040219746530056,0.36226919293403625
/home/donglei/isaac_projects/isaac_drone_racer/.worktrees/stage1-fake-vio/logs/skrl/stage1_recovery_20260905/2026-09-05_11-37-52/2026-09-05_11-37-57_ppo_torch_stage1_mixed/checkpoints/agent_50400.pt,8358d49b14eff681c47b70db964f4007dbfd07e9212768e13dbf0c17f0afc8d8,150d107225160ac498040fa20d4ccf9e26ec2703,True,fixed_per_environment_quotas_v2,mild,47,10,False,False,,4,1,False,False,8.697515487670898,1.84,0.1610167771577835,0.03538059443235397,0.33100831508636475
/home/donglei/isaac_projects/isaac_drone_racer/.worktrees/stage1-fake-vio/logs/skrl/stage1_recovery_20260905/2026-09-05_11-37-52/2026-09-05_11-37-57_ppo_torch_stage1_mixed/checkpoints/agent_50400.pt,8358d49b14eff681c47b70db964f4007dbfd07e9212768e13dbf0c17f0afc8d8,150d107225160ac498040fa20d4ccf9e26ec2703,True,fixed_per_environment_quotas_v2,mild,47,11,False,False,,6,0,True,False,-3.179828643798828,0.92,0.1138041615486145,0.04954991117119789,0.5242258906364441
/home/donglei/isaac_projects/isaac_drone_racer/.worktrees/stage1-fake-vio/logs/skrl/stage1_recovery_20260905/2026-09-05_11-37-52/2026-09-05_11-37-57_ppo_torch_stage1_mixed/checkpoints/agent_50400.pt,8358d49b14eff681c47b70db964f4007dbfd07e9212768e13dbf0c17f0afc8d8,150d107225160ac498040fa20d4ccf9e26ec2703,True,fixed_per_environment_quotas_v2,mild,47,12,False,False,,3,0,True,False,-3.9751346111297607,0.92,0.08926338702440262,0.07995694875717163,0.2679751217365265
/home/donglei/isaac_projects/isaac_drone_racer/.worktrees/stage1-fake-vio/logs/skrl/stage1_recovery_20260905/2026-09-05_11-37-52/2026-09-05_11-37-57_ppo_torch_stage1_mixed/checkpoints/agent_50400.pt,8358d49b14eff681c47b70db964f4007dbfd07e9212768e13dbf0c17f0afc8d8,150d107225160ac498040fa20d4ccf9e26ec2703,True,fixed_per_environment_quotas_v2,mild,47,13,False,False,,3,3,False,False,15.894645690917969,2.16,0.133988618850708,0.03996293246746063,0.35491517186164856
/home/donglei/isaac_projects/isaac_drone_racer/.worktrees/stage1-fake-vio/logs/skrl/stage1_recovery_20260905/2026-09-05_11-37-52/2026-09-05_11-37-57_ppo_torch_stage1_mixed/checkpoints/agent_50400.pt,8358d49b14eff681c47b70db964f4007dbfd07e9212768e13dbf0c17f0afc8d8,150d107225160ac498040fa20d4ccf9e26ec2703,True,fixed_per_environment_quotas_v2,mild,47,14,False,False,,3,0,True,False,-3.102778911590576,1.05,0.10847905278205872,0.05261831358075142,1.9702008962631226
/home/donglei/isaac_projects/isaac_drone_racer/.worktrees/stage1-fake-vio/logs/skrl/stage1_recovery_20260905/2026-09-05_11-37-52/2026-09-05_11-37-57_ppo_torch_stage1_mixed/checkpoints/agent_50400.pt,8358d49b14eff681c47b70db964f4007dbfd07e9212768e13dbf0c17f0afc8d8,150d107225160ac498040fa20d4ccf9e26ec2703,True,fixed_per_environment_quotas_v2,mild,47,15,False,False,,6,3,False,False,17.11199188232422,2.22,0.14962567389011383,0.041153643280267715,0.33932259678840637
/home/donglei/isaac_projects/isaac_drone_racer/.worktrees/stage1-fake-vio/logs/skrl/stage1_recovery_20260905/2026-09-05_11-37-52/2026-09-05_11-37-57_ppo_torch_stage1_mixed/checkpoints/agent_50400.pt,8358d49b14eff681c47b70db964f4007dbfd07e9212768e13dbf0c17f0afc8d8,150d107225160ac498040fa20d4ccf9e26ec2703,True,fixed_per_environment_quotas_v2,mild,47,16,False,False,,1,2,True,False,7.055567741394043,2.62,0.10985253006219864,0.042854487895965576,0.3422014117240906
/home/donglei/isaac_projects/isaac_drone_racer/.worktrees/stage1-fake-vio/logs/skrl/stage1_recovery_20260905/2026-09-05_11-37-52/2026-09-05_11-37-57_ppo_torch_stage1_mixed/checkpoints/agent_50400.pt,8358d49b14eff681c47b70db964f4007dbfd07e9212768e13dbf0c17f0afc8d8,150d107225160ac498040fa20d4ccf9e26ec2703,True,fixed_per_environment_quotas_v2,mild,47,17,False,False,,7,4,False,False,22.891590118408203,2.85,0.15593001246452332,0.03420240804553032,0.350274920463562
/home/donglei/isaac_projects/isaac_drone_racer/.worktrees/stage1-fake-vio/logs/skrl/stage1_recovery_20260905/2026-09-05_11-37-52/2026-09-05_11-37-57_ppo_torch_stage1_mixed/checkpoints/agent_50400.pt,8358d49b14eff681c47b70db964f4007dbfd07e9212768e13dbf0c17f0afc8d8,150d107225160ac498040fa20d4ccf9e26ec2703,True,fixed_per_environment_quotas_v2,mild,47,18,False,False,,2,1,True,False,2.0962700843811035,1.81,0.10739708691835403,0.051624663174152374,0.46467944979667664
/home/donglei/isaac_projects/isaac_drone_racer/.worktrees/stage1-fake-vio/logs/skrl/stage1_recovery_20260905/2026-09-05_11-37-52/2026-09-05_11-37-57_ppo_torch_stage1_mixed/checkpoints/agent_50400.pt,8358d49b14eff681c47b70db964f4007dbfd07e9212768e13dbf0c17f0afc8d8,150d107225160ac498040fa20d4ccf9e26ec2703,True,fixed_per_environment_quotas_v2,mild,47,19,False,False,,5,3,False,False,18.319067001342773,2.97,0.14089420437812805,0.04175562039017677,0.33390364050865173
/home/donglei/isaac_projects/isaac_drone_racer/.worktrees/stage1-fake-vio/logs/skrl/stage1_recovery_20260905/2026-09-05_11-37-52/2026-09-05_11-37-57_ppo_torch_stage1_mixed/checkpoints/agent_50400.pt,8358d49b14eff681c47b70db964f4007dbfd07e9212768e13dbf0c17f0afc8d8,150d107225160ac498040fa20d4ccf9e26ec2703,True,fixed_per_environment_quotas_v2,mild,47,20,False,False,,3,4,False,False,21.474651336669922,2.98,0.1337331235408783,0.03784980624914169,0.3417595624923706
/home/donglei/isaac_projects/isaac_drone_racer/.worktrees/stage1-fake-vio/logs/skrl/stage1_recovery_20260905/2026-09-05_11-37-52/2026-09-05_11-37-57_ppo_torch_stage1_mixed/checkpoints/agent_50400.pt,8358d49b14eff681c47b70db964f4007dbfd07e9212768e13dbf0c17f0afc8d8,150d107225160ac498040fa20d4ccf9e26ec2703,True,fixed_per_environment_quotas_v2,mild,47,21,False,False,,4,4,False,False,22.149391174316406,3.3000000000000003,0.13226036727428436,0.035538557916879654,0.35322684049606323
/home/donglei/isaac_projects/isaac_drone_racer/.worktrees/stage1-fake-vio/logs/skrl/stage1_recovery_20260905/2026-09-05_11-37-52/2026-09-05_11-37-57_ppo_torch_stage1_mixed/checkpoints/agent_50400.pt,8358d49b14eff681c47b70db964f4007dbfd07e9212768e13dbf0c17f0afc8d8,150d107225160ac498040fa20d4ccf9e26ec2703,True,fixed_per_environment_quotas_v2,mild,47,22,False,False,,6,1,True,False,1.6214962005615234,1.84,0.09150218963623047,0.04466380551457405,0.9659514427185059
/home/donglei/isaac_projects/isaac_drone_racer/.worktrees/stage1-fake-vio/logs/skrl/stage1_recovery_20260905/2026-09-05_11-37-52/2026-09-05_11-37-57_ppo_torch_stage1_mixed/checkpoints/agent_50400.pt,8358d49b14eff681c47b70db964f4007dbfd07e9212768e13dbf0c17f0afc8d8,150d107225160ac498040fa20d4ccf9e26ec2703,True,fixed_per_environment_quotas_v2,mild,47,23,False,False,,3,4,False,False,22.351957321166992,3.5,0.12515409290790558,0.035488177090883255,0.3562427759170532
/home/donglei/isaac_projects/isaac_drone_racer/.worktrees/stage1-fake-vio/logs/skrl/stage1_recovery_20260905/2026-09-05_11-37-52/2026-09-05_11-37-57_ppo_torch_stage1_mixed/checkpoints/agent_50400.pt,8358d49b14eff681c47b70db964f4007dbfd07e9212768e13dbf0c17f0afc8d8,150d107225160ac498040fa20d4ccf9e26ec2703,True,fixed_per_environment_quotas_v2,mild,47,24,False,False,,2,2,False,True,2.3688430786132812,3.74,0.1327531933784485,0.23970139026641846,0.7902964353561401
/home/donglei/isaac_projects/isaac_drone_racer/.worktrees/stage1-fake-vio/logs/skrl/stage1_recovery_20260905/2026-09-05_11-37-52/2026-09-05_11-37-57_ppo_torch_stage1_mixed/checkpoints/agent_50400.pt,8358d49b14eff681c47b70db964f4007dbfd07e9212768e13dbf0c17f0afc8d8,150d107225160ac498040fa20d4ccf9e26ec2703,True,fixed_per_environment_quotas_v2,mild,47,25,False,False,,1,5,False,False,29.031450271606445,4.32,0.1288263499736786,0.040028445422649384,0.34102773666381836
/home/donglei/isaac_projects/isaac_drone_racer/.worktrees/stage1-fake-vio/logs/skrl/stage1_recovery_20260905/2026-09-05_11-37-52/2026-09-05_11-37-57_ppo_torch_stage1_mixed/checkpoints/agent_50400.pt,8358d49b14eff681c47b70db964f4007dbfd07e9212768e13dbf0c17f0afc8d8,150d107225160ac498040fa20d4ccf9e26ec2703,True,fixed_per_environment_quotas_v2,mild,47,26,False,False,,4,5,False,False,29.4746150970459,4.36,0.14116354286670685,0.04000392556190491,0.34280282258987427
/home/donglei/isaac_projects/isaac_drone_racer/.worktrees/stage1-fake-vio/logs/skrl/stage1_recovery_20260905/2026-09-05_11-37-52/2026-09-05_11-37-57_ppo_torch_stage1_mixed/checkpoints/agent_50400.pt,8358d49b14eff681c47b70db964f4007dbfd07e9212768e13dbf0c17f0afc8d8,150d107225160ac498040fa20d4ccf9e26ec2703,True,fixed_per_environment_quotas_v2,mild,47,27,False,False,,5,5,False,False,28.89779281616211,4.42,0.12828722596168518,0.044435884803533554,0.3309740126132965
/home/donglei/isaac_projects/isaac_drone_racer/.worktrees/stage1-fake-vio/logs/skrl/stage1_recovery_20260905/2026-09-05_11-37-52/2026-09-05_11-37-57_ppo_torch_stage1_mixed/checkpoints/agent_50400.pt,8358d49b14eff681c47b70db964f4007dbfd07e9212768e13dbf0c17f0afc8d8,150d107225160ac498040fa20d4ccf9e26ec2703,True,fixed_per_environment_quotas_v2,mild,47,28,False,False,,5,5,False,False,28.935148239135742,4.43,0.13393466174602509,0.039284877479076385,0.34999632835388184
/home/donglei/isaac_projects/isaac_drone_racer/.worktrees/stage1-fake-vio/logs/skrl/stage1_recovery_20260905/2026-09-05_11-37-52/2026-09-05_11-37-57_ppo_torch_stage1_mixed/checkpoints/agent_50400.pt,8358d49b14eff681c47b70db964f4007dbfd07e9212768e13dbf0c17f0afc8d8,150d107225160ac498040fa20d4ccf9e26ec2703,True,fixed_per_environment_quotas_v2,mild,47,29,False,False,,2,6,False,False,33.47184753417969,4.68,0.1346457451581955,0.03996047377586365,0.33878400921821594
/home/donglei/isaac_projects/isaac_drone_racer/.worktrees/stage1-fake-vio/logs/skrl/stage1_recovery_20260905/2026-09-05_11-37-52/2026-09-05_11-37-57_ppo_torch_stage1_mixed/checkpoints/agent_50400.pt,8358d49b14eff681c47b70db964f4007dbfd07e9212768e13dbf0c17f0afc8d8,150d107225160ac498040fa20d4ccf9e26ec2703,True,fixed_per_environment_quotas_v2,mild,47,30,False,False,,2,6,True,False,30.413028717041016,5.59,0.13386712968349457,0.03607723116874695,0.40294548869132996
/home/donglei/isaac_projects/isaac_drone_racer/.worktrees/stage1-fake-vio/logs/skrl/stage1_recovery_20260905/2026-09-05_11-37-52/2026-09-05_11-37-57_ppo_torch_stage1_mixed/checkpoints/agent_50400.pt,8358d49b14eff681c47b70db964f4007dbfd07e9212768e13dbf0c17f0afc8d8,150d107225160ac498040fa20d4ccf9e26ec2703,True,fixed_per_environment_quotas_v2,mild,47,31,True,True,5.3100000000000005,,7,False,False,39.6840705871582,5.3100000000000005,0.13466455042362213,0.04152117297053337,0.33851706981658936
/home/donglei/isaac_projects/isaac_drone_racer/.worktrees/stage1-fake-vio/logs/skrl/stage1_recovery_20260905/2026-09-05_11-37-52/2026-09-05_11-37-57_ppo_torch_stage1_mixed/checkpoints/agent_50400.pt,8358d49b14eff681c47b70db964f4007dbfd07e9212768e13dbf0c17f0afc8d8,150d107225160ac498040fa20d4ccf9e26ec2703,True,fixed_per_environment_quotas_v2,mild,47,32,True,True,5.0,,7,False,False,38.390472412109375,5.0,0.13155055046081543,0.040382567793130875,0.3353279232978821
/home/donglei/isaac_projects/isaac_drone_racer/.worktrees/stage1-fake-vio/logs/skrl/stage1_recovery_20260905/2026-09-05_11-37-52/2026-09-05_11-37-57_ppo_torch_stage1_mixed/checkpoints/agent_50400.pt,8358d49b14eff681c47b70db964f4007dbfd07e9212768e13dbf0c17f0afc8d8,150d107225160ac498040fa20d4ccf9e26ec2703,True,fixed_per_environment_quotas_v2,mild,47,33,True,True,5.15,,7,False,False,38.21006774902344,5.15,0.13195131719112396,0.03871489316225052,0.33008909225463867
/home/donglei/isaac_projects/isaac_drone_racer/.worktrees/stage1-fake-vio/logs/skrl/stage1_recovery_20260905/2026-09-05_11-37-52/2026-09-05_11-37-57_ppo_torch_stage1_mixed/checkpoints/agent_50400.pt,8358d49b14eff681c47b70db964f4007dbfd07e9212768e13dbf0c17f0afc8d8,150d107225160ac498040fa20d4ccf9e26ec2703,True,fixed_per_environment_quotas_v2,mild,47,34,True,True,5.94,,7,False,False,39.641353607177734,5.94,0.12766587734222412,0.04063522070646286,0.33387795090675354
/home/donglei/isaac_projects/isaac_drone_racer/.worktrees/stage1-fake-vio/logs/skrl/stage1_recovery_20260905/2026-09-05_11-37-52/2026-09-05_11-37-57_ppo_torch_stage1_mixed/checkpoints/agent_50400.pt,8358d49b14eff681c47b70db964f4007dbfd07e9212768e13dbf0c17f0afc8d8,150d107225160ac498040fa20d4ccf9e26ec2703,True,fixed_per_environment_quotas_v2,mild,47,35,True,True,6.07,,7,False,False,39.78899383544922,6.07,0.1277027428150177,0.04393010959029198,0.3316584825515747
/home/donglei/isaac_projects/isaac_drone_racer/.worktrees/stage1-fake-vio/logs/skrl/stage1_recovery_20260905/2026-09-05_11-37-52/2026-09-05_11-37-57_ppo_torch_stage1_mixed/checkpoints/agent_50400.pt,8358d49b14eff681c47b70db964f4007dbfd07e9212768e13dbf0c17f0afc8d8,150d107225160ac498040fa20d4ccf9e26ec2703,True,fixed_per_environment_quotas_v2,mild,47,36,False,False,,6,0,True,False,-3.1007044315338135,1.47,0.09115034341812134,0.24456362426280975,0.8353231549263
/home/donglei/isaac_projects/isaac_drone_racer/.worktrees/stage1-fake-vio/logs/skrl/stage1_recovery_20260905/2026-09-05_11-37-52/2026-09-05_11-37-57_ppo_torch_stage1_mixed/checkpoints/agent_50400.pt,8358d49b14eff681c47b70db964f4007dbfd07e9212768e13dbf0c17f0afc8d8,150d107225160ac498040fa20d4ccf9e26ec2703,True,fixed_per_environment_quotas_v2,mild,47,37,True,True,5.43,,7,False,False,39.57765579223633,5.43,0.1357077807188034,0.04127264767885208,0.33791080117225647
/home/donglei/isaac_projects/isaac_drone_racer/.worktrees/stage1-fake-vio/logs/skrl/stage1_recovery_20260905/2026-09-05_11-37-52/2026-09-05_11-37-57_ppo_torch_stage1_mixed/checkpoints/agent_50400.pt,8358d49b14eff681c47b70db964f4007dbfd07e9212768e13dbf0c17f0afc8d8,150d107225160ac498040fa20d4ccf9e26ec2703,True,fixed_per_environment_quotas_v2,mild,47,38,True,True,5.36,,7,False,False,38.999847412109375,5.36,0.13737693428993225,0.038132444024086,0.34704074263572693
/home/donglei/isaac_projects/isaac_drone_racer/.worktrees/stage1-fake-vio/logs/skrl/stage1_recovery_20260905/2026-09-05_11-37-52/2026-09-05_11-37-57_ppo_torch_stage1_mixed/checkpoints/agent_50400.pt,8358d49b14eff681c47b70db964f4007dbfd07e9212768e13dbf0c17f0afc8d8,150d107225160ac498040fa20d4ccf9e26ec2703,True,fixed_per_environment_quotas_v2,mild,47,39,True,True,5.2,,7,False,False,39.372623443603516,5.2,0.1366099864244461,0.03760617971420288,0.31772860884666443
/home/donglei/isaac_projects/isaac_drone_racer/.worktrees/stage1-fake-vio/logs/skrl/stage1_recovery_20260905/2026-09-05_11-37-52/2026-09-05_11-37-57_ppo_torch_stage1_mixed/checkpoints/agent_50400.pt,8358d49b14eff681c47b70db964f4007dbfd07e9212768e13dbf0c17f0afc8d8,150d107225160ac498040fa20d4ccf9e26ec2703,True,fixed_per_environment_quotas_v2,mild,47,40,True,True,5.61,,7,False,False,39.33984375,5.61,0.13427598774433136,0.04065949469804764,0.3287055194377899
/home/donglei/isaac_projects/isaac_drone_racer/.worktrees/stage1-fake-vio/logs/skrl/stage1_recovery_20260905/2026-09-05_11-37-52/2026-09-05_11-37-57_ppo_torch_stage1_mixed/checkpoints/agent_50400.pt,8358d49b14eff681c47b70db964f4007dbfd07e9212768e13dbf0c17f0afc8d8,150d107225160ac498040fa20d4ccf9e26ec2703,True,fixed_per_environment_quotas_v2,mild,47,41,True,True,5.29,,7,False,False,39.02796936035156,5.29,0.1342618316411972,0.03937692195177078,0.3390803039073944
/home/donglei/isaac_projects/isaac_drone_racer/.worktrees/stage1-fake-vio/logs/skrl/stage1_recovery_20260905/2026-09-05_11-37-52/2026-09-05_11-37-57_ppo_torch_stage1_mixed/checkpoints/agent_50400.pt,8358d49b14eff681c47b70db964f4007dbfd07e9212768e13dbf0c17f0afc8d8,150d107225160ac498040fa20d4ccf9e26ec2703,True,fixed_per_environment_quotas_v2,mild,47,42,False,False,,3,1,True,False,2.9728784561157227,1.98,0.11482229083776474,0.04586457088589668,1.197432041168213
/home/donglei/isaac_projects/isaac_drone_racer/.worktrees/stage1-fake-vio/logs/skrl/stage1_recovery_20260905/2026-09-05_11-37-52/2026-09-05_11-37-57_ppo_torch_stage1_mixed/checkpoints/agent_50400.pt,8358d49b14eff681c47b70db964f4007dbfd07e9212768e13dbf0c17f0afc8d8,150d107225160ac498040fa20d4ccf9e26ec2703,True,fixed_per_environment_quotas_v2,mild,47,43,True,True,5.59,,7,False,False,39.609039306640625,5.59,0.1380646675825119,0.03663872927427292,0.3348352015018463
/home/donglei/isaac_projects/isaac_drone_racer/.worktrees/stage1-fake-vio/logs/skrl/stage1_recovery_20260905/2026-09-05_11-37-52/2026-09-05_11-37-57_ppo_torch_stage1_mixed/checkpoints/agent_50400.pt,8358d49b14eff681c47b70db964f4007dbfd07e9212768e13dbf0c17f0afc8d8,150d107225160ac498040fa20d4ccf9e26ec2703,True,fixed_per_environment_quotas_v2,mild,47,44,True,True,5.0600000000000005,,7,False,False,39.01605224609375,5.0600000000000005,0.14139503240585327,0.03967074304819107,0.331476628780365
/home/donglei/isaac_projects/isaac_drone_racer/.worktrees/stage1-fake-vio/logs/skrl/stage1_recovery_20260905/2026-09-05_11-37-52/2026-09-05_11-37-57_ppo_torch_stage1_mixed/checkpoints/agent_50400.pt,8358d49b14eff681c47b70db964f4007dbfd07e9212768e13dbf0c17f0afc8d8,150d107225160ac498040fa20d4ccf9e26ec2703,True,fixed_per_environment_quotas_v2,mild,47,45,True,True,5.58,,7,False,False,39.300865173339844,5.58,0.13985393941402435,0.035607192665338516,0.34038475155830383
/home/donglei/isaac_projects/isaac_drone_racer/.worktrees/stage1-fake-vio/logs/skrl/stage1_recovery_20260905/2026-09-05_11-37-52/2026-09-05_11-37-57_ppo_torch_stage1_mixed/checkpoints/agent_50400.pt,8358d49b14eff681c47b70db964f4007dbfd07e9212768e13dbf0c17f0afc8d8,150d107225160ac498040fa20d4ccf9e26ec2703,True,fixed_per_environment_quotas_v2,mild,47,46,True,True,5.76,,7,False,False,39.51118087768555,5.76,0.13724614679813385,0.03645997494459152,0.34170079231262207
/home/donglei/isaac_projects/isaac_drone_racer/.worktrees/stage1-fake-vio/logs/skrl/stage1_recovery_20260905/2026-09-05_11-37-52/2026-09-05_11-37-57_ppo_torch_stage1_mixed/checkpoints/agent_50400.pt,8358d49b14eff681c47b70db964f4007dbfd07e9212768e13dbf0c17f0afc8d8,150d107225160ac498040fa20d4ccf9e26ec2703,True,fixed_per_environment_quotas_v2,mild,47,47,True,True,5.99,,7,False,False,39.35289764404297,5.99,0.12271802127361298,0.04503728076815605,0.30878472328186035
/home/donglei/isaac_projects/isaac_drone_racer/.worktrees/stage1-fake-vio/logs/skrl/stage1_recovery_20260905/2026-09-05_11-37-52/2026-09-05_11-37-57_ppo_torch_stage1_mixed/checkpoints/agent_50400.pt,8358d49b14eff681c47b70db964f4007dbfd07e9212768e13dbf0c17f0afc8d8,150d107225160ac498040fa20d4ccf9e26ec2703,True,fixed_per_environment_quotas_v2,mild,47,48,False,False,,1,0,True,False,-4.248790740966797,0.76,0.0678902342915535,0.06529586017131805,0.9767591953277588
/home/donglei/isaac_projects/isaac_drone_racer/.worktrees/stage1-fake-vio/logs/skrl/stage1_recovery_20260905/2026-09-05_11-37-52/2026-09-05_11-37-57_ppo_torch_stage1_mixed/checkpoints/agent_50400.pt,8358d49b14eff681c47b70db964f4007dbfd07e9212768e13dbf0c17f0afc8d8,150d107225160ac498040fa20d4ccf9e26ec2703,True,fixed_per_environment_quotas_v2,mild,47,49,False,False,,4,2,True,False,9.677002906799316,3.33,0.1292245239019394,0.04335540160536766,0.3057985305786133
/home/donglei/isaac_projects/isaac_drone_racer/.worktrees/stage1-fake-vio/logs/skrl/stage1_recovery_20260905/2026-09-05_11-37-52/2026-09-05_11-37-57_ppo_torch_stage1_mixed/checkpoints/agent_50400.pt,8358d49b14eff681c47b70db964f4007dbfd07e9212768e13dbf0c17f0afc8d8,150d107225160ac498040fa20d4ccf9e26ec2703,True,fixed_per_environment_quotas_v2,mild,47,50,True,True,5.25,,7,False,False,38.941246032714844,5.25,0.1329500526189804,0.041361674666404724,0.3256191611289978
/home/donglei/isaac_projects/isaac_drone_racer/.worktrees/stage1-fake-vio/logs/skrl/stage1_recovery_20260905/2026-09-05_11-37-52/2026-09-05_11-37-57_ppo_torch_stage1_mixed/checkpoints/agent_50400.pt,8358d49b14eff681c47b70db964f4007dbfd07e9212768e13dbf0c17f0afc8d8,150d107225160ac498040fa20d4ccf9e26ec2703,True,fixed_per_environment_quotas_v2,mild,47,51,True,True,6.03,,7,False,False,39.64763641357422,6.03,0.1289932280778885,0.041902922093868256,0.3283650875091553
/home/donglei/isaac_projects/isaac_drone_racer/.worktrees/stage1-fake-vio/logs/skrl/stage1_recovery_20260905/2026-09-05_11-37-52/2026-09-05_11-37-57_ppo_torch_stage1_mixed/checkpoints/agent_50400.pt,8358d49b14eff681c47b70db964f4007dbfd07e9212768e13dbf0c17f0afc8d8,150d107225160ac498040fa20d4ccf9e26ec2703,True,fixed_per_environment_quotas_v2,mild,47,52,True,True,5.64,,7,False,False,39.51639938354492,5.64,0.1371069997549057,0.03571139648556709,0.34395137429237366
/home/donglei/isaac_projects/isaac_drone_racer/.worktrees/stage1-fake-vio/logs/skrl/stage1_recovery_20260905/2026-09-05_11-37-52/2026-09-05_11-37-57_ppo_torch_stage1_mixed/checkpoints/agent_50400.pt,8358d49b14eff681c47b70db964f4007dbfd07e9212768e13dbf0c17f0afc8d8,150d107225160ac498040fa20d4ccf9e26ec2703,True,fixed_per_environment_quotas_v2,mild,47,53,True,True,5.28,,7,False,False,39.508399963378906,5.28,0.13266068696975708,0.03925160691142082,0.3333047330379486
/home/donglei/isaac_projects/isaac_drone_racer/.worktrees/stage1-fake-vio/logs/skrl/stage1_recovery_20260905/2026-09-05_11-37-52/2026-09-05_11-37-57_ppo_torch_stage1_mixed/checkpoints/agent_50400.pt,8358d49b14eff681c47b70db964f4007dbfd07e9212768e13dbf0c17f0afc8d8,150d107225160ac498040fa20d4ccf9e26ec2703,True,fixed_per_environment_quotas_v2,mild,47,54,True,True,5.93,,7,False,False,39.482444763183594,5.93,0.12605617940425873,0.03903667628765106,0.32895341515541077
/home/donglei/isaac_projects/isaac_drone_racer/.worktrees/stage1-fake-vio/logs/skrl/stage1_recovery_20260905/2026-09-05_11-37-52/2026-09-05_11-37-57_ppo_torch_stage1_mixed/checkpoints/agent_50400.pt,8358d49b14eff681c47b70db964f4007dbfd07e9212768e13dbf0c17f0afc8d8,150d107225160ac498040fa20d4ccf9e26ec2703,True,fixed_per_environment_quotas_v2,mild,47,55,True,True,4.99,,7,False,False,37.62461471557617,4.99,0.1313723772764206,0.03466511890292168,0.3461940884590149
/home/donglei/isaac_projects/isaac_drone_racer/.worktrees/stage1-fake-vio/logs/skrl/stage1_recovery_20260905/2026-09-05_11-37-52/2026-09-05_11-37-57_ppo_torch_stage1_mixed/checkpoints/agent_50400.pt,8358d49b14eff681c47b70db964f4007dbfd07e9212768e13dbf0c17f0afc8d8,150d107225160ac498040fa20d4ccf9e26ec2703,True,fixed_per_environment_quotas_v2,mild,47,56,True,True,5.97,,7,False,False,39.78369140625,5.97,0.12462926656007767,0.041106898337602615,0.33303090929985046
/home/donglei/isaac_projects/isaac_drone_racer/.worktrees/stage1-fake-vio/logs/skrl/stage1_recovery_20260905/2026-09-05_11-37-52/2026-09-05_11-37-57_ppo_torch_stage1_mixed/checkpoints/agent_50400.pt,8358d49b14eff681c47b70db964f4007dbfd07e9212768e13dbf0c17f0afc8d8,150d107225160ac498040fa20d4ccf9e26ec2703,True,fixed_per_environment_quotas_v2,mild,47,57,True,True,5.42,,7,False,False,39.66656494140625,5.42,0.13664944469928741,0.03792819753289223,0.33639851212501526
/home/donglei/isaac_projects/isaac_drone_racer/.worktrees/stage1-fake-vio/logs/skrl/stage1_recovery_20260905/2026-09-05_11-37-52/2026-09-05_11-37-57_ppo_torch_stage1_mixed/checkpoints/agent_50400.pt,8358d49b14eff681c47b70db964f4007dbfd07e9212768e13dbf0c17f0afc8d8,150d107225160ac498040fa20d4ccf9e26ec2703,True,fixed_per_environment_quotas_v2,mild,47,58,True,True,5.66,,7,False,False,39.3436164855957,5.66,0.13360895216464996,0.036622460931539536,0.3353431820869446
/home/donglei/isaac_projects/isaac_drone_racer/.worktrees/stage1-fake-vio/logs/skrl/stage1_recovery_20260905/2026-09-05_11-37-52/2026-09-05_11-37-57_ppo_torch_stage1_mixed/checkpoints/agent_50400.pt,8358d49b14eff681c47b70db964f4007dbfd07e9212768e13dbf0c17f0afc8d8,150d107225160ac498040fa20d4ccf9e26ec2703,True,fixed_per_environment_quotas_v2,mild,47,59,True,True,4.95,,7,False,False,37.3648681640625,4.95,0.13580939173698425,0.0332021526992321,0.3473365008831024
/home/donglei/isaac_projects/isaac_drone_racer/.worktrees/stage1-fake-vio/logs/skrl/stage1_recovery_20260905/2026-09-05_11-37-52/2026-09-05_11-37-57_ppo_torch_stage1_mixed/checkpoints/agent_50400.pt,8358d49b14eff681c47b70db964f4007dbfd07e9212768e13dbf0c17f0afc8d8,150d107225160ac498040fa20d4ccf9e26ec2703,True,fixed_per_environment_quotas_v2,mild,47,60,True,True,5.59,,7,False,False,39.376914978027344,5.59,0.13315124809741974,0.03734900429844856,0.3325648307800293
/home/donglei/isaac_projects/isaac_drone_racer/.worktrees/stage1-fake-vio/logs/skrl/stage1_recovery_20260905/2026-09-05_11-37-52/2026-09-05_11-37-57_ppo_torch_stage1_mixed/checkpoints/agent_50400.pt,8358d49b14eff681c47b70db964f4007dbfd07e9212768e13dbf0c17f0afc8d8,150d107225160ac498040fa20d4ccf9e26ec2703,True,fixed_per_environment_quotas_v2,mild,47,61,True,True,5.71,,7,False,False,39.54085159301758,5.71,0.1340927630662918,0.03813561797142029,0.34342220425605774
/home/donglei/isaac_projects/isaac_drone_racer/.worktrees/stage1-fake-vio/logs/skrl/stage1_recovery_20260905/2026-09-05_11-37-52/2026-09-05_11-37-57_ppo_torch_stage1_mixed/checkpoints/agent_50400.pt,8358d49b14eff681c47b70db964f4007dbfd07e9212768e13dbf0c17f0afc8d8,150d107225160ac498040fa20d4ccf9e26ec2703,True,fixed_per_environment_quotas_v2,mild,47,62,True,True,5.62,,7,False,False,40.05510711669922,5.62,0.13015757501125336,0.03906988352537155,0.3358677923679352
/home/donglei/isaac_projects/isaac_drone_racer/.worktrees/stage1-fake-vio/logs/skrl/stage1_recovery_20260905/2026-09-05_11-37-52/2026-09-05_11-37-57_ppo_torch_stage1_mixed/checkpoints/agent_50400.pt,8358d49b14eff681c47b70db964f4007dbfd07e9212768e13dbf0c17f0afc8d8,150d107225160ac498040fa20d4ccf9e26ec2703,True,fixed_per_environment_quotas_v2,mild,47,63,True,True,6.08,,7,False,False,39.4099235534668,6.08,0.1259942352771759,0.04242473095655441,0.3172510266304016
/home/donglei/isaac_projects/isaac_drone_racer/.worktrees/stage1-fake-vio/logs/skrl/stage1_recovery_20260905/2026-09-05_11-37-52/2026-09-05_11-37-57_ppo_torch_stage1_mixed/checkpoints/agent_50400.pt,8358d49b14eff681c47b70db964f4007dbfd07e9212768e13dbf0c17f0afc8d8,150d107225160ac498040fa20d4ccf9e26ec2703,True,fixed_per_environment_quotas_v2,mild,47,64,True,True,5.0600000000000005,,7,False,False,38.19646453857422,5.0600000000000005,0.13519896566867828,0.033081237226724625,0.3470028042793274
/home/donglei/isaac_projects/isaac_drone_racer/.worktrees/stage1-fake-vio/logs/skrl/stage1_recovery_20260905/2026-09-05_11-37-52/2026-09-05_11-37-57_ppo_torch_stage1_mixed/checkpoints/agent_50400.pt,8358d49b14eff681c47b70db964f4007dbfd07e9212768e13dbf0c17f0afc8d8,150d107225160ac498040fa20d4ccf9e26ec2703,True,fixed_per_environment_quotas_v2,mild,47,65,True,True,5.42,,7,False,False,38.95491027832031,5.42,0.13661228120326996,0.03573286905884743,0.3454115390777588
/home/donglei/isaac_projects/isaac_drone_racer/.worktrees/stage1-fake-vio/logs/skrl/stage1_recovery_20260905/2026-09-05_11-37-52/2026-09-05_11-37-57_ppo_torch_stage1_mixed/checkpoints/agent_50400.pt,8358d49b14eff681c47b70db964f4007dbfd07e9212768e13dbf0c17f0afc8d8,150d107225160ac498040fa20d4ccf9e26ec2703,True,fixed_per_environment_quotas_v2,mild,47,66,True,True,5.48,,7,False,False,39.63336944580078,5.48,0.12602168321609497,0.04130629077553749,0.330027312040329
/home/donglei/isaac_projects/isaac_drone_racer/.worktrees/stage1-fake-vio/logs/skrl/stage1_recovery_20260905/2026-09-05_11-37-52/2026-09-05_11-37-57_ppo_torch_stage1_mixed/checkpoints/agent_50400.pt,8358d49b14eff681c47b70db964f4007dbfd07e9212768e13dbf0c17f0afc8d8,150d107225160ac498040fa20d4ccf9e26ec2703,True,fixed_per_environment_quotas_v2,mild,47,67,True,True,5.08,,7,False,False,39.08671951293945,5.08,0.13569258153438568,0.038204628974199295,0.33511438965797424
/home/donglei/isaac_projects/isaac_drone_racer/.worktrees/stage1-fake-vio/logs/skrl/stage1_recovery_20260905/2026-09-05_11-37-52/2026-09-05_11-37-57_ppo_torch_stage1_mixed/checkpoints/agent_50400.pt,8358d49b14eff681c47b70db964f4007dbfd07e9212768e13dbf0c17f0afc8d8,150d107225160ac498040fa20d4ccf9e26ec2703,True,fixed_per_environment_quotas_v2,mild,47,68,True,True,5.15,,7,False,False,39.04786682128906,5.15,0.13140451908111572,0.04057459905743599,0.3247482180595398
/home/donglei/isaac_projects/isaac_drone_racer/.worktrees/stage1-fake-vio/logs/skrl/stage1_recovery_20260905/2026-09-05_11-37-52/2026-09-05_11-37-57_ppo_torch_stage1_mixed/checkpoints/agent_50400.pt,8358d49b14eff681c47b70db964f4007dbfd07e9212768e13dbf0c17f0afc8d8,150d107225160ac498040fa20d4ccf9e26ec2703,True,fixed_per_environment_quotas_v2,mild,47,69,False,False,,4,2,True,False,5.464043140411377,3.13,0.1430746167898178,0.07493604719638824,0.39545559883117676
/home/donglei/isaac_projects/isaac_drone_racer/.worktrees/stage1-fake-vio/logs/skrl/stage1_recovery_20260905/2026-09-05_11-37-52/2026-09-05_11-37-57_ppo_torch_stage1_mixed/checkpoints/agent_50400.pt,8358d49b14eff681c47b70db964f4007dbfd07e9212768e13dbf0c17f0afc8d8,150d107225160ac498040fa20d4ccf9e26ec2703,True,fixed_per_environment_quotas_v2,mild,47,70,True,True,5.9,,7,False,False,39.65182113647461,5.9,0.1301475167274475,0.04142359271645546,0.3352961242198944
/home/donglei/isaac_projects/isaac_drone_racer/.worktrees/stage1-fake-vio/logs/skrl/stage1_recovery_20260905/2026-09-05_11-37-52/2026-09-05_11-37-57_ppo_torch_stage1_mixed/checkpoints/agent_50400.pt,8358d49b14eff681c47b70db964f4007dbfd07e9212768e13dbf0c17f0afc8d8,150d107225160ac498040fa20d4ccf9e26ec2703,True,fixed_per_environment_quotas_v2,mild,47,71,True,True,6.0200000000000005,,7,False,False,39.7216682434082,6.0200000000000005,0.12051772326231003,0.03951071947813034,0.31008192896842957
/home/donglei/isaac_projects/isaac_drone_racer/.worktrees/stage1-fake-vio/logs/skrl/stage1_recovery_20260905/2026-09-05_11-37-52/2026-09-05_11-37-57_ppo_torch_stage1_mixed/checkpoints/agent_50400.pt,8358d49b14eff681c47b70db964f4007dbfd07e9212768e13dbf0c17f0afc8d8,150d107225160ac498040fa20d4ccf9e26ec2703,True,fixed_per_environment_quotas_v2,mild,47,72,True,True,5.89,,7,False,False,39.52687454223633,5.89,0.12999702990055084,0.03934193775057793,0.3176390826702118
/home/donglei/isaac_projects/isaac_drone_racer/.worktrees/stage1-fake-vio/logs/skrl/stage1_recovery_20260905/2026-09-05_11-37-52/2026-09-05_11-37-57_ppo_torch_stage1_mixed/checkpoints/agent_50400.pt,8358d49b14eff681c47b70db964f4007dbfd07e9212768e13dbf0c17f0afc8d8,150d107225160ac498040fa20d4ccf9e26ec2703,True,fixed_per_environment_quotas_v2,mild,47,73,True,True,5.96,,7,False,False,39.45381546020508,5.96,0.13372911512851715,0.03991878405213356,0.3298951983451843
/home/donglei/isaac_projects/isaac_drone_racer/.worktrees/stage1-fake-vio/logs/skrl/stage1_recovery_20260905/2026-09-05_11-37-52/2026-09-05_11-37-57_ppo_torch_stage1_mixed/checkpoints/agent_50400.pt,8358d49b14eff681c47b70db964f4007dbfd07e9212768e13dbf0c17f0afc8d8,150d107225160ac498040fa20d4ccf9e26ec2703,True,fixed_per_environment_quotas_v2,mild,47,74,True,True,5.96,,7,False,False,39.34503936767578,5.96,0.1326165646314621,0.038015998899936676,0.3237304985523224
/home/donglei/isaac_projects/isaac_drone_racer/.worktrees/stage1-fake-vio/logs/skrl/stage1_recovery_20260905/2026-09-05_11-37-52/2026-09-05_11-37-57_ppo_torch_stage1_mixed/checkpoints/agent_50400.pt,8358d49b14eff681c47b70db964f4007dbfd07e9212768e13dbf0c17f0afc8d8,150d107225160ac498040fa20d4ccf9e26ec2703,True,fixed_per_environment_quotas_v2,mild,47,75,True,True,5.88,,7,False,False,39.635101318359375,5.88,0.1303505152463913,0.038281556218862534,0.33027732372283936
/home/donglei/isaac_projects/isaac_drone_racer/.worktrees/stage1-fake-vio/logs/skrl/stage1_recovery_20260905/2026-09-05_11-37-52/2026-09-05_11-37-57_ppo_torch_stage1_mixed/checkpoints/agent_50400.pt,8358d49b14eff681c47b70db964f4007dbfd07e9212768e13dbf0c17f0afc8d8,150d107225160ac498040fa20d4ccf9e26ec2703,True,fixed_per_environment_quotas_v2,mild,47,76,True,True,6.08,,7,False,False,39.94060134887695,6.08,0.12415255606174469,0.04109876602888107,0.30910083651542664
/home/donglei/isaac_projects/isaac_drone_racer/.worktrees/stage1-fake-vio/logs/skrl/stage1_recovery_20260905/2026-09-05_11-37-52/2026-09-05_11-37-57_ppo_torch_stage1_mixed/checkpoints/agent_50400.pt,8358d49b14eff681c47b70db964f4007dbfd07e9212768e13dbf0c17f0afc8d8,150d107225160ac498040fa20d4ccf9e26ec2703,True,fixed_per_environment_quotas_v2,mild,47,77,True,True,6.0,,7,False,False,39.90538787841797,6.0,0.12488556653261185,0.03952101245522499,0.3137170672416687
/home/donglei/isaac_projects/isaac_drone_racer/.worktrees/stage1-fake-vio/logs/skrl/stage1_recovery_20260905/2026-09-05_11-37-52/2026-09-05_11-37-57_ppo_torch_stage1_mixed/checkpoints/agent_50400.pt,8358d49b14eff681c47b70db964f4007dbfd07e9212768e13dbf0c17f0afc8d8,150d107225160ac498040fa20d4ccf9e26ec2703,True,fixed_per_environment_quotas_v2,mild,47,78,False,False,,7,0,False,True,-7.988207817077637,2.74,0.11353190988302231,0.2782692015171051,0.6841813921928406
/home/donglei/isaac_projects/isaac_drone_racer/.worktrees/stage1-fake-vio/logs/skrl/stage1_recovery_20260905/2026-09-05_11-37-52/2026-09-05_11-37-57_ppo_torch_stage1_mixed/checkpoints/agent_50400.pt,8358d49b14eff681c47b70db964f4007dbfd07e9212768e13dbf0c17f0afc8d8,150d107225160ac498040fa20d4ccf9e26ec2703,True,fixed_per_environment_quotas_v2,mild,47,79,True,True,6.1000000000000005,,7,False,False,39.51555252075195,6.1000000000000005,0.1284666359424591,0.04172397032380104,0.32172107696533203
/home/donglei/isaac_projects/isaac_drone_racer/.worktrees/stage1-fake-vio/logs/skrl/stage1_recovery_20260905/2026-09-05_11-37-52/2026-09-05_11-37-57_ppo_torch_stage1_mixed/checkpoints/agent_50400.pt,8358d49b14eff681c47b70db964f4007dbfd07e9212768e13dbf0c17f0afc8d8,150d107225160ac498040fa20d4ccf9e26ec2703,True,fixed_per_environment_quotas_v2,mild,47,80,True,True,6.05,,7,False,False,39.892940521240234,6.05,0.12180119752883911,0.04122139886021614,0.315570592880249
/home/donglei/isaac_projects/isaac_drone_racer/.worktrees/stage1-fake-vio/logs/skrl/stage1_recovery_20260905/2026-09-05_11-37-52/2026-09-05_11-37-57_ppo_torch_stage1_mixed/checkpoints/agent_50400.pt,8358d49b14eff681c47b70db964f4007dbfd07e9212768e13dbf0c17f0afc8d8,150d107225160ac498040fa20d4ccf9e26ec2703,True,fixed_per_environment_quotas_v2,mild,47,81,True,True,5.9,,7,False,False,39.67719650268555,5.9,0.12847337126731873,0.04154789820313454,0.3255614638328552
/home/donglei/isaac_projects/isaac_drone_racer/.worktrees/stage1-fake-vio/logs/skrl/stage1_recovery_20260905/2026-09-05_11-37-52/2026-09-05_11-37-57_ppo_torch_stage1_mixed/checkpoints/agent_50400.pt,8358d49b14eff681c47b70db964f4007dbfd07e9212768e13dbf0c17f0afc8d8,150d107225160ac498040fa20d4ccf9e26ec2703,True,fixed_per_environment_quotas_v2,mild,47,82,True,True,5.91,,7,False,False,39.38828659057617,5.91,0.12327520549297333,0.040358904749155045,0.3297054171562195
/home/donglei/isaac_projects/isaac_drone_racer/.worktrees/stage1-fake-vio/logs/skrl/stage1_recovery_20260905/2026-09-05_11-37-52/2026-09-05_11-37-57_ppo_torch_stage1_mixed/checkpoints/agent_50400.pt,8358d49b14eff681c47b70db964f4007dbfd07e9212768e13dbf0c17f0afc8d8,150d107225160ac498040fa20d4ccf9e26ec2703,True,fixed_per_environment_quotas_v2,mild,47,83,True,True,6.0600000000000005,,7,False,False,39.819305419921875,6.0600000000000005,0.11846386641263962,0.04293418303132057,0.3017978072166443
/home/donglei/isaac_projects/isaac_drone_racer/.worktrees/stage1-fake-vio/logs/skrl/stage1_recovery_20260905/2026-09-05_11-37-52/2026-09-05_11-37-57_ppo_torch_stage1_mixed/checkpoints/agent_50400.pt,8358d49b14eff681c47b70db964f4007dbfd07e9212768e13dbf0c17f0afc8d8,150d107225160ac498040fa20d4ccf9e26ec2703,True,fixed_per_environment_quotas_v2,mild,47,84,True,True,6.21,,7,False,False,39.57667541503906,6.21,0.12164691090583801,0.04025603085756302,0.31860488653182983
/home/donglei/isaac_projects/isaac_drone_racer/.worktrees/stage1-fake-vio/logs/skrl/stage1_recovery_20260905/2026-09-05_11-37-52/2026-09-05_11-37-57_ppo_torch_stage1_mixed/checkpoints/agent_50400.pt,8358d49b14eff681c47b70db964f4007dbfd07e9212768e13dbf0c17f0afc8d8,150d107225160ac498040fa20d4ccf9e26ec2703,True,fixed_per_environment_quotas_v2,mild,47,85,False,False,,2,3,True,False,12.905574798583984,3.7800000000000002,0.11971013993024826,0.06499305367469788,1.017315149307251
/home/donglei/isaac_projects/isaac_drone_racer/.worktrees/stage1-fake-vio/logs/skrl/stage1_recovery_20260905/2026-09-05_11-37-52/2026-09-05_11-37-57_ppo_torch_stage1_mixed/checkpoints/agent_50400.pt,8358d49b14eff681c47b70db964f4007dbfd07e9212768e13dbf0c17f0afc8d8,150d107225160ac498040fa20d4ccf9e26ec2703,True,fixed_per_environment_quotas_v2,mild,47,86,True,True,6.13,,7,False,False,39.40636444091797,6.13,0.13278789818286896,0.03857149928808212,0.31432533264160156
/home/donglei/isaac_projects/isaac_drone_racer/.worktrees/stage1-fake-vio/logs/skrl/stage1_recovery_20260905/2026-09-05_11-37-52/2026-09-05_11-37-57_ppo_torch_stage1_mixed/checkpoints/agent_50400.pt,8358d49b14eff681c47b70db964f4007dbfd07e9212768e13dbf0c17f0afc8d8,150d107225160ac498040fa20d4ccf9e26ec2703,True,fixed_per_environment_quotas_v2,mild,47,87,True,True,6.05,,7,False,False,39.56696701049805,6.05,0.12079217284917831,0.03985970467329025,0.30634236335754395
/home/donglei/isaac_projects/isaac_drone_racer/.worktrees/stage1-fake-vio/logs/skrl/stage1_recovery_20260905/2026-09-05_11-37-52/2026-09-05_11-37-57_ppo_torch_stage1_mixed/checkpoints/agent_50400.pt,8358d49b14eff681c47b70db964f4007dbfd07e9212768e13dbf0c17f0afc8d8,150d107225160ac498040fa20d4ccf9e26ec2703,True,fixed_per_environment_quotas_v2,mild,47,88,True,True,6.26,,7,False,False,39.66648864746094,6.26,0.12334590405225754,0.03799288347363472,0.31502044200897217
/home/donglei/isaac_projects/isaac_drone_racer/.worktrees/stage1-fake-vio/logs/skrl/stage1_recovery_20260905/2026-09-05_11-37-52/2026-09-05_11-37-57_ppo_torch_stage1_mixed/checkpoints/agent_50400.pt,8358d49b14eff681c47b70db964f4007dbfd07e9212768e13dbf0c17f0afc8d8,150d107225160ac498040fa20d4ccf9e26ec2703,True,fixed_per_environment_quotas_v2,mild,47,89,True,True,5.97,,7,False,False,39.62842559814453,5.97,0.13052362203598022,0.04100964218378067,0.3322809040546417
/home/donglei/isaac_projects/isaac_drone_racer/.worktrees/stage1-fake-vio/logs/skrl/stage1_recovery_20260905/2026-09-05_11-37-52/2026-09-05_11-37-57_ppo_torch_stage1_mixed/checkpoints/agent_50400.pt,8358d49b14eff681c47b70db964f4007dbfd07e9212768e13dbf0c17f0afc8d8,150d107225160ac498040fa20d4ccf9e26ec2703,True,fixed_per_environment_quotas_v2,mild,47,90,True,True,6.03,,7,False,False,39.729923248291016,6.03,0.12245898693799973,0.042020171880722046,0.3288447856903076
/home/donglei/isaac_projects/isaac_drone_racer/.worktrees/stage1-fake-vio/logs/skrl/stage1_recovery_20260905/2026-09-05_11-37-52/2026-09-05_11-37-57_ppo_torch_stage1_mixed/checkpoints/agent_50400.pt,8358d49b14eff681c47b70db964f4007dbfd07e9212768e13dbf0c17f0afc8d8,150d107225160ac498040fa20d4ccf9e26ec2703,True,fixed_per_environment_quotas_v2,mild,47,91,False,False,,3,0,False,True,-11.086036682128906,2.98,0.12032107263803482,0.21949608623981476,1.153052806854248
/home/donglei/isaac_projects/isaac_drone_racer/.worktrees/stage1-fake-vio/logs/skrl/stage1_recovery_20260905/2026-09-05_11-37-52/2026-09-05_11-37-57_ppo_torch_stage1_mixed/checkpoints/agent_50400.pt,8358d49b14eff681c47b70db964f4007dbfd07e9212768e13dbf0c17f0afc8d8,150d107225160ac498040fa20d4ccf9e26ec2703,True,fixed_per_environment_quotas_v2,mild,47,92,True,True,6.01,,7,False,False,39.86534118652344,6.01,0.12366559356451035,0.04128161445260048,0.3169914782047272
/home/donglei/isaac_projects/isaac_drone_racer/.worktrees/stage1-fake-vio/logs/skrl/stage1_recovery_20260905/2026-09-05_11-37-52/2026-09-05_11-37-57_ppo_torch_stage1_mixed/checkpoints/agent_50400.pt,8358d49b14eff681c47b70db964f4007dbfd07e9212768e13dbf0c17f0afc8d8,150d107225160ac498040fa20d4ccf9e26ec2703,True,fixed_per_environment_quotas_v2,mild,47,93,True,True,5.88,,7,False,False,39.67214584350586,5.88,0.13353325426578522,0.0390799418091774,0.34006884694099426
/home/donglei/isaac_projects/isaac_drone_racer/.worktrees/stage1-fake-vio/logs/skrl/stage1_recovery_20260905/2026-09-05_11-37-52/2026-09-05_11-37-57_ppo_torch_stage1_mixed/checkpoints/agent_50400.pt,8358d49b14eff681c47b70db964f4007dbfd07e9212768e13dbf0c17f0afc8d8,150d107225160ac498040fa20d4ccf9e26ec2703,True,fixed_per_environment_quotas_v2,mild,47,94,True,True,6.19,,7,False,False,39.586341857910156,6.19,0.12026220560073853,0.04050455614924431,0.30887603759765625
/home/donglei/isaac_projects/isaac_drone_racer/.worktrees/stage1-fake-vio/logs/skrl/stage1_recovery_20260905/2026-09-05_11-37-52/2026-09-05_11-37-57_ppo_torch_stage1_mixed/checkpoints/agent_50400.pt,8358d49b14eff681c47b70db964f4007dbfd07e9212768e13dbf0c17f0afc8d8,150d107225160ac498040fa20d4ccf9e26ec2703,True,fixed_per_environment_quotas_v2,mild,47,95,True,True,6.0200000000000005,,7,False,False,39.864593505859375,6.0200000000000005,0.12677448987960815,0.039187271147966385,0.30936771631240845
/home/donglei/isaac_projects/isaac_drone_racer/.worktrees/stage1-fake-vio/logs/skrl/stage1_recovery_20260905/2026-09-05_11-37-52/2026-09-05_11-37-57_ppo_torch_stage1_mixed/checkpoints/agent_50400.pt,8358d49b14eff681c47b70db964f4007dbfd07e9212768e13dbf0c17f0afc8d8,150d107225160ac498040fa20d4ccf9e26ec2703,True,fixed_per_environment_quotas_v2,mild,47,96,True,True,5.94,,7,False,False,39.73374938964844,5.94,0.1288611888885498,0.039911918342113495,0.3276645243167877
/home/donglei/isaac_projects/isaac_drone_racer/.worktrees/stage1-fake-vio/logs/skrl/stage1_recovery_20260905/2026-09-05_11-37-52/2026-09-05_11-37-57_ppo_torch_stage1_mixed/checkpoints/agent_50400.pt,8358d49b14eff681c47b70db964f4007dbfd07e9212768e13dbf0c17f0afc8d8,150d107225160ac498040fa20d4ccf9e26ec2703,True,fixed_per_environment_quotas_v2,mild,47,97,True,True,5.97,,7,False,False,39.79640579223633,5.97,0.12195363640785217,0.042679183185100555,0.31197795271873474
/home/donglei/isaac_projects/isaac_drone_racer/.worktrees/stage1-fake-vio/logs/skrl/stage1_recovery_20260905/2026-09-05_11-37-52/2026-09-05_11-37-57_ppo_torch_stage1_mixed/checkpoints/agent_50400.pt,8358d49b14eff681c47b70db964f4007dbfd07e9212768e13dbf0c17f0afc8d8,150d107225160ac498040fa20d4ccf9e26ec2703,True,fixed_per_environment_quotas_v2,mild,47,98,True,True,5.88,,7,False,False,39.645477294921875,5.88,0.1291225403547287,0.041364505887031555,0.3238893151283264
/home/donglei/isaac_projects/isaac_drone_racer/.worktrees/stage1-fake-vio/logs/skrl/stage1_recovery_20260905/2026-09-05_11-37-52/2026-09-05_11-37-57_ppo_torch_stage1_mixed/checkpoints/agent_50400.pt,8358d49b14eff681c47b70db964f4007dbfd07e9212768e13dbf0c17f0afc8d8,150d107225160ac498040fa20d4ccf9e26ec2703,True,fixed_per_environment_quotas_v2,mild,47,99,True,True,6.0600000000000005,,7,False,False,39.78462219238281,6.0600000000000005,0.12976950407028198,0.04139544814825058,0.33693090081214905
/home/donglei/isaac_projects/isaac_drone_racer/.worktrees/stage1-fake-vio/logs/skrl/stage1_recovery_20260905/2026-09-05_11-37-52/2026-09-05_11-37-57_ppo_torch_stage1_mixed/checkpoints/agent_50400.pt,8358d49b14eff681c47b70db964f4007dbfd07e9212768e13dbf0c17f0afc8d8,150d107225160ac498040fa20d4ccf9e26ec2703,True,fixed_per_environment_quotas_v2,mild,47,100,True,True,5.83,,7,False,False,39.601341247558594,5.83,0.12419877201318741,0.039599500596523285,0.3221468925476074
/home/donglei/isaac_projects/isaac_drone_racer/.worktrees/stage1-fake-vio/logs/skrl/stage1_recovery_20260905/2026-09-05_11-37-52/2026-09-05_11-37-57_ppo_torch_stage1_mixed/checkpoints/agent_50400.pt,8358d49b14eff681c47b70db964f4007dbfd07e9212768e13dbf0c17f0afc8d8,150d107225160ac498040fa20d4ccf9e26ec2703,True,fixed_per_environment_quotas_v2,mild,47,101,True,True,6.11,,7,False,False,40.02278137207031,6.11,0.12344413250684738,0.04274016618728638,0.3161786198616028
/home/donglei/isaac_projects/isaac_drone_racer/.worktrees/stage1-fake-vio/logs/skrl/stage1_recovery_20260905/2026-09-05_11-37-52/2026-09-05_11-37-57_ppo_torch_stage1_mixed/checkpoints/agent_50400.pt,8358d49b14eff681c47b70db964f4007dbfd07e9212768e13dbf0c17f0afc8d8,150d107225160ac498040fa20d4ccf9e26ec2703,True,fixed_per_environment_quotas_v2,mild,47,102,True,True,5.92,,7,False,False,39.51457214355469,5.92,0.12696893513202667,0.04060504958033562,0.3330456614494324
/home/donglei/isaac_projects/isaac_drone_racer/.worktrees/stage1-fake-vio/logs/skrl/stage1_recovery_20260905/2026-09-05_11-37-52/2026-09-05_11-37-57_ppo_torch_stage1_mixed/checkpoints/agent_50400.pt,8358d49b14eff681c47b70db964f4007dbfd07e9212768e13dbf0c17f0afc8d8,150d107225160ac498040fa20d4ccf9e26ec2703,True,fixed_per_environment_quotas_v2,mild,47,103,True,True,6.0200000000000005,,7,False,False,39.82524490356445,6.0200000000000005,0.12734518945217133,0.04232339933514595,0.32973477244377136
/home/donglei/isaac_projects/isaac_drone_racer/.worktrees/stage1-fake-vio/logs/skrl/stage1_recovery_20260905/2026-09-05_11-37-52/2026-09-05_11-37-57_ppo_torch_stage1_mixed/checkpoints/agent_50400.pt,8358d49b14eff681c47b70db964f4007dbfd07e9212768e13dbf0c17f0afc8d8,150d107225160ac498040fa20d4ccf9e26ec2703,True,fixed_per_environment_quotas_v2,mild,47,104,True,True,6.08,,7,False,False,39.87844467163086,6.08,0.11913929879665375,0.04160986468195915,0.30542832612991333
/home/donglei/isaac_projects/isaac_drone_racer/.worktrees/stage1-fake-vio/logs/skrl/stage1_recovery_20260905/2026-09-05_11-37-52/2026-09-05_11-37-57_ppo_torch_stage1_mixed/checkpoints/agent_50400.pt,8358d49b14eff681c47b70db964f4007dbfd07e9212768e13dbf0c17f0afc8d8,150d107225160ac498040fa20d4ccf9e26ec2703,True,fixed_per_environment_quotas_v2,mild,47,105,True,True,6.23,,7,False,False,39.48345947265625,6.23,0.12042579054832458,0.039888184517621994,0.308124303817749
/home/donglei/isaac_projects/isaac_drone_racer/.worktrees/stage1-fake-vio/logs/skrl/stage1_recovery_20260905/2026-09-05_11-37-52/2026-09-05_11-37-57_ppo_torch_stage1_mixed/checkpoints/agent_50400.pt,8358d49b14eff681c47b70db964f4007dbfd07e9212768e13dbf0c17f0afc8d8,150d107225160ac498040fa20d4ccf9e26ec2703,True,fixed_per_environment_quotas_v2,mild,47,106,True,True,6.0,,7,False,False,39.868255615234375,6.0,0.11923494935035706,0.04471439868211746,0.3060680329799652
/home/donglei/isaac_projects/isaac_drone_racer/.worktrees/stage1-fake-vio/logs/skrl/stage1_recovery_20260905/2026-09-05_11-37-52/2026-09-05_11-37-57_ppo_torch_stage1_mixed/checkpoints/agent_50400.pt,8358d49b14eff681c47b70db964f4007dbfd07e9212768e13dbf0c17f0afc8d8,150d107225160ac498040fa20d4ccf9e26ec2703,True,fixed_per_environment_quotas_v2,mild,47,107,True,True,5.94,,7,False,False,39.78281784057617,5.94,0.1272149682044983,0.039225462824106216,0.32116034626960754
/home/donglei/isaac_projects/isaac_drone_racer/.worktrees/stage1-fake-vio/logs/skrl/stage1_recovery_20260905/2026-09-05_11-37-52/2026-09-05_11-37-57_ppo_torch_stage1_mixed/checkpoints/agent_50400.pt,8358d49b14eff681c47b70db964f4007dbfd07e9212768e13dbf0c17f0afc8d8,150d107225160ac498040fa20d4ccf9e26ec2703,True,fixed_per_environment_quotas_v2,mild,47,108,True,True,5.94,,7,False,False,39.83156204223633,5.94,0.1169150322675705,0.042038362473249435,0.30134424567222595
/home/donglei/isaac_projects/isaac_drone_racer/.worktrees/stage1-fake-vio/logs/skrl/stage1_recovery_20260905/2026-09-05_11-37-52/2026-09-05_11-37-57_ppo_torch_stage1_mixed/checkpoints/agent_50400.pt,8358d49b14eff681c47b70db964f4007dbfd07e9212768e13dbf0c17f0afc8d8,150d107225160ac498040fa20d4ccf9e26ec2703,True,fixed_per_environment_quotas_v2,mild,47,109,True,True,5.97,,7,False,False,39.742286682128906,5.97,0.11930576711893082,0.039513278752565384,0.3080424666404724
/home/donglei/isaac_projects/isaac_drone_racer/.worktrees/stage1-fake-vio/logs/skrl/stage1_recovery_20260905/2026-09-05_11-37-52/2026-09-05_11-37-57_ppo_torch_stage1_mixed/checkpoints/agent_50400.pt,8358d49b14eff681c47b70db964f4007dbfd07e9212768e13dbf0c17f0afc8d8,150d107225160ac498040fa20d4ccf9e26ec2703,True,fixed_per_environment_quotas_v2,mild,47,110,True,True,6.01,,7,False,False,39.38431167602539,6.01,0.12399592250585556,0.041448190808296204,0.31060823798179626
/home/donglei/isaac_projects/isaac_drone_racer/.worktrees/stage1-fake-vio/logs/skrl/stage1_recovery_20260905/2026-09-05_11-37-52/2026-09-05_11-37-57_ppo_torch_stage1_mixed/checkpoints/agent_50400.pt,8358d49b14eff681c47b70db964f4007dbfd07e9212768e13dbf0c17f0afc8d8,150d107225160ac498040fa20d4ccf9e26ec2703,True,fixed_per_environment_quotas_v2,mild,47,111,True,True,6.21,,7,False,False,39.39238357543945,6.21,0.12499912828207016,0.0436202734708786,0.31104037165641785
/home/donglei/isaac_projects/isaac_drone_racer/.worktrees/stage1-fake-vio/logs/skrl/stage1_recovery_20260905/2026-09-05_11-37-52/2026-09-05_11-37-57_ppo_torch_stage1_mixed/checkpoints/agent_50400.pt,8358d49b14eff681c47b70db964f4007dbfd07e9212768e13dbf0c17f0afc8d8,150d107225160ac498040fa20d4ccf9e26ec2703,True,fixed_per_environment_quotas_v2,mild,47,112,True,True,5.97,,7,False,False,39.48401641845703,5.97,0.12695394456386566,0.042812954634428024,0.31330668926239014
/home/donglei/isaac_projects/isaac_drone_racer/.worktrees/stage1-fake-vio/logs/skrl/stage1_recovery_20260905/2026-09-05_11-37-52/2026-09-05_11-37-57_ppo_torch_stage1_mixed/checkpoints/agent_50400.pt,8358d49b14eff681c47b70db964f4007dbfd07e9212768e13dbf0c17f0afc8d8,150d107225160ac498040fa20d4ccf9e26ec2703,True,fixed_per_environment_quotas_v2,mild,47,113,True,True,5.96,,7,False,False,39.73579788208008,5.96,0.12469751387834549,0.041304394602775574,0.32489144802093506
/home/donglei/isaac_projects/isaac_drone_racer/.worktrees/stage1-fake-vio/logs/skrl/stage1_recovery_20260905/2026-09-05_11-37-52/2026-09-05_11-37-57_ppo_torch_stage1_mixed/checkpoints/agent_50400.pt,8358d49b14eff681c47b70db964f4007dbfd07e9212768e13dbf0c17f0afc8d8,150d107225160ac498040fa20d4ccf9e26ec2703,True,fixed_per_environment_quotas_v2,mild,47,114,True,True,5.91,,7,False,False,39.6348762512207,5.91,0.12635941803455353,0.03940482810139656,0.32022371888160706
/home/donglei/isaac_projects/isaac_drone_racer/.worktrees/stage1-fake-vio/logs/skrl/stage1_recovery_20260905/2026-09-05_11-37-52/2026-09-05_11-37-57_ppo_torch_stage1_mixed/checkpoints/agent_50400.pt,8358d49b14eff681c47b70db964f4007dbfd07e9212768e13dbf0c17f0afc8d8,150d107225160ac498040fa20d4ccf9e26ec2703,True,fixed_per_environment_quotas_v2,mild,47,115,True,True,5.84,,7,False,False,39.85502624511719,5.84,0.12161808460950851,0.04176890105009079,0.3163098990917206
/home/donglei/isaac_projects/isaac_drone_racer/.worktrees/stage1-fake-vio/logs/skrl/stage1_recovery_20260905/2026-09-05_11-37-52/2026-09-05_11-37-57_ppo_torch_stage1_mixed/checkpoints/agent_50400.pt,8358d49b14eff681c47b70db964f4007dbfd07e9212768e13dbf0c17f0afc8d8,150d107225160ac498040fa20d4ccf9e26ec2703,True,fixed_per_environment_quotas_v2,mild,47,116,True,True,5.89,,7,False,False,39.525447845458984,5.89,0.12615114450454712,0.0411614365875721,0.31327009201049805
/home/donglei/isaac_projects/isaac_drone_racer/.worktrees/stage1-fake-vio/logs/skrl/stage1_recovery_20260905/2026-09-05_11-37-52/2026-09-05_11-37-57_ppo_torch_stage1_mixed/checkpoints/agent_50400.pt,8358d49b14eff681c47b70db964f4007dbfd07e9212768e13dbf0c17f0afc8d8,150d107225160ac498040fa20d4ccf9e26ec2703,True,fixed_per_environment_quotas_v2,mild,47,117,True,True,5.92,,7,False,False,39.46059036254883,5.92,0.12921881675720215,0.037722036242485046,0.3136364221572876
/home/donglei/isaac_projects/isaac_drone_racer/.worktrees/stage1-fake-vio/logs/skrl/stage1_recovery_20260905/2026-09-05_11-37-52/2026-09-05_11-37-57_ppo_torch_stage1_mixed/checkpoints/agent_50400.pt,8358d49b14eff681c47b70db964f4007dbfd07e9212768e13dbf0c17f0afc8d8,150d107225160ac498040fa20d4ccf9e26ec2703,True,fixed_per_environment_quotas_v2,mild,47,118,True,True,5.99,,7,False,False,39.51872253417969,5.99,0.12495198845863342,0.038870733231306076,0.32413777709007263
/home/donglei/isaac_projects/isaac_drone_racer/.worktrees/stage1-fake-vio/logs/skrl/stage1_recovery_20260905/2026-09-05_11-37-52/2026-09-05_11-37-57_ppo_torch_stage1_mixed/checkpoints/agent_50400.pt,8358d49b14eff681c47b70db964f4007dbfd07e9212768e13dbf0c17f0afc8d8,150d107225160ac498040fa20d4ccf9e26ec2703,True,fixed_per_environment_quotas_v2,mild,47,119,True,True,6.15,,7,False,False,39.479732513427734,6.15,0.12495224177837372,0.04024691507220268,0.3180924355983734
/home/donglei/isaac_projects/isaac_drone_racer/.worktrees/stage1-fake-vio/logs/skrl/stage1_recovery_20260905/2026-09-05_11-37-52/2026-09-05_11-37-57_ppo_torch_stage1_mixed/checkpoints/agent_50400.pt,8358d49b14eff681c47b70db964f4007dbfd07e9212768e13dbf0c17f0afc8d8,150d107225160ac498040fa20d4ccf9e26ec2703,True,fixed_per_environment_quotas_v2,mild,47,120,True,True,5.82,,7,False,False,39.599117279052734,5.82,0.1341022551059723,0.03957926481962204,0.34657788276672363
/home/donglei/isaac_projects/isaac_drone_racer/.worktrees/stage1-fake-vio/logs/skrl/stage1_recovery_20260905/2026-09-05_11-37-52/2026-09-05_11-37-57_ppo_torch_stage1_mixed/checkpoints/agent_50400.pt,8358d49b14eff681c47b70db964f4007dbfd07e9212768e13dbf0c17f0afc8d8,150d107225160ac498040fa20d4ccf9e26ec2703,True,fixed_per_environment_quotas_v2,mild,47,121,True,True,6.32,,7,False,False,39.98868942260742,6.32,0.11274771392345428,0.04119927063584328,0.2833605110645294
/home/donglei/isaac_projects/isaac_drone_racer/.worktrees/stage1-fake-vio/logs/skrl/stage1_recovery_20260905/2026-09-05_11-37-52/2026-09-05_11-37-57_ppo_torch_stage1_mixed/checkpoints/agent_50400.pt,8358d49b14eff681c47b70db964f4007dbfd07e9212768e13dbf0c17f0afc8d8,150d107225160ac498040fa20d4ccf9e26ec2703,True,fixed_per_environment_quotas_v2,mild,47,122,True,True,5.92,,7,False,False,39.41971969604492,5.92,0.1276606172323227,0.04438742250204086,0.33372631669044495
/home/donglei/isaac_projects/isaac_drone_racer/.worktrees/stage1-fake-vio/logs/skrl/stage1_recovery_20260905/2026-09-05_11-37-52/2026-09-05_11-37-57_ppo_torch_stage1_mixed/checkpoints/agent_50400.pt,8358d49b14eff681c47b70db964f4007dbfd07e9212768e13dbf0c17f0afc8d8,150d107225160ac498040fa20d4ccf9e26ec2703,True,fixed_per_environment_quotas_v2,mild,47,123,True,True,6.16,,7,False,False,39.55159378051758,6.16,0.1267169713973999,0.044716913253068924,0.32027825713157654
/home/donglei/isaac_projects/isaac_drone_racer/.worktrees/stage1-fake-vio/logs/skrl/stage1_recovery_20260905/2026-09-05_11-37-52/2026-09-05_11-37-57_ppo_torch_stage1_mixed/checkpoints/agent_50400.pt,8358d49b14eff681c47b70db964f4007dbfd07e9212768e13dbf0c17f0afc8d8,150d107225160ac498040fa20d4ccf9e26ec2703,True,fixed_per_environment_quotas_v2,mild,47,124,True,True,5.98,,7,False,False,39.430335998535156,5.98,0.12782752513885498,0.041227471083402634,0.31350138783454895
/home/donglei/isaac_projects/isaac_drone_racer/.worktrees/stage1-fake-vio/logs/skrl/stage1_recovery_20260905/2026-09-05_11-37-52/2026-09-05_11-37-57_ppo_torch_stage1_mixed/checkpoints/agent_50400.pt,8358d49b14eff681c47b70db964f4007dbfd07e9212768e13dbf0c17f0afc8d8,150d107225160ac498040fa20d4ccf9e26ec2703,True,fixed_per_environment_quotas_v2,mild,47,125,True,True,6.0200000000000005,,7,False,False,39.70220947265625,6.0200000000000005,0.12405097484588623,0.04109954833984375,0.32433021068573
/home/donglei/isaac_projects/isaac_drone_racer/.worktrees/stage1-fake-vio/logs/skrl/stage1_recovery_20260905/2026-09-05_11-37-52/2026-09-05_11-37-57_ppo_torch_stage1_mixed/checkpoints/agent_50400.pt,8358d49b14eff681c47b70db964f4007dbfd07e9212768e13dbf0c17f0afc8d8,150d107225160ac498040fa20d4ccf9e26ec2703,True,fixed_per_environment_quotas_v2,mild,47,126,True,True,6.11,,7,False,False,39.85300827026367,6.11,0.12324520945549011,0.0440409816801548,0.3179374933242798
/home/donglei/isaac_projects/isaac_drone_racer/.worktrees/stage1-fake-vio/logs/skrl/stage1_recovery_20260905/2026-09-05_11-37-52/2026-09-05_11-37-57_ppo_torch_stage1_mixed/checkpoints/agent_50400.pt,8358d49b14eff681c47b70db964f4007dbfd07e9212768e13dbf0c17f0afc8d8,150d107225160ac498040fa20d4ccf9e26ec2703,True,fixed_per_environment_quotas_v2,mild,47,127,True,True,5.88,,7,False,False,39.484981536865234,5.88,0.1318844109773636,0.03873983398079872,0.3269190788269043
/home/donglei/isaac_projects/isaac_drone_racer/.worktrees/stage1-fake-vio/logs/skrl/stage1_recovery_20260905/2026-09-05_11-37-52/2026-09-05_11-37-57_ppo_torch_stage1_mixed/checkpoints/agent_50400.pt,8358d49b14eff681c47b70db964f4007dbfd07e9212768e13dbf0c17f0afc8d8,150d107225160ac498040fa20d4ccf9e26ec2703,True,fixed_per_environment_quotas_v2,nominal,11,0,False,False,,3,0,True,False,-4.936002254486084,0.31,0.0423811599612236,0.13118422031402588,0.4687117338180542
/home/donglei/isaac_projects/isaac_drone_racer/.worktrees/stage1-fake-vio/logs/skrl/stage1_recovery_20260905/2026-09-05_11-37-52/2026-09-05_11-37-57_ppo_torch_stage1_mixed/checkpoints/agent_50400.pt,8358d49b14eff681c47b70db964f4007dbfd07e9212768e13dbf0c17f0afc8d8,150d107225160ac498040fa20d4ccf9e26ec2703,True,fixed_per_environment_quotas_v2,nominal,11,1,False,False,,7,0,True,False,-4.012284755706787,0.8300000000000001,0.2740801274776459,0.2124897688627243,1.075437068939209
/home/donglei/isaac_projects/isaac_drone_racer/.worktrees/stage1-fake-vio/logs/skrl/stage1_recovery_20260905/2026-09-05_11-37-52/2026-09-05_11-37-57_ppo_torch_stage1_mixed/checkpoints/agent_50400.pt,8358d49b14eff681c47b70db964f4007dbfd07e9212768e13dbf0c17f0afc8d8,150d107225160ac498040fa20d4ccf9e26ec2703,True,fixed_per_environment_quotas_v2,nominal,11,2,False,False,,1,0,True,False,-4.1200737953186035,0.97,0.3904186189174652,0.25359779596328735,1.810271978378296
/home/donglei/isaac_projects/isaac_drone_racer/.worktrees/stage1-fake-vio/logs/skrl/stage1_recovery_20260905/2026-09-05_11-37-52/2026-09-05_11-37-57_ppo_torch_stage1_mixed/checkpoints/agent_50400.pt,8358d49b14eff681c47b70db964f4007dbfd07e9212768e13dbf0c17f0afc8d8,150d107225160ac498040fa20d4ccf9e26ec2703,True,fixed_per_environment_quotas_v2,nominal,11,3,False,False,,7,0,True,False,-3.9108805656433105,0.99,0.22002610564231873,0.15257731080055237,0.670734703540802
/home/donglei/isaac_projects/isaac_drone_racer/.worktrees/stage1-fake-vio/logs/skrl/stage1_recovery_20260905/2026-09-05_11-37-52/2026-09-05_11-37-57_ppo_torch_stage1_mixed/checkpoints/agent_50400.pt,8358d49b14eff681c47b70db964f4007dbfd07e9212768e13dbf0c17f0afc8d8,150d107225160ac498040fa20d4ccf9e26ec2703,True,fixed_per_environment_quotas_v2,nominal,11,4,False,False,,6,1,True,False,-0.07519292831420898,1.1,0.16559283435344696,0.11972056329250336,0.6216586828231812
/home/donglei/isaac_projects/isaac_drone_racer/.worktrees/stage1-fake-vio/logs/skrl/stage1_recovery_20260905/2026-09-05_11-37-52/2026-09-05_11-37-57_ppo_torch_stage1_mixed/checkpoints/agent_50400.pt,8358d49b14eff681c47b70db964f4007dbfd07e9212768e13dbf0c17f0afc8d8,150d107225160ac498040fa20d4ccf9e26ec2703,True,fixed_per_environment_quotas_v2,nominal,11,5,False,False,,1,1,True,False,-0.32285642623901367,1.33,0.44816505908966064,0.22119678556919098,1.3558409214019775
/home/donglei/isaac_projects/isaac_drone_racer/.worktrees/stage1-fake-vio/logs/skrl/stage1_recovery_20260905/2026-09-05_11-37-52/2026-09-05_11-37-57_ppo_torch_stage1_mixed/checkpoints/agent_50400.pt,8358d49b14eff681c47b70db964f4007dbfd07e9212768e13dbf0c17f0afc8d8,150d107225160ac498040fa20d4ccf9e26ec2703,True,fixed_per_environment_quotas_v2,nominal,11,6,False,False,,7,2,True,False,5.590871810913086,1.93,0.24601753056049347,0.5712018609046936,1.128501057624817
/home/donglei/isaac_projects/isaac_drone_racer/.worktrees/stage1-fake-vio/logs/skrl/stage1_recovery_20260905/2026-09-05_11-37-52/2026-09-05_11-37-57_ppo_torch_stage1_mixed/checkpoints/agent_50400.pt,8358d49b14eff681c47b70db964f4007dbfd07e9212768e13dbf0c17f0afc8d8,150d107225160ac498040fa20d4ccf9e26ec2703,True,fixed_per_environment_quotas_v2,nominal,11,7,False,False,,2,1,True,False,2.070225715637207,2.12,0.3505696654319763,0.3569490313529968,2.0622503757476807
/home/donglei/isaac_projects/isaac_drone_racer/.worktrees/stage1-fake-vio/logs/skrl/stage1_recovery_20260905/2026-09-05_11-37-52/2026-09-05_11-37-57_ppo_torch_stage1_mixed/checkpoints/agent_50400.pt,8358d49b14eff681c47b70db964f4007dbfd07e9212768e13dbf0c17f0afc8d8,150d107225160ac498040fa20d4ccf9e26ec2703,True,fixed_per_environment_quotas_v2,nominal,11,8,False,False,,7,0,False,True,-7.816535949707031,2.41,0.5638411641120911,0.8116257190704346,1.5106072425842285
/home/donglei/isaac_projects/isaac_drone_racer/.worktrees/stage1-fake-vio/logs/skrl/stage1_recovery_20260905/2026-09-05_11-37-52/2026-09-05_11-37-57_ppo_torch_stage1_mixed/checkpoints/agent_50400.pt,8358d49b14eff681c47b70db964f4007dbfd07e9212768e13dbf0c17f0afc8d8,150d107225160ac498040fa20d4ccf9e26ec2703,True,fixed_per_environment_quotas_v2,nominal,11,9,False,False,,1,1,False,True,-3.0039544105529785,2.49,0.5409829616546631,1.4003324508666992,1.5088354349136353
/home/donglei/isaac_projects/isaac_drone_racer/.worktrees/stage1-fake-vio/logs/skrl/stage1_recovery_20260905/2026-09-05_11-37-52/2026-09-05_11-37-57_ppo_torch_stage1_mixed/checkpoints/agent_50400.pt,8358d49b14eff681c47b70db964f4007dbfd07e9212768e13dbf0c17f0afc8d8,150d107225160ac498040fa20d4ccf9e26ec2703,True,fixed_per_environment_quotas_v2,nominal,11,10,False,False,,2,2,True,False,6.610417366027832,2.5,0.4170635938644409,0.24359606206417084,1.283799409866333
/home/donglei/isaac_projects/isaac_drone_racer/.worktrees/stage1-fake-vio/logs/skrl/stage1_recovery_20260905/2026-09-05_11-37-52/2026-09-05_11-37-57_ppo_torch_stage1_mixed/checkpoints/agent_50400.pt,8358d49b14eff681c47b70db964f4007dbfd07e9212768e13dbf0c17f0afc8d8,150d107225160ac498040fa20d4ccf9e26ec2703,True,fixed_per_environment_quotas_v2,nominal,11,11,False,False,,4,2,True,False,9.74267578125,3.22,0.4734331965446472,0.16111625730991364,1.1505762338638306
/home/donglei/isaac_projects/isaac_drone_racer/.worktrees/stage1-fake-vio/logs/skrl/stage1_recovery_20260905/2026-09-05_11-37-52/2026-09-05_11-37-57_ppo_torch_stage1_mixed/checkpoints/agent_50400.pt,8358d49b14eff681c47b70db964f4007dbfd07e9212768e13dbf0c17f0afc8d8,150d107225160ac498040fa20d4ccf9e26ec2703,True,fixed_per_environment_quotas_v2,nominal,11,12,False,False,,2,5,True,False,22.446199417114258,4.04,0.43462634086608887,0.13568854331970215,1.134158730506897
/home/donglei/isaac_projects/isaac_drone_racer/.worktrees/stage1-fake-vio/logs/skrl/stage1_recovery_20260905/2026-09-05_11-37-52/2026-09-05_11-37-57_ppo_torch_stage1_mixed/checkpoints/agent_50400.pt,8358d49b14eff681c47b70db964f4007dbfd07e9212768e13dbf0c17f0afc8d8,150d107225160ac498040fa20d4ccf9e26ec2703,True,fixed_per_environment_quotas_v2,nominal,11,13,False,False,,3,5,True,False,21.616947174072266,4.21,0.18567591905593872,0.2824677526950836,1.1426090002059937
/home/donglei/isaac_projects/isaac_drone_racer/.worktrees/stage1-fake-vio/logs/skrl/stage1_recovery_20260905/2026-09-05_11-37-52/2026-09-05_11-37-57_ppo_torch_stage1_mixed/checkpoints/agent_50400.pt,8358d49b14eff681c47b70db964f4007dbfd07e9212768e13dbf0c17f0afc8d8,150d107225160ac498040fa20d4ccf9e26ec2703,True,fixed_per_environment_quotas_v2,nominal,11,14,False,False,,4,2,True,False,9.723018646240234,3.33,0.22046175599098206,0.06876744329929352,0.4857103228569031
/home/donglei/isaac_projects/isaac_drone_racer/.worktrees/stage1-fake-vio/logs/skrl/stage1_recovery_20260905/2026-09-05_11-37-52/2026-09-05_11-37-57_ppo_torch_stage1_mixed/checkpoints/agent_50400.pt,8358d49b14eff681c47b70db964f4007dbfd07e9212768e13dbf0c17f0afc8d8,150d107225160ac498040fa20d4ccf9e26ec2703,True,fixed_per_environment_quotas_v2,nominal,11,15,False,False,,4,2,True,False,4.900428771972656,6.21,0.49847984313964844,0.40596073865890503,1.721301794052124
/home/donglei/isaac_projects/isaac_drone_racer/.worktrees/stage1-fake-vio/logs/skrl/stage1_recovery_20260905/2026-09-05_11-37-52/2026-09-05_11-37-57_ppo_torch_stage1_mixed/checkpoints/agent_50400.pt,8358d49b14eff681c47b70db964f4007dbfd07e9212768e13dbf0c17f0afc8d8,150d107225160ac498040fa20d4ccf9e26ec2703,True,fixed_per_environment_quotas_v2,nominal,11,16,True,True,6.18,,7,False,False,39.6634635925293,6.18,0.5544553399085999,0.20346997678279877,1.4905805587768555
/home/donglei/isaac_projects/isaac_drone_racer/.worktrees/stage1-fake-vio/logs/skrl/stage1_recovery_20260905/2026-09-05_11-37-52/2026-09-05_11-37-57_ppo_torch_stage1_mixed/checkpoints/agent_50400.pt,8358d49b14eff681c47b70db964f4007dbfd07e9212768e13dbf0c17f0afc8d8,150d107225160ac498040fa20d4ccf9e26ec2703,True,fixed_per_environment_quotas_v2,nominal,11,17,True,True,6.0200000000000005,,7,False,False,39.62697219848633,6.0200000000000005,0.4250255227088928,0.14796105027198792,1.1224098205566406
/home/donglei/isaac_projects/isaac_drone_racer/.worktrees/stage1-fake-vio/logs/skrl/stage1_recovery_20260905/2026-09-05_11-37-52/2026-09-05_11-37-57_ppo_torch_stage1_mixed/checkpoints/agent_50400.pt,8358d49b14eff681c47b70db964f4007dbfd07e9212768e13dbf0c17f0afc8d8,150d107225160ac498040fa20d4ccf9e26ec2703,True,fixed_per_environment_quotas_v2,nominal,11,18,True,True,6.04,,7,False,False,39.91640853881836,6.04,0.5480016469955444,0.20332688093185425,1.4500274658203125
/home/donglei/isaac_projects/isaac_drone_racer/.worktrees/stage1-fake-vio/logs/skrl/stage1_recovery_20260905/2026-09-05_11-37-52/2026-09-05_11-37-57_ppo_torch_stage1_mixed/checkpoints/agent_50400.pt,8358d49b14eff681c47b70db964f4007dbfd07e9212768e13dbf0c17f0afc8d8,150d107225160ac498040fa20d4ccf9e26ec2703,True,fixed_per_environment_quotas_v2,nominal,11,19,True,True,6.01,,7,False,False,39.75907897949219,6.01,0.31342634558677673,0.10066888481378555,0.8272852301597595
/home/donglei/isaac_projects/isaac_drone_racer/.worktrees/stage1-fake-vio/logs/skrl/stage1_recovery_20260905/2026-09-05_11-37-52/2026-09-05_11-37-57_ppo_torch_stage1_mixed/checkpoints/agent_50400.pt,8358d49b14eff681c47b70db964f4007dbfd07e9212768e13dbf0c17f0afc8d8,150d107225160ac498040fa20d4ccf9e26ec2703,True,fixed_per_environment_quotas_v2,nominal,11,20,True,True,6.22,,7,False,False,39.67740249633789,6.22,0.3121773600578308,0.10771217197179794,0.828929603099823
/home/donglei/isaac_projects/isaac_drone_racer/.worktrees/stage1-fake-vio/logs/skrl/stage1_recovery_20260905/2026-09-05_11-37-52/2026-09-05_11-37-57_ppo_torch_stage1_mixed/checkpoints/agent_50400.pt,8358d49b14eff681c47b70db964f4007dbfd07e9212768e13dbf0c17f0afc8d8,150d107225160ac498040fa20d4ccf9e26ec2703,True,fixed_per_environment_quotas_v2,nominal,11,21,True,True,5.88,,7,False,False,39.44245910644531,5.88,0.21518847346305847,0.0613364540040493,0.5357633829116821
/home/donglei/isaac_projects/isaac_drone_racer/.worktrees/stage1-fake-vio/logs/skrl/stage1_recovery_20260905/2026-09-05_11-37-52/2026-09-05_11-37-57_ppo_torch_stage1_mixed/checkpoints/agent_50400.pt,8358d49b14eff681c47b70db964f4007dbfd07e9212768e13dbf0c17f0afc8d8,150d107225160ac498040fa20d4ccf9e26ec2703,True,fixed_per_environment_quotas_v2,nominal,11,22,True,True,6.05,,7,False,False,39.79457473754883,6.05,0.3171291649341583,0.10346214473247528,0.829815149307251
/home/donglei/isaac_projects/isaac_drone_racer/.worktrees/stage1-fake-vio/logs/skrl/stage1_recovery_20260905/2026-09-05_11-37-52/2026-09-05_11-37-57_ppo_torch_stage1_mixed/checkpoints/agent_50400.pt,8358d49b14eff681c47b70db964f4007dbfd07e9212768e13dbf0c17f0afc8d8,150d107225160ac498040fa20d4ccf9e26ec2703,True,fixed_per_environment_quotas_v2,nominal,11,23,True,True,6.13,,7,False,False,39.6364631652832,6.13,0.3085704445838928,0.10500340163707733,0.8242638111114502
/home/donglei/isaac_projects/isaac_drone_racer/.worktrees/stage1-fake-vio/logs/skrl/stage1_recovery_20260905/2026-09-05_11-37-52/2026-09-05_11-37-57_ppo_torch_stage1_mixed/checkpoints/agent_50400.pt,8358d49b14eff681c47b70db964f4007dbfd07e9212768e13dbf0c17f0afc8d8,150d107225160ac498040fa20d4ccf9e26ec2703,True,fixed_per_environment_quotas_v2,nominal,11,24,True,True,6.21,,7,False,False,39.39060974121094,6.21,0.3339601457118988,0.12369424104690552,0.8780959844589233
/home/donglei/isaac_projects/isaac_drone_racer/.worktrees/stage1-fake-vio/logs/skrl/stage1_recovery_20260905/2026-09-05_11-37-52/2026-09-05_11-37-57_ppo_torch_stage1_mixed/checkpoints/agent_50400.pt,8358d49b14eff681c47b70db964f4007dbfd07e9212768e13dbf0c17f0afc8d8,150d107225160ac498040fa20d4ccf9e26ec2703,True,fixed_per_environment_quotas_v2,nominal,11,25,True,True,6.09,,7,False,False,39.710548400878906,6.09,0.5429559946060181,0.18623659014701843,1.4752944707870483
/home/donglei/isaac_projects/isaac_drone_racer/.worktrees/stage1-fake-vio/logs/skrl/stage1_recovery_20260905/2026-09-05_11-37-52/2026-09-05_11-37-57_ppo_torch_stage1_mixed/checkpoints/agent_50400.pt,8358d49b14eff681c47b70db964f4007dbfd07e9212768e13dbf0c17f0afc8d8,150d107225160ac498040fa20d4ccf9e26ec2703,True,fixed_per_environment_quotas_v2,nominal,11,26,True,True,5.75,,7,False,False,39.72274398803711,5.75,0.44695889949798584,0.14063063263893127,1.1715633869171143
/home/donglei/isaac_projects/isaac_drone_racer/.worktrees/stage1-fake-vio/logs/skrl/stage1_recovery_20260905/2026-09-05_11-37-52/2026-09-05_11-37-57_ppo_torch_stage1_mixed/checkpoints/agent_50400.pt,8358d49b14eff681c47b70db964f4007dbfd07e9212768e13dbf0c17f0afc8d8,150d107225160ac498040fa20d4ccf9e26ec2703,True,fixed_per_environment_quotas_v2,nominal,11,27,True,True,6.2700000000000005,,7,False,False,39.83818054199219,6.2700000000000005,0.18884611129760742,0.06552674621343613,0.5082496404647827
/home/donglei/isaac_projects/isaac_drone_racer/.worktrees/stage1-fake-vio/logs/skrl/stage1_recovery_20260905/2026-09-05_11-37-52/2026-09-05_11-37-57_ppo_torch_stage1_mixed/checkpoints/agent_50400.pt,8358d49b14eff681c47b70db964f4007dbfd07e9212768e13dbf0c17f0afc8d8,150d107225160ac498040fa20d4ccf9e26ec2703,True,fixed_per_environment_quotas_v2,nominal,11,28,True,True,6.3100000000000005,,7,False,False,39.928035736083984,6.3100000000000005,0.5113750696182251,0.1973152458667755,1.335262656211853
/home/donglei/isaac_projects/isaac_drone_racer/.worktrees/stage1-fake-vio/logs/skrl/stage1_recovery_20260905/2026-09-05_11-37-52/2026-09-05_11-37-57_ppo_torch_stage1_mixed/checkpoints/agent_50400.pt,8358d49b14eff681c47b70db964f4007dbfd07e9212768e13dbf0c17f0afc8d8,150d107225160ac498040fa20d4ccf9e26ec2703,True,fixed_per_environment_quotas_v2,nominal,11,29,True,True,6.01,,7,False,False,40.023807525634766,6.01,0.320898175239563,0.10411174595355988,0.8191118836402893
/home/donglei/isaac_projects/isaac_drone_racer/.worktrees/stage1-fake-vio/logs/skrl/stage1_recovery_20260905/2026-09-05_11-37-52/2026-09-05_11-37-57_ppo_torch_stage1_mixed/checkpoints/agent_50400.pt,8358d49b14eff681c47b70db964f4007dbfd07e9212768e13dbf0c17f0afc8d8,150d107225160ac498040fa20d4ccf9e26ec2703,True,fixed_per_environment_quotas_v2,nominal,11,30,True,True,5.96,,7,False,False,39.743343353271484,5.96,0.3284829556941986,0.11108581721782684,0.8437881469726562
/home/donglei/isaac_projects/isaac_drone_racer/.worktrees/stage1-fake-vio/logs/skrl/stage1_recovery_20260905/2026-09-05_11-37-52/2026-09-05_11-37-57_ppo_torch_stage1_mixed/checkpoints/agent_50400.pt,8358d49b14eff681c47b70db964f4007dbfd07e9212768e13dbf0c17f0afc8d8,150d107225160ac498040fa20d4ccf9e26ec2703,True,fixed_per_environment_quotas_v2,nominal,11,31,True,True,5.92,,7,False,False,39.80448913574219,5.92,0.5772430300712585,0.20227032899856567,1.4864429235458374
/home/donglei/isaac_projects/isaac_drone_racer/.worktrees/stage1-fake-vio/logs/skrl/stage1_recovery_20260905/2026-09-05_11-37-52/2026-09-05_11-37-57_ppo_torch_stage1_mixed/checkpoints/agent_50400.pt,8358d49b14eff681c47b70db964f4007dbfd07e9212768e13dbf0c17f0afc8d8,150d107225160ac498040fa20d4ccf9e26ec2703,True,fixed_per_environment_quotas_v2,nominal,11,32,True,True,6.05,,7,False,False,39.425655364990234,6.05,0.4422219395637512,0.1408625692129135,1.140899419784546
/home/donglei/isaac_projects/isaac_drone_racer/.worktrees/stage1-fake-vio/logs/skrl/stage1_recovery_20260905/2026-09-05_11-37-52/2026-09-05_11-37-57_ppo_torch_stage1_mixed/checkpoints/agent_50400.pt,8358d49b14eff681c47b70db964f4007dbfd07e9212768e13dbf0c17f0afc8d8,150d107225160ac498040fa20d4ccf9e26ec2703,True,fixed_per_environment_quotas_v2,nominal,11,33,True,True,6.09,,7,False,False,39.582279205322266,6.09,0.5482316613197327,0.18584150075912476,1.407019853591919
/home/donglei/isaac_projects/isaac_drone_racer/.worktrees/stage1-fake-vio/logs/skrl/stage1_recovery_20260905/2026-09-05_11-37-52/2026-09-05_11-37-57_ppo_torch_stage1_mixed/checkpoints/agent_50400.pt,8358d49b14eff681c47b70db964f4007dbfd07e9212768e13dbf0c17f0afc8d8,150d107225160ac498040fa20d4ccf9e26ec2703,True,fixed_per_environment_quotas_v2,nominal,11,34,True,True,5.97,,7,False,False,39.79863739013672,5.97,0.43916693329811096,0.1443258374929428,1.152269959449768
/home/donglei/isaac_projects/isaac_drone_racer/.worktrees/stage1-fake-vio/logs/skrl/stage1_recovery_20260905/2026-09-05_11-37-52/2026-09-05_11-37-57_ppo_torch_stage1_mixed/checkpoints/agent_50400.pt,8358d49b14eff681c47b70db964f4007dbfd07e9212768e13dbf0c17f0afc8d8,150d107225160ac498040fa20d4ccf9e26ec2703,True,fixed_per_environment_quotas_v2,nominal,11,35,True,True,5.76,,7,False,False,39.78677749633789,5.76,0.45393669605255127,0.13907061517238617,1.196739912033081
/home/donglei/isaac_projects/isaac_drone_racer/.worktrees/stage1-fake-vio/logs/skrl/stage1_recovery_20260905/2026-09-05_11-37-52/2026-09-05_11-37-57_ppo_torch_stage1_mixed/checkpoints/agent_50400.pt,8358d49b14eff681c47b70db964f4007dbfd07e9212768e13dbf0c17f0afc8d8,150d107225160ac498040fa20d4ccf9e26ec2703,True,fixed_per_environment_quotas_v2,nominal,11,36,True,True,6.0200000000000005,,7,False,False,39.83543014526367,6.0200000000000005,0.33520054817199707,0.11016733199357986,0.8437561988830566
/home/donglei/isaac_projects/isaac_drone_racer/.worktrees/stage1-fake-vio/logs/skrl/stage1_recovery_20260905/2026-09-05_11-37-52/2026-09-05_11-37-57_ppo_torch_stage1_mixed/checkpoints/agent_50400.pt,8358d49b14eff681c47b70db964f4007dbfd07e9212768e13dbf0c17f0afc8d8,150d107225160ac498040fa20d4ccf9e26ec2703,True,fixed_per_environment_quotas_v2,nominal,11,37,True,True,6.2,,7,False,False,39.75194549560547,6.2,0.3038318455219269,0.1184963807463646,0.8410236239433289
/home/donglei/isaac_projects/isaac_drone_racer/.worktrees/stage1-fake-vio/logs/skrl/stage1_recovery_20260905/2026-09-05_11-37-52/2026-09-05_11-37-57_ppo_torch_stage1_mixed/checkpoints/agent_50400.pt,8358d49b14eff681c47b70db964f4007dbfd07e9212768e13dbf0c17f0afc8d8,150d107225160ac498040fa20d4ccf9e26ec2703,True,fixed_per_environment_quotas_v2,nominal,11,38,True,True,6.08,,7,False,False,39.492591857910156,6.08,0.46971824765205383,0.15611670911312103,1.249832034111023
/home/donglei/isaac_projects/isaac_drone_racer/.worktrees/stage1-fake-vio/logs/skrl/stage1_recovery_20260905/2026-09-05_11-37-52/2026-09-05_11-37-57_ppo_torch_stage1_mixed/checkpoints/agent_50400.pt,8358d49b14eff681c47b70db964f4007dbfd07e9212768e13dbf0c17f0afc8d8,150d107225160ac498040fa20d4ccf9e26ec2703,True,fixed_per_environment_quotas_v2,nominal,11,39,True,True,5.89,,7,False,False,39.95982360839844,5.89,0.438588947057724,0.1494985967874527,1.1647560596466064
/home/donglei/isaac_projects/isaac_drone_racer/.worktrees/stage1-fake-vio/logs/skrl/stage1_recovery_20260905/2026-09-05_11-37-52/2026-09-05_11-37-57_ppo_torch_stage1_mixed/checkpoints/agent_50400.pt,8358d49b14eff681c47b70db964f4007dbfd07e9212768e13dbf0c17f0afc8d8,150d107225160ac498040fa20d4ccf9e26ec2703,True,fixed_per_environment_quotas_v2,nominal,11,40,True,True,5.96,,7,False,False,39.704681396484375,5.96,0.20795074105262756,0.06459299474954605,0.5384177565574646
/home/donglei/isaac_projects/isaac_drone_racer/.worktrees/stage1-fake-vio/logs/skrl/stage1_recovery_20260905/2026-09-05_11-37-52/2026-09-05_11-37-57_ppo_torch_stage1_mixed/checkpoints/agent_50400.pt,8358d49b14eff681c47b70db964f4007dbfd07e9212768e13dbf0c17f0afc8d8,150d107225160ac498040fa20d4ccf9e26ec2703,True,fixed_per_environment_quotas_v2,nominal,11,41,True,True,5.98,,7,False,False,39.904335021972656,5.98,0.46579599380493164,0.16299214959144592,1.1543999910354614
/home/donglei/isaac_projects/isaac_drone_racer/.worktrees/stage1-fake-vio/logs/skrl/stage1_recovery_20260905/2026-09-05_11-37-52/2026-09-05_11-37-57_ppo_torch_stage1_mixed/checkpoints/agent_50400.pt,8358d49b14eff681c47b70db964f4007dbfd07e9212768e13dbf0c17f0afc8d8,150d107225160ac498040fa20d4ccf9e26ec2703,True,fixed_per_environment_quotas_v2,nominal,11,42,True,True,5.98,,7,False,False,39.6920166015625,5.98,0.3282473683357239,0.11199088394641876,0.8444560170173645
/home/donglei/isaac_projects/isaac_drone_racer/.worktrees/stage1-fake-vio/logs/skrl/stage1_recovery_20260905/2026-09-05_11-37-52/2026-09-05_11-37-57_ppo_torch_stage1_mixed/checkpoints/agent_50400.pt,8358d49b14eff681c47b70db964f4007dbfd07e9212768e13dbf0c17f0afc8d8,150d107225160ac498040fa20d4ccf9e26ec2703,True,fixed_per_environment_quotas_v2,nominal,11,43,True,True,6.140000000000001,,7,False,False,40.101680755615234,6.140000000000001,0.34552738070487976,0.10921861976385117,0.8800549507141113
/home/donglei/isaac_projects/isaac_drone_racer/.worktrees/stage1-fake-vio/logs/skrl/stage1_recovery_20260905/2026-09-05_11-37-52/2026-09-05_11-37-57_ppo_torch_stage1_mixed/checkpoints/agent_50400.pt,8358d49b14eff681c47b70db964f4007dbfd07e9212768e13dbf0c17f0afc8d8,150d107225160ac498040fa20d4ccf9e26ec2703,True,fixed_per_environment_quotas_v2,nominal,11,44,True,True,5.8,,7,False,False,39.79831314086914,5.8,0.5822851061820984,0.1835182011127472,1.5047909021377563
/home/donglei/isaac_projects/isaac_drone_racer/.worktrees/stage1-fake-vio/logs/skrl/stage1_recovery_20260905/2026-09-05_11-37-52/2026-09-05_11-37-57_ppo_torch_stage1_mixed/checkpoints/agent_50400.pt,8358d49b14eff681c47b70db964f4007dbfd07e9212768e13dbf0c17f0afc8d8,150d107225160ac498040fa20d4ccf9e26ec2703,True,fixed_per_environment_quotas_v2,nominal,11,45,True,True,6.04,,7,False,False,39.85921859741211,6.04,0.32225501537323,0.10965187102556229,0.857372522354126
/home/donglei/isaac_projects/isaac_drone_racer/.worktrees/stage1-fake-vio/logs/skrl/stage1_recovery_20260905/2026-09-05_11-37-52/2026-09-05_11-37-57_ppo_torch_stage1_mixed/checkpoints/agent_50400.pt,8358d49b14eff681c47b70db964f4007dbfd07e9212768e13dbf0c17f0afc8d8,150d107225160ac498040fa20d4ccf9e26ec2703,True,fixed_per_environment_quotas_v2,nominal,11,46,True,True,6.11,,7,False,False,39.61234664916992,6.11,0.5539072155952454,0.19742627441883087,1.4917148351669312
/home/donglei/isaac_projects/isaac_drone_racer/.worktrees/stage1-fake-vio/logs/skrl/stage1_recovery_20260905/2026-09-05_11-37-52/2026-09-05_11-37-57_ppo_torch_stage1_mixed/checkpoints/agent_50400.pt,8358d49b14eff681c47b70db964f4007dbfd07e9212768e13dbf0c17f0afc8d8,150d107225160ac498040fa20d4ccf9e26ec2703,True,fixed_per_environment_quotas_v2,nominal,11,47,True,True,6.140000000000001,,7,False,False,39.94327926635742,6.140000000000001,0.33409035205841064,0.1072918176651001,0.8315566182136536
/home/donglei/isaac_projects/isaac_drone_racer/.worktrees/stage1-fake-vio/logs/skrl/stage1_recovery_20260905/2026-09-05_11-37-52/2026-09-05_11-37-57_ppo_torch_stage1_mixed/checkpoints/agent_50400.pt,8358d49b14eff681c47b70db964f4007dbfd07e9212768e13dbf0c17f0afc8d8,150d107225160ac498040fa20d4ccf9e26ec2703,True,fixed_per_environment_quotas_v2,nominal,11,48,True,True,6.0,,7,False,False,39.72945785522461,6.0,0.4282303750514984,0.14998310804367065,1.142414927482605
/home/donglei/isaac_projects/isaac_drone_racer/.worktrees/stage1-fake-vio/logs/skrl/stage1_recovery_20260905/2026-09-05_11-37-52/2026-09-05_11-37-57_ppo_torch_stage1_mixed/checkpoints/agent_50400.pt,8358d49b14eff681c47b70db964f4007dbfd07e9212768e13dbf0c17f0afc8d8,150d107225160ac498040fa20d4ccf9e26ec2703,True,fixed_per_environment_quotas_v2,nominal,11,49,True,True,6.18,,7,False,False,39.733238220214844,6.18,0.4398362636566162,0.15897564589977264,1.1559739112854004
/home/donglei/isaac_projects/isaac_drone_racer/.worktrees/stage1-fake-vio/logs/skrl/stage1_recovery_20260905/2026-09-05_11-37-52/2026-09-05_11-37-57_ppo_torch_stage1_mixed/checkpoints/agent_50400.pt,8358d49b14eff681c47b70db964f4007dbfd07e9212768e13dbf0c17f0afc8d8,150d107225160ac498040fa20d4ccf9e26ec2703,True,fixed_per_environment_quotas_v2,nominal,11,50,True,True,6.03,,7,False,False,39.90577697753906,6.03,0.4488578140735626,0.14547358453273773,1.1884287595748901
/home/donglei/isaac_projects/isaac_drone_racer/.worktrees/stage1-fake-vio/logs/skrl/stage1_recovery_20260905/2026-09-05_11-37-52/2026-09-05_11-37-57_ppo_torch_stage1_mixed/checkpoints/agent_50400.pt,8358d49b14eff681c47b70db964f4007dbfd07e9212768e13dbf0c17f0afc8d8,150d107225160ac498040fa20d4ccf9e26ec2703,True,fixed_per_environment_quotas_v2,nominal,11,51,True,True,5.93,,7,False,False,39.884761810302734,5.93,0.3160359263420105,0.10400763899087906,0.8004339337348938
/home/donglei/isaac_projects/isaac_drone_racer/.worktrees/stage1-fake-vio/logs/skrl/stage1_recovery_20260905/2026-09-05_11-37-52/2026-09-05_11-37-57_ppo_torch_stage1_mixed/checkpoints/agent_50400.pt,8358d49b14eff681c47b70db964f4007dbfd07e9212768e13dbf0c17f0afc8d8,150d107225160ac498040fa20d4ccf9e26ec2703,True,fixed_per_environment_quotas_v2,nominal,11,52,True,True,6.12,,7,False,False,39.86560821533203,6.12,0.32867762446403503,0.10595184564590454,0.8270826935768127
/home/donglei/isaac_projects/isaac_drone_racer/.worktrees/stage1-fake-vio/logs/skrl/stage1_recovery_20260905/2026-09-05_11-37-52/2026-09-05_11-37-57_ppo_torch_stage1_mixed/checkpoints/agent_50400.pt,8358d49b14eff681c47b70db964f4007dbfd07e9212768e13dbf0c17f0afc8d8,150d107225160ac498040fa20d4ccf9e26ec2703,True,fixed_per_environment_quotas_v2,nominal,11,53,True,True,6.25,,7,False,False,39.83774948120117,6.25,0.30285948514938354,0.1102876290678978,0.766492486000061
/home/donglei/isaac_projects/isaac_drone_racer/.worktrees/stage1-fake-vio/logs/skrl/stage1_recovery_20260905/2026-09-05_11-37-52/2026-09-05_11-37-57_ppo_torch_stage1_mixed/checkpoints/agent_50400.pt,8358d49b14eff681c47b70db964f4007dbfd07e9212768e13dbf0c17f0afc8d8,150d107225160ac498040fa20d4ccf9e26ec2703,True,fixed_per_environment_quotas_v2,nominal,11,54,True,True,6.0200000000000005,,7,False,False,39.48738479614258,6.0200000000000005,0.45108336210250854,0.13986271619796753,1.10537588596344
/home/donglei/isaac_projects/isaac_drone_racer/.worktrees/stage1-fake-vio/logs/skrl/stage1_recovery_20260905/2026-09-05_11-37-52/2026-09-05_11-37-57_ppo_torch_stage1_mixed/checkpoints/agent_50400.pt,8358d49b14eff681c47b70db964f4007dbfd07e9212768e13dbf0c17f0afc8d8,150d107225160ac498040fa20d4ccf9e26ec2703,True,fixed_per_environment_quotas_v2,nominal,11,55,True,True,6.0200000000000005,,7,False,False,39.711666107177734,6.0200000000000005,0.3258192837238312,0.10523100942373276,0.8241192102432251
/home/donglei/isaac_projects/isaac_drone_racer/.worktrees/stage1-fake-vio/logs/skrl/stage1_recovery_20260905/2026-09-05_11-37-52/2026-09-05_11-37-57_ppo_torch_stage1_mixed/checkpoints/agent_50400.pt,8358d49b14eff681c47b70db964f4007dbfd07e9212768e13dbf0c17f0afc8d8,150d107225160ac498040fa20d4ccf9e26ec2703,True,fixed_per_environment_quotas_v2,nominal,11,56,True,True,6.12,,7,False,False,39.87252426147461,6.12,0.4340323507785797,0.14910933375358582,1.141318440437317
/home/donglei/isaac_projects/isaac_drone_racer/.worktrees/stage1-fake-vio/logs/skrl/stage1_recovery_20260905/2026-09-05_11-37-52/2026-09-05_11-37-57_ppo_torch_stage1_mixed/checkpoints/agent_50400.pt,8358d49b14eff681c47b70db964f4007dbfd07e9212768e13dbf0c17f0afc8d8,150d107225160ac498040fa20d4ccf9e26ec2703,True,fixed_per_environment_quotas_v2,nominal,11,57,True,True,5.82,,7,False,False,39.842254638671875,5.82,0.46416914463043213,0.1378837376832962,1.1217684745788574
/home/donglei/isaac_projects/isaac_drone_racer/.worktrees/stage1-fake-vio/logs/skrl/stage1_recovery_20260905/2026-09-05_11-37-52/2026-09-05_11-37-57_ppo_torch_stage1_mixed/checkpoints/agent_50400.pt,8358d49b14eff681c47b70db964f4007dbfd07e9212768e13dbf0c17f0afc8d8,150d107225160ac498040fa20d4ccf9e26ec2703,True,fixed_per_environment_quotas_v2,nominal,11,58,True,True,5.94,,7,False,False,39.96696090698242,5.94,0.43741026520729065,0.16575486958026886,1.1801735162734985
/home/donglei/isaac_projects/isaac_drone_racer/.worktrees/stage1-fake-vio/logs/skrl/stage1_recovery_20260905/2026-09-05_11-37-52/2026-09-05_11-37-57_ppo_torch_stage1_mixed/checkpoints/agent_50400.pt,8358d49b14eff681c47b70db964f4007dbfd07e9212768e13dbf0c17f0afc8d8,150d107225160ac498040fa20d4ccf9e26ec2703,True,fixed_per_environment_quotas_v2,nominal,11,59,True,True,6.07,,7,False,False,39.67345428466797,6.07,0.4234919250011444,0.1434573084115982,1.1122640371322632
/home/donglei/isaac_projects/isaac_drone_racer/.worktrees/stage1-fake-vio/logs/skrl/stage1_recovery_20260905/2026-09-05_11-37-52/2026-09-05_11-37-57_ppo_torch_stage1_mixed/checkpoints/agent_50400.pt,8358d49b14eff681c47b70db964f4007dbfd07e9212768e13dbf0c17f0afc8d8,150d107225160ac498040fa20d4ccf9e26ec2703,True,fixed_per_environment_quotas_v2,nominal,11,60,True,True,6.17,,7,False,False,40.003414154052734,6.17,0.33775126934051514,0.10771726071834564,0.8240010738372803
/home/donglei/isaac_projects/isaac_drone_racer/.worktrees/stage1-fake-vio/logs/skrl/stage1_recovery_20260905/2026-09-05_11-37-52/2026-09-05_11-37-57_ppo_torch_stage1_mixed/checkpoints/agent_50400.pt,8358d49b14eff681c47b70db964f4007dbfd07e9212768e13dbf0c17f0afc8d8,150d107225160ac498040fa20d4ccf9e26ec2703,True,fixed_per_environment_quotas_v2,nominal,11,61,True,True,5.91,,7,False,False,39.76270294189453,5.91,0.3289060592651367,0.12166507542133331,0.8401632905006409
/home/donglei/isaac_projects/isaac_drone_racer/.worktrees/stage1-fake-vio/logs/skrl/stage1_recovery_20260905/2026-09-05_11-37-52/2026-09-05_11-37-57_ppo_torch_stage1_mixed/checkpoints/agent_50400.pt,8358d49b14eff681c47b70db964f4007dbfd07e9212768e13dbf0c17f0afc8d8,150d107225160ac498040fa20d4ccf9e26ec2703,True,fixed_per_environment_quotas_v2,nominal,11,62,True,True,6.08,,7,False,False,39.66948699951172,6.08,0.5525012016296387,0.19789744913578033,1.4181017875671387
/home/donglei/isaac_projects/isaac_drone_racer/.worktrees/stage1-fake-vio/logs/skrl/stage1_recovery_20260905/2026-09-05_11-37-52/2026-09-05_11-37-57_ppo_torch_stage1_mixed/checkpoints/agent_50400.pt,8358d49b14eff681c47b70db964f4007dbfd07e9212768e13dbf0c17f0afc8d8,150d107225160ac498040fa20d4ccf9e26ec2703,True,fixed_per_environment_quotas_v2,nominal,11,63,True,True,5.87,,7,False,False,39.83848571777344,5.87,0.32954874634742737,0.10115667432546616,0.8249647617340088
/home/donglei/isaac_projects/isaac_drone_racer/.worktrees/stage1-fake-vio/logs/skrl/stage1_recovery_20260905/2026-09-05_11-37-52/2026-09-05_11-37-57_ppo_torch_stage1_mixed/checkpoints/agent_50400.pt,8358d49b14eff681c47b70db964f4007dbfd07e9212768e13dbf0c17f0afc8d8,150d107225160ac498040fa20d4ccf9e26ec2703,True,fixed_per_environment_quotas_v2,nominal,11,64,True,True,6.71,,7,False,False,39.77517318725586,6.71,0.19762733578681946,0.07150596380233765,0.49319130182266235
/home/donglei/isaac_projects/isaac_drone_racer/.worktrees/stage1-fake-vio/logs/skrl/stage1_recovery_20260905/2026-09-05_11-37-52/2026-09-05_11-37-57_ppo_torch_stage1_mixed/checkpoints/agent_50400.pt,8358d49b14eff681c47b70db964f4007dbfd07e9212768e13dbf0c17f0afc8d8,150d107225160ac498040fa20d4ccf9e26ec2703,True,fixed_per_environment_quotas_v2,nominal,11,65,True,True,6.0200000000000005,,7,False,False,39.91358184814453,6.0200000000000005,0.43889400362968445,0.13867869973182678,1.1187342405319214
/home/donglei/isaac_projects/isaac_drone_racer/.worktrees/stage1-fake-vio/logs/skrl/stage1_recovery_20260905/2026-09-05_11-37-52/2026-09-05_11-37-57_ppo_torch_stage1_mixed/checkpoints/agent_50400.pt,8358d49b14eff681c47b70db964f4007dbfd07e9212768e13dbf0c17f0afc8d8,150d107225160ac498040fa20d4ccf9e26ec2703,True,fixed_per_environment_quotas_v2,nominal,11,66,True,True,5.91,,7,False,False,39.49654006958008,5.91,0.21213023364543915,0.0655134990811348,0.5199557542800903
/home/donglei/isaac_projects/isaac_drone_racer/.worktrees/stage1-fake-vio/logs/skrl/stage1_recovery_20260905/2026-09-05_11-37-52/2026-09-05_11-37-57_ppo_torch_stage1_mixed/checkpoints/agent_50400.pt,8358d49b14eff681c47b70db964f4007dbfd07e9212768e13dbf0c17f0afc8d8,150d107225160ac498040fa20d4ccf9e26ec2703,True,fixed_per_environment_quotas_v2,nominal,11,67,True,True,6.05,,7,False,False,39.80264663696289,6.05,0.44224125146865845,0.1524038314819336,1.1361433267593384
/home/donglei/isaac_projects/isaac_drone_racer/.worktrees/stage1-fake-vio/logs/skrl/stage1_recovery_20260905/2026-09-05_11-37-52/2026-09-05_11-37-57_ppo_torch_stage1_mixed/checkpoints/agent_50400.pt,8358d49b14eff681c47b70db964f4007dbfd07e9212768e13dbf0c17f0afc8d8,150d107225160ac498040fa20d4ccf9e26ec2703,True,fixed_per_environment_quotas_v2,nominal,11,68,False,False,,3,0,True,False,-4.880905628204346,0.32,0.1635759323835373,0.32106348872184753,1.1864123344421387
/home/donglei/isaac_projects/isaac_drone_racer/.worktrees/stage1-fake-vio/logs/skrl/stage1_recovery_20260905/2026-09-05_11-37-52/2026-09-05_11-37-57_ppo_torch_stage1_mixed/checkpoints/agent_50400.pt,8358d49b14eff681c47b70db964f4007dbfd07e9212768e13dbf0c17f0afc8d8,150d107225160ac498040fa20d4ccf9e26ec2703,True,fixed_per_environment_quotas_v2,nominal,11,69,True,True,5.88,,7,False,False,39.80385208129883,5.88,0.20153722167015076,0.061582863330841064,0.5049061179161072
/home/donglei/isaac_projects/isaac_drone_racer/.worktrees/stage1-fake-vio/logs/skrl/stage1_recovery_20260905/2026-09-05_11-37-52/2026-09-05_11-37-57_ppo_torch_stage1_mixed/checkpoints/agent_50400.pt,8358d49b14eff681c47b70db964f4007dbfd07e9212768e13dbf0c17f0afc8d8,150d107225160ac498040fa20d4ccf9e26ec2703,True,fixed_per_environment_quotas_v2,nominal,11,70,True,True,6.1000000000000005,,7,False,False,39.74342727661133,6.1000000000000005,0.4547504782676697,0.14910191297531128,1.1023635864257812
/home/donglei/isaac_projects/isaac_drone_racer/.worktrees/stage1-fake-vio/logs/skrl/stage1_recovery_20260905/2026-09-05_11-37-52/2026-09-05_11-37-57_ppo_torch_stage1_mixed/checkpoints/agent_50400.pt,8358d49b14eff681c47b70db964f4007dbfd07e9212768e13dbf0c17f0afc8d8,150d107225160ac498040fa20d4ccf9e26ec2703,True,fixed_per_environment_quotas_v2,nominal,11,71,False,False,,2,0,True,False,-3.107581615447998,0.98,0.20068447291851044,0.080900639295578,0.5527260899543762
/home/donglei/isaac_projects/isaac_drone_racer/.worktrees/stage1-fake-vio/logs/skrl/stage1_recovery_20260905/2026-09-05_11-37-52/2026-09-05_11-37-57_ppo_torch_stage1_mixed/checkpoints/agent_50400.pt,8358d49b14eff681c47b70db964f4007dbfd07e9212768e13dbf0c17f0afc8d8,150d107225160ac498040fa20d4ccf9e26ec2703,True,fixed_per_environment_quotas_v2,nominal,11,72,True,True,6.03,,7,False,False,39.70988082885742,6.03,0.4413502812385559,0.14454862475395203,1.1594605445861816
/home/donglei/isaac_projects/isaac_drone_racer/.worktrees/stage1-fake-vio/logs/skrl/stage1_recovery_20260905/2026-09-05_11-37-52/2026-09-05_11-37-57_ppo_torch_stage1_mixed/checkpoints/agent_50400.pt,8358d49b14eff681c47b70db964f4007dbfd07e9212768e13dbf0c17f0afc8d8,150d107225160ac498040fa20d4ccf9e26ec2703,True,fixed_per_environment_quotas_v2,nominal,11,73,True,True,6.18,,7,False,False,39.48182678222656,6.18,0.4500296413898468,0.15389059484004974,1.1113783121109009
/home/donglei/isaac_projects/isaac_drone_racer/.worktrees/stage1-fake-vio/logs/skrl/stage1_recovery_20260905/2026-09-05_11-37-52/2026-09-05_11-37-57_ppo_torch_stage1_mixed/checkpoints/agent_50400.pt,8358d49b14eff681c47b70db964f4007dbfd07e9212768e13dbf0c17f0afc8d8,150d107225160ac498040fa20d4ccf9e26ec2703,True,fixed_per_environment_quotas_v2,nominal,11,74,True,True,6.07,,7,False,False,39.724327087402344,6.07,0.20875751972198486,0.06218385323882103,0.5314643383026123
/home/donglei/isaac_projects/isaac_drone_racer/.worktrees/stage1-fake-vio/logs/skrl/stage1_recovery_20260905/2026-09-05_11-37-52/2026-09-05_11-37-57_ppo_torch_stage1_mixed/checkpoints/agent_50400.pt,8358d49b14eff681c47b70db964f4007dbfd07e9212768e13dbf0c17f0afc8d8,150d107225160ac498040fa20d4ccf9e26ec2703,True,fixed_per_environment_quotas_v2,nominal,11,75,False,False,,3,1,False,True,-1.1850507259368896,2.14,0.511009693145752,0.4930814504623413,1.1483711004257202
/home/donglei/isaac_projects/isaac_drone_racer/.worktrees/stage1-fake-vio/logs/skrl/stage1_recovery_20260905/2026-09-05_11-37-52/2026-09-05_11-37-57_ppo_torch_stage1_mixed/checkpoints/agent_50400.pt,8358d49b14eff681c47b70db964f4007dbfd07e9212768e13dbf0c17f0afc8d8,150d107225160ac498040fa20d4ccf9e26ec2703,True,fixed_per_environment_quotas_v2,nominal,11,76,True,True,5.99,,7,False,False,39.944854736328125,5.99,0.4335106611251831,0.14346253871917725,1.090720534324646
/home/donglei/isaac_projects/isaac_drone_racer/.worktrees/stage1-fake-vio/logs/skrl/stage1_recovery_20260905/2026-09-05_11-37-52/2026-09-05_11-37-57_ppo_torch_stage1_mixed/checkpoints/agent_50400.pt,8358d49b14eff681c47b70db964f4007dbfd07e9212768e13dbf0c17f0afc8d8,150d107225160ac498040fa20d4ccf9e26ec2703,True,fixed_per_environment_quotas_v2,nominal,11,77,True,True,5.89,,7,False,False,39.69415283203125,5.89,0.32259732484817505,0.10093057155609131,0.832286536693573
/home/donglei/isaac_projects/isaac_drone_racer/.worktrees/stage1-fake-vio/logs/skrl/stage1_recovery_20260905/2026-09-05_11-37-52/2026-09-05_11-37-57_ppo_torch_stage1_mixed/checkpoints/agent_50400.pt,8358d49b14eff681c47b70db964f4007dbfd07e9212768e13dbf0c17f0afc8d8,150d107225160ac498040fa20d4ccf9e26ec2703,True,fixed_per_environment_quotas_v2,nominal,11,78,True,True,5.99,,7,False,False,39.79171371459961,5.99,0.41507598757743835,0.1444404125213623,1.0904533863067627
/home/donglei/isaac_projects/isaac_drone_racer/.worktrees/stage1-fake-vio/logs/skrl/stage1_recovery_20260905/2026-09-05_11-37-52/2026-09-05_11-37-57_ppo_torch_stage1_mixed/checkpoints/agent_50400.pt,8358d49b14eff681c47b70db964f4007dbfd07e9212768e13dbf0c17f0afc8d8,150d107225160ac498040fa20d4ccf9e26ec2703,True,fixed_per_environment_quotas_v2,nominal,11,79,True,True,6.08,,7,False,False,39.507423400878906,6.08,0.44465363025665283,0.16259601712226868,1.2090338468551636
/home/donglei/isaac_projects/isaac_drone_racer/.worktrees/stage1-fake-vio/logs/skrl/stage1_recovery_20260905/2026-09-05_11-37-52/2026-09-05_11-37-57_ppo_torch_stage1_mixed/checkpoints/agent_50400.pt,8358d49b14eff681c47b70db964f4007dbfd07e9212768e13dbf0c17f0afc8d8,150d107225160ac498040fa20d4ccf9e26ec2703,True,fixed_per_environment_quotas_v2,nominal,11,80,False,False,,3,3,False,True,7.74841833114624,4.05,0.3938072919845581,1.6169099807739258,1.117535948753357
/home/donglei/isaac_projects/isaac_drone_racer/.worktrees/stage1-fake-vio/logs/skrl/stage1_recovery_20260905/2026-09-05_11-37-52/2026-09-05_11-37-57_ppo_torch_stage1_mixed/checkpoints/agent_50400.pt,8358d49b14eff681c47b70db964f4007dbfd07e9212768e13dbf0c17f0afc8d8,150d107225160ac498040fa20d4ccf9e26ec2703,True,fixed_per_environment_quotas_v2,nominal,11,81,True,True,5.97,,7,False,False,39.712364196777344,5.97,0.20395323634147644,0.07068736851215363,0.5139854550361633
/home/donglei/isaac_projects/isaac_drone_racer/.worktrees/stage1-fake-vio/logs/skrl/stage1_recovery_20260905/2026-09-05_11-37-52/2026-09-05_11-37-57_ppo_torch_stage1_mixed/checkpoints/agent_50400.pt,8358d49b14eff681c47b70db964f4007dbfd07e9212768e13dbf0c17f0afc8d8,150d107225160ac498040fa20d4ccf9e26ec2703,True,fixed_per_environment_quotas_v2,nominal,11,82,False,False,,2,6,True,False,29.013940811157227,5.7700000000000005,0.5689874291419983,0.780463695526123,1.6898646354675293
/home/donglei/isaac_projects/isaac_drone_racer/.worktrees/stage1-fake-vio/logs/skrl/stage1_recovery_20260905/2026-09-05_11-37-52/2026-09-05_11-37-57_ppo_torch_stage1_mixed/checkpoints/agent_50400.pt,8358d49b14eff681c47b70db964f4007dbfd07e9212768e13dbf0c17f0afc8d8,150d107225160ac498040fa20d4ccf9e26ec2703,True,fixed_per_environment_quotas_v2,nominal,11,83,True,True,6.12,,7,False,False,39.83626937866211,6.12,0.5580857992172241,0.18822607398033142,1.434333086013794
/home/donglei/isaac_projects/isaac_drone_racer/.worktrees/stage1-fake-vio/logs/skrl/stage1_recovery_20260905/2026-09-05_11-37-52/2026-09-05_11-37-57_ppo_torch_stage1_mixed/checkpoints/agent_50400.pt,8358d49b14eff681c47b70db964f4007dbfd07e9212768e13dbf0c17f0afc8d8,150d107225160ac498040fa20d4ccf9e26ec2703,True,fixed_per_environment_quotas_v2,nominal,11,84,True,True,6.0200000000000005,,7,False,False,39.85181427001953,6.0200000000000005,0.3267814517021179,0.1075272485613823,0.8453086614608765
/home/donglei/isaac_projects/isaac_drone_racer/.worktrees/stage1-fake-vio/logs/skrl/stage1_recovery_20260905/2026-09-05_11-37-52/2026-09-05_11-37-57_ppo_torch_stage1_mixed/checkpoints/agent_50400.pt,8358d49b14eff681c47b70db964f4007dbfd07e9212768e13dbf0c17f0afc8d8,150d107225160ac498040fa20d4ccf9e26ec2703,True,fixed_per_environment_quotas_v2,nominal,11,85,True,True,6.0600000000000005,,7,False,False,39.772926330566406,6.0600000000000005,0.3256170153617859,0.10066011548042297,0.8326740860939026
/home/donglei/isaac_projects/isaac_drone_racer/.worktrees/stage1-fake-vio/logs/skrl/stage1_recovery_20260905/2026-09-05_11-37-52/2026-09-05_11-37-57_ppo_torch_stage1_mixed/checkpoints/agent_50400.pt,8358d49b14eff681c47b70db964f4007dbfd07e9212768e13dbf0c17f0afc8d8,150d107225160ac498040fa20d4ccf9e26ec2703,True,fixed_per_environment_quotas_v2,nominal,11,86,True,True,6.12,,7,False,False,39.810638427734375,6.12,0.31058022379875183,0.10593881458044052,0.817895233631134
/home/donglei/isaac_projects/isaac_drone_racer/.worktrees/stage1-fake-vio/logs/skrl/stage1_recovery_20260905/2026-09-05_11-37-52/2026-09-05_11-37-57_ppo_torch_stage1_mixed/checkpoints/agent_50400.pt,8358d49b14eff681c47b70db964f4007dbfd07e9212768e13dbf0c17f0afc8d8,150d107225160ac498040fa20d4ccf9e26ec2703,True,fixed_per_environment_quotas_v2,nominal,11,87,True,True,5.89,,7,False,False,39.77376937866211,5.89,0.3279661238193512,0.10779814422130585,0.8452917337417603
/home/donglei/isaac_projects/isaac_drone_racer/.worktrees/stage1-fake-vio/logs/skrl/stage1_recovery_20260905/2026-09-05_11-37-52/2026-09-05_11-37-57_ppo_torch_stage1_mixed/checkpoints/agent_50400.pt,8358d49b14eff681c47b70db964f4007dbfd07e9212768e13dbf0c17f0afc8d8,150d107225160ac498040fa20d4ccf9e26ec2703,True,fixed_per_environment_quotas_v2,nominal,11,88,True,True,6.37,,7,False,False,39.65387725830078,6.37,0.5245533585548401,0.19392521679401398,1.3925132751464844
/home/donglei/isaac_projects/isaac_drone_racer/.worktrees/stage1-fake-vio/logs/skrl/stage1_recovery_20260905/2026-09-05_11-37-52/2026-09-05_11-37-57_ppo_torch_stage1_mixed/checkpoints/agent_50400.pt,8358d49b14eff681c47b70db964f4007dbfd07e9212768e13dbf0c17f0afc8d8,150d107225160ac498040fa20d4ccf9e26ec2703,True,fixed_per_environment_quotas_v2,nominal,11,89,True,True,6.140000000000001,,7,False,False,39.531097412109375,6.140000000000001,0.4334838390350342,0.15809141099452972,1.1192609071731567
/home/donglei/isaac_projects/isaac_drone_racer/.worktrees/stage1-fake-vio/logs/skrl/stage1_recovery_20260905/2026-09-05_11-37-52/2026-09-05_11-37-57_ppo_torch_stage1_mixed/checkpoints/agent_50400.pt,8358d49b14eff681c47b70db964f4007dbfd07e9212768e13dbf0c17f0afc8d8,150d107225160ac498040fa20d4ccf9e26ec2703,True,fixed_per_environment_quotas_v2,nominal,11,90,True,True,5.82,,7,False,False,39.5610237121582,5.82,0.45332545042037964,0.14685824513435364,1.171782374382019
/home/donglei/isaac_projects/isaac_drone_racer/.worktrees/stage1-fake-vio/logs/skrl/stage1_recovery_20260905/2026-09-05_11-37-52/2026-09-05_11-37-57_ppo_torch_stage1_mixed/checkpoints/agent_50400.pt,8358d49b14eff681c47b70db964f4007dbfd07e9212768e13dbf0c17f0afc8d8,150d107225160ac498040fa20d4ccf9e26ec2703,True,fixed_per_environment_quotas_v2,nominal,11,91,True,True,5.93,,7,False,False,39.77714920043945,5.93,0.22327563166618347,0.06349252164363861,0.538563072681427
/home/donglei/isaac_projects/isaac_drone_racer/.worktrees/stage1-fake-vio/logs/skrl/stage1_recovery_20260905/2026-09-05_11-37-52/2026-09-05_11-37-57_ppo_torch_stage1_mixed/checkpoints/agent_50400.pt,8358d49b14eff681c47b70db964f4007dbfd07e9212768e13dbf0c17f0afc8d8,150d107225160ac498040fa20d4ccf9e26ec2703,True,fixed_per_environment_quotas_v2,nominal,11,92,True,True,5.97,,7,False,False,39.78990173339844,5.97,0.5596374869346619,0.19464470446109772,1.4536662101745605
/home/donglei/isaac_projects/isaac_drone_racer/.worktrees/stage1-fake-vio/logs/skrl/stage1_recovery_20260905/2026-09-05_11-37-52/2026-09-05_11-37-57_ppo_torch_stage1_mixed/checkpoints/agent_50400.pt,8358d49b14eff681c47b70db964f4007dbfd07e9212768e13dbf0c17f0afc8d8,150d107225160ac498040fa20d4ccf9e26ec2703,True,fixed_per_environment_quotas_v2,nominal,11,93,True,True,6.09,,7,False,False,39.85310363769531,6.09,0.5334910750389099,0.1890316754579544,1.417763113975525
/home/donglei/isaac_projects/isaac_drone_racer/.worktrees/stage1-fake-vio/logs/skrl/stage1_recovery_20260905/2026-09-05_11-37-52/2026-09-05_11-37-57_ppo_torch_stage1_mixed/checkpoints/agent_50400.pt,8358d49b14eff681c47b70db964f4007dbfd07e9212768e13dbf0c17f0afc8d8,150d107225160ac498040fa20d4ccf9e26ec2703,True,fixed_per_environment_quotas_v2,nominal,11,94,True,True,6.1000000000000005,,7,False,False,39.61865234375,6.1000000000000005,0.3233641982078552,0.10736823081970215,0.8375669121742249
/home/donglei/isaac_projects/isaac_drone_racer/.worktrees/stage1-fake-vio/logs/skrl/stage1_recovery_20260905/2026-09-05_11-37-52/2026-09-05_11-37-57_ppo_torch_stage1_mixed/checkpoints/agent_50400.pt,8358d49b14eff681c47b70db964f4007dbfd07e9212768e13dbf0c17f0afc8d8,150d107225160ac498040fa20d4ccf9e26ec2703,True,fixed_per_environment_quotas_v2,nominal,11,95,True,True,5.88,,7,False,False,39.71659851074219,5.88,0.3286586403846741,0.10701194405555725,0.8711318969726562
/home/donglei/isaac_projects/isaac_drone_racer/.worktrees/stage1-fake-vio/logs/skrl/stage1_recovery_20260905/2026-09-05_11-37-52/2026-09-05_11-37-57_ppo_torch_stage1_mixed/checkpoints/agent_50400.pt,8358d49b14eff681c47b70db964f4007dbfd07e9212768e13dbf0c17f0afc8d8,150d107225160ac498040fa20d4ccf9e26ec2703,True,fixed_per_environment_quotas_v2,nominal,11,96,True,True,6.140000000000001,,7,False,False,39.536956787109375,6.140000000000001,0.42442095279693604,0.1496799886226654,1.1103229522705078
/home/donglei/isaac_projects/isaac_drone_racer/.worktrees/stage1-fake-vio/logs/skrl/stage1_recovery_20260905/2026-09-05_11-37-52/2026-09-05_11-37-57_ppo_torch_stage1_mixed/checkpoints/agent_50400.pt,8358d49b14eff681c47b70db964f4007dbfd07e9212768e13dbf0c17f0afc8d8,150d107225160ac498040fa20d4ccf9e26ec2703,True,fixed_per_environment_quotas_v2,nominal,11,97,True,True,6.03,,7,False,False,39.800071716308594,6.03,0.3246280550956726,0.1087355762720108,0.813378632068634
/home/donglei/isaac_projects/isaac_drone_racer/.worktrees/stage1-fake-vio/logs/skrl/stage1_recovery_20260905/2026-09-05_11-37-52/2026-09-05_11-37-57_ppo_torch_stage1_mixed/checkpoints/agent_50400.pt,8358d49b14eff681c47b70db964f4007dbfd07e9212768e13dbf0c17f0afc8d8,150d107225160ac498040fa20d4ccf9e26ec2703,True,fixed_per_environment_quotas_v2,nominal,11,98,True,True,5.94,,7,False,False,39.758609771728516,5.94,0.18821212649345398,0.07081445306539536,0.4931487441062927
/home/donglei/isaac_projects/isaac_drone_racer/.worktrees/stage1-fake-vio/logs/skrl/stage1_recovery_20260905/2026-09-05_11-37-52/2026-09-05_11-37-57_ppo_torch_stage1_mixed/checkpoints/agent_50400.pt,8358d49b14eff681c47b70db964f4007dbfd07e9212768e13dbf0c17f0afc8d8,150d107225160ac498040fa20d4ccf9e26ec2703,True,fixed_per_environment_quotas_v2,nominal,11,99,True,True,5.8500000000000005,,7,False,False,39.89498519897461,5.8500000000000005,0.451155424118042,0.14087443053722382,1.1687684059143066
/home/donglei/isaac_projects/isaac_drone_racer/.worktrees/stage1-fake-vio/logs/skrl/stage1_recovery_20260905/2026-09-05_11-37-52/2026-09-05_11-37-57_ppo_torch_stage1_mixed/checkpoints/agent_50400.pt,8358d49b14eff681c47b70db964f4007dbfd07e9212768e13dbf0c17f0afc8d8,150d107225160ac498040fa20d4ccf9e26ec2703,True,fixed_per_environment_quotas_v2,nominal,11,100,True,True,6.2700000000000005,,7,False,False,39.807403564453125,6.2700000000000005,0.5314624309539795,0.17535355687141418,1.3639862537384033
/home/donglei/isaac_projects/isaac_drone_racer/.worktrees/stage1-fake-vio/logs/skrl/stage1_recovery_20260905/2026-09-05_11-37-52/2026-09-05_11-37-57_ppo_torch_stage1_mixed/checkpoints/agent_50400.pt,8358d49b14eff681c47b70db964f4007dbfd07e9212768e13dbf0c17f0afc8d8,150d107225160ac498040fa20d4ccf9e26ec2703,True,fixed_per_environment_quotas_v2,nominal,11,101,True,True,6.05,,7,False,False,39.718963623046875,6.05,0.4394639730453491,0.14666077494621277,1.12493097782135
/home/donglei/isaac_projects/isaac_drone_racer/.worktrees/stage1-fake-vio/logs/skrl/stage1_recovery_20260905/2026-09-05_11-37-52/2026-09-05_11-37-57_ppo_torch_stage1_mixed/checkpoints/agent_50400.pt,8358d49b14eff681c47b70db964f4007dbfd07e9212768e13dbf0c17f0afc8d8,150d107225160ac498040fa20d4ccf9e26ec2703,True,fixed_per_environment_quotas_v2,nominal,11,102,True,True,6.43,,7,False,False,39.995521545410156,6.43,0.2934929430484772,0.11033661663532257,0.7434909343719482
/home/donglei/isaac_projects/isaac_drone_racer/.worktrees/stage1-fake-vio/logs/skrl/stage1_recovery_20260905/2026-09-05_11-37-52/2026-09-05_11-37-57_ppo_torch_stage1_mixed/checkpoints/agent_50400.pt,8358d49b14eff681c47b70db964f4007dbfd07e9212768e13dbf0c17f0afc8d8,150d107225160ac498040fa20d4ccf9e26ec2703,True,fixed_per_environment_quotas_v2,nominal,11,103,True,True,5.83,,7,False,False,39.731361389160156,5.83,0.32477670907974243,0.10114903748035431,0.8191508650779724
/home/donglei/isaac_projects/isaac_drone_racer/.worktrees/stage1-fake-vio/logs/skrl/stage1_recovery_20260905/2026-09-05_11-37-52/2026-09-05_11-37-57_ppo_torch_stage1_mixed/checkpoints/agent_50400.pt,8358d49b14eff681c47b70db964f4007dbfd07e9212768e13dbf0c17f0afc8d8,150d107225160ac498040fa20d4ccf9e26ec2703,True,fixed_per_environment_quotas_v2,nominal,11,104,True,True,6.28,,7,False,False,39.96388244628906,6.28,0.4082292914390564,0.14670749008655548,1.0468403100967407
/home/donglei/isaac_projects/isaac_drone_racer/.worktrees/stage1-fake-vio/logs/skrl/stage1_recovery_20260905/2026-09-05_11-37-52/2026-09-05_11-37-57_ppo_torch_stage1_mixed/checkpoints/agent_50400.pt,8358d49b14eff681c47b70db964f4007dbfd07e9212768e13dbf0c17f0afc8d8,150d107225160ac498040fa20d4ccf9e26ec2703,True,fixed_per_environment_quotas_v2,nominal,11,105,True,True,6.17,,7,False,False,39.846046447753906,6.17,0.46616023778915405,0.1581220030784607,1.1710608005523682
/home/donglei/isaac_projects/isaac_drone_racer/.worktrees/stage1-fake-vio/logs/skrl/stage1_recovery_20260905/2026-09-05_11-37-52/2026-09-05_11-37-57_ppo_torch_stage1_mixed/checkpoints/agent_50400.pt,8358d49b14eff681c47b70db964f4007dbfd07e9212768e13dbf0c17f0afc8d8,150d107225160ac498040fa20d4ccf9e26ec2703,True,fixed_per_environment_quotas_v2,nominal,11,106,True,True,5.91,,7,False,False,39.88740539550781,5.91,0.4564242362976074,0.1477494090795517,1.1691982746124268
/home/donglei/isaac_projects/isaac_drone_racer/.worktrees/stage1-fake-vio/logs/skrl/stage1_recovery_20260905/2026-09-05_11-37-52/2026-09-05_11-37-57_ppo_torch_stage1_mixed/checkpoints/agent_50400.pt,8358d49b14eff681c47b70db964f4007dbfd07e9212768e13dbf0c17f0afc8d8,150d107225160ac498040fa20d4ccf9e26ec2703,True,fixed_per_environment_quotas_v2,nominal,11,107,True,True,6.04,,7,False,False,39.78779220581055,6.04,0.20541724562644958,0.06268996000289917,0.4980091452598572
/home/donglei/isaac_projects/isaac_drone_racer/.worktrees/stage1-fake-vio/logs/skrl/stage1_recovery_20260905/2026-09-05_11-37-52/2026-09-05_11-37-57_ppo_torch_stage1_mixed/checkpoints/agent_50400.pt,8358d49b14eff681c47b70db964f4007dbfd07e9212768e13dbf0c17f0afc8d8,150d107225160ac498040fa20d4ccf9e26ec2703,True,fixed_per_environment_quotas_v2,nominal,11,108,True,True,5.88,,7,False,False,39.500282287597656,5.88,0.33348000049591064,0.1026228591799736,0.8634539842605591
/home/donglei/isaac_projects/isaac_drone_racer/.worktrees/stage1-fake-vio/logs/skrl/stage1_recovery_20260905/2026-09-05_11-37-52/2026-09-05_11-37-57_ppo_torch_stage1_mixed/checkpoints/agent_50400.pt,8358d49b14eff681c47b70db964f4007dbfd07e9212768e13dbf0c17f0afc8d8,150d107225160ac498040fa20d4ccf9e26ec2703,True,fixed_per_environment_quotas_v2,nominal,11,109,True,True,5.94,,7,False,False,39.7595329284668,5.94,0.3264310956001282,0.10410632193088531,0.8279781341552734
/home/donglei/isaac_projects/isaac_drone_racer/.worktrees/stage1-fake-vio/logs/skrl/stage1_recovery_20260905/2026-09-05_11-37-52/2026-09-05_11-37-57_ppo_torch_stage1_mixed/checkpoints/agent_50400.pt,8358d49b14eff681c47b70db964f4007dbfd07e9212768e13dbf0c17f0afc8d8,150d107225160ac498040fa20d4ccf9e26ec2703,True,fixed_per_environment_quotas_v2,nominal,11,110,True,True,6.0200000000000005,,7,False,False,39.487449645996094,6.0200000000000005,0.20238026976585388,0.0711829736828804,0.5291174054145813
/home/donglei/isaac_projects/isaac_drone_racer/.worktrees/stage1-fake-vio/logs/skrl/stage1_recovery_20260905/2026-09-05_11-37-52/2026-09-05_11-37-57_ppo_torch_stage1_mixed/checkpoints/agent_50400.pt,8358d49b14eff681c47b70db964f4007dbfd07e9212768e13dbf0c17f0afc8d8,150d107225160ac498040fa20d4ccf9e26ec2703,True,fixed_per_environment_quotas_v2,nominal,11,111,True,True,6.08,,7,False,False,39.715213775634766,6.08,0.18829293549060822,0.0677502229809761,0.5263137221336365
/home/donglei/isaac_projects/isaac_drone_racer/.worktrees/stage1-fake-vio/logs/skrl/stage1_recovery_20260905/2026-09-05_11-37-52/2026-09-05_11-37-57_ppo_torch_stage1_mixed/checkpoints/agent_50400.pt,8358d49b14eff681c47b70db964f4007dbfd07e9212768e13dbf0c17f0afc8d8,150d107225160ac498040fa20d4ccf9e26ec2703,True,fixed_per_environment_quotas_v2,nominal,11,112,True,True,5.82,,7,False,False,39.66902160644531,5.82,0.4508034288883209,0.14336468279361725,1.102307677268982
/home/donglei/isaac_projects/isaac_drone_racer/.worktrees/stage1-fake-vio/logs/skrl/stage1_recovery_20260905/2026-09-05_11-37-52/2026-09-05_11-37-57_ppo_torch_stage1_mixed/checkpoints/agent_50400.pt,8358d49b14eff681c47b70db964f4007dbfd07e9212768e13dbf0c17f0afc8d8,150d107225160ac498040fa20d4ccf9e26ec2703,True,fixed_per_environment_quotas_v2,nominal,11,113,True,True,6.25,,7,False,False,39.67041015625,6.25,0.19500263035297394,0.06727204471826553,0.5078203678131104
/home/donglei/isaac_projects/isaac_drone_racer/.worktrees/stage1-fake-vio/logs/skrl/stage1_recovery_20260905/2026-09-05_11-37-52/2026-09-05_11-37-57_ppo_torch_stage1_mixed/checkpoints/agent_50400.pt,8358d49b14eff681c47b70db964f4007dbfd07e9212768e13dbf0c17f0afc8d8,150d107225160ac498040fa20d4ccf9e26ec2703,True,fixed_per_environment_quotas_v2,nominal,11,114,True,True,6.17,,7,False,False,39.639041900634766,6.17,0.41404780745506287,0.15226778388023376,1.095702886581421
/home/donglei/isaac_projects/isaac_drone_racer/.worktrees/stage1-fake-vio/logs/skrl/stage1_recovery_20260905/2026-09-05_11-37-52/2026-09-05_11-37-57_ppo_torch_stage1_mixed/checkpoints/agent_50400.pt,8358d49b14eff681c47b70db964f4007dbfd07e9212768e13dbf0c17f0afc8d8,150d107225160ac498040fa20d4ccf9e26ec2703,True,fixed_per_environment_quotas_v2,nominal,11,115,True,True,6.09,,7,False,False,39.8920783996582,6.09,0.4339824318885803,0.14863918721675873,1.1307740211486816
/home/donglei/isaac_projects/isaac_drone_racer/.worktrees/stage1-fake-vio/logs/skrl/stage1_recovery_20260905/2026-09-05_11-37-52/2026-09-05_11-37-57_ppo_torch_stage1_mixed/checkpoints/agent_50400.pt,8358d49b14eff681c47b70db964f4007dbfd07e9212768e13dbf0c17f0afc8d8,150d107225160ac498040fa20d4ccf9e26ec2703,True,fixed_per_environment_quotas_v2,nominal,11,116,True,True,5.94,,7,False,False,39.80365753173828,5.94,0.3528589606285095,0.11214517802000046,0.9162046909332275
/home/donglei/isaac_projects/isaac_drone_racer/.worktrees/stage1-fake-vio/logs/skrl/stage1_recovery_20260905/2026-09-05_11-37-52/2026-09-05_11-37-57_ppo_torch_stage1_mixed/checkpoints/agent_50400.pt,8358d49b14eff681c47b70db964f4007dbfd07e9212768e13dbf0c17f0afc8d8,150d107225160ac498040fa20d4ccf9e26ec2703,True,fixed_per_environment_quotas_v2,nominal,11,117,True,True,5.95,,7,False,False,39.73249435424805,5.95,0.33988794684410095,0.1076519787311554,0.8601088523864746
/home/donglei/isaac_projects/isaac_drone_racer/.worktrees/stage1-fake-vio/logs/skrl/stage1_recovery_20260905/2026-09-05_11-37-52/2026-09-05_11-37-57_ppo_torch_stage1_mixed/checkpoints/agent_50400.pt,8358d49b14eff681c47b70db964f4007dbfd07e9212768e13dbf0c17f0afc8d8,150d107225160ac498040fa20d4ccf9e26ec2703,True,fixed_per_environment_quotas_v2,nominal,11,118,True,True,6.08,,7,False,False,40.064735412597656,6.08,0.20733214914798737,0.06524784117937088,0.5369234085083008
/home/donglei/isaac_projects/isaac_drone_racer/.worktrees/stage1-fake-vio/logs/skrl/stage1_recovery_20260905/2026-09-05_11-37-52/2026-09-05_11-37-57_ppo_torch_stage1_mixed/checkpoints/agent_50400.pt,8358d49b14eff681c47b70db964f4007dbfd07e9212768e13dbf0c17f0afc8d8,150d107225160ac498040fa20d4ccf9e26ec2703,True,fixed_per_environment_quotas_v2,nominal,11,119,True,True,5.91,,7,False,False,39.84328842163086,5.91,0.3267724812030792,0.1080700010061264,0.8537384271621704
/home/donglei/isaac_projects/isaac_drone_racer/.worktrees/stage1-fake-vio/logs/skrl/stage1_recovery_20260905/2026-09-05_11-37-52/2026-09-05_11-37-57_ppo_torch_stage1_mixed/checkpoints/agent_50400.pt,8358d49b14eff681c47b70db964f4007dbfd07e9212768e13dbf0c17f0afc8d8,150d107225160ac498040fa20d4ccf9e26ec2703,True,fixed_per_environment_quotas_v2,nominal,11,120,True,True,6.03,,7,False,False,39.79295349121094,6.03,0.20201942324638367,0.06694357097148895,0.5135554671287537
/home/donglei/isaac_projects/isaac_drone_racer/.worktrees/stage1-fake-vio/logs/skrl/stage1_recovery_20260905/2026-09-05_11-37-52/2026-09-05_11-37-57_ppo_torch_stage1_mixed/checkpoints/agent_50400.pt,8358d49b14eff681c47b70db964f4007dbfd07e9212768e13dbf0c17f0afc8d8,150d107225160ac498040fa20d4ccf9e26ec2703,True,fixed_per_environment_quotas_v2,nominal,11,121,True,True,5.8500000000000005,,7,False,False,39.875732421875,5.8500000000000005,0.2556649446487427,0.07564196735620499,0.6720128059387207
/home/donglei/isaac_projects/isaac_drone_racer/.worktrees/stage1-fake-vio/logs/skrl/stage1_recovery_20260905/2026-09-05_11-37-52/2026-09-05_11-37-57_ppo_torch_stage1_mixed/checkpoints/agent_50400.pt,8358d49b14eff681c47b70db964f4007dbfd07e9212768e13dbf0c17f0afc8d8,150d107225160ac498040fa20d4ccf9e26ec2703,True,fixed_per_environment_quotas_v2,nominal,11,122,True,True,5.89,,7,False,False,39.80134201049805,5.89,0.2154703438282013,0.06581544131040573,0.5577306151390076
/home/donglei/isaac_projects/isaac_drone_racer/.worktrees/stage1-fake-vio/logs/skrl/stage1_recovery_20260905/2026-09-05_11-37-52/2026-09-05_11-37-57_ppo_torch_stage1_mixed/checkpoints/agent_50400.pt,8358d49b14eff681c47b70db964f4007dbfd07e9212768e13dbf0c17f0afc8d8,150d107225160ac498040fa20d4ccf9e26ec2703,True,fixed_per_environment_quotas_v2,nominal,11,123,True,True,5.75,,7,False,False,39.7513427734375,5.75,0.31710880994796753,0.10737736523151398,0.8469080328941345
/home/donglei/isaac_projects/isaac_drone_racer/.worktrees/stage1-fake-vio/logs/skrl/stage1_recovery_20260905/2026-09-05_11-37-52/2026-09-05_11-37-57_ppo_torch_stage1_mixed/checkpoints/agent_50400.pt,8358d49b14eff681c47b70db964f4007dbfd07e9212768e13dbf0c17f0afc8d8,150d107225160ac498040fa20d4ccf9e26ec2703,True,fixed_per_environment_quotas_v2,nominal,11,124,True,True,6.08,,7,False,False,39.72296142578125,6.08,0.5563507676124573,0.18671093881130219,1.4155974388122559
/home/donglei/isaac_projects/isaac_drone_racer/.worktrees/stage1-fake-vio/logs/skrl/stage1_recovery_20260905/2026-09-05_11-37-52/2026-09-05_11-37-57_ppo_torch_stage1_mixed/checkpoints/agent_50400.pt,8358d49b14eff681c47b70db964f4007dbfd07e9212768e13dbf0c17f0afc8d8,150d107225160ac498040fa20d4ccf9e26ec2703,True,fixed_per_environment_quotas_v2,nominal,11,125,True,True,5.93,,7,False,False,39.56633758544922,5.93,0.20751750469207764,0.06550541520118713,0.5402278304100037
/home/donglei/isaac_projects/isaac_drone_racer/.worktrees/stage1-fake-vio/logs/skrl/stage1_recovery_20260905/2026-09-05_11-37-52/2026-09-05_11-37-57_ppo_torch_stage1_mixed/checkpoints/agent_50400.pt,8358d49b14eff681c47b70db964f4007dbfd07e9212768e13dbf0c17f0afc8d8,150d107225160ac498040fa20d4ccf9e26ec2703,True,fixed_per_environment_quotas_v2,nominal,11,126,True,True,5.84,,7,False,False,39.65364074707031,5.84,0.3354521095752716,0.09906869381666183,0.8182856440544128
/home/donglei/isaac_projects/isaac_drone_racer/.worktrees/stage1-fake-vio/logs/skrl/stage1_recovery_20260905/2026-09-05_11-37-52/2026-09-05_11-37-57_ppo_torch_stage1_mixed/checkpoints/agent_50400.pt,8358d49b14eff681c47b70db964f4007dbfd07e9212768e13dbf0c17f0afc8d8,150d107225160ac498040fa20d4ccf9e26ec2703,True,fixed_per_environment_quotas_v2,nominal,11,127,True,True,6.01,,7,False,False,39.67131805419922,6.01,0.5764515399932861,0.199168860912323,1.5083224773406982
/home/donglei/isaac_projects/isaac_drone_racer/.worktrees/stage1-fake-vio/logs/skrl/stage1_recovery_20260905/2026-09-05_11-37-52/2026-09-05_11-37-57_ppo_torch_stage1_mixed/checkpoints/agent_50400.pt,8358d49b14eff681c47b70db964f4007dbfd07e9212768e13dbf0c17f0afc8d8,150d107225160ac498040fa20d4ccf9e26ec2703,True,fixed_per_environment_quotas_v2,nominal,29,0,False,False,,2,0,True,False,-4.964712142944336,0.02,0.18374685943126678,0.12122213840484619,2.098153829574585
/home/donglei/isaac_projects/isaac_drone_racer/.worktrees/stage1-fake-vio/logs/skrl/stage1_recovery_20260905/2026-09-05_11-37-52/2026-09-05_11-37-57_ppo_torch_stage1_mixed/checkpoints/agent_50400.pt,8358d49b14eff681c47b70db964f4007dbfd07e9212768e13dbf0c17f0afc8d8,150d107225160ac498040fa20d4ccf9e26ec2703,True,fixed_per_environment_quotas_v2,nominal,29,1,False,False,,1,0,False,False,0.5616697072982788,0.31,0.346373975276947,0.1539086103439331,1.3780766725540161
/home/donglei/isaac_projects/isaac_drone_racer/.worktrees/stage1-fake-vio/logs/skrl/stage1_recovery_20260905/2026-09-05_11-37-52/2026-09-05_11-37-57_ppo_torch_stage1_mixed/checkpoints/agent_50400.pt,8358d49b14eff681c47b70db964f4007dbfd07e9212768e13dbf0c17f0afc8d8,150d107225160ac498040fa20d4ccf9e26ec2703,True,fixed_per_environment_quotas_v2,nominal,29,2,False,False,,5,1,False,False,6.7373366355896,0.97,0.39960789680480957,0.11712779849767685,0.7778653502464294
/home/donglei/isaac_projects/isaac_drone_racer/.worktrees/stage1-fake-vio/logs/skrl/stage1_recovery_20260905/2026-09-05_11-37-52/2026-09-05_11-37-57_ppo_torch_stage1_mixed/checkpoints/agent_50400.pt,8358d49b14eff681c47b70db964f4007dbfd07e9212768e13dbf0c17f0afc8d8,150d107225160ac498040fa20d4ccf9e26ec2703,True,fixed_per_environment_quotas_v2,nominal,29,3,False,False,,2,1,False,False,5.671654224395752,0.98,0.39315155148506165,0.11719463765621185,1.2730307579040527
/home/donglei/isaac_projects/isaac_drone_racer/.worktrees/stage1-fake-vio/logs/skrl/stage1_recovery_20260905/2026-09-05_11-37-52/2026-09-05_11-37-57_ppo_torch_stage1_mixed/checkpoints/agent_50400.pt,8358d49b14eff681c47b70db964f4007dbfd07e9212768e13dbf0c17f0afc8d8,150d107225160ac498040fa20d4ccf9e26ec2703,True,fixed_per_environment_quotas_v2,nominal,29,4,False,False,,1,1,False,False,5.491974830627441,0.99,0.34891748428344727,0.1305328607559204,1.133534550666809
/home/donglei/isaac_projects/isaac_drone_racer/.worktrees/stage1-fake-vio/logs/skrl/stage1_recovery_20260905/2026-09-05_11-37-52/2026-09-05_11-37-57_ppo_torch_stage1_mixed/checkpoints/agent_50400.pt,8358d49b14eff681c47b70db964f4007dbfd07e9212768e13dbf0c17f0afc8d8,150d107225160ac498040fa20d4ccf9e26ec2703,True,fixed_per_environment_quotas_v2,nominal,29,5,False,False,,3,1,False,False,6.180124759674072,1.1,0.5867454409599304,0.20458349585533142,1.3749897480010986
/home/donglei/isaac_projects/isaac_drone_racer/.worktrees/stage1-fake-vio/logs/skrl/stage1_recovery_20260905/2026-09-05_11-37-52/2026-09-05_11-37-57_ppo_torch_stage1_mixed/checkpoints/agent_50400.pt,8358d49b14eff681c47b70db964f4007dbfd07e9212768e13dbf0c17f0afc8d8,150d107225160ac498040fa20d4ccf9e26ec2703,True,fixed_per_environment_quotas_v2,nominal,29,6,False,False,,4,2,False,False,10.51772689819336,1.33,0.22132013738155365,0.05000791698694229,0.5347207188606262
/home/donglei/isaac_projects/isaac_drone_racer/.worktrees/stage1-fake-vio/logs/skrl/stage1_recovery_20260905/2026-09-05_11-37-52/2026-09-05_11-37-57_ppo_torch_stage1_mixed/checkpoints/agent_50400.pt,8358d49b14eff681c47b70db964f4007dbfd07e9212768e13dbf0c17f0afc8d8,150d107225160ac498040fa20d4ccf9e26ec2703,True,fixed_per_environment_quotas_v2,nominal,29,7,False,False,,2,1,True,False,1.8680243492126465,1.84,0.17111341655254364,0.08986124396324158,0.8748965859413147
/home/donglei/isaac_projects/isaac_drone_racer/.worktrees/stage1-fake-vio/logs/skrl/stage1_recovery_20260905/2026-09-05_11-37-52/2026-09-05_11-37-57_ppo_torch_stage1_mixed/checkpoints/agent_50400.pt,8358d49b14eff681c47b70db964f4007dbfd07e9212768e13dbf0c17f0afc8d8,150d107225160ac498040fa20d4ccf9e26ec2703,True,fixed_per_environment_quotas_v2,nominal,29,8,False,False,,3,2,False,False,12.42949390411377,2.14,0.4727407395839691,0.151497945189476,1.219859004020691
/home/donglei/isaac_projects/isaac_drone_racer/.worktrees/stage1-fake-vio/logs/skrl/stage1_recovery_20260905/2026-09-05_11-37-52/2026-09-05_11-37-57_ppo_torch_stage1_mixed/checkpoints/agent_50400.pt,8358d49b14eff681c47b70db964f4007dbfd07e9212768e13dbf0c17f0afc8d8,150d107225160ac498040fa20d4ccf9e26ec2703,True,fixed_per_environment_quotas_v2,nominal,29,9,False,False,,4,3,False,False,16.8709774017334,2.41,0.22165362536907196,0.06663398444652557,0.5283812284469604
/home/donglei/isaac_projects/isaac_drone_racer/.worktrees/stage1-fake-vio/logs/skrl/stage1_recovery_20260905/2026-09-05_11-37-52/2026-09-05_11-37-57_ppo_torch_stage1_mixed/checkpoints/agent_50400.pt,8358d49b14eff681c47b70db964f4007dbfd07e9212768e13dbf0c17f0afc8d8,150d107225160ac498040fa20d4ccf9e26ec2703,True,fixed_per_environment_quotas_v2,nominal,29,10,False,False,,5,2,False,False,13.27430534362793,2.49,0.22988517582416534,0.07315805554389954,0.6225979924201965
/home/donglei/isaac_projects/isaac_drone_racer/.worktrees/stage1-fake-vio/logs/skrl/stage1_recovery_20260905/2026-09-05_11-37-52/2026-09-05_11-37-57_ppo_torch_stage1_mixed/checkpoints/agent_50400.pt,8358d49b14eff681c47b70db964f4007dbfd07e9212768e13dbf0c17f0afc8d8,150d107225160ac498040fa20d4ccf9e26ec2703,True,fixed_per_environment_quotas_v2,nominal,29,11,False,False,,4,2,True,False,9.610729217529297,3.18,0.6141655445098877,0.2333184778690338,1.6995742321014404
/home/donglei/isaac_projects/isaac_drone_racer/.worktrees/stage1-fake-vio/logs/skrl/stage1_recovery_20260905/2026-09-05_11-37-52/2026-09-05_11-37-57_ppo_torch_stage1_mixed/checkpoints/agent_50400.pt,8358d49b14eff681c47b70db964f4007dbfd07e9212768e13dbf0c17f0afc8d8,150d107225160ac498040fa20d4ccf9e26ec2703,True,fixed_per_environment_quotas_v2,nominal,29,12,False,False,,3,0,True,False,-8.267683029174805,3.35,0.2507646083831787,0.43859902024269104,0.982299268245697
/home/donglei/isaac_projects/isaac_drone_racer/.worktrees/stage1-fake-vio/logs/skrl/stage1_recovery_20260905/2026-09-05_11-37-52/2026-09-05_11-37-57_ppo_torch_stage1_mixed/checkpoints/agent_50400.pt,8358d49b14eff681c47b70db964f4007dbfd07e9212768e13dbf0c17f0afc8d8,150d107225160ac498040fa20d4ccf9e26ec2703,True,fixed_per_environment_quotas_v2,nominal,29,13,False,False,,1,4,False,False,23.17231559753418,3.6,0.5787844061851501,0.213049054145813,1.5387368202209473
/home/donglei/isaac_projects/isaac_drone_racer/.worktrees/stage1-fake-vio/logs/skrl/stage1_recovery_20260905/2026-09-05_11-37-52/2026-09-05_11-37-57_ppo_torch_stage1_mixed/checkpoints/agent_50400.pt,8358d49b14eff681c47b70db964f4007dbfd07e9212768e13dbf0c17f0afc8d8,150d107225160ac498040fa20d4ccf9e26ec2703,True,fixed_per_environment_quotas_v2,nominal,29,14,False,False,,4,3,True,False,14.67431640625,3.84,0.3377752900123596,0.13699163496494293,1.1540337800979614
/home/donglei/isaac_projects/isaac_drone_racer/.worktrees/stage1-fake-vio/logs/skrl/stage1_recovery_20260905/2026-09-05_11-37-52/2026-09-05_11-37-57_ppo_torch_stage1_mixed/checkpoints/agent_50400.pt,8358d49b14eff681c47b70db964f4007dbfd07e9212768e13dbf0c17f0afc8d8,150d107225160ac498040fa20d4ccf9e26ec2703,True,fixed_per_environment_quotas_v2,nominal,29,15,False,False,,4,5,False,False,28.3052978515625,4.05,0.4649542272090912,0.13334815204143524,1.2256118059158325
/home/donglei/isaac_projects/isaac_drone_racer/.worktrees/stage1-fake-vio/logs/skrl/stage1_recovery_20260905/2026-09-05_11-37-52/2026-09-05_11-37-57_ppo_torch_stage1_mixed/checkpoints/agent_50400.pt,8358d49b14eff681c47b70db964f4007dbfd07e9212768e13dbf0c17f0afc8d8,150d107225160ac498040fa20d4ccf9e26ec2703,True,fixed_per_environment_quotas_v2,nominal,29,16,False,False,,3,6,False,False,31.38431739807129,4.21,0.42655906081199646,0.13628576695919037,1.190382480621338
/home/donglei/isaac_projects/isaac_drone_racer/.worktrees/stage1-fake-vio/logs/skrl/stage1_recovery_20260905/2026-09-05_11-37-52/2026-09-05_11-37-57_ppo_torch_stage1_mixed/checkpoints/agent_50400.pt,8358d49b14eff681c47b70db964f4007dbfd07e9212768e13dbf0c17f0afc8d8,150d107225160ac498040fa20d4ccf9e26ec2703,True,fixed_per_environment_quotas_v2,nominal,29,17,False,False,,7,3,True,False,13.705679893493652,4.25,0.20125272870063782,0.08342857658863068,0.6443138718605042
/home/donglei/isaac_projects/isaac_drone_racer/.worktrees/stage1-fake-vio/logs/skrl/stage1_recovery_20260905/2026-09-05_11-37-52/2026-09-05_11-37-57_ppo_torch_stage1_mixed/checkpoints/agent_50400.pt,8358d49b14eff681c47b70db964f4007dbfd07e9212768e13dbf0c17f0afc8d8,150d107225160ac498040fa20d4ccf9e26ec2703,True,fixed_per_environment_quotas_v2,nominal,29,18,True,True,4.64,,7,False,False,37.62602996826172,4.64,0.5974113345146179,0.1922069489955902,1.5330995321273804
/home/donglei/isaac_projects/isaac_drone_racer/.worktrees/stage1-fake-vio/logs/skrl/stage1_recovery_20260905/2026-09-05_11-37-52/2026-09-05_11-37-57_ppo_torch_stage1_mixed/checkpoints/agent_50400.pt,8358d49b14eff681c47b70db964f4007dbfd07e9212768e13dbf0c17f0afc8d8,150d107225160ac498040fa20d4ccf9e26ec2703,True,fixed_per_environment_quotas_v2,nominal,29,19,True,True,5.17,,7,False,False,38.20722961425781,5.17,0.3158019483089447,0.10460762679576874,0.8626611232757568
/home/donglei/isaac_projects/isaac_drone_racer/.worktrees/stage1-fake-vio/logs/skrl/stage1_recovery_20260905/2026-09-05_11-37-52/2026-09-05_11-37-57_ppo_torch_stage1_mixed/checkpoints/agent_50400.pt,8358d49b14eff681c47b70db964f4007dbfd07e9212768e13dbf0c17f0afc8d8,150d107225160ac498040fa20d4ccf9e26ec2703,True,fixed_per_environment_quotas_v2,nominal,29,20,True,True,5.29,,7,False,False,39.256160736083984,5.29,0.5938769578933716,0.19220584630966187,1.5285797119140625
/home/donglei/isaac_projects/isaac_drone_racer/.worktrees/stage1-fake-vio/logs/skrl/stage1_recovery_20260905/2026-09-05_11-37-52/2026-09-05_11-37-57_ppo_torch_stage1_mixed/checkpoints/agent_50400.pt,8358d49b14eff681c47b70db964f4007dbfd07e9212768e13dbf0c17f0afc8d8,150d107225160ac498040fa20d4ccf9e26ec2703,True,fixed_per_environment_quotas_v2,nominal,29,21,False,False,,2,0,True,False,-4.393726825714111,0.97,0.250311940908432,1.7771722078323364,2.259237289428711
/home/donglei/isaac_projects/isaac_drone_racer/.worktrees/stage1-fake-vio/logs/skrl/stage1_recovery_20260905/2026-09-05_11-37-52/2026-09-05_11-37-57_ppo_torch_stage1_mixed/checkpoints/agent_50400.pt,8358d49b14eff681c47b70db964f4007dbfd07e9212768e13dbf0c17f0afc8d8,150d107225160ac498040fa20d4ccf9e26ec2703,True,fixed_per_environment_quotas_v2,nominal,29,22,True,True,5.14,,7,False,False,38.872867584228516,5.14,0.4583233594894409,0.14559277892112732,1.1818360090255737
/home/donglei/isaac_projects/isaac_drone_racer/.worktrees/stage1-fake-vio/logs/skrl/stage1_recovery_20260905/2026-09-05_11-37-52/2026-09-05_11-37-57_ppo_torch_stage1_mixed/checkpoints/agent_50400.pt,8358d49b14eff681c47b70db964f4007dbfd07e9212768e13dbf0c17f0afc8d8,150d107225160ac498040fa20d4ccf9e26ec2703,True,fixed_per_environment_quotas_v2,nominal,29,23,True,True,5.0,,7,False,False,38.7356071472168,5.0,0.3377746343612671,0.10676566511392593,0.8384351134300232
/home/donglei/isaac_projects/isaac_drone_racer/.worktrees/stage1-fake-vio/logs/skrl/stage1_recovery_20260905/2026-09-05_11-37-52/2026-09-05_11-37-57_ppo_torch_stage1_mixed/checkpoints/agent_50400.pt,8358d49b14eff681c47b70db964f4007dbfd07e9212768e13dbf0c17f0afc8d8,150d107225160ac498040fa20d4ccf9e26ec2703,True,fixed_per_environment_quotas_v2,nominal,29,24,True,True,4.91,,7,False,False,37.560890197753906,4.91,0.4428953230381012,0.14228221774101257,1.1869417428970337
/home/donglei/isaac_projects/isaac_drone_racer/.worktrees/stage1-fake-vio/logs/skrl/stage1_recovery_20260905/2026-09-05_11-37-52/2026-09-05_11-37-57_ppo_torch_stage1_mixed/checkpoints/agent_50400.pt,8358d49b14eff681c47b70db964f4007dbfd07e9212768e13dbf0c17f0afc8d8,150d107225160ac498040fa20d4ccf9e26ec2703,True,fixed_per_environment_quotas_v2,nominal,29,25,True,True,5.16,,7,False,False,39.031795501708984,5.16,0.4728452265262604,0.15258321166038513,1.1702134609222412
/home/donglei/isaac_projects/isaac_drone_racer/.worktrees/stage1-fake-vio/logs/skrl/stage1_recovery_20260905/2026-09-05_11-37-52/2026-09-05_11-37-57_ppo_torch_stage1_mixed/checkpoints/agent_50400.pt,8358d49b14eff681c47b70db964f4007dbfd07e9212768e13dbf0c17f0afc8d8,150d107225160ac498040fa20d4ccf9e26ec2703,True,fixed_per_environment_quotas_v2,nominal,29,26,True,True,5.62,,7,False,False,39.47852325439453,5.62,0.4757763743400574,0.1450800597667694,1.2158758640289307
/home/donglei/isaac_projects/isaac_drone_racer/.worktrees/stage1-fake-vio/logs/skrl/stage1_recovery_20260905/2026-09-05_11-37-52/2026-09-05_11-37-57_ppo_torch_stage1_mixed/checkpoints/agent_50400.pt,8358d49b14eff681c47b70db964f4007dbfd07e9212768e13dbf0c17f0afc8d8,150d107225160ac498040fa20d4ccf9e26ec2703,True,fixed_per_environment_quotas_v2,nominal,29,27,True,True,5.94,,7,False,False,39.827667236328125,5.94,0.5875160098075867,0.19637995958328247,1.4851839542388916
/home/donglei/isaac_projects/isaac_drone_racer/.worktrees/stage1-fake-vio/logs/skrl/stage1_recovery_20260905/2026-09-05_11-37-52/2026-09-05_11-37-57_ppo_torch_stage1_mixed/checkpoints/agent_50400.pt,8358d49b14eff681c47b70db964f4007dbfd07e9212768e13dbf0c17f0afc8d8,150d107225160ac498040fa20d4ccf9e26ec2703,True,fixed_per_environment_quotas_v2,nominal,29,28,True,True,5.01,,7,False,False,38.292537689208984,5.01,0.2133033573627472,0.06928588449954987,0.5446350574493408
/home/donglei/isaac_projects/isaac_drone_racer/.worktrees/stage1-fake-vio/logs/skrl/stage1_recovery_20260905/2026-09-05_11-37-52/2026-09-05_11-37-57_ppo_torch_stage1_mixed/checkpoints/agent_50400.pt,8358d49b14eff681c47b70db964f4007dbfd07e9212768e13dbf0c17f0afc8d8,150d107225160ac498040fa20d4ccf9e26ec2703,True,fixed_per_environment_quotas_v2,nominal,29,29,True,True,6.38,,7,False,False,39.796592712402344,6.38,0.5271827578544617,0.19064341485500336,1.4233065843582153
/home/donglei/isaac_projects/isaac_drone_racer/.worktrees/stage1-fake-vio/logs/skrl/stage1_recovery_20260905/2026-09-05_11-37-52/2026-09-05_11-37-57_ppo_torch_stage1_mixed/checkpoints/agent_50400.pt,8358d49b14eff681c47b70db964f4007dbfd07e9212768e13dbf0c17f0afc8d8,150d107225160ac498040fa20d4ccf9e26ec2703,True,fixed_per_environment_quotas_v2,nominal,29,30,True,True,5.73,,7,False,False,39.617557525634766,5.73,0.5865878462791443,0.17698830366134644,1.5723438262939453
/home/donglei/isaac_projects/isaac_drone_racer/.worktrees/stage1-fake-vio/logs/skrl/stage1_recovery_20260905/2026-09-05_11-37-52/2026-09-05_11-37-57_ppo_torch_stage1_mixed/checkpoints/agent_50400.pt,8358d49b14eff681c47b70db964f4007dbfd07e9212768e13dbf0c17f0afc8d8,150d107225160ac498040fa20d4ccf9e26ec2703,True,fixed_per_environment_quotas_v2,nominal,29,31,True,True,5.13,,7,False,False,38.13485336303711,5.13,0.20305629074573517,0.06204146519303322,0.5673437118530273
/home/donglei/isaac_projects/isaac_drone_racer/.worktrees/stage1-fake-vio/logs/skrl/stage1_recovery_20260905/2026-09-05_11-37-52/2026-09-05_11-37-57_ppo_torch_stage1_mixed/checkpoints/agent_50400.pt,8358d49b14eff681c47b70db964f4007dbfd07e9212768e13dbf0c17f0afc8d8,150d107225160ac498040fa20d4ccf9e26ec2703,True,fixed_per_environment_quotas_v2,nominal,29,32,True,True,5.26,,7,False,False,38.884220123291016,5.26,0.5928826332092285,0.1647392064332962,1.48221755027771
/home/donglei/isaac_projects/isaac_drone_racer/.worktrees/stage1-fake-vio/logs/skrl/stage1_recovery_20260905/2026-09-05_11-37-52/2026-09-05_11-37-57_ppo_torch_stage1_mixed/checkpoints/agent_50400.pt,8358d49b14eff681c47b70db964f4007dbfd07e9212768e13dbf0c17f0afc8d8,150d107225160ac498040fa20d4ccf9e26ec2703,True,fixed_per_environment_quotas_v2,nominal,29,33,True,True,5.75,,7,False,False,39.85407257080078,5.75,0.2097022980451584,0.0776539221405983,0.5611943006515503
/home/donglei/isaac_projects/isaac_drone_racer/.worktrees/stage1-fake-vio/logs/skrl/stage1_recovery_20260905/2026-09-05_11-37-52/2026-09-05_11-37-57_ppo_torch_stage1_mixed/checkpoints/agent_50400.pt,8358d49b14eff681c47b70db964f4007dbfd07e9212768e13dbf0c17f0afc8d8,150d107225160ac498040fa20d4ccf9e26ec2703,True,fixed_per_environment_quotas_v2,nominal,29,34,True,True,4.8500000000000005,,7,False,False,38.0879020690918,4.8500000000000005,0.5914539694786072,0.18997812271118164,1.4802889823913574
/home/donglei/isaac_projects/isaac_drone_racer/.worktrees/stage1-fake-vio/logs/skrl/stage1_recovery_20260905/2026-09-05_11-37-52/2026-09-05_11-37-57_ppo_torch_stage1_mixed/checkpoints/agent_50400.pt,8358d49b14eff681c47b70db964f4007dbfd07e9212768e13dbf0c17f0afc8d8,150d107225160ac498040fa20d4ccf9e26ec2703,True,fixed_per_environment_quotas_v2,nominal,29,35,True,True,6.04,,7,False,False,39.30133819580078,6.04,0.329309344291687,0.10139452666044235,0.8713797926902771
/home/donglei/isaac_projects/isaac_drone_racer/.worktrees/stage1-fake-vio/logs/skrl/stage1_recovery_20260905/2026-09-05_11-37-52/2026-09-05_11-37-57_ppo_torch_stage1_mixed/checkpoints/agent_50400.pt,8358d49b14eff681c47b70db964f4007dbfd07e9212768e13dbf0c17f0afc8d8,150d107225160ac498040fa20d4ccf9e26ec2703,True,fixed_per_environment_quotas_v2,nominal,29,36,False,False,,1,0,True,False,-4.073211193084717,0.97,0.1789928823709488,0.10799974948167801,0.7726346254348755
/home/donglei/isaac_projects/isaac_drone_racer/.worktrees/stage1-fake-vio/logs/skrl/stage1_recovery_20260905/2026-09-05_11-37-52/2026-09-05_11-37-57_ppo_torch_stage1_mixed/checkpoints/agent_50400.pt,8358d49b14eff681c47b70db964f4007dbfd07e9212768e13dbf0c17f0afc8d8,150d107225160ac498040fa20d4ccf9e26ec2703,True,fixed_per_environment_quotas_v2,nominal,29,37,True,True,4.7,,7,False,False,37.88582229614258,4.7,0.6054999232292175,0.19286592304706573,1.5109082460403442
/home/donglei/isaac_projects/isaac_drone_racer/.worktrees/stage1-fake-vio/logs/skrl/stage1_recovery_20260905/2026-09-05_11-37-52/2026-09-05_11-37-57_ppo_torch_stage1_mixed/checkpoints/agent_50400.pt,8358d49b14eff681c47b70db964f4007dbfd07e9212768e13dbf0c17f0afc8d8,150d107225160ac498040fa20d4ccf9e26ec2703,True,fixed_per_environment_quotas_v2,nominal,29,38,True,True,6.13,,7,False,False,40.01526641845703,6.13,0.5437586903572083,0.18508164584636688,1.4253758192062378
/home/donglei/isaac_projects/isaac_drone_racer/.worktrees/stage1-fake-vio/logs/skrl/stage1_recovery_20260905/2026-09-05_11-37-52/2026-09-05_11-37-57_ppo_torch_stage1_mixed/checkpoints/agent_50400.pt,8358d49b14eff681c47b70db964f4007dbfd07e9212768e13dbf0c17f0afc8d8,150d107225160ac498040fa20d4ccf9e26ec2703,True,fixed_per_environment_quotas_v2,nominal,29,39,False,False,,7,2,True,False,6.880743503570557,2.39,0.3744027316570282,0.11343603581190109,1.1061480045318604
/home/donglei/isaac_projects/isaac_drone_racer/.worktrees/stage1-fake-vio/logs/skrl/stage1_recovery_20260905/2026-09-05_11-37-52/2026-09-05_11-37-57_ppo_torch_stage1_mixed/checkpoints/agent_50400.pt,8358d49b14eff681c47b70db964f4007dbfd07e9212768e13dbf0c17f0afc8d8,150d107225160ac498040fa20d4ccf9e26ec2703,True,fixed_per_environment_quotas_v2,nominal,29,40,True,True,5.96,,7,False,False,39.66679382324219,5.96,0.4517742693424225,0.14497990906238556,1.1747885942459106
/home/donglei/isaac_projects/isaac_drone_racer/.worktrees/stage1-fake-vio/logs/skrl/stage1_recovery_20260905/2026-09-05_11-37-52/2026-09-05_11-37-57_ppo_torch_stage1_mixed/checkpoints/agent_50400.pt,8358d49b14eff681c47b70db964f4007dbfd07e9212768e13dbf0c17f0afc8d8,150d107225160ac498040fa20d4ccf9e26ec2703,True,fixed_per_environment_quotas_v2,nominal,29,41,True,True,5.33,,7,False,False,39.12333297729492,5.33,0.21873077750205994,0.07053453475236893,0.5417608618736267
/home/donglei/isaac_projects/isaac_drone_racer/.worktrees/stage1-fake-vio/logs/skrl/stage1_recovery_20260905/2026-09-05_11-37-52/2026-09-05_11-37-57_ppo_torch_stage1_mixed/checkpoints/agent_50400.pt,8358d49b14eff681c47b70db964f4007dbfd07e9212768e13dbf0c17f0afc8d8,150d107225160ac498040fa20d4ccf9e26ec2703,True,fixed_per_environment_quotas_v2,nominal,29,42,False,False,,4,1,True,False,3.765766143798828,2.2,0.6242089867591858,0.222758486866951,1.594899296760559
/home/donglei/isaac_projects/isaac_drone_racer/.worktrees/stage1-fake-vio/logs/skrl/stage1_recovery_20260905/2026-09-05_11-37-52/2026-09-05_11-37-57_ppo_torch_stage1_mixed/checkpoints/agent_50400.pt,8358d49b14eff681c47b70db964f4007dbfd07e9212768e13dbf0c17f0afc8d8,150d107225160ac498040fa20d4ccf9e26ec2703,True,fixed_per_environment_quotas_v2,nominal,29,43,True,True,5.48,,7,False,False,39.56700897216797,5.48,0.3392268121242523,0.10876059532165527,0.852344810962677
/home/donglei/isaac_projects/isaac_drone_racer/.worktrees/stage1-fake-vio/logs/skrl/stage1_recovery_20260905/2026-09-05_11-37-52/2026-09-05_11-37-57_ppo_torch_stage1_mixed/checkpoints/agent_50400.pt,8358d49b14eff681c47b70db964f4007dbfd07e9212768e13dbf0c17f0afc8d8,150d107225160ac498040fa20d4ccf9e26ec2703,True,fixed_per_environment_quotas_v2,nominal,29,44,True,True,6.24,,7,False,False,40.05467987060547,6.24,0.42806291580200195,0.14818736910820007,1.1159186363220215
/home/donglei/isaac_projects/isaac_drone_racer/.worktrees/stage1-fake-vio/logs/skrl/stage1_recovery_20260905/2026-09-05_11-37-52/2026-09-05_11-37-57_ppo_torch_stage1_mixed/checkpoints/agent_50400.pt,8358d49b14eff681c47b70db964f4007dbfd07e9212768e13dbf0c17f0afc8d8,150d107225160ac498040fa20d4ccf9e26ec2703,True,fixed_per_environment_quotas_v2,nominal,29,45,True,True,5.17,,7,False,False,38.420433044433594,5.17,0.22555530071258545,0.07148860394954681,0.5617895126342773
/home/donglei/isaac_projects/isaac_drone_racer/.worktrees/stage1-fake-vio/logs/skrl/stage1_recovery_20260905/2026-09-05_11-37-52/2026-09-05_11-37-57_ppo_torch_stage1_mixed/checkpoints/agent_50400.pt,8358d49b14eff681c47b70db964f4007dbfd07e9212768e13dbf0c17f0afc8d8,150d107225160ac498040fa20d4ccf9e26ec2703,True,fixed_per_environment_quotas_v2,nominal,29,46,True,True,6.08,,7,False,False,39.81077575683594,6.08,0.4155707359313965,0.1537775844335556,1.1037423610687256
/home/donglei/isaac_projects/isaac_drone_racer/.worktrees/stage1-fake-vio/logs/skrl/stage1_recovery_20260905/2026-09-05_11-37-52/2026-09-05_11-37-57_ppo_torch_stage1_mixed/checkpoints/agent_50400.pt,8358d49b14eff681c47b70db964f4007dbfd07e9212768e13dbf0c17f0afc8d8,150d107225160ac498040fa20d4ccf9e26ec2703,True,fixed_per_environment_quotas_v2,nominal,29,47,True,True,5.96,,7,False,False,39.8408317565918,5.96,0.21090568602085114,0.06985088437795639,0.5480675101280212
/home/donglei/isaac_projects/isaac_drone_racer/.worktrees/stage1-fake-vio/logs/skrl/stage1_recovery_20260905/2026-09-05_11-37-52/2026-09-05_11-37-57_ppo_torch_stage1_mixed/checkpoints/agent_50400.pt,8358d49b14eff681c47b70db964f4007dbfd07e9212768e13dbf0c17f0afc8d8,150d107225160ac498040fa20d4ccf9e26ec2703,True,fixed_per_environment_quotas_v2,nominal,29,48,True,True,6.08,,7,False,False,39.679542541503906,6.08,0.5349612236022949,0.1758129894733429,1.359964370727539
/home/donglei/isaac_projects/isaac_drone_racer/.worktrees/stage1-fake-vio/logs/skrl/stage1_recovery_20260905/2026-09-05_11-37-52/2026-09-05_11-37-57_ppo_torch_stage1_mixed/checkpoints/agent_50400.pt,8358d49b14eff681c47b70db964f4007dbfd07e9212768e13dbf0c17f0afc8d8,150d107225160ac498040fa20d4ccf9e26ec2703,True,fixed_per_environment_quotas_v2,nominal,29,49,True,True,5.8,,7,False,False,39.5408935546875,5.8,0.223518505692482,0.06676190346479416,0.5294719338417053
/home/donglei/isaac_projects/isaac_drone_racer/.worktrees/stage1-fake-vio/logs/skrl/stage1_recovery_20260905/2026-09-05_11-37-52/2026-09-05_11-37-57_ppo_torch_stage1_mixed/checkpoints/agent_50400.pt,8358d49b14eff681c47b70db964f4007dbfd07e9212768e13dbf0c17f0afc8d8,150d107225160ac498040fa20d4ccf9e26ec2703,True,fixed_per_environment_quotas_v2,nominal,29,50,True,True,5.8,,7,False,False,39.545318603515625,5.8,0.3709477484226227,0.1036653071641922,0.8615264892578125
/home/donglei/isaac_projects/isaac_drone_racer/.worktrees/stage1-fake-vio/logs/skrl/stage1_recovery_20260905/2026-09-05_11-37-52/2026-09-05_11-37-57_ppo_torch_stage1_mixed/checkpoints/agent_50400.pt,8358d49b14eff681c47b70db964f4007dbfd07e9212768e13dbf0c17f0afc8d8,150d107225160ac498040fa20d4ccf9e26ec2703,True,fixed_per_environment_quotas_v2,nominal,29,51,True,True,6.3,,7,False,False,39.772186279296875,6.3,0.4261069893836975,0.14230753481388092,1.1073098182678223
/home/donglei/isaac_projects/isaac_drone_racer/.worktrees/stage1-fake-vio/logs/skrl/stage1_recovery_20260905/2026-09-05_11-37-52/2026-09-05_11-37-57_ppo_torch_stage1_mixed/checkpoints/agent_50400.pt,8358d49b14eff681c47b70db964f4007dbfd07e9212768e13dbf0c17f0afc8d8,150d107225160ac498040fa20d4ccf9e26ec2703,True,fixed_per_environment_quotas_v2,nominal,29,52,True,True,5.93,,7,False,False,39.67903518676758,5.93,0.588109016418457,0.1809576153755188,1.498254656791687
/home/donglei/isaac_projects/isaac_drone_racer/.worktrees/stage1-fake-vio/logs/skrl/stage1_recovery_20260905/2026-09-05_11-37-52/2026-09-05_11-37-57_ppo_torch_stage1_mixed/checkpoints/agent_50400.pt,8358d49b14eff681c47b70db964f4007dbfd07e9212768e13dbf0c17f0afc8d8,150d107225160ac498040fa20d4ccf9e26ec2703,True,fixed_per_environment_quotas_v2,nominal,29,53,True,True,5.8500000000000005,,7,False,False,39.88208770751953,5.8500000000000005,0.20125506818294525,0.07511097192764282,0.516584038734436
/home/donglei/isaac_projects/isaac_drone_racer/.worktrees/stage1-fake-vio/logs/skrl/stage1_recovery_20260905/2026-09-05_11-37-52/2026-09-05_11-37-57_ppo_torch_stage1_mixed/checkpoints/agent_50400.pt,8358d49b14eff681c47b70db964f4007dbfd07e9212768e13dbf0c17f0afc8d8,150d107225160ac498040fa20d4ccf9e26ec2703,True,fixed_per_environment_quotas_v2,nominal,29,54,True,True,5.96,,7,False,False,39.85966110229492,5.96,0.3632095754146576,0.10605177283287048,0.9224731922149658
/home/donglei/isaac_projects/isaac_drone_racer/.worktrees/stage1-fake-vio/logs/skrl/stage1_recovery_20260905/2026-09-05_11-37-52/2026-09-05_11-37-57_ppo_torch_stage1_mixed/checkpoints/agent_50400.pt,8358d49b14eff681c47b70db964f4007dbfd07e9212768e13dbf0c17f0afc8d8,150d107225160ac498040fa20d4ccf9e26ec2703,True,fixed_per_environment_quotas_v2,nominal,29,55,True,True,6.22,,7,False,False,39.89906692504883,6.22,0.30976006388664246,0.11189070343971252,0.813357949256897
/home/donglei/isaac_projects/isaac_drone_racer/.worktrees/stage1-fake-vio/logs/skrl/stage1_recovery_20260905/2026-09-05_11-37-52/2026-09-05_11-37-57_ppo_torch_stage1_mixed/checkpoints/agent_50400.pt,8358d49b14eff681c47b70db964f4007dbfd07e9212768e13dbf0c17f0afc8d8,150d107225160ac498040fa20d4ccf9e26ec2703,True,fixed_per_environment_quotas_v2,nominal,29,56,True,True,6.3500000000000005,,7,False,False,39.60226058959961,6.3500000000000005,0.4198678135871887,0.1530790627002716,1.1041051149368286
/home/donglei/isaac_projects/isaac_drone_racer/.worktrees/stage1-fake-vio/logs/skrl/stage1_recovery_20260905/2026-09-05_11-37-52/2026-09-05_11-37-57_ppo_torch_stage1_mixed/checkpoints/agent_50400.pt,8358d49b14eff681c47b70db964f4007dbfd07e9212768e13dbf0c17f0afc8d8,150d107225160ac498040fa20d4ccf9e26ec2703,True,fixed_per_environment_quotas_v2,nominal,29,57,True,True,6.0,,7,False,False,39.60948181152344,6.0,0.3532719910144806,0.102447010576725,0.8702083826065063
/home/donglei/isaac_projects/isaac_drone_racer/.worktrees/stage1-fake-vio/logs/skrl/stage1_recovery_20260905/2026-09-05_11-37-52/2026-09-05_11-37-57_ppo_torch_stage1_mixed/checkpoints/agent_50400.pt,8358d49b14eff681c47b70db964f4007dbfd07e9212768e13dbf0c17f0afc8d8,150d107225160ac498040fa20d4ccf9e26ec2703,True,fixed_per_environment_quotas_v2,nominal,29,58,True,True,6.04,,7,False,False,39.749141693115234,6.04,0.5423360466957092,0.1719943881034851,1.3575465679168701
/home/donglei/isaac_projects/isaac_drone_racer/.worktrees/stage1-fake-vio/logs/skrl/stage1_recovery_20260905/2026-09-05_11-37-52/2026-09-05_11-37-57_ppo_torch_stage1_mixed/checkpoints/agent_50400.pt,8358d49b14eff681c47b70db964f4007dbfd07e9212768e13dbf0c17f0afc8d8,150d107225160ac498040fa20d4ccf9e26ec2703,True,fixed_per_environment_quotas_v2,nominal,29,59,True,True,6.09,,7,False,False,39.751895904541016,6.09,0.32076001167297363,0.10307526588439941,0.7965477705001831
/home/donglei/isaac_projects/isaac_drone_racer/.worktrees/stage1-fake-vio/logs/skrl/stage1_recovery_20260905/2026-09-05_11-37-52/2026-09-05_11-37-57_ppo_torch_stage1_mixed/checkpoints/agent_50400.pt,8358d49b14eff681c47b70db964f4007dbfd07e9212768e13dbf0c17f0afc8d8,150d107225160ac498040fa20d4ccf9e26ec2703,True,fixed_per_environment_quotas_v2,nominal,29,60,True,True,5.92,,7,False,False,39.570045471191406,5.92,0.5673469305038452,0.19325920939445496,1.448469877243042
/home/donglei/isaac_projects/isaac_drone_racer/.worktrees/stage1-fake-vio/logs/skrl/stage1_recovery_20260905/2026-09-05_11-37-52/2026-09-05_11-37-57_ppo_torch_stage1_mixed/checkpoints/agent_50400.pt,8358d49b14eff681c47b70db964f4007dbfd07e9212768e13dbf0c17f0afc8d8,150d107225160ac498040fa20d4ccf9e26ec2703,True,fixed_per_environment_quotas_v2,nominal,29,61,True,True,6.38,,7,False,False,39.69699478149414,6.38,0.20513533055782318,0.06730696558952332,0.5092751979827881
/home/donglei/isaac_projects/isaac_drone_racer/.worktrees/stage1-fake-vio/logs/skrl/stage1_recovery_20260905/2026-09-05_11-37-52/2026-09-05_11-37-57_ppo_torch_stage1_mixed/checkpoints/agent_50400.pt,8358d49b14eff681c47b70db964f4007dbfd07e9212768e13dbf0c17f0afc8d8,150d107225160ac498040fa20d4ccf9e26ec2703,True,fixed_per_environment_quotas_v2,nominal,29,62,True,True,5.83,,7,False,False,39.732749938964844,5.83,0.21720091998577118,0.06961853057146072,0.5854836106300354
/home/donglei/isaac_projects/isaac_drone_racer/.worktrees/stage1-fake-vio/logs/skrl/stage1_recovery_20260905/2026-09-05_11-37-52/2026-09-05_11-37-57_ppo_torch_stage1_mixed/checkpoints/agent_50400.pt,8358d49b14eff681c47b70db964f4007dbfd07e9212768e13dbf0c17f0afc8d8,150d107225160ac498040fa20d4ccf9e26ec2703,True,fixed_per_environment_quotas_v2,nominal,29,63,True,True,6.09,,7,False,False,39.946388244628906,6.09,0.438336580991745,0.15186657011508942,1.1566407680511475
/home/donglei/isaac_projects/isaac_drone_racer/.worktrees/stage1-fake-vio/logs/skrl/stage1_recovery_20260905/2026-09-05_11-37-52/2026-09-05_11-37-57_ppo_torch_stage1_mixed/checkpoints/agent_50400.pt,8358d49b14eff681c47b70db964f4007dbfd07e9212768e13dbf0c17f0afc8d8,150d107225160ac498040fa20d4ccf9e26ec2703,True,fixed_per_environment_quotas_v2,nominal,29,64,True,True,6.22,,7,False,False,39.77116012573242,6.22,0.25837355852127075,0.0891372561454773,0.5063499212265015
/home/donglei/isaac_projects/isaac_drone_racer/.worktrees/stage1-fake-vio/logs/skrl/stage1_recovery_20260905/2026-09-05_11-37-52/2026-09-05_11-37-57_ppo_torch_stage1_mixed/checkpoints/agent_50400.pt,8358d49b14eff681c47b70db964f4007dbfd07e9212768e13dbf0c17f0afc8d8,150d107225160ac498040fa20d4ccf9e26ec2703,True,fixed_per_environment_quotas_v2,nominal,29,65,True,True,6.1000000000000005,,7,False,False,39.434547424316406,6.1000000000000005,0.19800999760627747,0.07567371428012848,0.5225020051002502
/home/donglei/isaac_projects/isaac_drone_racer/.worktrees/stage1-fake-vio/logs/skrl/stage1_recovery_20260905/2026-09-05_11-37-52/2026-09-05_11-37-57_ppo_torch_stage1_mixed/checkpoints/agent_50400.pt,8358d49b14eff681c47b70db964f4007dbfd07e9212768e13dbf0c17f0afc8d8,150d107225160ac498040fa20d4ccf9e26ec2703,True,fixed_per_environment_quotas_v2,nominal,29,66,True,True,5.93,,7,False,False,39.83068084716797,5.93,0.4429803788661957,0.15922948718070984,1.2199527025222778
/home/donglei/isaac_projects/isaac_drone_racer/.worktrees/stage1-fake-vio/logs/skrl/stage1_recovery_20260905/2026-09-05_11-37-52/2026-09-05_11-37-57_ppo_torch_stage1_mixed/checkpoints/agent_50400.pt,8358d49b14eff681c47b70db964f4007dbfd07e9212768e13dbf0c17f0afc8d8,150d107225160ac498040fa20d4ccf9e26ec2703,True,fixed_per_environment_quotas_v2,nominal,29,67,True,True,5.7700000000000005,,7,False,False,39.56018829345703,5.7700000000000005,0.5766947865486145,0.1770828664302826,1.4846149682998657
/home/donglei/isaac_projects/isaac_drone_racer/.worktrees/stage1-fake-vio/logs/skrl/stage1_recovery_20260905/2026-09-05_11-37-52/2026-09-05_11-37-57_ppo_torch_stage1_mixed/checkpoints/agent_50400.pt,8358d49b14eff681c47b70db964f4007dbfd07e9212768e13dbf0c17f0afc8d8,150d107225160ac498040fa20d4ccf9e26ec2703,True,fixed_per_environment_quotas_v2,nominal,29,68,True,True,5.8,,7,False,False,39.69243621826172,5.8,0.45544102787971497,0.13964182138442993,1.1653234958648682
/home/donglei/isaac_projects/isaac_drone_racer/.worktrees/stage1-fake-vio/logs/skrl/stage1_recovery_20260905/2026-09-05_11-37-52/2026-09-05_11-37-57_ppo_torch_stage1_mixed/checkpoints/agent_50400.pt,8358d49b14eff681c47b70db964f4007dbfd07e9212768e13dbf0c17f0afc8d8,150d107225160ac498040fa20d4ccf9e26ec2703,True,fixed_per_environment_quotas_v2,nominal,29,69,True,True,5.94,,7,False,False,39.7078742980957,5.94,0.47389039397239685,0.15071487426757812,1.1884790658950806
/home/donglei/isaac_projects/isaac_drone_racer/.worktrees/stage1-fake-vio/logs/skrl/stage1_recovery_20260905/2026-09-05_11-37-52/2026-09-05_11-37-57_ppo_torch_stage1_mixed/checkpoints/agent_50400.pt,8358d49b14eff681c47b70db964f4007dbfd07e9212768e13dbf0c17f0afc8d8,150d107225160ac498040fa20d4ccf9e26ec2703,True,fixed_per_environment_quotas_v2,nominal,29,70,True,True,6.46,,7,False,False,40.090694427490234,6.46,0.37328171730041504,0.14142578840255737,0.8448843955993652
/home/donglei/isaac_projects/isaac_drone_racer/.worktrees/stage1-fake-vio/logs/skrl/stage1_recovery_20260905/2026-09-05_11-37-52/2026-09-05_11-37-57_ppo_torch_stage1_mixed/checkpoints/agent_50400.pt,8358d49b14eff681c47b70db964f4007dbfd07e9212768e13dbf0c17f0afc8d8,150d107225160ac498040fa20d4ccf9e26ec2703,True,fixed_per_environment_quotas_v2,nominal,29,71,True,True,6.07,,7,False,False,39.694618225097656,6.07,0.5548526644706726,0.18169346451759338,1.4485198259353638
/home/donglei/isaac_projects/isaac_drone_racer/.worktrees/stage1-fake-vio/logs/skrl/stage1_recovery_20260905/2026-09-05_11-37-52/2026-09-05_11-37-57_ppo_torch_stage1_mixed/checkpoints/agent_50400.pt,8358d49b14eff681c47b70db964f4007dbfd07e9212768e13dbf0c17f0afc8d8,150d107225160ac498040fa20d4ccf9e26ec2703,True,fixed_per_environment_quotas_v2,nominal,29,72,True,True,5.88,,7,False,False,39.8498649597168,5.88,0.3461378812789917,0.11374152451753616,0.874262273311615
/home/donglei/isaac_projects/isaac_drone_racer/.worktrees/stage1-fake-vio/logs/skrl/stage1_recovery_20260905/2026-09-05_11-37-52/2026-09-05_11-37-57_ppo_torch_stage1_mixed/checkpoints/agent_50400.pt,8358d49b14eff681c47b70db964f4007dbfd07e9212768e13dbf0c17f0afc8d8,150d107225160ac498040fa20d4ccf9e26ec2703,True,fixed_per_environment_quotas_v2,nominal,29,73,True,True,6.08,,7,False,False,39.743247985839844,6.08,0.539914071559906,0.18859301507472992,1.384964108467102
/home/donglei/isaac_projects/isaac_drone_racer/.worktrees/stage1-fake-vio/logs/skrl/stage1_recovery_20260905/2026-09-05_11-37-52/2026-09-05_11-37-57_ppo_torch_stage1_mixed/checkpoints/agent_50400.pt,8358d49b14eff681c47b70db964f4007dbfd07e9212768e13dbf0c17f0afc8d8,150d107225160ac498040fa20d4ccf9e26ec2703,True,fixed_per_environment_quotas_v2,nominal,29,74,False,False,,3,0,True,False,-4.906630516052246,0.28,0.12782205641269684,0.3229199945926666,1.1390619277954102
/home/donglei/isaac_projects/isaac_drone_racer/.worktrees/stage1-fake-vio/logs/skrl/stage1_recovery_20260905/2026-09-05_11-37-52/2026-09-05_11-37-57_ppo_torch_stage1_mixed/checkpoints/agent_50400.pt,8358d49b14eff681c47b70db964f4007dbfd07e9212768e13dbf0c17f0afc8d8,150d107225160ac498040fa20d4ccf9e26ec2703,True,fixed_per_environment_quotas_v2,nominal,29,75,True,True,5.84,,7,False,False,39.901222229003906,5.84,0.3626798987388611,0.13698400557041168,0.8420630693435669
/home/donglei/isaac_projects/isaac_drone_racer/.worktrees/stage1-fake-vio/logs/skrl/stage1_recovery_20260905/2026-09-05_11-37-52/2026-09-05_11-37-57_ppo_torch_stage1_mixed/checkpoints/agent_50400.pt,8358d49b14eff681c47b70db964f4007dbfd07e9212768e13dbf0c17f0afc8d8,150d107225160ac498040fa20d4ccf9e26ec2703,True,fixed_per_environment_quotas_v2,nominal,29,76,False,False,,1,0,True,False,-4.135066509246826,0.86,0.36146318912506104,0.2581498920917511,1.2629833221435547
/home/donglei/isaac_projects/isaac_drone_racer/.worktrees/stage1-fake-vio/logs/skrl/stage1_recovery_20260905/2026-09-05_11-37-52/2026-09-05_11-37-57_ppo_torch_stage1_mixed/checkpoints/agent_50400.pt,8358d49b14eff681c47b70db964f4007dbfd07e9212768e13dbf0c17f0afc8d8,150d107225160ac498040fa20d4ccf9e26ec2703,True,fixed_per_environment_quotas_v2,nominal,29,77,True,True,6.0200000000000005,,7,False,False,39.560028076171875,6.0200000000000005,0.20790886878967285,0.07094171643257141,0.5080118775367737
/home/donglei/isaac_projects/isaac_drone_racer/.worktrees/stage1-fake-vio/logs/skrl/stage1_recovery_20260905/2026-09-05_11-37-52/2026-09-05_11-37-57_ppo_torch_stage1_mixed/checkpoints/agent_50400.pt,8358d49b14eff681c47b70db964f4007dbfd07e9212768e13dbf0c17f0afc8d8,150d107225160ac498040fa20d4ccf9e26ec2703,True,fixed_per_environment_quotas_v2,nominal,29,78,True,True,6.1000000000000005,,7,False,False,39.72207260131836,6.1000000000000005,0.553864598274231,0.19314275681972504,1.498709797859192
/home/donglei/isaac_projects/isaac_drone_racer/.worktrees/stage1-fake-vio/logs/skrl/stage1_recovery_20260905/2026-09-05_11-37-52/2026-09-05_11-37-57_ppo_torch_stage1_mixed/checkpoints/agent_50400.pt,8358d49b14eff681c47b70db964f4007dbfd07e9212768e13dbf0c17f0afc8d8,150d107225160ac498040fa20d4ccf9e26ec2703,True,fixed_per_environment_quotas_v2,nominal,29,79,True,True,5.96,,7,False,False,39.7218017578125,5.96,0.2021900862455368,0.06423190981149673,0.5010688900947571
/home/donglei/isaac_projects/isaac_drone_racer/.worktrees/stage1-fake-vio/logs/skrl/stage1_recovery_20260905/2026-09-05_11-37-52/2026-09-05_11-37-57_ppo_torch_stage1_mixed/checkpoints/agent_50400.pt,8358d49b14eff681c47b70db964f4007dbfd07e9212768e13dbf0c17f0afc8d8,150d107225160ac498040fa20d4ccf9e26ec2703,True,fixed_per_environment_quotas_v2,nominal,29,80,False,False,,1,1,True,False,-0.027347087860107422,1.04,0.13374364376068115,0.40833553671836853,1.3815828561782837
/home/donglei/isaac_projects/isaac_drone_racer/.worktrees/stage1-fake-vio/logs/skrl/stage1_recovery_20260905/2026-09-05_11-37-52/2026-09-05_11-37-57_ppo_torch_stage1_mixed/checkpoints/agent_50400.pt,8358d49b14eff681c47b70db964f4007dbfd07e9212768e13dbf0c17f0afc8d8,150d107225160ac498040fa20d4ccf9e26ec2703,True,fixed_per_environment_quotas_v2,nominal,29,81,False,False,,7,0,False,True,-11.873092651367188,2.68,0.2717588543891907,0.5021802186965942,1.8005667924880981
/home/donglei/isaac_projects/isaac_drone_racer/.worktrees/stage1-fake-vio/logs/skrl/stage1_recovery_20260905/2026-09-05_11-37-52/2026-09-05_11-37-57_ppo_torch_stage1_mixed/checkpoints/agent_50400.pt,8358d49b14eff681c47b70db964f4007dbfd07e9212768e13dbf0c17f0afc8d8,150d107225160ac498040fa20d4ccf9e26ec2703,True,fixed_per_environment_quotas_v2,nominal,29,82,True,True,6.12,,7,False,False,39.54044723510742,6.12,0.2148333340883255,0.06620977073907852,0.502237856388092
/home/donglei/isaac_projects/isaac_drone_racer/.worktrees/stage1-fake-vio/logs/skrl/stage1_recovery_20260905/2026-09-05_11-37-52/2026-09-05_11-37-57_ppo_torch_stage1_mixed/checkpoints/agent_50400.pt,8358d49b14eff681c47b70db964f4007dbfd07e9212768e13dbf0c17f0afc8d8,150d107225160ac498040fa20d4ccf9e26ec2703,True,fixed_per_environment_quotas_v2,nominal,29,83,True,True,5.84,,7,False,False,39.80030059814453,5.84,0.2098379135131836,0.060773853212594986,0.5223608016967773
/home/donglei/isaac_projects/isaac_drone_racer/.worktrees/stage1-fake-vio/logs/skrl/stage1_recovery_20260905/2026-09-05_11-37-52/2026-09-05_11-37-57_ppo_torch_stage1_mixed/checkpoints/agent_50400.pt,8358d49b14eff681c47b70db964f4007dbfd07e9212768e13dbf0c17f0afc8d8,150d107225160ac498040fa20d4ccf9e26ec2703,True,fixed_per_environment_quotas_v2,nominal,29,84,True,True,6.08,,7,False,False,39.720947265625,6.08,0.5572513937950134,0.18940655887126923,1.4680081605911255
/home/donglei/isaac_projects/isaac_drone_racer/.worktrees/stage1-fake-vio/logs/skrl/stage1_recovery_20260905/2026-09-05_11-37-52/2026-09-05_11-37-57_ppo_torch_stage1_mixed/checkpoints/agent_50400.pt,8358d49b14eff681c47b70db964f4007dbfd07e9212768e13dbf0c17f0afc8d8,150d107225160ac498040fa20d4ccf9e26ec2703,True,fixed_per_environment_quotas_v2,nominal,29,85,True,True,6.16,,7,False,False,39.675537109375,6.16,0.4216611981391907,0.16290487349033356,1.1543625593185425
/home/donglei/isaac_projects/isaac_drone_racer/.worktrees/stage1-fake-vio/logs/skrl/stage1_recovery_20260905/2026-09-05_11-37-52/2026-09-05_11-37-57_ppo_torch_stage1_mixed/checkpoints/agent_50400.pt,8358d49b14eff681c47b70db964f4007dbfd07e9212768e13dbf0c17f0afc8d8,150d107225160ac498040fa20d4ccf9e26ec2703,True,fixed_per_environment_quotas_v2,nominal,29,86,True,True,5.91,,7,False,False,39.742183685302734,5.91,0.19384856522083282,0.06818319112062454,0.4937310814857483
/home/donglei/isaac_projects/isaac_drone_racer/.worktrees/stage1-fake-vio/logs/skrl/stage1_recovery_20260905/2026-09-05_11-37-52/2026-09-05_11-37-57_ppo_torch_stage1_mixed/checkpoints/agent_50400.pt,8358d49b14eff681c47b70db964f4007dbfd07e9212768e13dbf0c17f0afc8d8,150d107225160ac498040fa20d4ccf9e26ec2703,True,fixed_per_environment_quotas_v2,nominal,29,87,False,False,,4,2,True,False,8.934231758117676,3.71,0.2218025177717209,0.16320975124835968,0.9934663772583008
/home/donglei/isaac_projects/isaac_drone_racer/.worktrees/stage1-fake-vio/logs/skrl/stage1_recovery_20260905/2026-09-05_11-37-52/2026-09-05_11-37-57_ppo_torch_stage1_mixed/checkpoints/agent_50400.pt,8358d49b14eff681c47b70db964f4007dbfd07e9212768e13dbf0c17f0afc8d8,150d107225160ac498040fa20d4ccf9e26ec2703,True,fixed_per_environment_quotas_v2,nominal,29,88,True,True,6.11,,7,False,False,39.957218170166016,6.11,0.4705180823802948,0.15876388549804688,1.2060871124267578
/home/donglei/isaac_projects/isaac_drone_racer/.worktrees/stage1-fake-vio/logs/skrl/stage1_recovery_20260905/2026-09-05_11-37-52/2026-09-05_11-37-57_ppo_torch_stage1_mixed/checkpoints/agent_50400.pt,8358d49b14eff681c47b70db964f4007dbfd07e9212768e13dbf0c17f0afc8d8,150d107225160ac498040fa20d4ccf9e26ec2703,True,fixed_per_environment_quotas_v2,nominal,29,89,True,True,5.89,,7,False,False,39.807525634765625,5.89,0.47590652108192444,0.156926691532135,1.2143617868423462
/home/donglei/isaac_projects/isaac_drone_racer/.worktrees/stage1-fake-vio/logs/skrl/stage1_recovery_20260905/2026-09-05_11-37-52/2026-09-05_11-37-57_ppo_torch_stage1_mixed/checkpoints/agent_50400.pt,8358d49b14eff681c47b70db964f4007dbfd07e9212768e13dbf0c17f0afc8d8,150d107225160ac498040fa20d4ccf9e26ec2703,True,fixed_per_environment_quotas_v2,nominal,29,90,True,True,6.1000000000000005,,7,False,False,39.63071060180664,6.1000000000000005,0.5825347900390625,0.20120224356651306,1.5455869436264038
/home/donglei/isaac_projects/isaac_drone_racer/.worktrees/stage1-fake-vio/logs/skrl/stage1_recovery_20260905/2026-09-05_11-37-52/2026-09-05_11-37-57_ppo_torch_stage1_mixed/checkpoints/agent_50400.pt,8358d49b14eff681c47b70db964f4007dbfd07e9212768e13dbf0c17f0afc8d8,150d107225160ac498040fa20d4ccf9e26ec2703,True,fixed_per_environment_quotas_v2,nominal,29,91,True,True,5.9,,7,False,False,39.93637466430664,5.9,0.20105814933776855,0.06727928668260574,0.5076327323913574
/home/donglei/isaac_projects/isaac_drone_racer/.worktrees/stage1-fake-vio/logs/skrl/stage1_recovery_20260905/2026-09-05_11-37-52/2026-09-05_11-37-57_ppo_torch_stage1_mixed/checkpoints/agent_50400.pt,8358d49b14eff681c47b70db964f4007dbfd07e9212768e13dbf0c17f0afc8d8,150d107225160ac498040fa20d4ccf9e26ec2703,True,fixed_per_environment_quotas_v2,nominal,29,92,True,True,6.08,,7,False,False,39.762840270996094,6.08,0.5490992069244385,0.18725503981113434,1.4685306549072266
/home/donglei/isaac_projects/isaac_drone_racer/.worktrees/stage1-fake-vio/logs/skrl/stage1_recovery_20260905/2026-09-05_11-37-52/2026-09-05_11-37-57_ppo_torch_stage1_mixed/checkpoints/agent_50400.pt,8358d49b14eff681c47b70db964f4007dbfd07e9212768e13dbf0c17f0afc8d8,150d107225160ac498040fa20d4ccf9e26ec2703,True,fixed_per_environment_quotas_v2,nominal,29,93,False,False,,4,4,True,False,14.792463302612305,5.92,0.3073940873146057,0.12726040184497833,0.876291811466217
/home/donglei/isaac_projects/isaac_drone_racer/.worktrees/stage1-fake-vio/logs/skrl/stage1_recovery_20260905/2026-09-05_11-37-52/2026-09-05_11-37-57_ppo_torch_stage1_mixed/checkpoints/agent_50400.pt,8358d49b14eff681c47b70db964f4007dbfd07e9212768e13dbf0c17f0afc8d8,150d107225160ac498040fa20d4ccf9e26ec2703,True,fixed_per_environment_quotas_v2,nominal,29,94,False,False,,4,2,True,False,8.820609092712402,6.7,0.49500301480293274,0.22023889422416687,1.4102364778518677
/home/donglei/isaac_projects/isaac_drone_racer/.worktrees/stage1-fake-vio/logs/skrl/stage1_recovery_20260905/2026-09-05_11-37-52/2026-09-05_11-37-57_ppo_torch_stage1_mixed/checkpoints/agent_50400.pt,8358d49b14eff681c47b70db964f4007dbfd07e9212768e13dbf0c17f0afc8d8,150d107225160ac498040fa20d4ccf9e26ec2703,True,fixed_per_environment_quotas_v2,nominal,29,95,True,True,5.97,,7,False,False,39.79603576660156,5.97,0.5659474730491638,0.19065243005752563,1.4641318321228027
/home/donglei/isaac_projects/isaac_drone_racer/.worktrees/stage1-fake-vio/logs/skrl/stage1_recovery_20260905/2026-09-05_11-37-52/2026-09-05_11-37-57_ppo_torch_stage1_mixed/checkpoints/agent_50400.pt,8358d49b14eff681c47b70db964f4007dbfd07e9212768e13dbf0c17f0afc8d8,150d107225160ac498040fa20d4ccf9e26ec2703,True,fixed_per_environment_quotas_v2,nominal,29,96,True,True,6.01,,7,False,False,39.75321960449219,6.01,0.5563859939575195,0.20356538891792297,1.479876160621643
/home/donglei/isaac_projects/isaac_drone_racer/.worktrees/stage1-fake-vio/logs/skrl/stage1_recovery_20260905/2026-09-05_11-37-52/2026-09-05_11-37-57_ppo_torch_stage1_mixed/checkpoints/agent_50400.pt,8358d49b14eff681c47b70db964f4007dbfd07e9212768e13dbf0c17f0afc8d8,150d107225160ac498040fa20d4ccf9e26ec2703,True,fixed_per_environment_quotas_v2,nominal,29,97,True,True,6.18,,7,False,False,39.65502166748047,6.18,0.5594576001167297,0.19728150963783264,1.4440202713012695
/home/donglei/isaac_projects/isaac_drone_racer/.worktrees/stage1-fake-vio/logs/skrl/stage1_recovery_20260905/2026-09-05_11-37-52/2026-09-05_11-37-57_ppo_torch_stage1_mixed/checkpoints/agent_50400.pt,8358d49b14eff681c47b70db964f4007dbfd07e9212768e13dbf0c17f0afc8d8,150d107225160ac498040fa20d4ccf9e26ec2703,True,fixed_per_environment_quotas_v2,nominal,29,98,True,True,6.26,,7,False,False,39.84833526611328,6.26,0.20079760253429413,0.08028794825077057,0.5537147521972656
/home/donglei/isaac_projects/isaac_drone_racer/.worktrees/stage1-fake-vio/logs/skrl/stage1_recovery_20260905/2026-09-05_11-37-52/2026-09-05_11-37-57_ppo_torch_stage1_mixed/checkpoints/agent_50400.pt,8358d49b14eff681c47b70db964f4007dbfd07e9212768e13dbf0c17f0afc8d8,150d107225160ac498040fa20d4ccf9e26ec2703,True,fixed_per_environment_quotas_v2,nominal,29,99,True,True,5.92,,7,False,False,39.72542190551758,5.92,0.5508156418800354,0.18311741948127747,1.4867044687271118
/home/donglei/isaac_projects/isaac_drone_racer/.worktrees/stage1-fake-vio/logs/skrl/stage1_recovery_20260905/2026-09-05_11-37-52/2026-09-05_11-37-57_ppo_torch_stage1_mixed/checkpoints/agent_50400.pt,8358d49b14eff681c47b70db964f4007dbfd07e9212768e13dbf0c17f0afc8d8,150d107225160ac498040fa20d4ccf9e26ec2703,True,fixed_per_environment_quotas_v2,nominal,29,100,True,True,6.09,,7,False,False,39.53804016113281,6.09,0.19980992376804352,0.06865294277667999,0.5021398663520813
/home/donglei/isaac_projects/isaac_drone_racer/.worktrees/stage1-fake-vio/logs/skrl/stage1_recovery_20260905/2026-09-05_11-37-52/2026-09-05_11-37-57_ppo_torch_stage1_mixed/checkpoints/agent_50400.pt,8358d49b14eff681c47b70db964f4007dbfd07e9212768e13dbf0c17f0afc8d8,150d107225160ac498040fa20d4ccf9e26ec2703,True,fixed_per_environment_quotas_v2,nominal,29,101,True,True,6.0200000000000005,,7,False,False,39.565853118896484,6.0200000000000005,0.4399135410785675,0.15212248265743256,1.1486741304397583
/home/donglei/isaac_projects/isaac_drone_racer/.worktrees/stage1-fake-vio/logs/skrl/stage1_recovery_20260905/2026-09-05_11-37-52/2026-09-05_11-37-57_ppo_torch_stage1_mixed/checkpoints/agent_50400.pt,8358d49b14eff681c47b70db964f4007dbfd07e9212768e13dbf0c17f0afc8d8,150d107225160ac498040fa20d4ccf9e26ec2703,True,fixed_per_environment_quotas_v2,nominal,29,102,True,True,6.0200000000000005,,7,False,False,39.82744216918945,6.0200000000000005,0.5536901950836182,0.18696041405200958,1.4780168533325195
/home/donglei/isaac_projects/isaac_drone_racer/.worktrees/stage1-fake-vio/logs/skrl/stage1_recovery_20260905/2026-09-05_11-37-52/2026-09-05_11-37-57_ppo_torch_stage1_mixed/checkpoints/agent_50400.pt,8358d49b14eff681c47b70db964f4007dbfd07e9212768e13dbf0c17f0afc8d8,150d107225160ac498040fa20d4ccf9e26ec2703,True,fixed_per_environment_quotas_v2,nominal,29,103,False,False,,4,2,True,False,4.542436599731445,10.96,0.1903894990682602,0.1593194305896759,0.6349611878395081
/home/donglei/isaac_projects/isaac_drone_racer/.worktrees/stage1-fake-vio/logs/skrl/stage1_recovery_20260905/2026-09-05_11-37-52/2026-09-05_11-37-57_ppo_torch_stage1_mixed/checkpoints/agent_50400.pt,8358d49b14eff681c47b70db964f4007dbfd07e9212768e13dbf0c17f0afc8d8,150d107225160ac498040fa20d4ccf9e26ec2703,True,fixed_per_environment_quotas_v2,nominal,29,104,True,True,6.0200000000000005,,7,False,False,39.607582092285156,6.0200000000000005,0.19314263761043549,0.06485564261674881,0.492597758769989
/home/donglei/isaac_projects/isaac_drone_racer/.worktrees/stage1-fake-vio/logs/skrl/stage1_recovery_20260905/2026-09-05_11-37-52/2026-09-05_11-37-57_ppo_torch_stage1_mixed/checkpoints/agent_50400.pt,8358d49b14eff681c47b70db964f4007dbfd07e9212768e13dbf0c17f0afc8d8,150d107225160ac498040fa20d4ccf9e26ec2703,True,fixed_per_environment_quotas_v2,nominal,29,105,True,True,6.12,,7,False,False,39.79764938354492,6.12,0.42194098234176636,0.14952969551086426,1.1121594905853271
/home/donglei/isaac_projects/isaac_drone_racer/.worktrees/stage1-fake-vio/logs/skrl/stage1_recovery_20260905/2026-09-05_11-37-52/2026-09-05_11-37-57_ppo_torch_stage1_mixed/checkpoints/agent_50400.pt,8358d49b14eff681c47b70db964f4007dbfd07e9212768e13dbf0c17f0afc8d8,150d107225160ac498040fa20d4ccf9e26ec2703,True,fixed_per_environment_quotas_v2,nominal,29,106,True,True,5.82,,7,False,False,39.75981521606445,5.82,0.21957215666770935,0.06308608502149582,0.5185890197753906
/home/donglei/isaac_projects/isaac_drone_racer/.worktrees/stage1-fake-vio/logs/skrl/stage1_recovery_20260905/2026-09-05_11-37-52/2026-09-05_11-37-57_ppo_torch_stage1_mixed/checkpoints/agent_50400.pt,8358d49b14eff681c47b70db964f4007dbfd07e9212768e13dbf0c17f0afc8d8,150d107225160ac498040fa20d4ccf9e26ec2703,True,fixed_per_environment_quotas_v2,nominal,29,107,True,True,6.08,,7,False,False,39.63810348510742,6.08,0.3193471431732178,0.10526583343744278,0.8304011821746826
/home/donglei/isaac_projects/isaac_drone_racer/.worktrees/stage1-fake-vio/logs/skrl/stage1_recovery_20260905/2026-09-05_11-37-52/2026-09-05_11-37-57_ppo_torch_stage1_mixed/checkpoints/agent_50400.pt,8358d49b14eff681c47b70db964f4007dbfd07e9212768e13dbf0c17f0afc8d8,150d107225160ac498040fa20d4ccf9e26ec2703,True,fixed_per_environment_quotas_v2,nominal,29,108,True,True,5.94,,7,False,False,39.43739700317383,5.94,0.20789283514022827,0.07149264216423035,0.5388290882110596
/home/donglei/isaac_projects/isaac_drone_racer/.worktrees/stage1-fake-vio/logs/skrl/stage1_recovery_20260905/2026-09-05_11-37-52/2026-09-05_11-37-57_ppo_torch_stage1_mixed/checkpoints/agent_50400.pt,8358d49b14eff681c47b70db964f4007dbfd07e9212768e13dbf0c17f0afc8d8,150d107225160ac498040fa20d4ccf9e26ec2703,True,fixed_per_environment_quotas_v2,nominal,29,109,True,True,5.84,,7,False,False,39.7934455871582,5.84,0.32998010516166687,0.10078033804893494,0.8452937602996826
/home/donglei/isaac_projects/isaac_drone_racer/.worktrees/stage1-fake-vio/logs/skrl/stage1_recovery_20260905/2026-09-05_11-37-52/2026-09-05_11-37-57_ppo_torch_stage1_mixed/checkpoints/agent_50400.pt,8358d49b14eff681c47b70db964f4007dbfd07e9212768e13dbf0c17f0afc8d8,150d107225160ac498040fa20d4ccf9e26ec2703,True,fixed_per_environment_quotas_v2,nominal,29,110,True,True,6.0600000000000005,,7,False,False,39.67774200439453,6.0600000000000005,0.43475964665412903,0.155683234333992,1.1708126068115234
/home/donglei/isaac_projects/isaac_drone_racer/.worktrees/stage1-fake-vio/logs/skrl/stage1_recovery_20260905/2026-09-05_11-37-52/2026-09-05_11-37-57_ppo_torch_stage1_mixed/checkpoints/agent_50400.pt,8358d49b14eff681c47b70db964f4007dbfd07e9212768e13dbf0c17f0afc8d8,150d107225160ac498040fa20d4ccf9e26ec2703,True,fixed_per_environment_quotas_v2,nominal,29,111,True,True,6.11,,7,False,False,39.5179328918457,6.11,0.20052878558635712,0.07594389468431473,0.5002463459968567
/home/donglei/isaac_projects/isaac_drone_racer/.worktrees/stage1-fake-vio/logs/skrl/stage1_recovery_20260905/2026-09-05_11-37-52/2026-09-05_11-37-57_ppo_torch_stage1_mixed/checkpoints/agent_50400.pt,8358d49b14eff681c47b70db964f4007dbfd07e9212768e13dbf0c17f0afc8d8,150d107225160ac498040fa20d4ccf9e26ec2703,True,fixed_per_environment_quotas_v2,nominal,29,112,True,True,6.7,,7,False,False,39.94737243652344,6.7,0.1991347074508667,0.06982775032520294,0.5275636315345764
/home/donglei/isaac_projects/isaac_drone_racer/.worktrees/stage1-fake-vio/logs/skrl/stage1_recovery_20260905/2026-09-05_11-37-52/2026-09-05_11-37-57_ppo_torch_stage1_mixed/checkpoints/agent_50400.pt,8358d49b14eff681c47b70db964f4007dbfd07e9212768e13dbf0c17f0afc8d8,150d107225160ac498040fa20d4ccf9e26ec2703,True,fixed_per_environment_quotas_v2,nominal,29,113,True,True,6.11,,7,False,False,39.36131286621094,6.11,0.529559850692749,0.19387999176979065,1.392055630683899
/home/donglei/isaac_projects/isaac_drone_racer/.worktrees/stage1-fake-vio/logs/skrl/stage1_recovery_20260905/2026-09-05_11-37-52/2026-09-05_11-37-57_ppo_torch_stage1_mixed/checkpoints/agent_50400.pt,8358d49b14eff681c47b70db964f4007dbfd07e9212768e13dbf0c17f0afc8d8,150d107225160ac498040fa20d4ccf9e26ec2703,True,fixed_per_environment_quotas_v2,nominal,29,114,True,True,6.12,,7,False,False,39.98825454711914,6.12,0.43330347537994385,0.14131322503089905,1.0857739448547363
/home/donglei/isaac_projects/isaac_drone_racer/.worktrees/stage1-fake-vio/logs/skrl/stage1_recovery_20260905/2026-09-05_11-37-52/2026-09-05_11-37-57_ppo_torch_stage1_mixed/checkpoints/agent_50400.pt,8358d49b14eff681c47b70db964f4007dbfd07e9212768e13dbf0c17f0afc8d8,150d107225160ac498040fa20d4ccf9e26ec2703,True,fixed_per_environment_quotas_v2,nominal,29,115,True,True,6.01,,7,False,False,39.78669738769531,6.01,0.5686390995979309,0.19736643135547638,1.5011756420135498
/home/donglei/isaac_projects/isaac_drone_racer/.worktrees/stage1-fake-vio/logs/skrl/stage1_recovery_20260905/2026-09-05_11-37-52/2026-09-05_11-37-57_ppo_torch_stage1_mixed/checkpoints/agent_50400.pt,8358d49b14eff681c47b70db964f4007dbfd07e9212768e13dbf0c17f0afc8d8,150d107225160ac498040fa20d4ccf9e26ec2703,True,fixed_per_environment_quotas_v2,nominal,29,116,True,True,5.91,,7,False,False,39.73463439941406,5.91,0.5571785569190979,0.18983954191207886,1.4511746168136597
/home/donglei/isaac_projects/isaac_drone_racer/.worktrees/stage1-fake-vio/logs/skrl/stage1_recovery_20260905/2026-09-05_11-37-52/2026-09-05_11-37-57_ppo_torch_stage1_mixed/checkpoints/agent_50400.pt,8358d49b14eff681c47b70db964f4007dbfd07e9212768e13dbf0c17f0afc8d8,150d107225160ac498040fa20d4ccf9e26ec2703,True,fixed_per_environment_quotas_v2,nominal,29,117,True,True,5.92,,7,False,False,39.46481704711914,5.92,0.21164584159851074,0.05968106910586357,0.5038272142410278
/home/donglei/isaac_projects/isaac_drone_racer/.worktrees/stage1-fake-vio/logs/skrl/stage1_recovery_20260905/2026-09-05_11-37-52/2026-09-05_11-37-57_ppo_torch_stage1_mixed/checkpoints/agent_50400.pt,8358d49b14eff681c47b70db964f4007dbfd07e9212768e13dbf0c17f0afc8d8,150d107225160ac498040fa20d4ccf9e26ec2703,True,fixed_per_environment_quotas_v2,nominal,29,118,True,True,5.92,,7,False,False,39.83217239379883,5.92,0.45849570631980896,0.1523132175207138,1.1643505096435547
/home/donglei/isaac_projects/isaac_drone_racer/.worktrees/stage1-fake-vio/logs/skrl/stage1_recovery_20260905/2026-09-05_11-37-52/2026-09-05_11-37-57_ppo_torch_stage1_mixed/checkpoints/agent_50400.pt,8358d49b14eff681c47b70db964f4007dbfd07e9212768e13dbf0c17f0afc8d8,150d107225160ac498040fa20d4ccf9e26ec2703,True,fixed_per_environment_quotas_v2,nominal,29,119,True,True,5.7700000000000005,,7,False,False,39.89626693725586,5.7700000000000005,0.3225109279155731,0.10797740519046783,0.8478218913078308
/home/donglei/isaac_projects/isaac_drone_racer/.worktrees/stage1-fake-vio/logs/skrl/stage1_recovery_20260905/2026-09-05_11-37-52/2026-09-05_11-37-57_ppo_torch_stage1_mixed/checkpoints/agent_50400.pt,8358d49b14eff681c47b70db964f4007dbfd07e9212768e13dbf0c17f0afc8d8,150d107225160ac498040fa20d4ccf9e26ec2703,True,fixed_per_environment_quotas_v2,nominal,29,120,True,True,5.96,,7,False,False,39.874839782714844,5.96,0.19721262156963348,0.06773550808429718,0.5525595545768738
/home/donglei/isaac_projects/isaac_drone_racer/.worktrees/stage1-fake-vio/logs/skrl/stage1_recovery_20260905/2026-09-05_11-37-52/2026-09-05_11-37-57_ppo_torch_stage1_mixed/checkpoints/agent_50400.pt,8358d49b14eff681c47b70db964f4007dbfd07e9212768e13dbf0c17f0afc8d8,150d107225160ac498040fa20d4ccf9e26ec2703,True,fixed_per_environment_quotas_v2,nominal,29,121,True,True,5.87,,7,False,False,39.74675369262695,5.87,0.5911335945129395,0.20383061468601227,1.5442495346069336
/home/donglei/isaac_projects/isaac_drone_racer/.worktrees/stage1-fake-vio/logs/skrl/stage1_recovery_20260905/2026-09-05_11-37-52/2026-09-05_11-37-57_ppo_torch_stage1_mixed/checkpoints/agent_50400.pt,8358d49b14eff681c47b70db964f4007dbfd07e9212768e13dbf0c17f0afc8d8,150d107225160ac498040fa20d4ccf9e26ec2703,True,fixed_per_environment_quotas_v2,nominal,29,122,True,True,6.01,,7,False,False,39.742149353027344,6.01,0.3127298653125763,0.10126612335443497,0.8413736820220947
/home/donglei/isaac_projects/isaac_drone_racer/.worktrees/stage1-fake-vio/logs/skrl/stage1_recovery_20260905/2026-09-05_11-37-52/2026-09-05_11-37-57_ppo_torch_stage1_mixed/checkpoints/agent_50400.pt,8358d49b14eff681c47b70db964f4007dbfd07e9212768e13dbf0c17f0afc8d8,150d107225160ac498040fa20d4ccf9e26ec2703,True,fixed_per_environment_quotas_v2,nominal,29,123,True,True,5.94,,7,False,False,39.86711120605469,5.94,0.5645239949226379,0.17312335968017578,1.4189056158065796
/home/donglei/isaac_projects/isaac_drone_racer/.worktrees/stage1-fake-vio/logs/skrl/stage1_recovery_20260905/2026-09-05_11-37-52/2026-09-05_11-37-57_ppo_torch_stage1_mixed/checkpoints/agent_50400.pt,8358d49b14eff681c47b70db964f4007dbfd07e9212768e13dbf0c17f0afc8d8,150d107225160ac498040fa20d4ccf9e26ec2703,True,fixed_per_environment_quotas_v2,nominal,29,124,True,True,5.91,,7,False,False,39.62205123901367,5.91,0.20191070437431335,0.06639616191387177,0.527692437171936
/home/donglei/isaac_projects/isaac_drone_racer/.worktrees/stage1-fake-vio/logs/skrl/stage1_recovery_20260905/2026-09-05_11-37-52/2026-09-05_11-37-57_ppo_torch_stage1_mixed/checkpoints/agent_50400.pt,8358d49b14eff681c47b70db964f4007dbfd07e9212768e13dbf0c17f0afc8d8,150d107225160ac498040fa20d4ccf9e26ec2703,True,fixed_per_environment_quotas_v2,nominal,29,125,True,True,6.22,,7,False,False,39.82301712036133,6.22,0.30945050716400146,0.1081215962767601,0.8004940152168274
/home/donglei/isaac_projects/isaac_drone_racer/.worktrees/stage1-fake-vio/logs/skrl/stage1_recovery_20260905/2026-09-05_11-37-52/2026-09-05_11-37-57_ppo_torch_stage1_mixed/checkpoints/agent_50400.pt,8358d49b14eff681c47b70db964f4007dbfd07e9212768e13dbf0c17f0afc8d8,150d107225160ac498040fa20d4ccf9e26ec2703,True,fixed_per_environment_quotas_v2,nominal,29,126,True,True,5.7700000000000005,,7,False,False,39.67740249633789,5.7700000000000005,0.5873616337776184,0.1881064623594284,1.5161982774734497
/home/donglei/isaac_projects/isaac_drone_racer/.worktrees/stage1-fake-vio/logs/skrl/stage1_recovery_20260905/2026-09-05_11-37-52/2026-09-05_11-37-57_ppo_torch_stage1_mixed/checkpoints/agent_50400.pt,8358d49b14eff681c47b70db964f4007dbfd07e9212768e13dbf0c17f0afc8d8,150d107225160ac498040fa20d4ccf9e26ec2703,True,fixed_per_environment_quotas_v2,nominal,29,127,True,True,6.0600000000000005,,7,False,False,39.573123931884766,6.0600000000000005,0.4517204165458679,0.151342511177063,1.1487427949905396
/home/donglei/isaac_projects/isaac_drone_racer/.worktrees/stage1-fake-vio/logs/skrl/stage1_recovery_20260905/2026-09-05_11-37-52/2026-09-05_11-37-57_ppo_torch_stage1_mixed/checkpoints/agent_50400.pt,8358d49b14eff681c47b70db964f4007dbfd07e9212768e13dbf0c17f0afc8d8,150d107225160ac498040fa20d4ccf9e26ec2703,True,fixed_per_environment_quotas_v2,nominal,47,0,False,False,,3,0,False,False,0.0016507550608366728,0.02,0.17514190077781677,0.04805681109428406,0.5673519968986511
/home/donglei/isaac_projects/isaac_drone_racer/.worktrees/stage1-fake-vio/logs/skrl/stage1_recovery_20260905/2026-09-05_11-37-52/2026-09-05_11-37-57_ppo_torch_stage1_mixed/checkpoints/agent_50400.pt,8358d49b14eff681c47b70db964f4007dbfd07e9212768e13dbf0c17f0afc8d8,150d107225160ac498040fa20d4ccf9e26ec2703,True,fixed_per_environment_quotas_v2,nominal,47,1,False,False,,7,0,False,False,0.4102102518081665,0.25,0.4770347774028778,0.08657293021678925,1.5626782178878784
/home/donglei/isaac_projects/isaac_drone_racer/.worktrees/stage1-fake-vio/logs/skrl/stage1_recovery_20260905/2026-09-05_11-37-52/2026-09-05_11-37-57_ppo_torch_stage1_mixed/checkpoints/agent_50400.pt,8358d49b14eff681c47b70db964f4007dbfd07e9212768e13dbf0c17f0afc8d8,150d107225160ac498040fa20d4ccf9e26ec2703,True,fixed_per_environment_quotas_v2,nominal,47,2,False,False,,1,0,False,False,0.16697588562965393,0.31,0.13025566935539246,0.0451965369284153,0.6283159255981445
/home/donglei/isaac_projects/isaac_drone_racer/.worktrees/stage1-fake-vio/logs/skrl/stage1_recovery_20260905/2026-09-05_11-37-52/2026-09-05_11-37-57_ppo_torch_stage1_mixed/checkpoints/agent_50400.pt,8358d49b14eff681c47b70db964f4007dbfd07e9212768e13dbf0c17f0afc8d8,150d107225160ac498040fa20d4ccf9e26ec2703,True,fixed_per_environment_quotas_v2,nominal,47,3,False,False,,1,1,False,False,5.192826747894287,0.86,0.18319879472255707,0.06792204827070236,0.6318496465682983
/home/donglei/isaac_projects/isaac_drone_racer/.worktrees/stage1-fake-vio/logs/skrl/stage1_recovery_20260905/2026-09-05_11-37-52/2026-09-05_11-37-57_ppo_torch_stage1_mixed/checkpoints/agent_50400.pt,8358d49b14eff681c47b70db964f4007dbfd07e9212768e13dbf0c17f0afc8d8,150d107225160ac498040fa20d4ccf9e26ec2703,True,fixed_per_environment_quotas_v2,nominal,47,4,False,False,,7,1,False,False,6.227972507476807,0.98,0.49882644414901733,0.12826447188854218,1.108335018157959
/home/donglei/isaac_projects/isaac_drone_racer/.worktrees/stage1-fake-vio/logs/skrl/stage1_recovery_20260905/2026-09-05_11-37-52/2026-09-05_11-37-57_ppo_torch_stage1_mixed/checkpoints/agent_50400.pt,8358d49b14eff681c47b70db964f4007dbfd07e9212768e13dbf0c17f0afc8d8,150d107225160ac498040fa20d4ccf9e26ec2703,True,fixed_per_environment_quotas_v2,nominal,47,5,False,False,,1,1,False,False,5.655961990356445,1.04,0.1598311811685562,0.059247925877571106,0.5674562454223633
/home/donglei/isaac_projects/isaac_drone_racer/.worktrees/stage1-fake-vio/logs/skrl/stage1_recovery_20260905/2026-09-05_11-37-52/2026-09-05_11-37-57_ppo_torch_stage1_mixed/checkpoints/agent_50400.pt,8358d49b14eff681c47b70db964f4007dbfd07e9212768e13dbf0c17f0afc8d8,150d107225160ac498040fa20d4ccf9e26ec2703,True,fixed_per_environment_quotas_v2,nominal,47,6,False,False,,7,0,True,False,-4.203560829162598,1.17,0.1086336299777031,0.18781423568725586,1.966089129447937
/home/donglei/isaac_projects/isaac_drone_racer/.worktrees/stage1-fake-vio/logs/skrl/stage1_recovery_20260905/2026-09-05_11-37-52/2026-09-05_11-37-57_ppo_torch_stage1_mixed/checkpoints/agent_50400.pt,8358d49b14eff681c47b70db964f4007dbfd07e9212768e13dbf0c17f0afc8d8,150d107225160ac498040fa20d4ccf9e26ec2703,True,fixed_per_environment_quotas_v2,nominal,47,7,False,False,,3,2,False,False,11.081701278686523,1.7,0.5726289749145508,0.1966921091079712,1.591294527053833
/home/donglei/isaac_projects/isaac_drone_racer/.worktrees/stage1-fake-vio/logs/skrl/stage1_recovery_20260905/2026-09-05_11-37-52/2026-09-05_11-37-57_ppo_torch_stage1_mixed/checkpoints/agent_50400.pt,8358d49b14eff681c47b70db964f4007dbfd07e9212768e13dbf0c17f0afc8d8,150d107225160ac498040fa20d4ccf9e26ec2703,True,fixed_per_environment_quotas_v2,nominal,47,8,False,False,,4,2,False,False,12.517586708068848,2.0100000000000002,0.47131115198135376,0.13548898696899414,1.1126189231872559
/home/donglei/isaac_projects/isaac_drone_racer/.worktrees/stage1-fake-vio/logs/skrl/stage1_recovery_20260905/2026-09-05_11-37-52/2026-09-05_11-37-57_ppo_torch_stage1_mixed/checkpoints/agent_50400.pt,8358d49b14eff681c47b70db964f4007dbfd07e9212768e13dbf0c17f0afc8d8,150d107225160ac498040fa20d4ccf9e26ec2703,True,fixed_per_environment_quotas_v2,nominal,47,9,False,False,,3,3,False,False,16.13200569152832,2.41,0.533331573009491,0.18434812128543854,1.5450297594070435
/home/donglei/isaac_projects/isaac_drone_racer/.worktrees/stage1-fake-vio/logs/skrl/stage1_recovery_20260905/2026-09-05_11-37-52/2026-09-05_11-37-57_ppo_torch_stage1_mixed/checkpoints/agent_50400.pt,8358d49b14eff681c47b70db964f4007dbfd07e9212768e13dbf0c17f0afc8d8,150d107225160ac498040fa20d4ccf9e26ec2703,True,fixed_per_environment_quotas_v2,nominal,47,10,False,False,,3,4,False,False,21.40749168395996,2.9,0.431206613779068,0.1406320035457611,1.2188529968261719
/home/donglei/isaac_projects/isaac_drone_racer/.worktrees/stage1-fake-vio/logs/skrl/stage1_recovery_20260905/2026-09-05_11-37-52/2026-09-05_11-37-57_ppo_torch_stage1_mixed/checkpoints/agent_50400.pt,8358d49b14eff681c47b70db964f4007dbfd07e9212768e13dbf0c17f0afc8d8,150d107225160ac498040fa20d4ccf9e26ec2703,True,fixed_per_environment_quotas_v2,nominal,47,11,False,False,,4,3,False,False,18.673492431640625,3.18,0.6516857147216797,0.15762679278850555,1.528687834739685
/home/donglei/isaac_projects/isaac_drone_racer/.worktrees/stage1-fake-vio/logs/skrl/stage1_recovery_20260905/2026-09-05_11-37-52/2026-09-05_11-37-57_ppo_torch_stage1_mixed/checkpoints/agent_50400.pt,8358d49b14eff681c47b70db964f4007dbfd07e9212768e13dbf0c17f0afc8d8,150d107225160ac498040fa20d4ccf9e26ec2703,True,fixed_per_environment_quotas_v2,nominal,47,12,False,False,,6,4,False,False,23.08141326904297,3.35,0.5943059325218201,0.19697128236293793,1.4161149263381958
/home/donglei/isaac_projects/isaac_drone_racer/.worktrees/stage1-fake-vio/logs/skrl/stage1_recovery_20260905/2026-09-05_11-37-52/2026-09-05_11-37-57_ppo_torch_stage1_mixed/checkpoints/agent_50400.pt,8358d49b14eff681c47b70db964f4007dbfd07e9212768e13dbf0c17f0afc8d8,150d107225160ac498040fa20d4ccf9e26ec2703,True,fixed_per_environment_quotas_v2,nominal,47,13,False,False,,3,6,False,False,30.977699279785156,3.71,0.5310965776443481,0.1808605194091797,1.51920485496521
/home/donglei/isaac_projects/isaac_drone_racer/.worktrees/stage1-fake-vio/logs/skrl/stage1_recovery_20260905/2026-09-05_11-37-52/2026-09-05_11-37-57_ppo_torch_stage1_mixed/checkpoints/agent_50400.pt,8358d49b14eff681c47b70db964f4007dbfd07e9212768e13dbf0c17f0afc8d8,150d107225160ac498040fa20d4ccf9e26ec2703,True,fixed_per_environment_quotas_v2,nominal,47,14,False,False,,1,5,False,False,28.329349517822266,4.21,0.3616158366203308,0.11576336622238159,1.0401575565338135
/home/donglei/isaac_projects/isaac_drone_racer/.worktrees/stage1-fake-vio/logs/skrl/stage1_recovery_20260905/2026-09-05_11-37-52/2026-09-05_11-37-57_ppo_torch_stage1_mixed/checkpoints/agent_50400.pt,8358d49b14eff681c47b70db964f4007dbfd07e9212768e13dbf0c17f0afc8d8,150d107225160ac498040fa20d4ccf9e26ec2703,True,fixed_per_environment_quotas_v2,nominal,47,15,False,False,,2,6,False,False,32.566261291503906,4.25,0.4449480473995209,0.14151152968406677,1.1977543830871582
/home/donglei/isaac_projects/isaac_drone_racer/.worktrees/stage1-fake-vio/logs/skrl/stage1_recovery_20260905/2026-09-05_11-37-52/2026-09-05_11-37-57_ppo_torch_stage1_mixed/checkpoints/agent_50400.pt,8358d49b14eff681c47b70db964f4007dbfd07e9212768e13dbf0c17f0afc8d8,150d107225160ac498040fa20d4ccf9e26ec2703,True,fixed_per_environment_quotas_v2,nominal,47,16,False,False,,2,1,True,False,0.6062288284301758,1.3900000000000001,0.42220771312713623,0.5329737067222595,1.4996633529663086
/home/donglei/isaac_projects/isaac_drone_racer/.worktrees/stage1-fake-vio/logs/skrl/stage1_recovery_20260905/2026-09-05_11-37-52/2026-09-05_11-37-57_ppo_torch_stage1_mixed/checkpoints/agent_50400.pt,8358d49b14eff681c47b70db964f4007dbfd07e9212768e13dbf0c17f0afc8d8,150d107225160ac498040fa20d4ccf9e26ec2703,True,fixed_per_environment_quotas_v2,nominal,47,17,False,False,,4,2,False,True,5.86854362487793,5.13,0.6104679107666016,0.16089394688606262,1.2868337631225586
/home/donglei/isaac_projects/isaac_drone_racer/.worktrees/stage1-fake-vio/logs/skrl/stage1_recovery_20260905/2026-09-05_11-37-52/2026-09-05_11-37-57_ppo_torch_stage1_mixed/checkpoints/agent_50400.pt,8358d49b14eff681c47b70db964f4007dbfd07e9212768e13dbf0c17f0afc8d8,150d107225160ac498040fa20d4ccf9e26ec2703,True,fixed_per_environment_quotas_v2,nominal,47,18,False,False,,5,6,False,False,34.36461639404297,5.13,0.33649829030036926,0.10571838915348053,0.9489801526069641
/home/donglei/isaac_projects/isaac_drone_racer/.worktrees/stage1-fake-vio/logs/skrl/stage1_recovery_20260905/2026-09-05_11-37-52/2026-09-05_11-37-57_ppo_torch_stage1_mixed/checkpoints/agent_50400.pt,8358d49b14eff681c47b70db964f4007dbfd07e9212768e13dbf0c17f0afc8d8,150d107225160ac498040fa20d4ccf9e26ec2703,True,fixed_per_environment_quotas_v2,nominal,47,19,True,True,5.19,,7,False,False,38.84487533569336,5.19,0.4654017388820648,0.2930353283882141,1.3629969358444214
/home/donglei/isaac_projects/isaac_drone_racer/.worktrees/stage1-fake-vio/logs/skrl/stage1_recovery_20260905/2026-09-05_11-37-52/2026-09-05_11-37-57_ppo_torch_stage1_mixed/checkpoints/agent_50400.pt,8358d49b14eff681c47b70db964f4007dbfd07e9212768e13dbf0c17f0afc8d8,150d107225160ac498040fa20d4ccf9e26ec2703,True,fixed_per_environment_quotas_v2,nominal,47,20,True,True,5.22,,7,False,False,37.95306396484375,5.22,0.19768370687961578,0.06562700867652893,0.5900807976722717
/home/donglei/isaac_projects/isaac_drone_racer/.worktrees/stage1-fake-vio/logs/skrl/stage1_recovery_20260905/2026-09-05_11-37-52/2026-09-05_11-37-57_ppo_torch_stage1_mixed/checkpoints/agent_50400.pt,8358d49b14eff681c47b70db964f4007dbfd07e9212768e13dbf0c17f0afc8d8,150d107225160ac498040fa20d4ccf9e26ec2703,True,fixed_per_environment_quotas_v2,nominal,47,21,True,True,5.12,,7,False,False,37.99552917480469,5.12,0.4435728192329407,0.14024557173252106,1.163130521774292
/home/donglei/isaac_projects/isaac_drone_racer/.worktrees/stage1-fake-vio/logs/skrl/stage1_recovery_20260905/2026-09-05_11-37-52/2026-09-05_11-37-57_ppo_torch_stage1_mixed/checkpoints/agent_50400.pt,8358d49b14eff681c47b70db964f4007dbfd07e9212768e13dbf0c17f0afc8d8,150d107225160ac498040fa20d4ccf9e26ec2703,True,fixed_per_environment_quotas_v2,nominal,47,22,True,True,5.61,,7,False,False,39.45283889770508,5.61,0.33787718415260315,0.10419917106628418,0.8615548610687256
/home/donglei/isaac_projects/isaac_drone_racer/.worktrees/stage1-fake-vio/logs/skrl/stage1_recovery_20260905/2026-09-05_11-37-52/2026-09-05_11-37-57_ppo_torch_stage1_mixed/checkpoints/agent_50400.pt,8358d49b14eff681c47b70db964f4007dbfd07e9212768e13dbf0c17f0afc8d8,150d107225160ac498040fa20d4ccf9e26ec2703,True,fixed_per_environment_quotas_v2,nominal,47,23,False,False,,3,1,True,False,2.9062514305114746,1.93,0.4106881320476532,0.14125923812389374,1.0467419624328613
/home/donglei/isaac_projects/isaac_drone_racer/.worktrees/stage1-fake-vio/logs/skrl/stage1_recovery_20260905/2026-09-05_11-37-52/2026-09-05_11-37-57_ppo_torch_stage1_mixed/checkpoints/agent_50400.pt,8358d49b14eff681c47b70db964f4007dbfd07e9212768e13dbf0c17f0afc8d8,150d107225160ac498040fa20d4ccf9e26ec2703,True,fixed_per_environment_quotas_v2,nominal,47,24,True,True,4.8100000000000005,,7,False,False,37.98173141479492,4.8100000000000005,0.5771070122718811,0.198355033993721,1.5059051513671875
/home/donglei/isaac_projects/isaac_drone_racer/.worktrees/stage1-fake-vio/logs/skrl/stage1_recovery_20260905/2026-09-05_11-37-52/2026-09-05_11-37-57_ppo_torch_stage1_mixed/checkpoints/agent_50400.pt,8358d49b14eff681c47b70db964f4007dbfd07e9212768e13dbf0c17f0afc8d8,150d107225160ac498040fa20d4ccf9e26ec2703,True,fixed_per_environment_quotas_v2,nominal,47,25,True,True,5.55,,7,False,False,39.667259216308594,5.55,0.26058104634284973,0.07998789846897125,0.6143887042999268
/home/donglei/isaac_projects/isaac_drone_racer/.worktrees/stage1-fake-vio/logs/skrl/stage1_recovery_20260905/2026-09-05_11-37-52/2026-09-05_11-37-57_ppo_torch_stage1_mixed/checkpoints/agent_50400.pt,8358d49b14eff681c47b70db964f4007dbfd07e9212768e13dbf0c17f0afc8d8,150d107225160ac498040fa20d4ccf9e26ec2703,True,fixed_per_environment_quotas_v2,nominal,47,26,True,True,5.44,,7,False,False,39.68534851074219,5.44,0.6201059818267822,0.19438154995441437,1.542781949043274
/home/donglei/isaac_projects/isaac_drone_racer/.worktrees/stage1-fake-vio/logs/skrl/stage1_recovery_20260905/2026-09-05_11-37-52/2026-09-05_11-37-57_ppo_torch_stage1_mixed/checkpoints/agent_50400.pt,8358d49b14eff681c47b70db964f4007dbfd07e9212768e13dbf0c17f0afc8d8,150d107225160ac498040fa20d4ccf9e26ec2703,True,fixed_per_environment_quotas_v2,nominal,47,27,True,True,4.93,,7,False,False,38.136226654052734,4.93,0.21934360265731812,0.06854134052991867,0.5059525370597839
/home/donglei/isaac_projects/isaac_drone_racer/.worktrees/stage1-fake-vio/logs/skrl/stage1_recovery_20260905/2026-09-05_11-37-52/2026-09-05_11-37-57_ppo_torch_stage1_mixed/checkpoints/agent_50400.pt,8358d49b14eff681c47b70db964f4007dbfd07e9212768e13dbf0c17f0afc8d8,150d107225160ac498040fa20d4ccf9e26ec2703,True,fixed_per_environment_quotas_v2,nominal,47,28,True,True,5.33,,7,False,False,39.6317024230957,5.33,0.4663298428058624,0.14742709696292877,1.1910932064056396
/home/donglei/isaac_projects/isaac_drone_racer/.worktrees/stage1-fake-vio/logs/skrl/stage1_recovery_20260905/2026-09-05_11-37-52/2026-09-05_11-37-57_ppo_torch_stage1_mixed/checkpoints/agent_50400.pt,8358d49b14eff681c47b70db964f4007dbfd07e9212768e13dbf0c17f0afc8d8,150d107225160ac498040fa20d4ccf9e26ec2703,True,fixed_per_environment_quotas_v2,nominal,47,29,True,True,5.3,,7,False,False,39.59381103515625,5.3,0.34215641021728516,0.10569676011800766,0.8613560199737549
/home/donglei/isaac_projects/isaac_drone_racer/.worktrees/stage1-fake-vio/logs/skrl/stage1_recovery_20260905/2026-09-05_11-37-52/2026-09-05_11-37-57_ppo_torch_stage1_mixed/checkpoints/agent_50400.pt,8358d49b14eff681c47b70db964f4007dbfd07e9212768e13dbf0c17f0afc8d8,150d107225160ac498040fa20d4ccf9e26ec2703,True,fixed_per_environment_quotas_v2,nominal,47,30,True,True,5.8,,7,False,False,39.78104019165039,5.8,0.45134174823760986,0.1491151601076126,1.1767576932907104
/home/donglei/isaac_projects/isaac_drone_racer/.worktrees/stage1-fake-vio/logs/skrl/stage1_recovery_20260905/2026-09-05_11-37-52/2026-09-05_11-37-57_ppo_torch_stage1_mixed/checkpoints/agent_50400.pt,8358d49b14eff681c47b70db964f4007dbfd07e9212768e13dbf0c17f0afc8d8,150d107225160ac498040fa20d4ccf9e26ec2703,True,fixed_per_environment_quotas_v2,nominal,47,31,True,True,5.13,,7,False,False,38.197837829589844,5.13,0.3170032799243927,0.10871590673923492,0.862855851650238
/home/donglei/isaac_projects/isaac_drone_racer/.worktrees/stage1-fake-vio/logs/skrl/stage1_recovery_20260905/2026-09-05_11-37-52/2026-09-05_11-37-57_ppo_torch_stage1_mixed/checkpoints/agent_50400.pt,8358d49b14eff681c47b70db964f4007dbfd07e9212768e13dbf0c17f0afc8d8,150d107225160ac498040fa20d4ccf9e26ec2703,True,fixed_per_environment_quotas_v2,nominal,47,32,True,True,5.42,,7,False,False,39.07396697998047,5.42,0.2042531818151474,0.07250035554170609,0.5485652685165405
/home/donglei/isaac_projects/isaac_drone_racer/.worktrees/stage1-fake-vio/logs/skrl/stage1_recovery_20260905/2026-09-05_11-37-52/2026-09-05_11-37-57_ppo_torch_stage1_mixed/checkpoints/agent_50400.pt,8358d49b14eff681c47b70db964f4007dbfd07e9212768e13dbf0c17f0afc8d8,150d107225160ac498040fa20d4ccf9e26ec2703,True,fixed_per_environment_quotas_v2,nominal,47,33,True,True,5.95,,7,False,False,39.91925048828125,5.95,0.20478671789169312,0.06781993806362152,0.49547722935676575
/home/donglei/isaac_projects/isaac_drone_racer/.worktrees/stage1-fake-vio/logs/skrl/stage1_recovery_20260905/2026-09-05_11-37-52/2026-09-05_11-37-57_ppo_torch_stage1_mixed/checkpoints/agent_50400.pt,8358d49b14eff681c47b70db964f4007dbfd07e9212768e13dbf0c17f0afc8d8,150d107225160ac498040fa20d4ccf9e26ec2703,True,fixed_per_environment_quotas_v2,nominal,47,34,True,True,5.25,,7,False,False,39.17837142944336,5.25,0.20797649025917053,0.06752157211303711,0.5417827367782593
/home/donglei/isaac_projects/isaac_drone_racer/.worktrees/stage1-fake-vio/logs/skrl/stage1_recovery_20260905/2026-09-05_11-37-52/2026-09-05_11-37-57_ppo_torch_stage1_mixed/checkpoints/agent_50400.pt,8358d49b14eff681c47b70db964f4007dbfd07e9212768e13dbf0c17f0afc8d8,150d107225160ac498040fa20d4ccf9e26ec2703,True,fixed_per_environment_quotas_v2,nominal,47,35,True,True,5.62,,7,False,False,39.853126525878906,5.62,0.44381776452064514,0.13872592151165009,1.1119887828826904
/home/donglei/isaac_projects/isaac_drone_racer/.worktrees/stage1-fake-vio/logs/skrl/stage1_recovery_20260905/2026-09-05_11-37-52/2026-09-05_11-37-57_ppo_torch_stage1_mixed/checkpoints/agent_50400.pt,8358d49b14eff681c47b70db964f4007dbfd07e9212768e13dbf0c17f0afc8d8,150d107225160ac498040fa20d4ccf9e26ec2703,True,fixed_per_environment_quotas_v2,nominal,47,36,True,True,5.59,,7,False,False,39.66986083984375,5.59,0.3285120725631714,0.10537838190793991,0.849006712436676
/home/donglei/isaac_projects/isaac_drone_racer/.worktrees/stage1-fake-vio/logs/skrl/stage1_recovery_20260905/2026-09-05_11-37-52/2026-09-05_11-37-57_ppo_torch_stage1_mixed/checkpoints/agent_50400.pt,8358d49b14eff681c47b70db964f4007dbfd07e9212768e13dbf0c17f0afc8d8,150d107225160ac498040fa20d4ccf9e26ec2703,True,fixed_per_environment_quotas_v2,nominal,47,37,True,True,4.99,,7,False,False,38.86058044433594,4.99,0.602979302406311,0.2018684595823288,1.540210247039795
/home/donglei/isaac_projects/isaac_drone_racer/.worktrees/stage1-fake-vio/logs/skrl/stage1_recovery_20260905/2026-09-05_11-37-52/2026-09-05_11-37-57_ppo_torch_stage1_mixed/checkpoints/agent_50400.pt,8358d49b14eff681c47b70db964f4007dbfd07e9212768e13dbf0c17f0afc8d8,150d107225160ac498040fa20d4ccf9e26ec2703,True,fixed_per_environment_quotas_v2,nominal,47,38,True,True,5.0,,7,False,False,37.83095932006836,5.0,0.34399670362472534,0.10362616181373596,0.895671010017395
/home/donglei/isaac_projects/isaac_drone_racer/.worktrees/stage1-fake-vio/logs/skrl/stage1_recovery_20260905/2026-09-05_11-37-52/2026-09-05_11-37-57_ppo_torch_stage1_mixed/checkpoints/agent_50400.pt,8358d49b14eff681c47b70db964f4007dbfd07e9212768e13dbf0c17f0afc8d8,150d107225160ac498040fa20d4ccf9e26ec2703,True,fixed_per_environment_quotas_v2,nominal,47,39,True,True,5.43,,7,False,False,39.559322357177734,5.43,0.46144530177116394,0.14546431601047516,1.173229455947876
/home/donglei/isaac_projects/isaac_drone_racer/.worktrees/stage1-fake-vio/logs/skrl/stage1_recovery_20260905/2026-09-05_11-37-52/2026-09-05_11-37-57_ppo_torch_stage1_mixed/checkpoints/agent_50400.pt,8358d49b14eff681c47b70db964f4007dbfd07e9212768e13dbf0c17f0afc8d8,150d107225160ac498040fa20d4ccf9e26ec2703,True,fixed_per_environment_quotas_v2,nominal,47,40,True,True,5.54,,7,False,False,39.80195617675781,5.54,0.34477606415748596,0.10411396622657776,0.8500399589538574
/home/donglei/isaac_projects/isaac_drone_racer/.worktrees/stage1-fake-vio/logs/skrl/stage1_recovery_20260905/2026-09-05_11-37-52/2026-09-05_11-37-57_ppo_torch_stage1_mixed/checkpoints/agent_50400.pt,8358d49b14eff681c47b70db964f4007dbfd07e9212768e13dbf0c17f0afc8d8,150d107225160ac498040fa20d4ccf9e26ec2703,True,fixed_per_environment_quotas_v2,nominal,47,41,True,True,5.0600000000000005,,7,False,False,38.66389465332031,5.0600000000000005,0.21682889759540558,0.06627941876649857,0.5388562083244324
/home/donglei/isaac_projects/isaac_drone_racer/.worktrees/stage1-fake-vio/logs/skrl/stage1_recovery_20260905/2026-09-05_11-37-52/2026-09-05_11-37-57_ppo_torch_stage1_mixed/checkpoints/agent_50400.pt,8358d49b14eff681c47b70db964f4007dbfd07e9212768e13dbf0c17f0afc8d8,150d107225160ac498040fa20d4ccf9e26ec2703,True,fixed_per_environment_quotas_v2,nominal,47,42,True,True,6.13,,7,False,False,39.56044387817383,6.13,0.5620667338371277,0.19017761945724487,1.5152108669281006
/home/donglei/isaac_projects/isaac_drone_racer/.worktrees/stage1-fake-vio/logs/skrl/stage1_recovery_20260905/2026-09-05_11-37-52/2026-09-05_11-37-57_ppo_torch_stage1_mixed/checkpoints/agent_50400.pt,8358d49b14eff681c47b70db964f4007dbfd07e9212768e13dbf0c17f0afc8d8,150d107225160ac498040fa20d4ccf9e26ec2703,True,fixed_per_environment_quotas_v2,nominal,47,43,False,False,,4,0,True,False,-2.207184076309204,1.3,0.4382897913455963,0.1771777868270874,0.9638136625289917
/home/donglei/isaac_projects/isaac_drone_racer/.worktrees/stage1-fake-vio/logs/skrl/stage1_recovery_20260905/2026-09-05_11-37-52/2026-09-05_11-37-57_ppo_torch_stage1_mixed/checkpoints/agent_50400.pt,8358d49b14eff681c47b70db964f4007dbfd07e9212768e13dbf0c17f0afc8d8,150d107225160ac498040fa20d4ccf9e26ec2703,True,fixed_per_environment_quotas_v2,nominal,47,44,False,False,,5,2,True,False,7.501176357269287,3.14,0.30735450983047485,0.2728709876537323,0.886374294757843
/home/donglei/isaac_projects/isaac_drone_racer/.worktrees/stage1-fake-vio/logs/skrl/stage1_recovery_20260905/2026-09-05_11-37-52/2026-09-05_11-37-57_ppo_torch_stage1_mixed/checkpoints/agent_50400.pt,8358d49b14eff681c47b70db964f4007dbfd07e9212768e13dbf0c17f0afc8d8,150d107225160ac498040fa20d4ccf9e26ec2703,True,fixed_per_environment_quotas_v2,nominal,47,45,True,True,6.15,,7,False,False,39.733795166015625,6.15,0.3269580602645874,0.11752747744321823,0.8533340096473694
/home/donglei/isaac_projects/isaac_drone_racer/.worktrees/stage1-fake-vio/logs/skrl/stage1_recovery_20260905/2026-09-05_11-37-52/2026-09-05_11-37-57_ppo_torch_stage1_mixed/checkpoints/agent_50400.pt,8358d49b14eff681c47b70db964f4007dbfd07e9212768e13dbf0c17f0afc8d8,150d107225160ac498040fa20d4ccf9e26ec2703,True,fixed_per_environment_quotas_v2,nominal,47,46,True,True,4.95,,7,False,False,37.09279251098633,4.95,0.4269467294216156,0.13520406186580658,1.1612352132797241
/home/donglei/isaac_projects/isaac_drone_racer/.worktrees/stage1-fake-vio/logs/skrl/stage1_recovery_20260905/2026-09-05_11-37-52/2026-09-05_11-37-57_ppo_torch_stage1_mixed/checkpoints/agent_50400.pt,8358d49b14eff681c47b70db964f4007dbfd07e9212768e13dbf0c17f0afc8d8,150d107225160ac498040fa20d4ccf9e26ec2703,True,fixed_per_environment_quotas_v2,nominal,47,47,False,False,,1,5,True,False,24.475387573242188,5.16,0.5454550385475159,0.18250662088394165,1.4731416702270508
/home/donglei/isaac_projects/isaac_drone_racer/.worktrees/stage1-fake-vio/logs/skrl/stage1_recovery_20260905/2026-09-05_11-37-52/2026-09-05_11-37-57_ppo_torch_stage1_mixed/checkpoints/agent_50400.pt,8358d49b14eff681c47b70db964f4007dbfd07e9212768e13dbf0c17f0afc8d8,150d107225160ac498040fa20d4ccf9e26ec2703,True,fixed_per_environment_quotas_v2,nominal,47,48,True,True,4.9,,7,False,False,37.643409729003906,4.9,0.218238964676857,0.0631532222032547,0.5647357702255249
/home/donglei/isaac_projects/isaac_drone_racer/.worktrees/stage1-fake-vio/logs/skrl/stage1_recovery_20260905/2026-09-05_11-37-52/2026-09-05_11-37-57_ppo_torch_stage1_mixed/checkpoints/agent_50400.pt,8358d49b14eff681c47b70db964f4007dbfd07e9212768e13dbf0c17f0afc8d8,150d107225160ac498040fa20d4ccf9e26ec2703,True,fixed_per_environment_quotas_v2,nominal,47,49,True,True,5.7700000000000005,,7,False,False,39.98876190185547,5.7700000000000005,0.5691749453544617,0.197854146361351,1.450018286705017
/home/donglei/isaac_projects/isaac_drone_racer/.worktrees/stage1-fake-vio/logs/skrl/stage1_recovery_20260905/2026-09-05_11-37-52/2026-09-05_11-37-57_ppo_torch_stage1_mixed/checkpoints/agent_50400.pt,8358d49b14eff681c47b70db964f4007dbfd07e9212768e13dbf0c17f0afc8d8,150d107225160ac498040fa20d4ccf9e26ec2703,True,fixed_per_environment_quotas_v2,nominal,47,50,True,True,4.99,,7,False,False,39.15672302246094,4.99,0.3574221134185791,0.10325465351343155,0.877939760684967
/home/donglei/isaac_projects/isaac_drone_racer/.worktrees/stage1-fake-vio/logs/skrl/stage1_recovery_20260905/2026-09-05_11-37-52/2026-09-05_11-37-57_ppo_torch_stage1_mixed/checkpoints/agent_50400.pt,8358d49b14eff681c47b70db964f4007dbfd07e9212768e13dbf0c17f0afc8d8,150d107225160ac498040fa20d4ccf9e26ec2703,True,fixed_per_environment_quotas_v2,nominal,47,51,True,True,5.72,,7,False,False,39.61513900756836,5.72,0.5672751069068909,0.1839936375617981,1.4556865692138672
/home/donglei/isaac_projects/isaac_drone_racer/.worktrees/stage1-fake-vio/logs/skrl/stage1_recovery_20260905/2026-09-05_11-37-52/2026-09-05_11-37-57_ppo_torch_stage1_mixed/checkpoints/agent_50400.pt,8358d49b14eff681c47b70db964f4007dbfd07e9212768e13dbf0c17f0afc8d8,150d107225160ac498040fa20d4ccf9e26ec2703,True,fixed_per_environment_quotas_v2,nominal,47,52,True,True,5.4,,7,False,False,38.89836883544922,5.4,0.4647369682788849,0.13776008784770966,1.2023308277130127
/home/donglei/isaac_projects/isaac_drone_racer/.worktrees/stage1-fake-vio/logs/skrl/stage1_recovery_20260905/2026-09-05_11-37-52/2026-09-05_11-37-57_ppo_torch_stage1_mixed/checkpoints/agent_50400.pt,8358d49b14eff681c47b70db964f4007dbfd07e9212768e13dbf0c17f0afc8d8,150d107225160ac498040fa20d4ccf9e26ec2703,True,fixed_per_environment_quotas_v2,nominal,47,53,True,True,5.28,,7,False,False,38.81843566894531,5.28,0.32509922981262207,0.11016032099723816,0.8789686560630798
/home/donglei/isaac_projects/isaac_drone_racer/.worktrees/stage1-fake-vio/logs/skrl/stage1_recovery_20260905/2026-09-05_11-37-52/2026-09-05_11-37-57_ppo_torch_stage1_mixed/checkpoints/agent_50400.pt,8358d49b14eff681c47b70db964f4007dbfd07e9212768e13dbf0c17f0afc8d8,150d107225160ac498040fa20d4ccf9e26ec2703,True,fixed_per_environment_quotas_v2,nominal,47,54,True,True,4.98,,7,False,False,37.62059020996094,4.98,0.21784521639347076,0.06988519430160522,0.546773374080658
/home/donglei/isaac_projects/isaac_drone_racer/.worktrees/stage1-fake-vio/logs/skrl/stage1_recovery_20260905/2026-09-05_11-37-52/2026-09-05_11-37-57_ppo_torch_stage1_mixed/checkpoints/agent_50400.pt,8358d49b14eff681c47b70db964f4007dbfd07e9212768e13dbf0c17f0afc8d8,150d107225160ac498040fa20d4ccf9e26ec2703,True,fixed_per_environment_quotas_v2,nominal,47,55,True,True,5.61,,7,False,False,39.080711364746094,5.61,0.44925814867019653,0.14946365356445312,1.1891618967056274
/home/donglei/isaac_projects/isaac_drone_racer/.worktrees/stage1-fake-vio/logs/skrl/stage1_recovery_20260905/2026-09-05_11-37-52/2026-09-05_11-37-57_ppo_torch_stage1_mixed/checkpoints/agent_50400.pt,8358d49b14eff681c47b70db964f4007dbfd07e9212768e13dbf0c17f0afc8d8,150d107225160ac498040fa20d4ccf9e26ec2703,True,fixed_per_environment_quotas_v2,nominal,47,56,True,True,6.1000000000000005,,7,False,False,39.84709930419922,6.1000000000000005,0.4511871933937073,0.16382138431072235,1.1618072986602783
/home/donglei/isaac_projects/isaac_drone_racer/.worktrees/stage1-fake-vio/logs/skrl/stage1_recovery_20260905/2026-09-05_11-37-52/2026-09-05_11-37-57_ppo_torch_stage1_mixed/checkpoints/agent_50400.pt,8358d49b14eff681c47b70db964f4007dbfd07e9212768e13dbf0c17f0afc8d8,150d107225160ac498040fa20d4ccf9e26ec2703,True,fixed_per_environment_quotas_v2,nominal,47,57,True,True,5.97,,7,False,False,39.41497802734375,5.97,0.20180828869342804,0.06328756362199783,0.5578200221061707
/home/donglei/isaac_projects/isaac_drone_racer/.worktrees/stage1-fake-vio/logs/skrl/stage1_recovery_20260905/2026-09-05_11-37-52/2026-09-05_11-37-57_ppo_torch_stage1_mixed/checkpoints/agent_50400.pt,8358d49b14eff681c47b70db964f4007dbfd07e9212768e13dbf0c17f0afc8d8,150d107225160ac498040fa20d4ccf9e26ec2703,True,fixed_per_environment_quotas_v2,nominal,47,58,True,True,6.24,,7,False,False,39.82117462158203,6.24,0.41443708539009094,0.14996561408042908,1.099365472793579
/home/donglei/isaac_projects/isaac_drone_racer/.worktrees/stage1-fake-vio/logs/skrl/stage1_recovery_20260905/2026-09-05_11-37-52/2026-09-05_11-37-57_ppo_torch_stage1_mixed/checkpoints/agent_50400.pt,8358d49b14eff681c47b70db964f4007dbfd07e9212768e13dbf0c17f0afc8d8,150d107225160ac498040fa20d4ccf9e26ec2703,True,fixed_per_environment_quotas_v2,nominal,47,59,True,True,5.99,,7,False,False,39.68888473510742,5.99,0.3014957010746002,0.10363570600748062,0.8293917179107666
/home/donglei/isaac_projects/isaac_drone_racer/.worktrees/stage1-fake-vio/logs/skrl/stage1_recovery_20260905/2026-09-05_11-37-52/2026-09-05_11-37-57_ppo_torch_stage1_mixed/checkpoints/agent_50400.pt,8358d49b14eff681c47b70db964f4007dbfd07e9212768e13dbf0c17f0afc8d8,150d107225160ac498040fa20d4ccf9e26ec2703,True,fixed_per_environment_quotas_v2,nominal,47,60,True,True,6.1000000000000005,,7,False,False,39.63478088378906,6.1000000000000005,0.32085469365119934,0.11186544597148895,0.8016645908355713
/home/donglei/isaac_projects/isaac_drone_racer/.worktrees/stage1-fake-vio/logs/skrl/stage1_recovery_20260905/2026-09-05_11-37-52/2026-09-05_11-37-57_ppo_torch_stage1_mixed/checkpoints/agent_50400.pt,8358d49b14eff681c47b70db964f4007dbfd07e9212768e13dbf0c17f0afc8d8,150d107225160ac498040fa20d4ccf9e26ec2703,True,fixed_per_environment_quotas_v2,nominal,47,61,True,True,6.09,,7,False,False,39.658119201660156,6.09,0.5474430322647095,0.1890305131673813,1.408984661102295
/home/donglei/isaac_projects/isaac_drone_racer/.worktrees/stage1-fake-vio/logs/skrl/stage1_recovery_20260905/2026-09-05_11-37-52/2026-09-05_11-37-57_ppo_torch_stage1_mixed/checkpoints/agent_50400.pt,8358d49b14eff681c47b70db964f4007dbfd07e9212768e13dbf0c17f0afc8d8,150d107225160ac498040fa20d4ccf9e26ec2703,True,fixed_per_environment_quotas_v2,nominal,47,62,True,True,6.11,,7,False,False,39.487579345703125,6.11,0.20455732941627502,0.06962068378925323,0.5014280676841736
/home/donglei/isaac_projects/isaac_drone_racer/.worktrees/stage1-fake-vio/logs/skrl/stage1_recovery_20260905/2026-09-05_11-37-52/2026-09-05_11-37-57_ppo_torch_stage1_mixed/checkpoints/agent_50400.pt,8358d49b14eff681c47b70db964f4007dbfd07e9212768e13dbf0c17f0afc8d8,150d107225160ac498040fa20d4ccf9e26ec2703,True,fixed_per_environment_quotas_v2,nominal,47,63,True,True,5.89,,7,False,False,39.766353607177734,5.89,0.21699461340904236,0.06853991001844406,0.5609846115112305
/home/donglei/isaac_projects/isaac_drone_racer/.worktrees/stage1-fake-vio/logs/skrl/stage1_recovery_20260905/2026-09-05_11-37-52/2026-09-05_11-37-57_ppo_torch_stage1_mixed/checkpoints/agent_50400.pt,8358d49b14eff681c47b70db964f4007dbfd07e9212768e13dbf0c17f0afc8d8,150d107225160ac498040fa20d4ccf9e26ec2703,True,fixed_per_environment_quotas_v2,nominal,47,64,True,True,6.0600000000000005,,7,False,False,39.588600158691406,6.0600000000000005,0.2130970060825348,0.07123009115457535,0.5656697154045105
/home/donglei/isaac_projects/isaac_drone_racer/.worktrees/stage1-fake-vio/logs/skrl/stage1_recovery_20260905/2026-09-05_11-37-52/2026-09-05_11-37-57_ppo_torch_stage1_mixed/checkpoints/agent_50400.pt,8358d49b14eff681c47b70db964f4007dbfd07e9212768e13dbf0c17f0afc8d8,150d107225160ac498040fa20d4ccf9e26ec2703,True,fixed_per_environment_quotas_v2,nominal,47,65,True,True,6.08,,7,False,False,39.45703887939453,6.08,0.20527119934558868,0.07091058790683746,0.49852418899536133
/home/donglei/isaac_projects/isaac_drone_racer/.worktrees/stage1-fake-vio/logs/skrl/stage1_recovery_20260905/2026-09-05_11-37-52/2026-09-05_11-37-57_ppo_torch_stage1_mixed/checkpoints/agent_50400.pt,8358d49b14eff681c47b70db964f4007dbfd07e9212768e13dbf0c17f0afc8d8,150d107225160ac498040fa20d4ccf9e26ec2703,True,fixed_per_environment_quotas_v2,nominal,47,66,True,True,6.0,,7,False,False,39.558563232421875,6.0,0.20335406064987183,0.06869754940271378,0.5567388534545898
/home/donglei/isaac_projects/isaac_drone_racer/.worktrees/stage1-fake-vio/logs/skrl/stage1_recovery_20260905/2026-09-05_11-37-52/2026-09-05_11-37-57_ppo_torch_stage1_mixed/checkpoints/agent_50400.pt,8358d49b14eff681c47b70db964f4007dbfd07e9212768e13dbf0c17f0afc8d8,150d107225160ac498040fa20d4ccf9e26ec2703,True,fixed_per_environment_quotas_v2,nominal,47,67,True,True,6.17,,7,False,False,39.784603118896484,6.17,0.21557265520095825,0.08933252096176147,0.5911034345626831
/home/donglei/isaac_projects/isaac_drone_racer/.worktrees/stage1-fake-vio/logs/skrl/stage1_recovery_20260905/2026-09-05_11-37-52/2026-09-05_11-37-57_ppo_torch_stage1_mixed/checkpoints/agent_50400.pt,8358d49b14eff681c47b70db964f4007dbfd07e9212768e13dbf0c17f0afc8d8,150d107225160ac498040fa20d4ccf9e26ec2703,True,fixed_per_environment_quotas_v2,nominal,47,68,True,True,6.0600000000000005,,7,False,False,39.419822692871094,6.0600000000000005,0.21469207108020782,0.06934213638305664,0.5376116037368774
/home/donglei/isaac_projects/isaac_drone_racer/.worktrees/stage1-fake-vio/logs/skrl/stage1_recovery_20260905/2026-09-05_11-37-52/2026-09-05_11-37-57_ppo_torch_stage1_mixed/checkpoints/agent_50400.pt,8358d49b14eff681c47b70db964f4007dbfd07e9212768e13dbf0c17f0afc8d8,150d107225160ac498040fa20d4ccf9e26ec2703,True,fixed_per_environment_quotas_v2,nominal,47,69,True,True,6.03,,7,False,False,39.686214447021484,6.03,0.44534119963645935,0.14513055980205536,1.117207646369934
/home/donglei/isaac_projects/isaac_drone_racer/.worktrees/stage1-fake-vio/logs/skrl/stage1_recovery_20260905/2026-09-05_11-37-52/2026-09-05_11-37-57_ppo_torch_stage1_mixed/checkpoints/agent_50400.pt,8358d49b14eff681c47b70db964f4007dbfd07e9212768e13dbf0c17f0afc8d8,150d107225160ac498040fa20d4ccf9e26ec2703,True,fixed_per_environment_quotas_v2,nominal,47,70,True,True,6.01,,7,False,False,39.7911491394043,6.01,0.33428049087524414,0.10496500134468079,0.8593667149543762
/home/donglei/isaac_projects/isaac_drone_racer/.worktrees/stage1-fake-vio/logs/skrl/stage1_recovery_20260905/2026-09-05_11-37-52/2026-09-05_11-37-57_ppo_torch_stage1_mixed/checkpoints/agent_50400.pt,8358d49b14eff681c47b70db964f4007dbfd07e9212768e13dbf0c17f0afc8d8,150d107225160ac498040fa20d4ccf9e26ec2703,True,fixed_per_environment_quotas_v2,nominal,47,71,True,True,5.95,,7,False,False,39.668514251708984,5.95,0.21690627932548523,0.06495137512683868,0.5523260831832886
/home/donglei/isaac_projects/isaac_drone_racer/.worktrees/stage1-fake-vio/logs/skrl/stage1_recovery_20260905/2026-09-05_11-37-52/2026-09-05_11-37-57_ppo_torch_stage1_mixed/checkpoints/agent_50400.pt,8358d49b14eff681c47b70db964f4007dbfd07e9212768e13dbf0c17f0afc8d8,150d107225160ac498040fa20d4ccf9e26ec2703,True,fixed_per_environment_quotas_v2,nominal,47,72,True,True,6.34,,7,False,False,40.06554412841797,6.34,0.4429430067539215,0.14305944740772247,1.1305906772613525
/home/donglei/isaac_projects/isaac_drone_racer/.worktrees/stage1-fake-vio/logs/skrl/stage1_recovery_20260905/2026-09-05_11-37-52/2026-09-05_11-37-57_ppo_torch_stage1_mixed/checkpoints/agent_50400.pt,8358d49b14eff681c47b70db964f4007dbfd07e9212768e13dbf0c17f0afc8d8,150d107225160ac498040fa20d4ccf9e26ec2703,True,fixed_per_environment_quotas_v2,nominal,47,73,True,True,6.2,,7,False,False,39.58017349243164,6.2,0.5534728765487671,0.19020038843154907,1.3551084995269775
/home/donglei/isaac_projects/isaac_drone_racer/.worktrees/stage1-fake-vio/logs/skrl/stage1_recovery_20260905/2026-09-05_11-37-52/2026-09-05_11-37-57_ppo_torch_stage1_mixed/checkpoints/agent_50400.pt,8358d49b14eff681c47b70db964f4007dbfd07e9212768e13dbf0c17f0afc8d8,150d107225160ac498040fa20d4ccf9e26ec2703,True,fixed_per_environment_quotas_v2,nominal,47,74,True,True,5.98,,7,False,False,39.675445556640625,5.98,0.3299885392189026,0.11343986541032791,0.8418846726417542
/home/donglei/isaac_projects/isaac_drone_racer/.worktrees/stage1-fake-vio/logs/skrl/stage1_recovery_20260905/2026-09-05_11-37-52/2026-09-05_11-37-57_ppo_torch_stage1_mixed/checkpoints/agent_50400.pt,8358d49b14eff681c47b70db964f4007dbfd07e9212768e13dbf0c17f0afc8d8,150d107225160ac498040fa20d4ccf9e26ec2703,True,fixed_per_environment_quotas_v2,nominal,47,75,True,True,6.03,,7,False,False,39.83287048339844,6.03,0.5585720539093018,0.18282237648963928,1.3697179555892944
/home/donglei/isaac_projects/isaac_drone_racer/.worktrees/stage1-fake-vio/logs/skrl/stage1_recovery_20260905/2026-09-05_11-37-52/2026-09-05_11-37-57_ppo_torch_stage1_mixed/checkpoints/agent_50400.pt,8358d49b14eff681c47b70db964f4007dbfd07e9212768e13dbf0c17f0afc8d8,150d107225160ac498040fa20d4ccf9e26ec2703,True,fixed_per_environment_quotas_v2,nominal,47,76,True,True,6.04,,7,False,False,39.53944778442383,6.04,0.21864791214466095,0.07378027588129044,0.6247268915176392
/home/donglei/isaac_projects/isaac_drone_racer/.worktrees/stage1-fake-vio/logs/skrl/stage1_recovery_20260905/2026-09-05_11-37-52/2026-09-05_11-37-57_ppo_torch_stage1_mixed/checkpoints/agent_50400.pt,8358d49b14eff681c47b70db964f4007dbfd07e9212768e13dbf0c17f0afc8d8,150d107225160ac498040fa20d4ccf9e26ec2703,True,fixed_per_environment_quotas_v2,nominal,47,77,True,True,6.04,,7,False,False,39.55718231201172,6.04,0.3155861794948578,0.10463143140077591,0.8459002375602722
/home/donglei/isaac_projects/isaac_drone_racer/.worktrees/stage1-fake-vio/logs/skrl/stage1_recovery_20260905/2026-09-05_11-37-52/2026-09-05_11-37-57_ppo_torch_stage1_mixed/checkpoints/agent_50400.pt,8358d49b14eff681c47b70db964f4007dbfd07e9212768e13dbf0c17f0afc8d8,150d107225160ac498040fa20d4ccf9e26ec2703,True,fixed_per_environment_quotas_v2,nominal,47,78,True,True,6.0,,7,False,False,39.6833610534668,6.0,0.34448114037513733,0.10347755998373032,0.8432518839836121
/home/donglei/isaac_projects/isaac_drone_racer/.worktrees/stage1-fake-vio/logs/skrl/stage1_recovery_20260905/2026-09-05_11-37-52/2026-09-05_11-37-57_ppo_torch_stage1_mixed/checkpoints/agent_50400.pt,8358d49b14eff681c47b70db964f4007dbfd07e9212768e13dbf0c17f0afc8d8,150d107225160ac498040fa20d4ccf9e26ec2703,True,fixed_per_environment_quotas_v2,nominal,47,79,True,True,5.99,,7,False,False,39.67085647583008,5.99,0.2038303017616272,0.06829105317592621,0.5464486479759216
/home/donglei/isaac_projects/isaac_drone_racer/.worktrees/stage1-fake-vio/logs/skrl/stage1_recovery_20260905/2026-09-05_11-37-52/2026-09-05_11-37-57_ppo_torch_stage1_mixed/checkpoints/agent_50400.pt,8358d49b14eff681c47b70db964f4007dbfd07e9212768e13dbf0c17f0afc8d8,150d107225160ac498040fa20d4ccf9e26ec2703,True,fixed_per_environment_quotas_v2,nominal,47,80,False,False,,4,2,True,False,9.620119094848633,3.25,0.33040133118629456,0.13581763207912445,0.9717860221862793
/home/donglei/isaac_projects/isaac_drone_racer/.worktrees/stage1-fake-vio/logs/skrl/stage1_recovery_20260905/2026-09-05_11-37-52/2026-09-05_11-37-57_ppo_torch_stage1_mixed/checkpoints/agent_50400.pt,8358d49b14eff681c47b70db964f4007dbfd07e9212768e13dbf0c17f0afc8d8,150d107225160ac498040fa20d4ccf9e26ec2703,True,fixed_per_environment_quotas_v2,nominal,47,81,True,True,5.99,,7,False,False,39.82375717163086,5.99,0.3210379183292389,0.10125816613435745,0.8405531644821167
/home/donglei/isaac_projects/isaac_drone_racer/.worktrees/stage1-fake-vio/logs/skrl/stage1_recovery_20260905/2026-09-05_11-37-52/2026-09-05_11-37-57_ppo_torch_stage1_mixed/checkpoints/agent_50400.pt,8358d49b14eff681c47b70db964f4007dbfd07e9212768e13dbf0c17f0afc8d8,150d107225160ac498040fa20d4ccf9e26ec2703,True,fixed_per_environment_quotas_v2,nominal,47,82,False,False,,4,2,True,False,9.788918495178223,3.11,0.3154081702232361,0.08349194377660751,0.7041350603103638
/home/donglei/isaac_projects/isaac_drone_racer/.worktrees/stage1-fake-vio/logs/skrl/stage1_recovery_20260905/2026-09-05_11-37-52/2026-09-05_11-37-57_ppo_torch_stage1_mixed/checkpoints/agent_50400.pt,8358d49b14eff681c47b70db964f4007dbfd07e9212768e13dbf0c17f0afc8d8,150d107225160ac498040fa20d4ccf9e26ec2703,True,fixed_per_environment_quotas_v2,nominal,47,83,True,True,6.0,,7,False,False,39.859596252441406,6.0,0.3267308175563812,0.10864108055830002,0.8362694382667542
/home/donglei/isaac_projects/isaac_drone_racer/.worktrees/stage1-fake-vio/logs/skrl/stage1_recovery_20260905/2026-09-05_11-37-52/2026-09-05_11-37-57_ppo_torch_stage1_mixed/checkpoints/agent_50400.pt,8358d49b14eff681c47b70db964f4007dbfd07e9212768e13dbf0c17f0afc8d8,150d107225160ac498040fa20d4ccf9e26ec2703,True,fixed_per_environment_quotas_v2,nominal,47,84,True,True,5.9,,7,False,False,39.71874237060547,5.9,0.4383358955383301,0.15179196000099182,1.130143404006958
/home/donglei/isaac_projects/isaac_drone_racer/.worktrees/stage1-fake-vio/logs/skrl/stage1_recovery_20260905/2026-09-05_11-37-52/2026-09-05_11-37-57_ppo_torch_stage1_mixed/checkpoints/agent_50400.pt,8358d49b14eff681c47b70db964f4007dbfd07e9212768e13dbf0c17f0afc8d8,150d107225160ac498040fa20d4ccf9e26ec2703,True,fixed_per_environment_quotas_v2,nominal,47,85,True,True,5.99,,7,False,False,39.56243133544922,5.99,0.3079320788383484,0.09953519701957703,0.7838976979255676
/home/donglei/isaac_projects/isaac_drone_racer/.worktrees/stage1-fake-vio/logs/skrl/stage1_recovery_20260905/2026-09-05_11-37-52/2026-09-05_11-37-57_ppo_torch_stage1_mixed/checkpoints/agent_50400.pt,8358d49b14eff681c47b70db964f4007dbfd07e9212768e13dbf0c17f0afc8d8,150d107225160ac498040fa20d4ccf9e26ec2703,True,fixed_per_environment_quotas_v2,nominal,47,86,True,True,5.87,,7,False,False,39.64733123779297,5.87,0.46078744530677795,0.14365285634994507,1.1964117288589478
/home/donglei/isaac_projects/isaac_drone_racer/.worktrees/stage1-fake-vio/logs/skrl/stage1_recovery_20260905/2026-09-05_11-37-52/2026-09-05_11-37-57_ppo_torch_stage1_mixed/checkpoints/agent_50400.pt,8358d49b14eff681c47b70db964f4007dbfd07e9212768e13dbf0c17f0afc8d8,150d107225160ac498040fa20d4ccf9e26ec2703,True,fixed_per_environment_quotas_v2,nominal,47,87,True,True,6.17,,7,False,False,39.6931037902832,6.17,0.4384457767009735,0.15354692935943604,1.1399037837982178
/home/donglei/isaac_projects/isaac_drone_racer/.worktrees/stage1-fake-vio/logs/skrl/stage1_recovery_20260905/2026-09-05_11-37-52/2026-09-05_11-37-57_ppo_torch_stage1_mixed/checkpoints/agent_50400.pt,8358d49b14eff681c47b70db964f4007dbfd07e9212768e13dbf0c17f0afc8d8,150d107225160ac498040fa20d4ccf9e26ec2703,True,fixed_per_environment_quotas_v2,nominal,47,88,True,True,6.05,,7,False,False,39.879512786865234,6.05,0.44435229897499084,0.1476173847913742,1.1422065496444702
/home/donglei/isaac_projects/isaac_drone_racer/.worktrees/stage1-fake-vio/logs/skrl/stage1_recovery_20260905/2026-09-05_11-37-52/2026-09-05_11-37-57_ppo_torch_stage1_mixed/checkpoints/agent_50400.pt,8358d49b14eff681c47b70db964f4007dbfd07e9212768e13dbf0c17f0afc8d8,150d107225160ac498040fa20d4ccf9e26ec2703,True,fixed_per_environment_quotas_v2,nominal,47,89,False,False,,6,5,True,False,25.366653442382812,5.22,0.21283943951129913,0.08076570928096771,0.9665069580078125
/home/donglei/isaac_projects/isaac_drone_racer/.worktrees/stage1-fake-vio/logs/skrl/stage1_recovery_20260905/2026-09-05_11-37-52/2026-09-05_11-37-57_ppo_torch_stage1_mixed/checkpoints/agent_50400.pt,8358d49b14eff681c47b70db964f4007dbfd07e9212768e13dbf0c17f0afc8d8,150d107225160ac498040fa20d4ccf9e26ec2703,True,fixed_per_environment_quotas_v2,nominal,47,90,True,True,5.96,,7,False,False,39.74163055419922,5.96,0.5547935366630554,0.19701537489891052,1.4885914325714111
/home/donglei/isaac_projects/isaac_drone_racer/.worktrees/stage1-fake-vio/logs/skrl/stage1_recovery_20260905/2026-09-05_11-37-52/2026-09-05_11-37-57_ppo_torch_stage1_mixed/checkpoints/agent_50400.pt,8358d49b14eff681c47b70db964f4007dbfd07e9212768e13dbf0c17f0afc8d8,150d107225160ac498040fa20d4ccf9e26ec2703,True,fixed_per_environment_quotas_v2,nominal,47,91,True,True,5.88,,7,False,False,39.812522888183594,5.88,0.31770482659339905,0.11436745524406433,0.8376753926277161
/home/donglei/isaac_projects/isaac_drone_racer/.worktrees/stage1-fake-vio/logs/skrl/stage1_recovery_20260905/2026-09-05_11-37-52/2026-09-05_11-37-57_ppo_torch_stage1_mixed/checkpoints/agent_50400.pt,8358d49b14eff681c47b70db964f4007dbfd07e9212768e13dbf0c17f0afc8d8,150d107225160ac498040fa20d4ccf9e26ec2703,True,fixed_per_environment_quotas_v2,nominal,47,92,True,True,5.87,,7,False,False,39.703826904296875,5.87,0.4257482588291168,0.14106813073158264,1.1456936597824097
/home/donglei/isaac_projects/isaac_drone_racer/.worktrees/stage1-fake-vio/logs/skrl/stage1_recovery_20260905/2026-09-05_11-37-52/2026-09-05_11-37-57_ppo_torch_stage1_mixed/checkpoints/agent_50400.pt,8358d49b14eff681c47b70db964f4007dbfd07e9212768e13dbf0c17f0afc8d8,150d107225160ac498040fa20d4ccf9e26ec2703,True,fixed_per_environment_quotas_v2,nominal,47,93,True,True,5.92,,7,False,False,39.80332946777344,5.92,0.3439093828201294,0.11046676337718964,0.882844865322113
/home/donglei/isaac_projects/isaac_drone_racer/.worktrees/stage1-fake-vio/logs/skrl/stage1_recovery_20260905/2026-09-05_11-37-52/2026-09-05_11-37-57_ppo_torch_stage1_mixed/checkpoints/agent_50400.pt,8358d49b14eff681c47b70db964f4007dbfd07e9212768e13dbf0c17f0afc8d8,150d107225160ac498040fa20d4ccf9e26ec2703,True,fixed_per_environment_quotas_v2,nominal,47,94,True,True,5.99,,7,False,False,39.69393539428711,5.99,0.2176375836133957,0.0618172325193882,0.5111590623855591
/home/donglei/isaac_projects/isaac_drone_racer/.worktrees/stage1-fake-vio/logs/skrl/stage1_recovery_20260905/2026-09-05_11-37-52/2026-09-05_11-37-57_ppo_torch_stage1_mixed/checkpoints/agent_50400.pt,8358d49b14eff681c47b70db964f4007dbfd07e9212768e13dbf0c17f0afc8d8,150d107225160ac498040fa20d4ccf9e26ec2703,True,fixed_per_environment_quotas_v2,nominal,47,95,True,True,5.97,,7,False,False,39.677947998046875,5.97,0.44892796874046326,0.14428827166557312,1.1569064855575562
/home/donglei/isaac_projects/isaac_drone_racer/.worktrees/stage1-fake-vio/logs/skrl/stage1_recovery_20260905/2026-09-05_11-37-52/2026-09-05_11-37-57_ppo_torch_stage1_mixed/checkpoints/agent_50400.pt,8358d49b14eff681c47b70db964f4007dbfd07e9212768e13dbf0c17f0afc8d8,150d107225160ac498040fa20d4ccf9e26ec2703,True,fixed_per_environment_quotas_v2,nominal,47,96,True,True,6.0,,7,False,False,39.507530212402344,6.0,0.5695236921310425,0.19900165498256683,1.482662320137024
/home/donglei/isaac_projects/isaac_drone_racer/.worktrees/stage1-fake-vio/logs/skrl/stage1_recovery_20260905/2026-09-05_11-37-52/2026-09-05_11-37-57_ppo_torch_stage1_mixed/checkpoints/agent_50400.pt,8358d49b14eff681c47b70db964f4007dbfd07e9212768e13dbf0c17f0afc8d8,150d107225160ac498040fa20d4ccf9e26ec2703,True,fixed_per_environment_quotas_v2,nominal,47,97,True,True,6.44,,7,False,False,39.7237434387207,6.44,0.2016167789697647,0.06542619317770004,0.4888819456100464
/home/donglei/isaac_projects/isaac_drone_racer/.worktrees/stage1-fake-vio/logs/skrl/stage1_recovery_20260905/2026-09-05_11-37-52/2026-09-05_11-37-57_ppo_torch_stage1_mixed/checkpoints/agent_50400.pt,8358d49b14eff681c47b70db964f4007dbfd07e9212768e13dbf0c17f0afc8d8,150d107225160ac498040fa20d4ccf9e26ec2703,True,fixed_per_environment_quotas_v2,nominal,47,98,True,True,6.03,,7,False,False,39.74824142456055,6.03,0.5705960988998413,0.1933158040046692,1.4892066717147827
/home/donglei/isaac_projects/isaac_drone_racer/.worktrees/stage1-fake-vio/logs/skrl/stage1_recovery_20260905/2026-09-05_11-37-52/2026-09-05_11-37-57_ppo_torch_stage1_mixed/checkpoints/agent_50400.pt,8358d49b14eff681c47b70db964f4007dbfd07e9212768e13dbf0c17f0afc8d8,150d107225160ac498040fa20d4ccf9e26ec2703,True,fixed_per_environment_quotas_v2,nominal,47,99,True,True,6.28,,7,False,False,39.65380859375,6.28,0.43545007705688477,0.15050727128982544,1.1174521446228027
/home/donglei/isaac_projects/isaac_drone_racer/.worktrees/stage1-fake-vio/logs/skrl/stage1_recovery_20260905/2026-09-05_11-37-52/2026-09-05_11-37-57_ppo_torch_stage1_mixed/checkpoints/agent_50400.pt,8358d49b14eff681c47b70db964f4007dbfd07e9212768e13dbf0c17f0afc8d8,150d107225160ac498040fa20d4ccf9e26ec2703,True,fixed_per_environment_quotas_v2,nominal,47,100,True,True,5.89,,7,False,False,39.87942123413086,5.89,0.3235631287097931,0.10955429077148438,0.825384259223938
/home/donglei/isaac_projects/isaac_drone_racer/.worktrees/stage1-fake-vio/logs/skrl/stage1_recovery_20260905/2026-09-05_11-37-52/2026-09-05_11-37-57_ppo_torch_stage1_mixed/checkpoints/agent_50400.pt,8358d49b14eff681c47b70db964f4007dbfd07e9212768e13dbf0c17f0afc8d8,150d107225160ac498040fa20d4ccf9e26ec2703,True,fixed_per_environment_quotas_v2,nominal,47,101,True,True,6.15,,7,False,False,39.701969146728516,6.15,0.5556603074073792,0.18621988594532013,1.4322421550750732
/home/donglei/isaac_projects/isaac_drone_racer/.worktrees/stage1-fake-vio/logs/skrl/stage1_recovery_20260905/2026-09-05_11-37-52/2026-09-05_11-37-57_ppo_torch_stage1_mixed/checkpoints/agent_50400.pt,8358d49b14eff681c47b70db964f4007dbfd07e9212768e13dbf0c17f0afc8d8,150d107225160ac498040fa20d4ccf9e26ec2703,True,fixed_per_environment_quotas_v2,nominal,47,102,True,True,5.98,,7,False,False,39.67819595336914,5.98,0.20645549893379211,0.06318029761314392,0.5123779773712158
/home/donglei/isaac_projects/isaac_drone_racer/.worktrees/stage1-fake-vio/logs/skrl/stage1_recovery_20260905/2026-09-05_11-37-52/2026-09-05_11-37-57_ppo_torch_stage1_mixed/checkpoints/agent_50400.pt,8358d49b14eff681c47b70db964f4007dbfd07e9212768e13dbf0c17f0afc8d8,150d107225160ac498040fa20d4ccf9e26ec2703,True,fixed_per_environment_quotas_v2,nominal,47,103,True,True,5.96,,7,False,False,39.74869918823242,5.96,0.340455025434494,0.10135899484157562,0.8425714373588562
/home/donglei/isaac_projects/isaac_drone_racer/.worktrees/stage1-fake-vio/logs/skrl/stage1_recovery_20260905/2026-09-05_11-37-52/2026-09-05_11-37-57_ppo_torch_stage1_mixed/checkpoints/agent_50400.pt,8358d49b14eff681c47b70db964f4007dbfd07e9212768e13dbf0c17f0afc8d8,150d107225160ac498040fa20d4ccf9e26ec2703,True,fixed_per_environment_quotas_v2,nominal,47,104,True,True,5.8,,7,False,False,39.84544372558594,5.8,0.2104966938495636,0.07174783945083618,0.536992609500885
/home/donglei/isaac_projects/isaac_drone_racer/.worktrees/stage1-fake-vio/logs/skrl/stage1_recovery_20260905/2026-09-05_11-37-52/2026-09-05_11-37-57_ppo_torch_stage1_mixed/checkpoints/agent_50400.pt,8358d49b14eff681c47b70db964f4007dbfd07e9212768e13dbf0c17f0afc8d8,150d107225160ac498040fa20d4ccf9e26ec2703,True,fixed_per_environment_quotas_v2,nominal,47,105,True,True,6.05,,7,False,False,39.83000946044922,6.05,0.3184575140476227,0.10752855986356735,0.8482645750045776
/home/donglei/isaac_projects/isaac_drone_racer/.worktrees/stage1-fake-vio/logs/skrl/stage1_recovery_20260905/2026-09-05_11-37-52/2026-09-05_11-37-57_ppo_torch_stage1_mixed/checkpoints/agent_50400.pt,8358d49b14eff681c47b70db964f4007dbfd07e9212768e13dbf0c17f0afc8d8,150d107225160ac498040fa20d4ccf9e26ec2703,True,fixed_per_environment_quotas_v2,nominal,47,106,True,True,5.8,,7,False,False,39.6909065246582,5.8,0.2528893053531647,0.07028859108686447,0.5618290305137634
/home/donglei/isaac_projects/isaac_drone_racer/.worktrees/stage1-fake-vio/logs/skrl/stage1_recovery_20260905/2026-09-05_11-37-52/2026-09-05_11-37-57_ppo_torch_stage1_mixed/checkpoints/agent_50400.pt,8358d49b14eff681c47b70db964f4007dbfd07e9212768e13dbf0c17f0afc8d8,150d107225160ac498040fa20d4ccf9e26ec2703,True,fixed_per_environment_quotas_v2,nominal,47,107,True,True,6.1000000000000005,,7,False,False,39.525245666503906,6.1000000000000005,0.21019163727760315,0.06678314507007599,0.5872755646705627
/home/donglei/isaac_projects/isaac_drone_racer/.worktrees/stage1-fake-vio/logs/skrl/stage1_recovery_20260905/2026-09-05_11-37-52/2026-09-05_11-37-57_ppo_torch_stage1_mixed/checkpoints/agent_50400.pt,8358d49b14eff681c47b70db964f4007dbfd07e9212768e13dbf0c17f0afc8d8,150d107225160ac498040fa20d4ccf9e26ec2703,True,fixed_per_environment_quotas_v2,nominal,47,108,True,True,6.22,,7,False,False,39.592891693115234,6.22,0.1878705769777298,0.06188904866576195,0.5114800333976746
/home/donglei/isaac_projects/isaac_drone_racer/.worktrees/stage1-fake-vio/logs/skrl/stage1_recovery_20260905/2026-09-05_11-37-52/2026-09-05_11-37-57_ppo_torch_stage1_mixed/checkpoints/agent_50400.pt,8358d49b14eff681c47b70db964f4007dbfd07e9212768e13dbf0c17f0afc8d8,150d107225160ac498040fa20d4ccf9e26ec2703,True,fixed_per_environment_quotas_v2,nominal,47,109,True,True,6.17,,7,False,False,39.97784423828125,6.17,0.4204395115375519,0.14945153892040253,1.0857820510864258
/home/donglei/isaac_projects/isaac_drone_racer/.worktrees/stage1-fake-vio/logs/skrl/stage1_recovery_20260905/2026-09-05_11-37-52/2026-09-05_11-37-57_ppo_torch_stage1_mixed/checkpoints/agent_50400.pt,8358d49b14eff681c47b70db964f4007dbfd07e9212768e13dbf0c17f0afc8d8,150d107225160ac498040fa20d4ccf9e26ec2703,True,fixed_per_environment_quotas_v2,nominal,47,110,True,True,6.04,,7,False,False,39.65650177001953,6.04,0.44345036149024963,0.14719673991203308,1.1661670207977295
/home/donglei/isaac_projects/isaac_drone_racer/.worktrees/stage1-fake-vio/logs/skrl/stage1_recovery_20260905/2026-09-05_11-37-52/2026-09-05_11-37-57_ppo_torch_stage1_mixed/checkpoints/agent_50400.pt,8358d49b14eff681c47b70db964f4007dbfd07e9212768e13dbf0c17f0afc8d8,150d107225160ac498040fa20d4ccf9e26ec2703,True,fixed_per_environment_quotas_v2,nominal,47,111,True,True,6.11,,7,False,False,39.488983154296875,6.11,0.20689722895622253,0.07153645902872086,0.5358808040618896
/home/donglei/isaac_projects/isaac_drone_racer/.worktrees/stage1-fake-vio/logs/skrl/stage1_recovery_20260905/2026-09-05_11-37-52/2026-09-05_11-37-57_ppo_torch_stage1_mixed/checkpoints/agent_50400.pt,8358d49b14eff681c47b70db964f4007dbfd07e9212768e13dbf0c17f0afc8d8,150d107225160ac498040fa20d4ccf9e26ec2703,True,fixed_per_environment_quotas_v2,nominal,47,112,True,True,5.88,,7,False,False,39.60198974609375,5.88,0.20665781199932098,0.06797514855861664,0.5015184283256531
/home/donglei/isaac_projects/isaac_drone_racer/.worktrees/stage1-fake-vio/logs/skrl/stage1_recovery_20260905/2026-09-05_11-37-52/2026-09-05_11-37-57_ppo_torch_stage1_mixed/checkpoints/agent_50400.pt,8358d49b14eff681c47b70db964f4007dbfd07e9212768e13dbf0c17f0afc8d8,150d107225160ac498040fa20d4ccf9e26ec2703,True,fixed_per_environment_quotas_v2,nominal,47,113,True,True,5.87,,7,False,False,39.72429656982422,5.87,0.5537946224212646,0.18215079605579376,1.4664567708969116
/home/donglei/isaac_projects/isaac_drone_racer/.worktrees/stage1-fake-vio/logs/skrl/stage1_recovery_20260905/2026-09-05_11-37-52/2026-09-05_11-37-57_ppo_torch_stage1_mixed/checkpoints/agent_50400.pt,8358d49b14eff681c47b70db964f4007dbfd07e9212768e13dbf0c17f0afc8d8,150d107225160ac498040fa20d4ccf9e26ec2703,True,fixed_per_environment_quotas_v2,nominal,47,114,True,True,6.01,,7,False,False,39.53127670288086,6.01,0.22737137973308563,0.06627028435468674,0.5366650223731995
/home/donglei/isaac_projects/isaac_drone_racer/.worktrees/stage1-fake-vio/logs/skrl/stage1_recovery_20260905/2026-09-05_11-37-52/2026-09-05_11-37-57_ppo_torch_stage1_mixed/checkpoints/agent_50400.pt,8358d49b14eff681c47b70db964f4007dbfd07e9212768e13dbf0c17f0afc8d8,150d107225160ac498040fa20d4ccf9e26ec2703,True,fixed_per_environment_quotas_v2,nominal,47,115,True,True,6.0200000000000005,,7,False,False,39.485042572021484,6.0200000000000005,0.5375665426254272,0.20852142572402954,1.4553989171981812
/home/donglei/isaac_projects/isaac_drone_racer/.worktrees/stage1-fake-vio/logs/skrl/stage1_recovery_20260905/2026-09-05_11-37-52/2026-09-05_11-37-57_ppo_torch_stage1_mixed/checkpoints/agent_50400.pt,8358d49b14eff681c47b70db964f4007dbfd07e9212768e13dbf0c17f0afc8d8,150d107225160ac498040fa20d4ccf9e26ec2703,True,fixed_per_environment_quotas_v2,nominal,47,116,True,True,6.2,,7,False,False,39.7000617980957,6.2,0.3069002330303192,0.10411583632230759,0.8050463199615479
/home/donglei/isaac_projects/isaac_drone_racer/.worktrees/stage1-fake-vio/logs/skrl/stage1_recovery_20260905/2026-09-05_11-37-52/2026-09-05_11-37-57_ppo_torch_stage1_mixed/checkpoints/agent_50400.pt,8358d49b14eff681c47b70db964f4007dbfd07e9212768e13dbf0c17f0afc8d8,150d107225160ac498040fa20d4ccf9e26ec2703,True,fixed_per_environment_quotas_v2,nominal,47,117,True,True,5.91,,7,False,False,39.589447021484375,5.91,0.2099841833114624,0.0658806711435318,0.5615909695625305
/home/donglei/isaac_projects/isaac_drone_racer/.worktrees/stage1-fake-vio/logs/skrl/stage1_recovery_20260905/2026-09-05_11-37-52/2026-09-05_11-37-57_ppo_torch_stage1_mixed/checkpoints/agent_50400.pt,8358d49b14eff681c47b70db964f4007dbfd07e9212768e13dbf0c17f0afc8d8,150d107225160ac498040fa20d4ccf9e26ec2703,True,fixed_per_environment_quotas_v2,nominal,47,118,True,True,5.98,,7,False,False,39.50003433227539,5.98,0.21243508160114288,0.06770237535238266,0.5452316999435425
/home/donglei/isaac_projects/isaac_drone_racer/.worktrees/stage1-fake-vio/logs/skrl/stage1_recovery_20260905/2026-09-05_11-37-52/2026-09-05_11-37-57_ppo_torch_stage1_mixed/checkpoints/agent_50400.pt,8358d49b14eff681c47b70db964f4007dbfd07e9212768e13dbf0c17f0afc8d8,150d107225160ac498040fa20d4ccf9e26ec2703,True,fixed_per_environment_quotas_v2,nominal,47,119,True,True,5.92,,7,False,False,39.694740295410156,5.92,0.587713897228241,0.17957255244255066,1.535056233406067
/home/donglei/isaac_projects/isaac_drone_racer/.worktrees/stage1-fake-vio/logs/skrl/stage1_recovery_20260905/2026-09-05_11-37-52/2026-09-05_11-37-57_ppo_torch_stage1_mixed/checkpoints/agent_50400.pt,8358d49b14eff681c47b70db964f4007dbfd07e9212768e13dbf0c17f0afc8d8,150d107225160ac498040fa20d4ccf9e26ec2703,True,fixed_per_environment_quotas_v2,nominal,47,120,True,True,6.04,,7,False,False,39.85689163208008,6.04,0.20629249513149261,0.06371792405843735,0.5256102085113525
/home/donglei/isaac_projects/isaac_drone_racer/.worktrees/stage1-fake-vio/logs/skrl/stage1_recovery_20260905/2026-09-05_11-37-52/2026-09-05_11-37-57_ppo_torch_stage1_mixed/checkpoints/agent_50400.pt,8358d49b14eff681c47b70db964f4007dbfd07e9212768e13dbf0c17f0afc8d8,150d107225160ac498040fa20d4ccf9e26ec2703,True,fixed_per_environment_quotas_v2,nominal,47,121,True,True,6.24,,7,False,False,39.53395080566406,6.24,0.21073979139328003,0.06729723513126373,0.5242636203765869
/home/donglei/isaac_projects/isaac_drone_racer/.worktrees/stage1-fake-vio/logs/skrl/stage1_recovery_20260905/2026-09-05_11-37-52/2026-09-05_11-37-57_ppo_torch_stage1_mixed/checkpoints/agent_50400.pt,8358d49b14eff681c47b70db964f4007dbfd07e9212768e13dbf0c17f0afc8d8,150d107225160ac498040fa20d4ccf9e26ec2703,True,fixed_per_environment_quotas_v2,nominal,47,122,True,True,6.04,,7,False,False,39.74775695800781,6.04,0.4373478293418884,0.1358909010887146,1.1177457571029663
/home/donglei/isaac_projects/isaac_drone_racer/.worktrees/stage1-fake-vio/logs/skrl/stage1_recovery_20260905/2026-09-05_11-37-52/2026-09-05_11-37-57_ppo_torch_stage1_mixed/checkpoints/agent_50400.pt,8358d49b14eff681c47b70db964f4007dbfd07e9212768e13dbf0c17f0afc8d8,150d107225160ac498040fa20d4ccf9e26ec2703,True,fixed_per_environment_quotas_v2,nominal,47,123,True,True,5.84,,7,False,False,39.63990783691406,5.84,0.21074403822422028,0.0630110576748848,0.5414147973060608
/home/donglei/isaac_projects/isaac_drone_racer/.worktrees/stage1-fake-vio/logs/skrl/stage1_recovery_20260905/2026-09-05_11-37-52/2026-09-05_11-37-57_ppo_torch_stage1_mixed/checkpoints/agent_50400.pt,8358d49b14eff681c47b70db964f4007dbfd07e9212768e13dbf0c17f0afc8d8,150d107225160ac498040fa20d4ccf9e26ec2703,True,fixed_per_environment_quotas_v2,nominal,47,124,True,True,6.17,,7,False,False,39.849647521972656,6.17,0.2773270010948181,0.09430112689733505,0.5406339764595032
/home/donglei/isaac_projects/isaac_drone_racer/.worktrees/stage1-fake-vio/logs/skrl/stage1_recovery_20260905/2026-09-05_11-37-52/2026-09-05_11-37-57_ppo_torch_stage1_mixed/checkpoints/agent_50400.pt,8358d49b14eff681c47b70db964f4007dbfd07e9212768e13dbf0c17f0afc8d8,150d107225160ac498040fa20d4ccf9e26ec2703,True,fixed_per_environment_quotas_v2,nominal,47,125,True,True,5.72,,7,False,False,39.7093620300293,5.72,0.4408627152442932,0.1400856077671051,1.109087586402893
/home/donglei/isaac_projects/isaac_drone_racer/.worktrees/stage1-fake-vio/logs/skrl/stage1_recovery_20260905/2026-09-05_11-37-52/2026-09-05_11-37-57_ppo_torch_stage1_mixed/checkpoints/agent_50400.pt,8358d49b14eff681c47b70db964f4007dbfd07e9212768e13dbf0c17f0afc8d8,150d107225160ac498040fa20d4ccf9e26ec2703,True,fixed_per_environment_quotas_v2,nominal,47,126,True,True,5.87,,7,False,False,39.70963668823242,5.87,0.4587334990501404,0.15630647540092468,1.156468391418457
/home/donglei/isaac_projects/isaac_drone_racer/.worktrees/stage1-fake-vio/logs/skrl/stage1_recovery_20260905/2026-09-05_11-37-52/2026-09-05_11-37-57_ppo_torch_stage1_mixed/checkpoints/agent_50400.pt,8358d49b14eff681c47b70db964f4007dbfd07e9212768e13dbf0c17f0afc8d8,150d107225160ac498040fa20d4ccf9e26ec2703,True,fixed_per_environment_quotas_v2,nominal,47,127,True,True,5.9,,7,False,False,39.889034271240234,5.9,0.3251206874847412,0.10046759247779846,0.8291621208190918
/home/donglei/isaac_projects/isaac_drone_racer/.worktrees/stage1-fake-vio/logs/skrl/stage1_recovery_20260905/2026-09-05_11-37-52/2026-09-05_11-37-57_ppo_torch_stage1_mixed/checkpoints/agent_50400.pt,8358d49b14eff681c47b70db964f4007dbfd07e9212768e13dbf0c17f0afc8d8,150d107225160ac498040fa20d4ccf9e26ec2703,True,fixed_per_environment_quotas_v2,stress,11,0,False,False,,3,0,True,False,-4.950577259063721,0.3,0.10375574976205826,0.5667493939399719,1.724669337272644
/home/donglei/isaac_projects/isaac_drone_racer/.worktrees/stage1-fake-vio/logs/skrl/stage1_recovery_20260905/2026-09-05_11-37-52/2026-09-05_11-37-57_ppo_torch_stage1_mixed/checkpoints/agent_50400.pt,8358d49b14eff681c47b70db964f4007dbfd07e9212768e13dbf0c17f0afc8d8,150d107225160ac498040fa20d4ccf9e26ec2703,True,fixed_per_environment_quotas_v2,stress,11,1,False,False,,2,0,True,False,-4.561871528625488,0.59,0.7010853290557861,0.62330162525177,4.244030475616455
/home/donglei/isaac_projects/isaac_drone_racer/.worktrees/stage1-fake-vio/logs/skrl/stage1_recovery_20260905/2026-09-05_11-37-52/2026-09-05_11-37-57_ppo_torch_stage1_mixed/checkpoints/agent_50400.pt,8358d49b14eff681c47b70db964f4007dbfd07e9212768e13dbf0c17f0afc8d8,150d107225160ac498040fa20d4ccf9e26ec2703,True,fixed_per_environment_quotas_v2,stress,11,2,False,False,,3,0,True,False,-3.7436721324920654,0.7000000000000001,1.7867133617401123,0.5394540429115295,4.065680503845215
/home/donglei/isaac_projects/isaac_drone_racer/.worktrees/stage1-fake-vio/logs/skrl/stage1_recovery_20260905/2026-09-05_11-37-52/2026-09-05_11-37-57_ppo_torch_stage1_mixed/checkpoints/agent_50400.pt,8358d49b14eff681c47b70db964f4007dbfd07e9212768e13dbf0c17f0afc8d8,150d107225160ac498040fa20d4ccf9e26ec2703,True,fixed_per_environment_quotas_v2,stress,11,3,False,False,,3,0,True,False,-4.400149822235107,0.74,0.572281539440155,0.6580775380134583,2.369610548019409
/home/donglei/isaac_projects/isaac_drone_racer/.worktrees/stage1-fake-vio/logs/skrl/stage1_recovery_20260905/2026-09-05_11-37-52/2026-09-05_11-37-57_ppo_torch_stage1_mixed/checkpoints/agent_50400.pt,8358d49b14eff681c47b70db964f4007dbfd07e9212768e13dbf0c17f0afc8d8,150d107225160ac498040fa20d4ccf9e26ec2703,True,fixed_per_environment_quotas_v2,stress,11,4,False,False,,7,0,True,False,-3.856076240539551,0.79,0.7751495242118835,0.4192013144493103,1.4265927076339722
/home/donglei/isaac_projects/isaac_drone_racer/.worktrees/stage1-fake-vio/logs/skrl/stage1_recovery_20260905/2026-09-05_11-37-52/2026-09-05_11-37-57_ppo_torch_stage1_mixed/checkpoints/agent_50400.pt,8358d49b14eff681c47b70db964f4007dbfd07e9212768e13dbf0c17f0afc8d8,150d107225160ac498040fa20d4ccf9e26ec2703,True,fixed_per_environment_quotas_v2,stress,11,5,False,False,,3,0,True,False,-3.944719076156616,0.8,0.9607757925987244,0.6546486616134644,2.8306002616882324
/home/donglei/isaac_projects/isaac_drone_racer/.worktrees/stage1-fake-vio/logs/skrl/stage1_recovery_20260905/2026-09-05_11-37-52/2026-09-05_11-37-57_ppo_torch_stage1_mixed/checkpoints/agent_50400.pt,8358d49b14eff681c47b70db964f4007dbfd07e9212768e13dbf0c17f0afc8d8,150d107225160ac498040fa20d4ccf9e26ec2703,True,fixed_per_environment_quotas_v2,stress,11,6,False,False,,3,0,True,False,-3.6630375385284424,0.85,1.0421795845031738,0.6006897687911987,2.937258005142212
/home/donglei/isaac_projects/isaac_drone_racer/.worktrees/stage1-fake-vio/logs/skrl/stage1_recovery_20260905/2026-09-05_11-37-52/2026-09-05_11-37-57_ppo_torch_stage1_mixed/checkpoints/agent_50400.pt,8358d49b14eff681c47b70db964f4007dbfd07e9212768e13dbf0c17f0afc8d8,150d107225160ac498040fa20d4ccf9e26ec2703,True,fixed_per_environment_quotas_v2,stress,11,7,False,False,,6,0,True,False,-3.8879122734069824,0.85,0.9793861508369446,0.7301844358444214,3.300858497619629
/home/donglei/isaac_projects/isaac_drone_racer/.worktrees/stage1-fake-vio/logs/skrl/stage1_recovery_20260905/2026-09-05_11-37-52/2026-09-05_11-37-57_ppo_torch_stage1_mixed/checkpoints/agent_50400.pt,8358d49b14eff681c47b70db964f4007dbfd07e9212768e13dbf0c17f0afc8d8,150d107225160ac498040fa20d4ccf9e26ec2703,True,fixed_per_environment_quotas_v2,stress,11,8,False,False,,6,0,True,False,-3.7337546348571777,0.87,1.0828005075454712,0.6490024328231812,2.884690523147583
/home/donglei/isaac_projects/isaac_drone_racer/.worktrees/stage1-fake-vio/logs/skrl/stage1_recovery_20260905/2026-09-05_11-37-52/2026-09-05_11-37-57_ppo_torch_stage1_mixed/checkpoints/agent_50400.pt,8358d49b14eff681c47b70db964f4007dbfd07e9212768e13dbf0c17f0afc8d8,150d107225160ac498040fa20d4ccf9e26ec2703,True,fixed_per_environment_quotas_v2,stress,11,9,False,False,,1,0,True,False,-4.334202289581299,0.89,0.723645031452179,0.5048746466636658,2.694206476211548
/home/donglei/isaac_projects/isaac_drone_racer/.worktrees/stage1-fake-vio/logs/skrl/stage1_recovery_20260905/2026-09-05_11-37-52/2026-09-05_11-37-57_ppo_torch_stage1_mixed/checkpoints/agent_50400.pt,8358d49b14eff681c47b70db964f4007dbfd07e9212768e13dbf0c17f0afc8d8,150d107225160ac498040fa20d4ccf9e26ec2703,True,fixed_per_environment_quotas_v2,stress,11,10,False,False,,3,0,True,False,-3.390005588531494,0.9,1.1220042705535889,0.568185031414032,2.890718460083008
/home/donglei/isaac_projects/isaac_drone_racer/.worktrees/stage1-fake-vio/logs/skrl/stage1_recovery_20260905/2026-09-05_11-37-52/2026-09-05_11-37-57_ppo_torch_stage1_mixed/checkpoints/agent_50400.pt,8358d49b14eff681c47b70db964f4007dbfd07e9212768e13dbf0c17f0afc8d8,150d107225160ac498040fa20d4ccf9e26ec2703,True,fixed_per_environment_quotas_v2,stress,11,11,False,False,,7,0,True,False,-3.8526740074157715,0.9500000000000001,0.6808236837387085,0.42988207936286926,2.0371780395507812
/home/donglei/isaac_projects/isaac_drone_racer/.worktrees/stage1-fake-vio/logs/skrl/stage1_recovery_20260905/2026-09-05_11-37-52/2026-09-05_11-37-57_ppo_torch_stage1_mixed/checkpoints/agent_50400.pt,8358d49b14eff681c47b70db964f4007dbfd07e9212768e13dbf0c17f0afc8d8,150d107225160ac498040fa20d4ccf9e26ec2703,True,fixed_per_environment_quotas_v2,stress,11,12,False,False,,2,1,True,False,-0.12945687770843506,0.96,0.4841662347316742,0.4122457802295685,2.196218729019165
/home/donglei/isaac_projects/isaac_drone_racer/.worktrees/stage1-fake-vio/logs/skrl/stage1_recovery_20260905/2026-09-05_11-37-52/2026-09-05_11-37-57_ppo_torch_stage1_mixed/checkpoints/agent_50400.pt,8358d49b14eff681c47b70db964f4007dbfd07e9212768e13dbf0c17f0afc8d8,150d107225160ac498040fa20d4ccf9e26ec2703,True,fixed_per_environment_quotas_v2,stress,11,13,False,False,,6,0,True,False,-3.440528392791748,0.96,1.076709508895874,0.6499797105789185,2.680643320083618
/home/donglei/isaac_projects/isaac_drone_racer/.worktrees/stage1-fake-vio/logs/skrl/stage1_recovery_20260905/2026-09-05_11-37-52/2026-09-05_11-37-57_ppo_torch_stage1_mixed/checkpoints/agent_50400.pt,8358d49b14eff681c47b70db964f4007dbfd07e9212768e13dbf0c17f0afc8d8,150d107225160ac498040fa20d4ccf9e26ec2703,True,fixed_per_environment_quotas_v2,stress,11,14,False,False,,1,0,True,False,-4.0777153968811035,0.97,0.8352538347244263,0.5660085082054138,2.812000036239624
/home/donglei/isaac_projects/isaac_drone_racer/.worktrees/stage1-fake-vio/logs/skrl/stage1_recovery_20260905/2026-09-05_11-37-52/2026-09-05_11-37-57_ppo_torch_stage1_mixed/checkpoints/agent_50400.pt,8358d49b14eff681c47b70db964f4007dbfd07e9212768e13dbf0c17f0afc8d8,150d107225160ac498040fa20d4ccf9e26ec2703,True,fixed_per_environment_quotas_v2,stress,11,15,False,False,,3,0,True,False,-3.1806507110595703,1.02,0.9220510721206665,0.35562077164649963,2.0827038288116455
/home/donglei/isaac_projects/isaac_drone_racer/.worktrees/stage1-fake-vio/logs/skrl/stage1_recovery_20260905/2026-09-05_11-37-52/2026-09-05_11-37-57_ppo_torch_stage1_mixed/checkpoints/agent_50400.pt,8358d49b14eff681c47b70db964f4007dbfd07e9212768e13dbf0c17f0afc8d8,150d107225160ac498040fa20d4ccf9e26ec2703,True,fixed_per_environment_quotas_v2,stress,11,16,False,False,,2,0,True,False,-3.345857858657837,1.03,1.1564819812774658,0.6697859168052673,2.785412073135376
/home/donglei/isaac_projects/isaac_drone_racer/.worktrees/stage1-fake-vio/logs/skrl/stage1_recovery_20260905/2026-09-05_11-37-52/2026-09-05_11-37-57_ppo_torch_stage1_mixed/checkpoints/agent_50400.pt,8358d49b14eff681c47b70db964f4007dbfd07e9212768e13dbf0c17f0afc8d8,150d107225160ac498040fa20d4ccf9e26ec2703,True,fixed_per_environment_quotas_v2,stress,11,17,False,False,,1,1,True,False,-0.17493247985839844,1.03,1.1208577156066895,0.6083239316940308,2.582921266555786
/home/donglei/isaac_projects/isaac_drone_racer/.worktrees/stage1-fake-vio/logs/skrl/stage1_recovery_20260905/2026-09-05_11-37-52/2026-09-05_11-37-57_ppo_torch_stage1_mixed/checkpoints/agent_50400.pt,8358d49b14eff681c47b70db964f4007dbfd07e9212768e13dbf0c17f0afc8d8,150d107225160ac498040fa20d4ccf9e26ec2703,True,fixed_per_environment_quotas_v2,stress,11,18,False,False,,6,0,True,False,-3.1707873344421387,1.07,1.1623808145523071,0.667851984500885,2.8554365634918213
/home/donglei/isaac_projects/isaac_drone_racer/.worktrees/stage1-fake-vio/logs/skrl/stage1_recovery_20260905/2026-09-05_11-37-52/2026-09-05_11-37-57_ppo_torch_stage1_mixed/checkpoints/agent_50400.pt,8358d49b14eff681c47b70db964f4007dbfd07e9212768e13dbf0c17f0afc8d8,150d107225160ac498040fa20d4ccf9e26ec2703,True,fixed_per_environment_quotas_v2,stress,11,19,False,False,,6,1,True,False,0.12299585342407227,1.09,0.6715341210365295,0.3072524070739746,2.078922986984253
/home/donglei/isaac_projects/isaac_drone_racer/.worktrees/stage1-fake-vio/logs/skrl/stage1_recovery_20260905/2026-09-05_11-37-52/2026-09-05_11-37-57_ppo_torch_stage1_mixed/checkpoints/agent_50400.pt,8358d49b14eff681c47b70db964f4007dbfd07e9212768e13dbf0c17f0afc8d8,150d107225160ac498040fa20d4ccf9e26ec2703,True,fixed_per_environment_quotas_v2,stress,11,20,False,False,,2,0,True,False,-3.1119585037231445,1.1,1.2112133502960205,0.6003602147102356,3.0369179248809814
/home/donglei/isaac_projects/isaac_drone_racer/.worktrees/stage1-fake-vio/logs/skrl/stage1_recovery_20260905/2026-09-05_11-37-52/2026-09-05_11-37-57_ppo_torch_stage1_mixed/checkpoints/agent_50400.pt,8358d49b14eff681c47b70db964f4007dbfd07e9212768e13dbf0c17f0afc8d8,150d107225160ac498040fa20d4ccf9e26ec2703,True,fixed_per_environment_quotas_v2,stress,11,21,False,False,,1,0,True,False,-4.371284008026123,1.11,0.9637777209281921,0.6910646557807922,4.069999694824219
/home/donglei/isaac_projects/isaac_drone_racer/.worktrees/stage1-fake-vio/logs/skrl/stage1_recovery_20260905/2026-09-05_11-37-52/2026-09-05_11-37-57_ppo_torch_stage1_mixed/checkpoints/agent_50400.pt,8358d49b14eff681c47b70db964f4007dbfd07e9212768e13dbf0c17f0afc8d8,150d107225160ac498040fa20d4ccf9e26ec2703,True,fixed_per_environment_quotas_v2,stress,11,22,False,False,,6,0,True,False,-3.0374951362609863,1.11,1.00908625125885,0.4544360041618347,2.495496988296509
/home/donglei/isaac_projects/isaac_drone_racer/.worktrees/stage1-fake-vio/logs/skrl/stage1_recovery_20260905/2026-09-05_11-37-52/2026-09-05_11-37-57_ppo_torch_stage1_mixed/checkpoints/agent_50400.pt,8358d49b14eff681c47b70db964f4007dbfd07e9212768e13dbf0c17f0afc8d8,150d107225160ac498040fa20d4ccf9e26ec2703,True,fixed_per_environment_quotas_v2,stress,11,23,False,False,,1,1,True,False,-0.3154020309448242,1.12,1.3454843759536743,0.780783474445343,5.179656982421875
/home/donglei/isaac_projects/isaac_drone_racer/.worktrees/stage1-fake-vio/logs/skrl/stage1_recovery_20260905/2026-09-05_11-37-52/2026-09-05_11-37-57_ppo_torch_stage1_mixed/checkpoints/agent_50400.pt,8358d49b14eff681c47b70db964f4007dbfd07e9212768e13dbf0c17f0afc8d8,150d107225160ac498040fa20d4ccf9e26ec2703,True,fixed_per_environment_quotas_v2,stress,11,24,False,False,,3,0,True,False,-3.198714017868042,1.1300000000000001,1.1232516765594482,0.8084782361984253,3.3658697605133057
/home/donglei/isaac_projects/isaac_drone_racer/.worktrees/stage1-fake-vio/logs/skrl/stage1_recovery_20260905/2026-09-05_11-37-52/2026-09-05_11-37-57_ppo_torch_stage1_mixed/checkpoints/agent_50400.pt,8358d49b14eff681c47b70db964f4007dbfd07e9212768e13dbf0c17f0afc8d8,150d107225160ac498040fa20d4ccf9e26ec2703,True,fixed_per_environment_quotas_v2,stress,11,25,False,False,,6,1,True,False,0.012181282043457031,1.1300000000000001,0.6943140625953674,0.3394630253314972,2.2490739822387695
/home/donglei/isaac_projects/isaac_drone_racer/.worktrees/stage1-fake-vio/logs/skrl/stage1_recovery_20260905/2026-09-05_11-37-52/2026-09-05_11-37-57_ppo_torch_stage1_mixed/checkpoints/agent_50400.pt,8358d49b14eff681c47b70db964f4007dbfd07e9212768e13dbf0c17f0afc8d8,150d107225160ac498040fa20d4ccf9e26ec2703,True,fixed_per_environment_quotas_v2,stress,11,26,False,False,,3,0,True,False,-3.212465763092041,1.1500000000000001,1.1109293699264526,0.5766202807426453,3.1368298530578613
/home/donglei/isaac_projects/isaac_drone_racer/.worktrees/stage1-fake-vio/logs/skrl/stage1_recovery_20260905/2026-09-05_11-37-52/2026-09-05_11-37-57_ppo_torch_stage1_mixed/checkpoints/agent_50400.pt,8358d49b14eff681c47b70db964f4007dbfd07e9212768e13dbf0c17f0afc8d8,150d107225160ac498040fa20d4ccf9e26ec2703,True,fixed_per_environment_quotas_v2,stress,11,27,False,False,,1,1,True,False,0.024037837982177734,1.1500000000000001,0.9802968502044678,1.018811821937561,2.6305618286132812
/home/donglei/isaac_projects/isaac_drone_racer/.worktrees/stage1-fake-vio/logs/skrl/stage1_recovery_20260905/2026-09-05_11-37-52/2026-09-05_11-37-57_ppo_torch_stage1_mixed/checkpoints/agent_50400.pt,8358d49b14eff681c47b70db964f4007dbfd07e9212768e13dbf0c17f0afc8d8,150d107225160ac498040fa20d4ccf9e26ec2703,True,fixed_per_environment_quotas_v2,stress,11,28,False,False,,1,1,True,False,0.09510374069213867,1.1500000000000001,0.8719922304153442,0.5358310341835022,2.7750256061553955
/home/donglei/isaac_projects/isaac_drone_racer/.worktrees/stage1-fake-vio/logs/skrl/stage1_recovery_20260905/2026-09-05_11-37-52/2026-09-05_11-37-57_ppo_torch_stage1_mixed/checkpoints/agent_50400.pt,8358d49b14eff681c47b70db964f4007dbfd07e9212768e13dbf0c17f0afc8d8,150d107225160ac498040fa20d4ccf9e26ec2703,True,fixed_per_environment_quotas_v2,stress,11,29,False,False,,1,1,True,False,-0.031206607818603516,1.19,1.025681495666504,0.6984778046607971,2.7725086212158203
/home/donglei/isaac_projects/isaac_drone_racer/.worktrees/stage1-fake-vio/logs/skrl/stage1_recovery_20260905/2026-09-05_11-37-52/2026-09-05_11-37-57_ppo_torch_stage1_mixed/checkpoints/agent_50400.pt,8358d49b14eff681c47b70db964f4007dbfd07e9212768e13dbf0c17f0afc8d8,150d107225160ac498040fa20d4ccf9e26ec2703,True,fixed_per_environment_quotas_v2,stress,11,30,False,False,,2,0,True,False,-3.0499510765075684,1.2,0.9204665422439575,0.494441419839859,3.358738660812378
/home/donglei/isaac_projects/isaac_drone_racer/.worktrees/stage1-fake-vio/logs/skrl/stage1_recovery_20260905/2026-09-05_11-37-52/2026-09-05_11-37-57_ppo_torch_stage1_mixed/checkpoints/agent_50400.pt,8358d49b14eff681c47b70db964f4007dbfd07e9212768e13dbf0c17f0afc8d8,150d107225160ac498040fa20d4ccf9e26ec2703,True,fixed_per_environment_quotas_v2,stress,11,31,False,False,,6,0,True,False,-2.9935874938964844,1.21,0.7417012453079224,0.4571727216243744,1.901810646057129
/home/donglei/isaac_projects/isaac_drone_racer/.worktrees/stage1-fake-vio/logs/skrl/stage1_recovery_20260905/2026-09-05_11-37-52/2026-09-05_11-37-57_ppo_torch_stage1_mixed/checkpoints/agent_50400.pt,8358d49b14eff681c47b70db964f4007dbfd07e9212768e13dbf0c17f0afc8d8,150d107225160ac498040fa20d4ccf9e26ec2703,True,fixed_per_environment_quotas_v2,stress,11,32,False,False,,2,0,True,False,-3.080770492553711,1.22,0.9186981320381165,0.5071389079093933,2.3172826766967773
/home/donglei/isaac_projects/isaac_drone_racer/.worktrees/stage1-fake-vio/logs/skrl/stage1_recovery_20260905/2026-09-05_11-37-52/2026-09-05_11-37-57_ppo_torch_stage1_mixed/checkpoints/agent_50400.pt,8358d49b14eff681c47b70db964f4007dbfd07e9212768e13dbf0c17f0afc8d8,150d107225160ac498040fa20d4ccf9e26ec2703,True,fixed_per_environment_quotas_v2,stress,11,33,False,False,,1,1,True,False,-0.38719654083251953,1.25,0.85953688621521,0.6635215282440186,2.6607186794281006
/home/donglei/isaac_projects/isaac_drone_racer/.worktrees/stage1-fake-vio/logs/skrl/stage1_recovery_20260905/2026-09-05_11-37-52/2026-09-05_11-37-57_ppo_torch_stage1_mixed/checkpoints/agent_50400.pt,8358d49b14eff681c47b70db964f4007dbfd07e9212768e13dbf0c17f0afc8d8,150d107225160ac498040fa20d4ccf9e26ec2703,True,fixed_per_environment_quotas_v2,stress,11,34,False,False,,4,0,True,False,-2.3799660205841064,1.27,1.2713546752929688,0.4437316954135895,2.709132671356201
/home/donglei/isaac_projects/isaac_drone_racer/.worktrees/stage1-fake-vio/logs/skrl/stage1_recovery_20260905/2026-09-05_11-37-52/2026-09-05_11-37-57_ppo_torch_stage1_mixed/checkpoints/agent_50400.pt,8358d49b14eff681c47b70db964f4007dbfd07e9212768e13dbf0c17f0afc8d8,150d107225160ac498040fa20d4ccf9e26ec2703,True,fixed_per_environment_quotas_v2,stress,11,35,False,False,,4,0,True,False,-2.2393062114715576,1.36,2.1018104553222656,0.787567675113678,3.6385390758514404
/home/donglei/isaac_projects/isaac_drone_racer/.worktrees/stage1-fake-vio/logs/skrl/stage1_recovery_20260905/2026-09-05_11-37-52/2026-09-05_11-37-57_ppo_torch_stage1_mixed/checkpoints/agent_50400.pt,8358d49b14eff681c47b70db964f4007dbfd07e9212768e13dbf0c17f0afc8d8,150d107225160ac498040fa20d4ccf9e26ec2703,True,fixed_per_environment_quotas_v2,stress,11,36,False,False,,7,1,True,False,1.0090160369873047,1.3800000000000001,1.0421477556228638,0.6211588382720947,4.163852691650391
/home/donglei/isaac_projects/isaac_drone_racer/.worktrees/stage1-fake-vio/logs/skrl/stage1_recovery_20260905/2026-09-05_11-37-52/2026-09-05_11-37-57_ppo_torch_stage1_mixed/checkpoints/agent_50400.pt,8358d49b14eff681c47b70db964f4007dbfd07e9212768e13dbf0c17f0afc8d8,150d107225160ac498040fa20d4ccf9e26ec2703,True,fixed_per_environment_quotas_v2,stress,11,37,False,False,,4,0,True,False,-2.248948574066162,1.42,0.906391441822052,0.40142080187797546,2.3014988899230957
/home/donglei/isaac_projects/isaac_drone_racer/.worktrees/stage1-fake-vio/logs/skrl/stage1_recovery_20260905/2026-09-05_11-37-52/2026-09-05_11-37-57_ppo_torch_stage1_mixed/checkpoints/agent_50400.pt,8358d49b14eff681c47b70db964f4007dbfd07e9212768e13dbf0c17f0afc8d8,150d107225160ac498040fa20d4ccf9e26ec2703,True,fixed_per_environment_quotas_v2,stress,11,38,False,False,,1,0,True,False,-4.400467395782471,1.44,0.8763012886047363,1.3163752555847168,3.6566274166107178
/home/donglei/isaac_projects/isaac_drone_racer/.worktrees/stage1-fake-vio/logs/skrl/stage1_recovery_20260905/2026-09-05_11-37-52/2026-09-05_11-37-57_ppo_torch_stage1_mixed/checkpoints/agent_50400.pt,8358d49b14eff681c47b70db964f4007dbfd07e9212768e13dbf0c17f0afc8d8,150d107225160ac498040fa20d4ccf9e26ec2703,True,fixed_per_environment_quotas_v2,stress,11,39,False,False,,1,0,True,False,-8.455202102661133,1.47,0.6343766450881958,0.5096278190612793,2.440890073776245
/home/donglei/isaac_projects/isaac_drone_racer/.worktrees/stage1-fake-vio/logs/skrl/stage1_recovery_20260905/2026-09-05_11-37-52/2026-09-05_11-37-57_ppo_torch_stage1_mixed/checkpoints/agent_50400.pt,8358d49b14eff681c47b70db964f4007dbfd07e9212768e13dbf0c17f0afc8d8,150d107225160ac498040fa20d4ccf9e26ec2703,True,fixed_per_environment_quotas_v2,stress,11,40,False,False,,1,0,True,False,-4.057700157165527,0.91,0.4812256693840027,0.3860485851764679,1.8162425756454468
/home/donglei/isaac_projects/isaac_drone_racer/.worktrees/stage1-fake-vio/logs/skrl/stage1_recovery_20260905/2026-09-05_11-37-52/2026-09-05_11-37-57_ppo_torch_stage1_mixed/checkpoints/agent_50400.pt,8358d49b14eff681c47b70db964f4007dbfd07e9212768e13dbf0c17f0afc8d8,150d107225160ac498040fa20d4ccf9e26ec2703,True,fixed_per_environment_quotas_v2,stress,11,41,False,False,,6,1,True,False,1.565291404724121,1.58,0.8106860518455505,0.25508299469947815,2.1895716190338135
/home/donglei/isaac_projects/isaac_drone_racer/.worktrees/stage1-fake-vio/logs/skrl/stage1_recovery_20260905/2026-09-05_11-37-52/2026-09-05_11-37-57_ppo_torch_stage1_mixed/checkpoints/agent_50400.pt,8358d49b14eff681c47b70db964f4007dbfd07e9212768e13dbf0c17f0afc8d8,150d107225160ac498040fa20d4ccf9e26ec2703,True,fixed_per_environment_quotas_v2,stress,11,42,False,False,,6,1,True,False,1.4509525299072266,1.62,0.7421532273292542,0.2880232036113739,1.9041084051132202
/home/donglei/isaac_projects/isaac_drone_racer/.worktrees/stage1-fake-vio/logs/skrl/stage1_recovery_20260905/2026-09-05_11-37-52/2026-09-05_11-37-57_ppo_torch_stage1_mixed/checkpoints/agent_50400.pt,8358d49b14eff681c47b70db964f4007dbfd07e9212768e13dbf0c17f0afc8d8,150d107225160ac498040fa20d4ccf9e26ec2703,True,fixed_per_environment_quotas_v2,stress,11,43,False,False,,6,1,True,False,1.6147713661193848,1.6500000000000001,1.0724544525146484,0.3477899432182312,2.6094017028808594
/home/donglei/isaac_projects/isaac_drone_racer/.worktrees/stage1-fake-vio/logs/skrl/stage1_recovery_20260905/2026-09-05_11-37-52/2026-09-05_11-37-57_ppo_torch_stage1_mixed/checkpoints/agent_50400.pt,8358d49b14eff681c47b70db964f4007dbfd07e9212768e13dbf0c17f0afc8d8,150d107225160ac498040fa20d4ccf9e26ec2703,True,fixed_per_environment_quotas_v2,stress,11,44,False,False,,6,1,True,False,1.5677008628845215,1.71,0.7067177891731262,0.22250711917877197,1.7102396488189697
/home/donglei/isaac_projects/isaac_drone_racer/.worktrees/stage1-fake-vio/logs/skrl/stage1_recovery_20260905/2026-09-05_11-37-52/2026-09-05_11-37-57_ppo_torch_stage1_mixed/checkpoints/agent_50400.pt,8358d49b14eff681c47b70db964f4007dbfd07e9212768e13dbf0c17f0afc8d8,150d107225160ac498040fa20d4ccf9e26ec2703,True,fixed_per_environment_quotas_v2,stress,11,45,False,False,,3,0,True,False,-3.5491280555725098,0.91,0.9457983374595642,0.4831850528717041,2.1860098838806152
/home/donglei/isaac_projects/isaac_drone_racer/.worktrees/stage1-fake-vio/logs/skrl/stage1_recovery_20260905/2026-09-05_11-37-52/2026-09-05_11-37-57_ppo_torch_stage1_mixed/checkpoints/agent_50400.pt,8358d49b14eff681c47b70db964f4007dbfd07e9212768e13dbf0c17f0afc8d8,150d107225160ac498040fa20d4ccf9e26ec2703,True,fixed_per_environment_quotas_v2,stress,11,46,False,False,,7,2,True,False,5.8466796875,1.77,0.9760953187942505,0.2922305762767792,2.597041130065918
/home/donglei/isaac_projects/isaac_drone_racer/.worktrees/stage1-fake-vio/logs/skrl/stage1_recovery_20260905/2026-09-05_11-37-52/2026-09-05_11-37-57_ppo_torch_stage1_mixed/checkpoints/agent_50400.pt,8358d49b14eff681c47b70db964f4007dbfd07e9212768e13dbf0c17f0afc8d8,150d107225160ac498040fa20d4ccf9e26ec2703,True,fixed_per_environment_quotas_v2,stress,11,47,False,False,,2,0,True,False,-3.650796890258789,1.48,0.5715180039405823,2.0096445083618164,2.6133155822753906
/home/donglei/isaac_projects/isaac_drone_racer/.worktrees/stage1-fake-vio/logs/skrl/stage1_recovery_20260905/2026-09-05_11-37-52/2026-09-05_11-37-57_ppo_torch_stage1_mixed/checkpoints/agent_50400.pt,8358d49b14eff681c47b70db964f4007dbfd07e9212768e13dbf0c17f0afc8d8,150d107225160ac498040fa20d4ccf9e26ec2703,True,fixed_per_environment_quotas_v2,stress,11,48,False,False,,3,0,True,False,-4.821243762969971,0.43,0.3346259593963623,0.7242915630340576,2.495009183883667
/home/donglei/isaac_projects/isaac_drone_racer/.worktrees/stage1-fake-vio/logs/skrl/stage1_recovery_20260905/2026-09-05_11-37-52/2026-09-05_11-37-57_ppo_torch_stage1_mixed/checkpoints/agent_50400.pt,8358d49b14eff681c47b70db964f4007dbfd07e9212768e13dbf0c17f0afc8d8,150d107225160ac498040fa20d4ccf9e26ec2703,True,fixed_per_environment_quotas_v2,stress,11,49,False,False,,1,0,True,False,-4.113749980926514,1.1300000000000001,0.7724568247795105,0.631275475025177,3.2233028411865234
/home/donglei/isaac_projects/isaac_drone_racer/.worktrees/stage1-fake-vio/logs/skrl/stage1_recovery_20260905/2026-09-05_11-37-52/2026-09-05_11-37-57_ppo_torch_stage1_mixed/checkpoints/agent_50400.pt,8358d49b14eff681c47b70db964f4007dbfd07e9212768e13dbf0c17f0afc8d8,150d107225160ac498040fa20d4ccf9e26ec2703,True,fixed_per_environment_quotas_v2,stress,11,50,False,False,,2,0,True,False,-3.3812363147735596,1.01,1.1222705841064453,0.6721345782279968,2.827054262161255
/home/donglei/isaac_projects/isaac_drone_racer/.worktrees/stage1-fake-vio/logs/skrl/stage1_recovery_20260905/2026-09-05_11-37-52/2026-09-05_11-37-57_ppo_torch_stage1_mixed/checkpoints/agent_50400.pt,8358d49b14eff681c47b70db964f4007dbfd07e9212768e13dbf0c17f0afc8d8,150d107225160ac498040fa20d4ccf9e26ec2703,True,fixed_per_environment_quotas_v2,stress,11,51,False,False,,3,0,True,False,-3.231935977935791,0.92,1.455926775932312,0.5059055089950562,3.3836510181427
/home/donglei/isaac_projects/isaac_drone_racer/.worktrees/stage1-fake-vio/logs/skrl/stage1_recovery_20260905/2026-09-05_11-37-52/2026-09-05_11-37-57_ppo_torch_stage1_mixed/checkpoints/agent_50400.pt,8358d49b14eff681c47b70db964f4007dbfd07e9212768e13dbf0c17f0afc8d8,150d107225160ac498040fa20d4ccf9e26ec2703,True,fixed_per_environment_quotas_v2,stress,11,52,False,False,,5,1,True,False,0.3416409492492676,1.95,1.5802758932113647,0.7216414213180542,3.444648027420044
/home/donglei/isaac_projects/isaac_drone_racer/.worktrees/stage1-fake-vio/logs/skrl/stage1_recovery_20260905/2026-09-05_11-37-52/2026-09-05_11-37-57_ppo_torch_stage1_mixed/checkpoints/agent_50400.pt,8358d49b14eff681c47b70db964f4007dbfd07e9212768e13dbf0c17f0afc8d8,150d107225160ac498040fa20d4ccf9e26ec2703,True,fixed_per_environment_quotas_v2,stress,11,53,False,False,,6,0,True,False,-3.0857701301574707,1.25,1.1274709701538086,0.6827995777130127,4.114681243896484
/home/donglei/isaac_projects/isaac_drone_racer/.worktrees/stage1-fake-vio/logs/skrl/stage1_recovery_20260905/2026-09-05_11-37-52/2026-09-05_11-37-57_ppo_torch_stage1_mixed/checkpoints/agent_50400.pt,8358d49b14eff681c47b70db964f4007dbfd07e9212768e13dbf0c17f0afc8d8,150d107225160ac498040fa20d4ccf9e26ec2703,True,fixed_per_environment_quotas_v2,stress,11,54,False,False,,3,0,True,False,-3.264153003692627,0.9400000000000001,1.2599095106124878,0.5414597392082214,2.760040044784546
/home/donglei/isaac_projects/isaac_drone_racer/.worktrees/stage1-fake-vio/logs/skrl/stage1_recovery_20260905/2026-09-05_11-37-52/2026-09-05_11-37-57_ppo_torch_stage1_mixed/checkpoints/agent_50400.pt,8358d49b14eff681c47b70db964f4007dbfd07e9212768e13dbf0c17f0afc8d8,150d107225160ac498040fa20d4ccf9e26ec2703,True,fixed_per_environment_quotas_v2,stress,11,55,False,False,,7,0,True,False,-3.869990348815918,0.99,0.6397274136543274,0.4419803023338318,1.8728090524673462
/home/donglei/isaac_projects/isaac_drone_racer/.worktrees/stage1-fake-vio/logs/skrl/stage1_recovery_20260905/2026-09-05_11-37-52/2026-09-05_11-37-57_ppo_torch_stage1_mixed/checkpoints/agent_50400.pt,8358d49b14eff681c47b70db964f4007dbfd07e9212768e13dbf0c17f0afc8d8,150d107225160ac498040fa20d4ccf9e26ec2703,True,fixed_per_environment_quotas_v2,stress,11,56,False,False,,3,0,True,False,-3.5813426971435547,0.88,1.0365294218063354,0.5874067544937134,2.744218587875366
/home/donglei/isaac_projects/isaac_drone_racer/.worktrees/stage1-fake-vio/logs/skrl/stage1_recovery_20260905/2026-09-05_11-37-52/2026-09-05_11-37-57_ppo_torch_stage1_mixed/checkpoints/agent_50400.pt,8358d49b14eff681c47b70db964f4007dbfd07e9212768e13dbf0c17f0afc8d8,150d107225160ac498040fa20d4ccf9e26ec2703,True,fixed_per_environment_quotas_v2,stress,11,57,False,False,,7,2,True,False,6.172508239746094,2.05,0.930345892906189,0.2762780487537384,2.4828124046325684
/home/donglei/isaac_projects/isaac_drone_racer/.worktrees/stage1-fake-vio/logs/skrl/stage1_recovery_20260905/2026-09-05_11-37-52/2026-09-05_11-37-57_ppo_torch_stage1_mixed/checkpoints/agent_50400.pt,8358d49b14eff681c47b70db964f4007dbfd07e9212768e13dbf0c17f0afc8d8,150d107225160ac498040fa20d4ccf9e26ec2703,True,fixed_per_environment_quotas_v2,stress,11,58,False,False,,2,0,True,False,-3.595743179321289,0.86,1.0417133569717407,0.5641937851905823,2.2864420413970947
/home/donglei/isaac_projects/isaac_drone_racer/.worktrees/stage1-fake-vio/logs/skrl/stage1_recovery_20260905/2026-09-05_11-37-52/2026-09-05_11-37-57_ppo_torch_stage1_mixed/checkpoints/agent_50400.pt,8358d49b14eff681c47b70db964f4007dbfd07e9212768e13dbf0c17f0afc8d8,150d107225160ac498040fa20d4ccf9e26ec2703,True,fixed_per_environment_quotas_v2,stress,11,59,False,False,,6,1,True,False,0.21603631973266602,1.12,0.9254341125488281,0.4838196039199829,2.500305652618408
/home/donglei/isaac_projects/isaac_drone_racer/.worktrees/stage1-fake-vio/logs/skrl/stage1_recovery_20260905/2026-09-05_11-37-52/2026-09-05_11-37-57_ppo_torch_stage1_mixed/checkpoints/agent_50400.pt,8358d49b14eff681c47b70db964f4007dbfd07e9212768e13dbf0c17f0afc8d8,150d107225160ac498040fa20d4ccf9e26ec2703,True,fixed_per_environment_quotas_v2,stress,11,60,False,False,,6,0,True,False,-3.210021495819092,1.1400000000000001,0.7561538219451904,0.47964897751808167,1.775838851928711
/home/donglei/isaac_projects/isaac_drone_racer/.worktrees/stage1-fake-vio/logs/skrl/stage1_recovery_20260905/2026-09-05_11-37-52/2026-09-05_11-37-57_ppo_torch_stage1_mixed/checkpoints/agent_50400.pt,8358d49b14eff681c47b70db964f4007dbfd07e9212768e13dbf0c17f0afc8d8,150d107225160ac498040fa20d4ccf9e26ec2703,True,fixed_per_environment_quotas_v2,stress,11,61,False,False,,4,0,True,False,-2.279344081878662,1.26,1.5038321018218994,0.4861591160297394,2.8258721828460693
/home/donglei/isaac_projects/isaac_drone_racer/.worktrees/stage1-fake-vio/logs/skrl/stage1_recovery_20260905/2026-09-05_11-37-52/2026-09-05_11-37-57_ppo_torch_stage1_mixed/checkpoints/agent_50400.pt,8358d49b14eff681c47b70db964f4007dbfd07e9212768e13dbf0c17f0afc8d8,150d107225160ac498040fa20d4ccf9e26ec2703,True,fixed_per_environment_quotas_v2,stress,11,62,False,False,,6,0,True,False,-3.132439613342285,1.29,1.1904361248016357,0.7683642506599426,3.3173210620880127
/home/donglei/isaac_projects/isaac_drone_racer/.worktrees/stage1-fake-vio/logs/skrl/stage1_recovery_20260905/2026-09-05_11-37-52/2026-09-05_11-37-57_ppo_torch_stage1_mixed/checkpoints/agent_50400.pt,8358d49b14eff681c47b70db964f4007dbfd07e9212768e13dbf0c17f0afc8d8,150d107225160ac498040fa20d4ccf9e26ec2703,True,fixed_per_environment_quotas_v2,stress,11,63,False,False,,6,1,True,False,-0.015920162200927734,1.07,0.7688342332839966,0.4116762578487396,2.6976232528686523
/home/donglei/isaac_projects/isaac_drone_racer/.worktrees/stage1-fake-vio/logs/skrl/stage1_recovery_20260905/2026-09-05_11-37-52/2026-09-05_11-37-57_ppo_torch_stage1_mixed/checkpoints/agent_50400.pt,8358d49b14eff681c47b70db964f4007dbfd07e9212768e13dbf0c17f0afc8d8,150d107225160ac498040fa20d4ccf9e26ec2703,True,fixed_per_environment_quotas_v2,stress,11,64,False,False,,3,1,True,False,0.8638143539428711,1.26,0.8769436478614807,0.3739025294780731,2.444309711456299
/home/donglei/isaac_projects/isaac_drone_racer/.worktrees/stage1-fake-vio/logs/skrl/stage1_recovery_20260905/2026-09-05_11-37-52/2026-09-05_11-37-57_ppo_torch_stage1_mixed/checkpoints/agent_50400.pt,8358d49b14eff681c47b70db964f4007dbfd07e9212768e13dbf0c17f0afc8d8,150d107225160ac498040fa20d4ccf9e26ec2703,True,fixed_per_environment_quotas_v2,stress,11,65,False,False,,4,0,True,False,-2.214656352996826,1.21,1.5522404909133911,0.5919915437698364,2.997084379196167
/home/donglei/isaac_projects/isaac_drone_racer/.worktrees/stage1-fake-vio/logs/skrl/stage1_recovery_20260905/2026-09-05_11-37-52/2026-09-05_11-37-57_ppo_torch_stage1_mixed/checkpoints/agent_50400.pt,8358d49b14eff681c47b70db964f4007dbfd07e9212768e13dbf0c17f0afc8d8,150d107225160ac498040fa20d4ccf9e26ec2703,True,fixed_per_environment_quotas_v2,stress,11,66,False,False,,2,0,True,False,-3.0010979175567627,1.11,0.8550198078155518,0.41008493304252625,2.090968608856201
/home/donglei/isaac_projects/isaac_drone_racer/.worktrees/stage1-fake-vio/logs/skrl/stage1_recovery_20260905/2026-09-05_11-37-52/2026-09-05_11-37-57_ppo_torch_stage1_mixed/checkpoints/agent_50400.pt,8358d49b14eff681c47b70db964f4007dbfd07e9212768e13dbf0c17f0afc8d8,150d107225160ac498040fa20d4ccf9e26ec2703,True,fixed_per_environment_quotas_v2,stress,11,67,False,False,,3,0,True,False,-3.485121726989746,1.01,1.1549596786499023,0.6583003997802734,2.8935601711273193
/home/donglei/isaac_projects/isaac_drone_racer/.worktrees/stage1-fake-vio/logs/skrl/stage1_recovery_20260905/2026-09-05_11-37-52/2026-09-05_11-37-57_ppo_torch_stage1_mixed/checkpoints/agent_50400.pt,8358d49b14eff681c47b70db964f4007dbfd07e9212768e13dbf0c17f0afc8d8,150d107225160ac498040fa20d4ccf9e26ec2703,True,fixed_per_environment_quotas_v2,stress,11,68,False,False,,3,2,True,False,6.113674163818359,2.43,0.905722975730896,1.1006830930709839,2.692620277404785
/home/donglei/isaac_projects/isaac_drone_racer/.worktrees/stage1-fake-vio/logs/skrl/stage1_recovery_20260905/2026-09-05_11-37-52/2026-09-05_11-37-57_ppo_torch_stage1_mixed/checkpoints/agent_50400.pt,8358d49b14eff681c47b70db964f4007dbfd07e9212768e13dbf0c17f0afc8d8,150d107225160ac498040fa20d4ccf9e26ec2703,True,fixed_per_environment_quotas_v2,stress,11,69,False,False,,4,0,True,False,-2.237745761871338,1.23,1.0553677082061768,0.4273375868797302,2.34952449798584
/home/donglei/isaac_projects/isaac_drone_racer/.worktrees/stage1-fake-vio/logs/skrl/stage1_recovery_20260905/2026-09-05_11-37-52/2026-09-05_11-37-57_ppo_torch_stage1_mixed/checkpoints/agent_50400.pt,8358d49b14eff681c47b70db964f4007dbfd07e9212768e13dbf0c17f0afc8d8,150d107225160ac498040fa20d4ccf9e26ec2703,True,fixed_per_environment_quotas_v2,stress,11,70,False,False,,6,0,True,False,-3.1786670684814453,1.3900000000000001,0.9709576368331909,0.7989609241485596,2.938258171081543
/home/donglei/isaac_projects/isaac_drone_racer/.worktrees/stage1-fake-vio/logs/skrl/stage1_recovery_20260905/2026-09-05_11-37-52/2026-09-05_11-37-57_ppo_torch_stage1_mixed/checkpoints/agent_50400.pt,8358d49b14eff681c47b70db964f4007dbfd07e9212768e13dbf0c17f0afc8d8,150d107225160ac498040fa20d4ccf9e26ec2703,True,fixed_per_environment_quotas_v2,stress,11,71,False,False,,2,0,True,False,-3.2893574237823486,0.89,1.158321738243103,0.5072501301765442,2.9906444549560547
/home/donglei/isaac_projects/isaac_drone_racer/.worktrees/stage1-fake-vio/logs/skrl/stage1_recovery_20260905/2026-09-05_11-37-52/2026-09-05_11-37-57_ppo_torch_stage1_mixed/checkpoints/agent_50400.pt,8358d49b14eff681c47b70db964f4007dbfd07e9212768e13dbf0c17f0afc8d8,150d107225160ac498040fa20d4ccf9e26ec2703,True,fixed_per_environment_quotas_v2,stress,11,72,False,False,,6,2,True,False,7.532674312591553,2.58,1.1210190057754517,0.4794691205024719,2.6019129753112793
/home/donglei/isaac_projects/isaac_drone_racer/.worktrees/stage1-fake-vio/logs/skrl/stage1_recovery_20260905/2026-09-05_11-37-52/2026-09-05_11-37-57_ppo_torch_stage1_mixed/checkpoints/agent_50400.pt,8358d49b14eff681c47b70db964f4007dbfd07e9212768e13dbf0c17f0afc8d8,150d107225160ac498040fa20d4ccf9e26ec2703,True,fixed_per_environment_quotas_v2,stress,11,73,False,False,,1,0,True,False,-4.2106781005859375,1.1400000000000001,0.5647913813591003,0.49247369170188904,2.3489339351654053
/home/donglei/isaac_projects/isaac_drone_racer/.worktrees/stage1-fake-vio/logs/skrl/stage1_recovery_20260905/2026-09-05_11-37-52/2026-09-05_11-37-57_ppo_torch_stage1_mixed/checkpoints/agent_50400.pt,8358d49b14eff681c47b70db964f4007dbfd07e9212768e13dbf0c17f0afc8d8,150d107225160ac498040fa20d4ccf9e26ec2703,True,fixed_per_environment_quotas_v2,stress,11,74,False,False,,4,0,False,True,-6.056545257568359,2.64,1.0973429679870605,0.3690115511417389,2.804321527481079
/home/donglei/isaac_projects/isaac_drone_racer/.worktrees/stage1-fake-vio/logs/skrl/stage1_recovery_20260905/2026-09-05_11-37-52/2026-09-05_11-37-57_ppo_torch_stage1_mixed/checkpoints/agent_50400.pt,8358d49b14eff681c47b70db964f4007dbfd07e9212768e13dbf0c17f0afc8d8,150d107225160ac498040fa20d4ccf9e26ec2703,True,fixed_per_environment_quotas_v2,stress,11,75,False,False,,6,2,True,False,7.587045669555664,2.7600000000000002,1.4526888132095337,0.599371075630188,3.1931304931640625
/home/donglei/isaac_projects/isaac_drone_racer/.worktrees/stage1-fake-vio/logs/skrl/stage1_recovery_20260905/2026-09-05_11-37-52/2026-09-05_11-37-57_ppo_torch_stage1_mixed/checkpoints/agent_50400.pt,8358d49b14eff681c47b70db964f4007dbfd07e9212768e13dbf0c17f0afc8d8,150d107225160ac498040fa20d4ccf9e26ec2703,True,fixed_per_environment_quotas_v2,stress,11,76,False,False,,4,0,True,False,-6.762479782104492,2.82,1.1501760482788086,0.7667863368988037,3.264328956604004
/home/donglei/isaac_projects/isaac_drone_racer/.worktrees/stage1-fake-vio/logs/skrl/stage1_recovery_20260905/2026-09-05_11-37-52/2026-09-05_11-37-57_ppo_torch_stage1_mixed/checkpoints/agent_50400.pt,8358d49b14eff681c47b70db964f4007dbfd07e9212768e13dbf0c17f0afc8d8,150d107225160ac498040fa20d4ccf9e26ec2703,True,fixed_per_environment_quotas_v2,stress,11,77,False,False,,1,1,True,False,-0.4056062698364258,1.28,0.8838256597518921,0.5738814473152161,2.399583578109741
/home/donglei/isaac_projects/isaac_drone_racer/.worktrees/stage1-fake-vio/logs/skrl/stage1_recovery_20260905/2026-09-05_11-37-52/2026-09-05_11-37-57_ppo_torch_stage1_mixed/checkpoints/agent_50400.pt,8358d49b14eff681c47b70db964f4007dbfd07e9212768e13dbf0c17f0afc8d8,150d107225160ac498040fa20d4ccf9e26ec2703,True,fixed_per_environment_quotas_v2,stress,11,78,False,False,,2,0,True,False,-3.0554304122924805,1.1400000000000001,1.303849220275879,0.6854128241539001,3.8400697708129883
/home/donglei/isaac_projects/isaac_drone_racer/.worktrees/stage1-fake-vio/logs/skrl/stage1_recovery_20260905/2026-09-05_11-37-52/2026-09-05_11-37-57_ppo_torch_stage1_mixed/checkpoints/agent_50400.pt,8358d49b14eff681c47b70db964f4007dbfd07e9212768e13dbf0c17f0afc8d8,150d107225160ac498040fa20d4ccf9e26ec2703,True,fixed_per_environment_quotas_v2,stress,11,79,False,False,,3,1,True,False,2.685084819793701,2.17,1.3622238636016846,0.46685218811035156,2.5712943077087402
/home/donglei/isaac_projects/isaac_drone_racer/.worktrees/stage1-fake-vio/logs/skrl/stage1_recovery_20260905/2026-09-05_11-37-52/2026-09-05_11-37-57_ppo_torch_stage1_mixed/checkpoints/agent_50400.pt,8358d49b14eff681c47b70db964f4007dbfd07e9212768e13dbf0c17f0afc8d8,150d107225160ac498040fa20d4ccf9e26ec2703,True,fixed_per_environment_quotas_v2,stress,11,80,False,False,,1,0,True,False,-9.428278923034668,3.14,0.9064287543296814,0.5345439314842224,2.9353795051574707
/home/donglei/isaac_projects/isaac_drone_racer/.worktrees/stage1-fake-vio/logs/skrl/stage1_recovery_20260905/2026-09-05_11-37-52/2026-09-05_11-37-57_ppo_torch_stage1_mixed/checkpoints/agent_50400.pt,8358d49b14eff681c47b70db964f4007dbfd07e9212768e13dbf0c17f0afc8d8,150d107225160ac498040fa20d4ccf9e26ec2703,True,fixed_per_environment_quotas_v2,stress,11,81,False,False,,3,0,False,True,-11.44229507446289,2.14,1.493730902671814,1.242790699005127,2.4500892162323
/home/donglei/isaac_projects/isaac_drone_racer/.worktrees/stage1-fake-vio/logs/skrl/stage1_recovery_20260905/2026-09-05_11-37-52/2026-09-05_11-37-57_ppo_torch_stage1_mixed/checkpoints/agent_50400.pt,8358d49b14eff681c47b70db964f4007dbfd07e9212768e13dbf0c17f0afc8d8,150d107225160ac498040fa20d4ccf9e26ec2703,True,fixed_per_environment_quotas_v2,stress,11,82,False,False,,7,2,False,True,-1.830514669418335,3.17,1.2007029056549072,1.0146543979644775,2.1877682209014893
/home/donglei/isaac_projects/isaac_drone_racer/.worktrees/stage1-fake-vio/logs/skrl/stage1_recovery_20260905/2026-09-05_11-37-52/2026-09-05_11-37-57_ppo_torch_stage1_mixed/checkpoints/agent_50400.pt,8358d49b14eff681c47b70db964f4007dbfd07e9212768e13dbf0c17f0afc8d8,150d107225160ac498040fa20d4ccf9e26ec2703,True,fixed_per_environment_quotas_v2,stress,11,83,False,False,,4,0,True,False,-2.3474087715148926,1.3,1.1490954160690308,0.43596476316452026,2.421597957611084
/home/donglei/isaac_projects/isaac_drone_racer/.worktrees/stage1-fake-vio/logs/skrl/stage1_recovery_20260905/2026-09-05_11-37-52/2026-09-05_11-37-57_ppo_torch_stage1_mixed/checkpoints/agent_50400.pt,8358d49b14eff681c47b70db964f4007dbfd07e9212768e13dbf0c17f0afc8d8,150d107225160ac498040fa20d4ccf9e26ec2703,True,fixed_per_environment_quotas_v2,stress,11,84,False,False,,6,1,False,True,-2.3772313594818115,3.2600000000000002,1.4021575450897217,1.5884194374084473,3.1811578273773193
/home/donglei/isaac_projects/isaac_drone_racer/.worktrees/stage1-fake-vio/logs/skrl/stage1_recovery_20260905/2026-09-05_11-37-52/2026-09-05_11-37-57_ppo_torch_stage1_mixed/checkpoints/agent_50400.pt,8358d49b14eff681c47b70db964f4007dbfd07e9212768e13dbf0c17f0afc8d8,150d107225160ac498040fa20d4ccf9e26ec2703,True,fixed_per_environment_quotas_v2,stress,11,85,False,False,,6,1,True,False,1.6772336959838867,1.85,0.9954386949539185,0.4040374159812927,2.9656457901000977
/home/donglei/isaac_projects/isaac_drone_racer/.worktrees/stage1-fake-vio/logs/skrl/stage1_recovery_20260905/2026-09-05_11-37-52/2026-09-05_11-37-57_ppo_torch_stage1_mixed/checkpoints/agent_50400.pt,8358d49b14eff681c47b70db964f4007dbfd07e9212768e13dbf0c17f0afc8d8,150d107225160ac498040fa20d4ccf9e26ec2703,True,fixed_per_environment_quotas_v2,stress,11,86,False,False,,4,1,True,False,3.7841029167175293,2.2600000000000002,1.103286623954773,0.3727467656135559,2.394611120223999
/home/donglei/isaac_projects/isaac_drone_racer/.worktrees/stage1-fake-vio/logs/skrl/stage1_recovery_20260905/2026-09-05_11-37-52/2026-09-05_11-37-57_ppo_torch_stage1_mixed/checkpoints/agent_50400.pt,8358d49b14eff681c47b70db964f4007dbfd07e9212768e13dbf0c17f0afc8d8,150d107225160ac498040fa20d4ccf9e26ec2703,True,fixed_per_environment_quotas_v2,stress,11,87,False,False,,4,0,True,False,-6.269334316253662,2.68,1.526779294013977,0.4090699255466461,2.687774658203125
/home/donglei/isaac_projects/isaac_drone_racer/.worktrees/stage1-fake-vio/logs/skrl/stage1_recovery_20260905/2026-09-05_11-37-52/2026-09-05_11-37-57_ppo_torch_stage1_mixed/checkpoints/agent_50400.pt,8358d49b14eff681c47b70db964f4007dbfd07e9212768e13dbf0c17f0afc8d8,150d107225160ac498040fa20d4ccf9e26ec2703,True,fixed_per_environment_quotas_v2,stress,11,88,False,False,,6,0,True,False,-3.1670584678649902,1.1500000000000001,1.08708918094635,0.5921042561531067,2.344522476196289
/home/donglei/isaac_projects/isaac_drone_racer/.worktrees/stage1-fake-vio/logs/skrl/stage1_recovery_20260905/2026-09-05_11-37-52/2026-09-05_11-37-57_ppo_torch_stage1_mixed/checkpoints/agent_50400.pt,8358d49b14eff681c47b70db964f4007dbfd07e9212768e13dbf0c17f0afc8d8,150d107225160ac498040fa20d4ccf9e26ec2703,True,fixed_per_environment_quotas_v2,stress,11,89,False,False,,1,2,True,False,6.098400115966797,2.63,0.828178346157074,0.6834157705307007,2.3819329738616943
/home/donglei/isaac_projects/isaac_drone_racer/.worktrees/stage1-fake-vio/logs/skrl/stage1_recovery_20260905/2026-09-05_11-37-52/2026-09-05_11-37-57_ppo_torch_stage1_mixed/checkpoints/agent_50400.pt,8358d49b14eff681c47b70db964f4007dbfd07e9212768e13dbf0c17f0afc8d8,150d107225160ac498040fa20d4ccf9e26ec2703,True,fixed_per_environment_quotas_v2,stress,11,90,False,False,,3,3,True,False,13.14964485168457,3.88,1.0172157287597656,0.43679460883140564,2.7077736854553223
/home/donglei/isaac_projects/isaac_drone_racer/.worktrees/stage1-fake-vio/logs/skrl/stage1_recovery_20260905/2026-09-05_11-37-52/2026-09-05_11-37-57_ppo_torch_stage1_mixed/checkpoints/agent_50400.pt,8358d49b14eff681c47b70db964f4007dbfd07e9212768e13dbf0c17f0afc8d8,150d107225160ac498040fa20d4ccf9e26ec2703,True,fixed_per_environment_quotas_v2,stress,11,91,False,False,,1,2,True,False,7.125926494598389,2.73,0.8775622844696045,0.47307294607162476,2.591794013977051
/home/donglei/isaac_projects/isaac_drone_racer/.worktrees/stage1-fake-vio/logs/skrl/stage1_recovery_20260905/2026-09-05_11-37-52/2026-09-05_11-37-57_ppo_torch_stage1_mixed/checkpoints/agent_50400.pt,8358d49b14eff681c47b70db964f4007dbfd07e9212768e13dbf0c17f0afc8d8,150d107225160ac498040fa20d4ccf9e26ec2703,True,fixed_per_environment_quotas_v2,stress,11,92,False,False,,3,0,False,True,-7.0153703689575195,2.96,1.2913655042648315,1.8053126335144043,3.2285306453704834
/home/donglei/isaac_projects/isaac_drone_racer/.worktrees/stage1-fake-vio/logs/skrl/stage1_recovery_20260905/2026-09-05_11-37-52/2026-09-05_11-37-57_ppo_torch_stage1_mixed/checkpoints/agent_50400.pt,8358d49b14eff681c47b70db964f4007dbfd07e9212768e13dbf0c17f0afc8d8,150d107225160ac498040fa20d4ccf9e26ec2703,True,fixed_per_environment_quotas_v2,stress,11,93,False,False,,4,0,True,False,-2.4304146766662598,1.3,1.8851227760314941,0.4586391746997833,3.1871025562286377
/home/donglei/isaac_projects/isaac_drone_racer/.worktrees/stage1-fake-vio/logs/skrl/stage1_recovery_20260905/2026-09-05_11-37-52/2026-09-05_11-37-57_ppo_torch_stage1_mixed/checkpoints/agent_50400.pt,8358d49b14eff681c47b70db964f4007dbfd07e9212768e13dbf0c17f0afc8d8,150d107225160ac498040fa20d4ccf9e26ec2703,True,fixed_per_environment_quotas_v2,stress,11,94,False,False,,1,0,True,False,-8.432721138000488,1.3900000000000001,0.5005975365638733,0.48263615369796753,2.1193017959594727
/home/donglei/isaac_projects/isaac_drone_racer/.worktrees/stage1-fake-vio/logs/skrl/stage1_recovery_20260905/2026-09-05_11-37-52/2026-09-05_11-37-57_ppo_torch_stage1_mixed/checkpoints/agent_50400.pt,8358d49b14eff681c47b70db964f4007dbfd07e9212768e13dbf0c17f0afc8d8,150d107225160ac498040fa20d4ccf9e26ec2703,True,fixed_per_environment_quotas_v2,stress,11,95,False,False,,2,2,True,False,5.835011959075928,3.25,0.7893701195716858,0.7583352327346802,2.558335781097412
/home/donglei/isaac_projects/isaac_drone_racer/.worktrees/stage1-fake-vio/logs/skrl/stage1_recovery_20260905/2026-09-05_11-37-52/2026-09-05_11-37-57_ppo_torch_stage1_mixed/checkpoints/agent_50400.pt,8358d49b14eff681c47b70db964f4007dbfd07e9212768e13dbf0c17f0afc8d8,150d107225160ac498040fa20d4ccf9e26ec2703,True,fixed_per_environment_quotas_v2,stress,11,96,False,False,,1,1,True,False,-0.1728067398071289,1.12,1.0665600299835205,0.7986846566200256,2.31303334236145
/home/donglei/isaac_projects/isaac_drone_racer/.worktrees/stage1-fake-vio/logs/skrl/stage1_recovery_20260905/2026-09-05_11-37-52/2026-09-05_11-37-57_ppo_torch_stage1_mixed/checkpoints/agent_50400.pt,8358d49b14eff681c47b70db964f4007dbfd07e9212768e13dbf0c17f0afc8d8,150d107225160ac498040fa20d4ccf9e26ec2703,True,fixed_per_environment_quotas_v2,stress,11,97,False,False,,3,1,False,True,-5.229196548461914,3.2800000000000002,1.2534414529800415,2.1782450675964355,1.8379242420196533
/home/donglei/isaac_projects/isaac_drone_racer/.worktrees/stage1-fake-vio/logs/skrl/stage1_recovery_20260905/2026-09-05_11-37-52/2026-09-05_11-37-57_ppo_torch_stage1_mixed/checkpoints/agent_50400.pt,8358d49b14eff681c47b70db964f4007dbfd07e9212768e13dbf0c17f0afc8d8,150d107225160ac498040fa20d4ccf9e26ec2703,True,fixed_per_environment_quotas_v2,stress,11,98,False,False,,2,0,True,False,-8.08395767211914,1.76,1.2037694454193115,0.7511937022209167,3.431932210922241
/home/donglei/isaac_projects/isaac_drone_racer/.worktrees/stage1-fake-vio/logs/skrl/stage1_recovery_20260905/2026-09-05_11-37-52/2026-09-05_11-37-57_ppo_torch_stage1_mixed/checkpoints/agent_50400.pt,8358d49b14eff681c47b70db964f4007dbfd07e9212768e13dbf0c17f0afc8d8,150d107225160ac498040fa20d4ccf9e26ec2703,True,fixed_per_environment_quotas_v2,stress,11,99,False,False,,5,2,True,False,6.8055644035339355,3.15,0.7861504554748535,1.1774439811706543,2.0514938831329346
/home/donglei/isaac_projects/isaac_drone_racer/.worktrees/stage1-fake-vio/logs/skrl/stage1_recovery_20260905/2026-09-05_11-37-52/2026-09-05_11-37-57_ppo_torch_stage1_mixed/checkpoints/agent_50400.pt,8358d49b14eff681c47b70db964f4007dbfd07e9212768e13dbf0c17f0afc8d8,150d107225160ac498040fa20d4ccf9e26ec2703,True,fixed_per_environment_quotas_v2,stress,11,100,False,False,,4,3,True,False,13.272087097167969,5.3500000000000005,1.1459850072860718,0.5011855959892273,3.413740873336792
/home/donglei/isaac_projects/isaac_drone_racer/.worktrees/stage1-fake-vio/logs/skrl/stage1_recovery_20260905/2026-09-05_11-37-52/2026-09-05_11-37-57_ppo_torch_stage1_mixed/checkpoints/agent_50400.pt,8358d49b14eff681c47b70db964f4007dbfd07e9212768e13dbf0c17f0afc8d8,150d107225160ac498040fa20d4ccf9e26ec2703,True,fixed_per_environment_quotas_v2,stress,11,101,False,False,,6,1,True,False,1.4481797218322754,4.28,0.973356306552887,0.8699773550033569,3.725970506668091
/home/donglei/isaac_projects/isaac_drone_racer/.worktrees/stage1-fake-vio/logs/skrl/stage1_recovery_20260905/2026-09-05_11-37-52/2026-09-05_11-37-57_ppo_torch_stage1_mixed/checkpoints/agent_50400.pt,8358d49b14eff681c47b70db964f4007dbfd07e9212768e13dbf0c17f0afc8d8,150d107225160ac498040fa20d4ccf9e26ec2703,True,fixed_per_environment_quotas_v2,stress,11,102,False,False,,3,1,True,False,0.43550872802734375,1.93,0.9753816723823547,0.622602641582489,3.0573999881744385
/home/donglei/isaac_projects/isaac_drone_racer/.worktrees/stage1-fake-vio/logs/skrl/stage1_recovery_20260905/2026-09-05_11-37-52/2026-09-05_11-37-57_ppo_torch_stage1_mixed/checkpoints/agent_50400.pt,8358d49b14eff681c47b70db964f4007dbfd07e9212768e13dbf0c17f0afc8d8,150d107225160ac498040fa20d4ccf9e26ec2703,True,fixed_per_environment_quotas_v2,stress,11,103,False,False,,6,1,True,False,-0.034519195556640625,1.06,0.4924122095108032,0.19078896939754486,1.660414695739746
/home/donglei/isaac_projects/isaac_drone_racer/.worktrees/stage1-fake-vio/logs/skrl/stage1_recovery_20260905/2026-09-05_11-37-52/2026-09-05_11-37-57_ppo_torch_stage1_mixed/checkpoints/agent_50400.pt,8358d49b14eff681c47b70db964f4007dbfd07e9212768e13dbf0c17f0afc8d8,150d107225160ac498040fa20d4ccf9e26ec2703,True,fixed_per_environment_quotas_v2,stress,11,104,False,False,,4,4,False,True,16.219013214111328,6.58,0.9134665727615356,0.7636911273002625,2.762206554412842
/home/donglei/isaac_projects/isaac_drone_racer/.worktrees/stage1-fake-vio/logs/skrl/stage1_recovery_20260905/2026-09-05_11-37-52/2026-09-05_11-37-57_ppo_torch_stage1_mixed/checkpoints/agent_50400.pt,8358d49b14eff681c47b70db964f4007dbfd07e9212768e13dbf0c17f0afc8d8,150d107225160ac498040fa20d4ccf9e26ec2703,True,fixed_per_environment_quotas_v2,stress,11,105,False,False,,1,3,True,False,11.266551971435547,5.12,1.0572528839111328,0.8734186291694641,3.786149501800537
/home/donglei/isaac_projects/isaac_drone_racer/.worktrees/stage1-fake-vio/logs/skrl/stage1_recovery_20260905/2026-09-05_11-37-52/2026-09-05_11-37-57_ppo_torch_stage1_mixed/checkpoints/agent_50400.pt,8358d49b14eff681c47b70db964f4007dbfd07e9212768e13dbf0c17f0afc8d8,150d107225160ac498040fa20d4ccf9e26ec2703,True,fixed_per_environment_quotas_v2,stress,11,106,False,False,,6,2,True,False,3.836160182952881,6.84,1.1621845960617065,0.7322699427604675,3.0219035148620605
/home/donglei/isaac_projects/isaac_drone_racer/.worktrees/stage1-fake-vio/logs/skrl/stage1_recovery_20260905/2026-09-05_11-37-52/2026-09-05_11-37-57_ppo_torch_stage1_mixed/checkpoints/agent_50400.pt,8358d49b14eff681c47b70db964f4007dbfd07e9212768e13dbf0c17f0afc8d8,150d107225160ac498040fa20d4ccf9e26ec2703,True,fixed_per_environment_quotas_v2,stress,11,107,True,True,6.26,,7,False,False,39.90665054321289,6.26,0.7866975665092468,0.27716925740242004,1.9428590536117554
/home/donglei/isaac_projects/isaac_drone_racer/.worktrees/stage1-fake-vio/logs/skrl/stage1_recovery_20260905/2026-09-05_11-37-52/2026-09-05_11-37-57_ppo_torch_stage1_mixed/checkpoints/agent_50400.pt,8358d49b14eff681c47b70db964f4007dbfd07e9212768e13dbf0c17f0afc8d8,150d107225160ac498040fa20d4ccf9e26ec2703,True,fixed_per_environment_quotas_v2,stress,11,108,True,True,6.63,,7,False,False,39.91569900512695,6.63,1.0277060270309448,0.3925548195838928,2.566539764404297
/home/donglei/isaac_projects/isaac_drone_racer/.worktrees/stage1-fake-vio/logs/skrl/stage1_recovery_20260905/2026-09-05_11-37-52/2026-09-05_11-37-57_ppo_torch_stage1_mixed/checkpoints/agent_50400.pt,8358d49b14eff681c47b70db964f4007dbfd07e9212768e13dbf0c17f0afc8d8,150d107225160ac498040fa20d4ccf9e26ec2703,True,fixed_per_environment_quotas_v2,stress,11,109,False,False,,7,6,False,True,21.817096710205078,6.74,1.0053504705429077,0.8528665900230408,2.1678385734558105
/home/donglei/isaac_projects/isaac_drone_racer/.worktrees/stage1-fake-vio/logs/skrl/stage1_recovery_20260905/2026-09-05_11-37-52/2026-09-05_11-37-57_ppo_torch_stage1_mixed/checkpoints/agent_50400.pt,8358d49b14eff681c47b70db964f4007dbfd07e9212768e13dbf0c17f0afc8d8,150d107225160ac498040fa20d4ccf9e26ec2703,True,fixed_per_environment_quotas_v2,stress,11,110,False,False,,6,5,True,False,25.39780616760254,5.78,1.1429688930511475,0.4699144661426544,2.794652223587036
/home/donglei/isaac_projects/isaac_drone_racer/.worktrees/stage1-fake-vio/logs/skrl/stage1_recovery_20260905/2026-09-05_11-37-52/2026-09-05_11-37-57_ppo_torch_stage1_mixed/checkpoints/agent_50400.pt,8358d49b14eff681c47b70db964f4007dbfd07e9212768e13dbf0c17f0afc8d8,150d107225160ac498040fa20d4ccf9e26ec2703,True,fixed_per_environment_quotas_v2,stress,11,111,False,False,,6,0,True,False,-3.141131639480591,1.78,0.857048749923706,1.3054523468017578,3.3636481761932373
/home/donglei/isaac_projects/isaac_drone_racer/.worktrees/stage1-fake-vio/logs/skrl/stage1_recovery_20260905/2026-09-05_11-37-52/2026-09-05_11-37-57_ppo_torch_stage1_mixed/checkpoints/agent_50400.pt,8358d49b14eff681c47b70db964f4007dbfd07e9212768e13dbf0c17f0afc8d8,150d107225160ac498040fa20d4ccf9e26ec2703,True,fixed_per_environment_quotas_v2,stress,11,112,False,False,,4,0,True,False,-2.9430298805236816,1.94,0.9984546303749084,1.0397636890411377,3.434784412384033
/home/donglei/isaac_projects/isaac_drone_racer/.worktrees/stage1-fake-vio/logs/skrl/stage1_recovery_20260905/2026-09-05_11-37-52/2026-09-05_11-37-57_ppo_torch_stage1_mixed/checkpoints/agent_50400.pt,8358d49b14eff681c47b70db964f4007dbfd07e9212768e13dbf0c17f0afc8d8,150d107225160ac498040fa20d4ccf9e26ec2703,True,fixed_per_environment_quotas_v2,stress,11,113,True,True,6.3,,7,False,False,39.88285827636719,6.3,1.133461356163025,0.4045802056789398,3.2158496379852295
/home/donglei/isaac_projects/isaac_drone_racer/.worktrees/stage1-fake-vio/logs/skrl/stage1_recovery_20260905/2026-09-05_11-37-52/2026-09-05_11-37-57_ppo_torch_stage1_mixed/checkpoints/agent_50400.pt,8358d49b14eff681c47b70db964f4007dbfd07e9212768e13dbf0c17f0afc8d8,150d107225160ac498040fa20d4ccf9e26ec2703,True,fixed_per_environment_quotas_v2,stress,11,114,False,False,,4,0,True,False,-7.6456708908081055,1.62,2.2244133949279785,1.1370922327041626,3.4499731063842773
/home/donglei/isaac_projects/isaac_drone_racer/.worktrees/stage1-fake-vio/logs/skrl/stage1_recovery_20260905/2026-09-05_11-37-52/2026-09-05_11-37-57_ppo_torch_stage1_mixed/checkpoints/agent_50400.pt,8358d49b14eff681c47b70db964f4007dbfd07e9212768e13dbf0c17f0afc8d8,150d107225160ac498040fa20d4ccf9e26ec2703,True,fixed_per_environment_quotas_v2,stress,11,115,True,True,6.28,,7,False,False,40.06468963623047,6.28,0.9320342540740967,0.3203592598438263,2.3795106410980225
/home/donglei/isaac_projects/isaac_drone_racer/.worktrees/stage1-fake-vio/logs/skrl/stage1_recovery_20260905/2026-09-05_11-37-52/2026-09-05_11-37-57_ppo_torch_stage1_mixed/checkpoints/agent_50400.pt,8358d49b14eff681c47b70db964f4007dbfd07e9212768e13dbf0c17f0afc8d8,150d107225160ac498040fa20d4ccf9e26ec2703,True,fixed_per_environment_quotas_v2,stress,11,116,True,True,7.0200000000000005,,7,False,False,39.654598236083984,7.0200000000000005,1.082621693611145,0.36020299792289734,2.1796090602874756
/home/donglei/isaac_projects/isaac_drone_racer/.worktrees/stage1-fake-vio/logs/skrl/stage1_recovery_20260905/2026-09-05_11-37-52/2026-09-05_11-37-57_ppo_torch_stage1_mixed/checkpoints/agent_50400.pt,8358d49b14eff681c47b70db964f4007dbfd07e9212768e13dbf0c17f0afc8d8,150d107225160ac498040fa20d4ccf9e26ec2703,True,fixed_per_environment_quotas_v2,stress,11,117,False,False,,2,0,True,False,-3.3638906478881836,1.01,0.766865611076355,0.4501889944076538,1.9309543371200562
/home/donglei/isaac_projects/isaac_drone_racer/.worktrees/stage1-fake-vio/logs/skrl/stage1_recovery_20260905/2026-09-05_11-37-52/2026-09-05_11-37-57_ppo_torch_stage1_mixed/checkpoints/agent_50400.pt,8358d49b14eff681c47b70db964f4007dbfd07e9212768e13dbf0c17f0afc8d8,150d107225160ac498040fa20d4ccf9e26ec2703,True,fixed_per_environment_quotas_v2,stress,11,118,True,True,6.3100000000000005,,7,False,False,39.682960510253906,6.3100000000000005,0.9212401509284973,0.3357654809951782,2.4396743774414062
/home/donglei/isaac_projects/isaac_drone_racer/.worktrees/stage1-fake-vio/logs/skrl/stage1_recovery_20260905/2026-09-05_11-37-52/2026-09-05_11-37-57_ppo_torch_stage1_mixed/checkpoints/agent_50400.pt,8358d49b14eff681c47b70db964f4007dbfd07e9212768e13dbf0c17f0afc8d8,150d107225160ac498040fa20d4ccf9e26ec2703,True,fixed_per_environment_quotas_v2,stress,11,119,True,True,6.18,,7,False,False,39.618412017822266,6.18,1.140526533126831,0.35680466890335083,2.7336649894714355
/home/donglei/isaac_projects/isaac_drone_racer/.worktrees/stage1-fake-vio/logs/skrl/stage1_recovery_20260905/2026-09-05_11-37-52/2026-09-05_11-37-57_ppo_torch_stage1_mixed/checkpoints/agent_50400.pt,8358d49b14eff681c47b70db964f4007dbfd07e9212768e13dbf0c17f0afc8d8,150d107225160ac498040fa20d4ccf9e26ec2703,True,fixed_per_environment_quotas_v2,stress,11,120,True,True,6.390000000000001,,7,False,False,39.532371520996094,6.390000000000001,1.0214178562164307,0.34904196858406067,2.6865592002868652
/home/donglei/isaac_projects/isaac_drone_racer/.worktrees/stage1-fake-vio/logs/skrl/stage1_recovery_20260905/2026-09-05_11-37-52/2026-09-05_11-37-57_ppo_torch_stage1_mixed/checkpoints/agent_50400.pt,8358d49b14eff681c47b70db964f4007dbfd07e9212768e13dbf0c17f0afc8d8,150d107225160ac498040fa20d4ccf9e26ec2703,True,fixed_per_environment_quotas_v2,stress,11,121,True,True,6.33,,7,False,False,39.82651138305664,6.33,1.0009583234786987,0.32692569494247437,2.277843952178955
/home/donglei/isaac_projects/isaac_drone_racer/.worktrees/stage1-fake-vio/logs/skrl/stage1_recovery_20260905/2026-09-05_11-37-52/2026-09-05_11-37-57_ppo_torch_stage1_mixed/checkpoints/agent_50400.pt,8358d49b14eff681c47b70db964f4007dbfd07e9212768e13dbf0c17f0afc8d8,150d107225160ac498040fa20d4ccf9e26ec2703,True,fixed_per_environment_quotas_v2,stress,11,122,True,True,6.75,,7,False,False,40.137054443359375,6.75,0.9038180112838745,0.32484984397888184,2.297593593597412
/home/donglei/isaac_projects/isaac_drone_racer/.worktrees/stage1-fake-vio/logs/skrl/stage1_recovery_20260905/2026-09-05_11-37-52/2026-09-05_11-37-57_ppo_torch_stage1_mixed/checkpoints/agent_50400.pt,8358d49b14eff681c47b70db964f4007dbfd07e9212768e13dbf0c17f0afc8d8,150d107225160ac498040fa20d4ccf9e26ec2703,True,fixed_per_environment_quotas_v2,stress,11,123,True,True,6.21,,7,False,False,39.98039245605469,6.21,0.932953953742981,0.33245769143104553,2.4391515254974365
/home/donglei/isaac_projects/isaac_drone_racer/.worktrees/stage1-fake-vio/logs/skrl/stage1_recovery_20260905/2026-09-05_11-37-52/2026-09-05_11-37-57_ppo_torch_stage1_mixed/checkpoints/agent_50400.pt,8358d49b14eff681c47b70db964f4007dbfd07e9212768e13dbf0c17f0afc8d8,150d107225160ac498040fa20d4ccf9e26ec2703,True,fixed_per_environment_quotas_v2,stress,11,124,True,True,6.19,,7,False,False,39.686988830566406,6.19,0.9143053889274597,0.2861095368862152,2.6083390712738037
/home/donglei/isaac_projects/isaac_drone_racer/.worktrees/stage1-fake-vio/logs/skrl/stage1_recovery_20260905/2026-09-05_11-37-52/2026-09-05_11-37-57_ppo_torch_stage1_mixed/checkpoints/agent_50400.pt,8358d49b14eff681c47b70db964f4007dbfd07e9212768e13dbf0c17f0afc8d8,150d107225160ac498040fa20d4ccf9e26ec2703,True,fixed_per_environment_quotas_v2,stress,11,125,False,False,,3,0,True,False,-3.1688807010650635,1.02,1.0089499950408936,0.755784273147583,4.1162943840026855
/home/donglei/isaac_projects/isaac_drone_racer/.worktrees/stage1-fake-vio/logs/skrl/stage1_recovery_20260905/2026-09-05_11-37-52/2026-09-05_11-37-57_ppo_torch_stage1_mixed/checkpoints/agent_50400.pt,8358d49b14eff681c47b70db964f4007dbfd07e9212768e13dbf0c17f0afc8d8,150d107225160ac498040fa20d4ccf9e26ec2703,True,fixed_per_environment_quotas_v2,stress,11,126,True,True,6.32,,7,False,False,40.029396057128906,6.32,0.9139165282249451,0.31272533535957336,2.2792961597442627
/home/donglei/isaac_projects/isaac_drone_racer/.worktrees/stage1-fake-vio/logs/skrl/stage1_recovery_20260905/2026-09-05_11-37-52/2026-09-05_11-37-57_ppo_torch_stage1_mixed/checkpoints/agent_50400.pt,8358d49b14eff681c47b70db964f4007dbfd07e9212768e13dbf0c17f0afc8d8,150d107225160ac498040fa20d4ccf9e26ec2703,True,fixed_per_environment_quotas_v2,stress,11,127,False,False,,2,6,True,False,30.37335205078125,6.7,0.9861305356025696,0.4754253923892975,2.692396402359009
/home/donglei/isaac_projects/isaac_drone_racer/.worktrees/stage1-fake-vio/logs/skrl/stage1_recovery_20260905/2026-09-05_11-37-52/2026-09-05_11-37-57_ppo_torch_stage1_mixed/checkpoints/agent_50400.pt,8358d49b14eff681c47b70db964f4007dbfd07e9212768e13dbf0c17f0afc8d8,150d107225160ac498040fa20d4ccf9e26ec2703,True,fixed_per_environment_quotas_v2,stress,29,0,False,False,,2,0,True,False,-5.0078043937683105,0.01,0.1083429604768753,0.39949366450309753,5.130909442901611
/home/donglei/isaac_projects/isaac_drone_racer/.worktrees/stage1-fake-vio/logs/skrl/stage1_recovery_20260905/2026-09-05_11-37-52/2026-09-05_11-37-57_ppo_torch_stage1_mixed/checkpoints/agent_50400.pt,8358d49b14eff681c47b70db964f4007dbfd07e9212768e13dbf0c17f0afc8d8,150d107225160ac498040fa20d4ccf9e26ec2703,True,fixed_per_environment_quotas_v2,stress,29,1,False,False,,5,0,False,True,-5.544569492340088,0.1,0.9170762300491333,0.8951268196105957,1.2799782752990723
/home/donglei/isaac_projects/isaac_drone_racer/.worktrees/stage1-fake-vio/logs/skrl/stage1_recovery_20260905/2026-09-05_11-37-52/2026-09-05_11-37-57_ppo_torch_stage1_mixed/checkpoints/agent_50400.pt,8358d49b14eff681c47b70db964f4007dbfd07e9212768e13dbf0c17f0afc8d8,150d107225160ac498040fa20d4ccf9e26ec2703,True,fixed_per_environment_quotas_v2,stress,29,2,False,False,,4,0,True,False,-4.5847249031066895,0.2,1.1250369548797607,0.34969842433929443,3.1156976222991943
/home/donglei/isaac_projects/isaac_drone_racer/.worktrees/stage1-fake-vio/logs/skrl/stage1_recovery_20260905/2026-09-05_11-37-52/2026-09-05_11-37-57_ppo_torch_stage1_mixed/checkpoints/agent_50400.pt,8358d49b14eff681c47b70db964f4007dbfd07e9212768e13dbf0c17f0afc8d8,150d107225160ac498040fa20d4ccf9e26ec2703,True,fixed_per_environment_quotas_v2,stress,29,3,False,False,,1,0,True,False,-5.247800350189209,0.28,0.656399130821228,0.2712993919849396,2.818084716796875
/home/donglei/isaac_projects/isaac_drone_racer/.worktrees/stage1-fake-vio/logs/skrl/stage1_recovery_20260905/2026-09-05_11-37-52/2026-09-05_11-37-57_ppo_torch_stage1_mixed/checkpoints/agent_50400.pt,8358d49b14eff681c47b70db964f4007dbfd07e9212768e13dbf0c17f0afc8d8,150d107225160ac498040fa20d4ccf9e26ec2703,True,fixed_per_environment_quotas_v2,stress,29,4,False,False,,6,1,True,False,-0.7353765964508057,0.35000000000000003,0.5067999362945557,0.18084004521369934,2.054094076156616
/home/donglei/isaac_projects/isaac_drone_racer/.worktrees/stage1-fake-vio/logs/skrl/stage1_recovery_20260905/2026-09-05_11-37-52/2026-09-05_11-37-57_ppo_torch_stage1_mixed/checkpoints/agent_50400.pt,8358d49b14eff681c47b70db964f4007dbfd07e9212768e13dbf0c17f0afc8d8,150d107225160ac498040fa20d4ccf9e26ec2703,True,fixed_per_environment_quotas_v2,stress,29,5,False,False,,7,0,False,True,-8.385042190551758,0.55,2.8924927711486816,2.478698253631592,3.044212579727173
/home/donglei/isaac_projects/isaac_drone_racer/.worktrees/stage1-fake-vio/logs/skrl/stage1_recovery_20260905/2026-09-05_11-37-52/2026-09-05_11-37-57_ppo_torch_stage1_mixed/checkpoints/agent_50400.pt,8358d49b14eff681c47b70db964f4007dbfd07e9212768e13dbf0c17f0afc8d8,150d107225160ac498040fa20d4ccf9e26ec2703,True,fixed_per_environment_quotas_v2,stress,29,6,False,False,,4,0,False,True,-10.77305793762207,0.71,1.198004961013794,0.7527072429656982,1.9938029050827026
/home/donglei/isaac_projects/isaac_drone_racer/.worktrees/stage1-fake-vio/logs/skrl/stage1_recovery_20260905/2026-09-05_11-37-52/2026-09-05_11-37-57_ppo_torch_stage1_mixed/checkpoints/agent_50400.pt,8358d49b14eff681c47b70db964f4007dbfd07e9212768e13dbf0c17f0afc8d8,150d107225160ac498040fa20d4ccf9e26ec2703,True,fixed_per_environment_quotas_v2,stress,29,7,False,False,,6,0,False,True,-12.255882263183594,0.76,2.3156535625457764,2.4409523010253906,2.7423770427703857
/home/donglei/isaac_projects/isaac_drone_racer/.worktrees/stage1-fake-vio/logs/skrl/stage1_recovery_20260905/2026-09-05_11-37-52/2026-09-05_11-37-57_ppo_torch_stage1_mixed/checkpoints/agent_50400.pt,8358d49b14eff681c47b70db964f4007dbfd07e9212768e13dbf0c17f0afc8d8,150d107225160ac498040fa20d4ccf9e26ec2703,True,fixed_per_environment_quotas_v2,stress,29,8,False,False,,3,0,True,False,-3.5387825965881348,0.79,1.401967167854309,0.5683625340461731,3.112868547439575
/home/donglei/isaac_projects/isaac_drone_racer/.worktrees/stage1-fake-vio/logs/skrl/stage1_recovery_20260905/2026-09-05_11-37-52/2026-09-05_11-37-57_ppo_torch_stage1_mixed/checkpoints/agent_50400.pt,8358d49b14eff681c47b70db964f4007dbfd07e9212768e13dbf0c17f0afc8d8,150d107225160ac498040fa20d4ccf9e26ec2703,True,fixed_per_environment_quotas_v2,stress,29,9,False,False,,4,0,False,False,-0.3750550448894501,0.92,0.611200213432312,0.9409540295600891,3.2206451892852783
/home/donglei/isaac_projects/isaac_drone_racer/.worktrees/stage1-fake-vio/logs/skrl/stage1_recovery_20260905/2026-09-05_11-37-52/2026-09-05_11-37-57_ppo_torch_stage1_mixed/checkpoints/agent_50400.pt,8358d49b14eff681c47b70db964f4007dbfd07e9212768e13dbf0c17f0afc8d8,150d107225160ac498040fa20d4ccf9e26ec2703,True,fixed_per_environment_quotas_v2,stress,29,10,False,False,,4,0,True,False,-9.577350616455078,1.02,1.4442484378814697,2.265690565109253,4.565433979034424
/home/donglei/isaac_projects/isaac_drone_racer/.worktrees/stage1-fake-vio/logs/skrl/stage1_recovery_20260905/2026-09-05_11-37-52/2026-09-05_11-37-57_ppo_torch_stage1_mixed/checkpoints/agent_50400.pt,8358d49b14eff681c47b70db964f4007dbfd07e9212768e13dbf0c17f0afc8d8,150d107225160ac498040fa20d4ccf9e26ec2703,True,fixed_per_environment_quotas_v2,stress,29,11,False,False,,6,0,False,True,-8.770005226135254,1.05,1.521802306175232,1.5246704816818237,2.149470567703247
/home/donglei/isaac_projects/isaac_drone_racer/.worktrees/stage1-fake-vio/logs/skrl/stage1_recovery_20260905/2026-09-05_11-37-52/2026-09-05_11-37-57_ppo_torch_stage1_mixed/checkpoints/agent_50400.pt,8358d49b14eff681c47b70db964f4007dbfd07e9212768e13dbf0c17f0afc8d8,150d107225160ac498040fa20d4ccf9e26ec2703,True,fixed_per_environment_quotas_v2,stress,29,12,False,False,,2,0,True,False,-3.0386290550231934,1.06,1.0100367069244385,0.4139034152030945,2.4566099643707275
/home/donglei/isaac_projects/isaac_drone_racer/.worktrees/stage1-fake-vio/logs/skrl/stage1_recovery_20260905/2026-09-05_11-37-52/2026-09-05_11-37-57_ppo_torch_stage1_mixed/checkpoints/agent_50400.pt,8358d49b14eff681c47b70db964f4007dbfd07e9212768e13dbf0c17f0afc8d8,150d107225160ac498040fa20d4ccf9e26ec2703,True,fixed_per_environment_quotas_v2,stress,29,13,False,False,,2,1,True,False,0.035805702209472656,1.06,0.841018557548523,1.0588408708572388,2.8804028034210205
/home/donglei/isaac_projects/isaac_drone_racer/.worktrees/stage1-fake-vio/logs/skrl/stage1_recovery_20260905/2026-09-05_11-37-52/2026-09-05_11-37-57_ppo_torch_stage1_mixed/checkpoints/agent_50400.pt,8358d49b14eff681c47b70db964f4007dbfd07e9212768e13dbf0c17f0afc8d8,150d107225160ac498040fa20d4ccf9e26ec2703,True,fixed_per_environment_quotas_v2,stress,29,14,False,False,,4,0,True,False,-2.3341970443725586,1.1,1.5634568929672241,0.5468635559082031,2.9361448287963867
/home/donglei/isaac_projects/isaac_drone_racer/.worktrees/stage1-fake-vio/logs/skrl/stage1_recovery_20260905/2026-09-05_11-37-52/2026-09-05_11-37-57_ppo_torch_stage1_mixed/checkpoints/agent_50400.pt,8358d49b14eff681c47b70db964f4007dbfd07e9212768e13dbf0c17f0afc8d8,150d107225160ac498040fa20d4ccf9e26ec2703,True,fixed_per_environment_quotas_v2,stress,29,15,False,False,,6,1,True,False,1.3687472343444824,1.16,1.189928412437439,0.4261101186275482,2.7813358306884766
/home/donglei/isaac_projects/isaac_drone_racer/.worktrees/stage1-fake-vio/logs/skrl/stage1_recovery_20260905/2026-09-05_11-37-52/2026-09-05_11-37-57_ppo_torch_stage1_mixed/checkpoints/agent_50400.pt,8358d49b14eff681c47b70db964f4007dbfd07e9212768e13dbf0c17f0afc8d8,150d107225160ac498040fa20d4ccf9e26ec2703,True,fixed_per_environment_quotas_v2,stress,29,16,False,False,,2,0,False,True,-8.851888656616211,1.16,1.2454981803894043,1.192033290863037,1.7623889446258545
/home/donglei/isaac_projects/isaac_drone_racer/.worktrees/stage1-fake-vio/logs/skrl/stage1_recovery_20260905/2026-09-05_11-37-52/2026-09-05_11-37-57_ppo_torch_stage1_mixed/checkpoints/agent_50400.pt,8358d49b14eff681c47b70db964f4007dbfd07e9212768e13dbf0c17f0afc8d8,150d107225160ac498040fa20d4ccf9e26ec2703,True,fixed_per_environment_quotas_v2,stress,29,17,False,False,,2,1,True,False,1.3144116401672363,1.17,1.2487072944641113,0.5510493516921997,3.5998008251190186
/home/donglei/isaac_projects/isaac_drone_racer/.worktrees/stage1-fake-vio/logs/skrl/stage1_recovery_20260905/2026-09-05_11-37-52/2026-09-05_11-37-57_ppo_torch_stage1_mixed/checkpoints/agent_50400.pt,8358d49b14eff681c47b70db964f4007dbfd07e9212768e13dbf0c17f0afc8d8,150d107225160ac498040fa20d4ccf9e26ec2703,True,fixed_per_environment_quotas_v2,stress,29,18,False,False,,4,0,True,False,-2.3249027729034424,1.19,0.8482049107551575,0.6122855544090271,2.383969783782959
/home/donglei/isaac_projects/isaac_drone_racer/.worktrees/stage1-fake-vio/logs/skrl/stage1_recovery_20260905/2026-09-05_11-37-52/2026-09-05_11-37-57_ppo_torch_stage1_mixed/checkpoints/agent_50400.pt,8358d49b14eff681c47b70db964f4007dbfd07e9212768e13dbf0c17f0afc8d8,150d107225160ac498040fa20d4ccf9e26ec2703,True,fixed_per_environment_quotas_v2,stress,29,19,False,False,,4,0,True,False,-2.28973650932312,1.19,1.0484158992767334,0.42839616537094116,3.340524673461914
/home/donglei/isaac_projects/isaac_drone_racer/.worktrees/stage1-fake-vio/logs/skrl/stage1_recovery_20260905/2026-09-05_11-37-52/2026-09-05_11-37-57_ppo_torch_stage1_mixed/checkpoints/agent_50400.pt,8358d49b14eff681c47b70db964f4007dbfd07e9212768e13dbf0c17f0afc8d8,150d107225160ac498040fa20d4ccf9e26ec2703,True,fixed_per_environment_quotas_v2,stress,29,20,False,False,,1,0,True,False,-5.789956569671631,1.23,0.6305076479911804,0.649632453918457,2.548551559448242
/home/donglei/isaac_projects/isaac_drone_racer/.worktrees/stage1-fake-vio/logs/skrl/stage1_recovery_20260905/2026-09-05_11-37-52/2026-09-05_11-37-57_ppo_torch_stage1_mixed/checkpoints/agent_50400.pt,8358d49b14eff681c47b70db964f4007dbfd07e9212768e13dbf0c17f0afc8d8,150d107225160ac498040fa20d4ccf9e26ec2703,True,fixed_per_environment_quotas_v2,stress,29,21,False,False,,2,1,True,False,1.6827421188354492,1.35,1.1369726657867432,0.5001152157783508,3.2245047092437744
/home/donglei/isaac_projects/isaac_drone_racer/.worktrees/stage1-fake-vio/logs/skrl/stage1_recovery_20260905/2026-09-05_11-37-52/2026-09-05_11-37-57_ppo_torch_stage1_mixed/checkpoints/agent_50400.pt,8358d49b14eff681c47b70db964f4007dbfd07e9212768e13dbf0c17f0afc8d8,150d107225160ac498040fa20d4ccf9e26ec2703,True,fixed_per_environment_quotas_v2,stress,29,22,False,False,,6,1,True,False,0.5669612884521484,1.37,1.2032979726791382,0.6207420229911804,2.5199804306030273
/home/donglei/isaac_projects/isaac_drone_racer/.worktrees/stage1-fake-vio/logs/skrl/stage1_recovery_20260905/2026-09-05_11-37-52/2026-09-05_11-37-57_ppo_torch_stage1_mixed/checkpoints/agent_50400.pt,8358d49b14eff681c47b70db964f4007dbfd07e9212768e13dbf0c17f0afc8d8,150d107225160ac498040fa20d4ccf9e26ec2703,True,fixed_per_environment_quotas_v2,stress,29,23,False,False,,1,0,True,False,-4.5080437660217285,1.3800000000000001,0.821566641330719,0.8053471446037292,2.935556411743164
/home/donglei/isaac_projects/isaac_drone_racer/.worktrees/stage1-fake-vio/logs/skrl/stage1_recovery_20260905/2026-09-05_11-37-52/2026-09-05_11-37-57_ppo_torch_stage1_mixed/checkpoints/agent_50400.pt,8358d49b14eff681c47b70db964f4007dbfd07e9212768e13dbf0c17f0afc8d8,150d107225160ac498040fa20d4ccf9e26ec2703,True,fixed_per_environment_quotas_v2,stress,29,24,False,False,,4,2,True,False,5.323495388031006,1.3800000000000001,1.213157296180725,0.6262054443359375,4.425326347351074
/home/donglei/isaac_projects/isaac_drone_racer/.worktrees/stage1-fake-vio/logs/skrl/stage1_recovery_20260905/2026-09-05_11-37-52/2026-09-05_11-37-57_ppo_torch_stage1_mixed/checkpoints/agent_50400.pt,8358d49b14eff681c47b70db964f4007dbfd07e9212768e13dbf0c17f0afc8d8,150d107225160ac498040fa20d4ccf9e26ec2703,True,fixed_per_environment_quotas_v2,stress,29,25,False,False,,2,1,True,False,1.6174931526184082,1.3900000000000001,0.9543887972831726,0.3613649010658264,2.2157349586486816
/home/donglei/isaac_projects/isaac_drone_racer/.worktrees/stage1-fake-vio/logs/skrl/stage1_recovery_20260905/2026-09-05_11-37-52/2026-09-05_11-37-57_ppo_torch_stage1_mixed/checkpoints/agent_50400.pt,8358d49b14eff681c47b70db964f4007dbfd07e9212768e13dbf0c17f0afc8d8,150d107225160ac498040fa20d4ccf9e26ec2703,True,fixed_per_environment_quotas_v2,stress,29,26,False,False,,4,1,True,False,2.193777084350586,1.3900000000000001,1.6214396953582764,0.5569484233856201,3.5231008529663086
/home/donglei/isaac_projects/isaac_drone_racer/.worktrees/stage1-fake-vio/logs/skrl/stage1_recovery_20260905/2026-09-05_11-37-52/2026-09-05_11-37-57_ppo_torch_stage1_mixed/checkpoints/agent_50400.pt,8358d49b14eff681c47b70db964f4007dbfd07e9212768e13dbf0c17f0afc8d8,150d107225160ac498040fa20d4ccf9e26ec2703,True,fixed_per_environment_quotas_v2,stress,29,27,False,False,,4,0,True,False,-2.474698066711426,1.33,1.321889042854309,0.5208610892295837,3.2634198665618896
/home/donglei/isaac_projects/isaac_drone_racer/.worktrees/stage1-fake-vio/logs/skrl/stage1_recovery_20260905/2026-09-05_11-37-52/2026-09-05_11-37-57_ppo_torch_stage1_mixed/checkpoints/agent_50400.pt,8358d49b14eff681c47b70db964f4007dbfd07e9212768e13dbf0c17f0afc8d8,150d107225160ac498040fa20d4ccf9e26ec2703,True,fixed_per_environment_quotas_v2,stress,29,28,False,False,,6,1,True,False,1.3095378875732422,1.45,0.9053144454956055,0.33089885115623474,2.0901315212249756
/home/donglei/isaac_projects/isaac_drone_racer/.worktrees/stage1-fake-vio/logs/skrl/stage1_recovery_20260905/2026-09-05_11-37-52/2026-09-05_11-37-57_ppo_torch_stage1_mixed/checkpoints/agent_50400.pt,8358d49b14eff681c47b70db964f4007dbfd07e9212768e13dbf0c17f0afc8d8,150d107225160ac498040fa20d4ccf9e26ec2703,True,fixed_per_environment_quotas_v2,stress,29,29,False,False,,4,0,True,False,-2.587507963180542,1.28,2.5310027599334717,1.1703574657440186,3.8920180797576904
/home/donglei/isaac_projects/isaac_drone_racer/.worktrees/stage1-fake-vio/logs/skrl/stage1_recovery_20260905/2026-09-05_11-37-52/2026-09-05_11-37-57_ppo_torch_stage1_mixed/checkpoints/agent_50400.pt,8358d49b14eff681c47b70db964f4007dbfd07e9212768e13dbf0c17f0afc8d8,150d107225160ac498040fa20d4ccf9e26ec2703,True,fixed_per_environment_quotas_v2,stress,29,30,False,False,,6,0,True,False,-7.283143997192383,1.42,1.207466959953308,0.9907232522964478,2.6902284622192383
/home/donglei/isaac_projects/isaac_drone_racer/.worktrees/stage1-fake-vio/logs/skrl/stage1_recovery_20260905/2026-09-05_11-37-52/2026-09-05_11-37-57_ppo_torch_stage1_mixed/checkpoints/agent_50400.pt,8358d49b14eff681c47b70db964f4007dbfd07e9212768e13dbf0c17f0afc8d8,150d107225160ac498040fa20d4ccf9e26ec2703,True,fixed_per_environment_quotas_v2,stress,29,31,False,False,,6,2,True,False,6.137171745300293,1.6500000000000001,4.223923206329346,0.6575546860694885,5.554623603820801
/home/donglei/isaac_projects/isaac_drone_racer/.worktrees/stage1-fake-vio/logs/skrl/stage1_recovery_20260905/2026-09-05_11-37-52/2026-09-05_11-37-57_ppo_torch_stage1_mixed/checkpoints/agent_50400.pt,8358d49b14eff681c47b70db964f4007dbfd07e9212768e13dbf0c17f0afc8d8,150d107225160ac498040fa20d4ccf9e26ec2703,True,fixed_per_environment_quotas_v2,stress,29,32,False,False,,2,0,True,False,-3.147378921508789,0.96,1.0994362831115723,0.4355606734752655,2.303288459777832
/home/donglei/isaac_projects/isaac_drone_racer/.worktrees/stage1-fake-vio/logs/skrl/stage1_recovery_20260905/2026-09-05_11-37-52/2026-09-05_11-37-57_ppo_torch_stage1_mixed/checkpoints/agent_50400.pt,8358d49b14eff681c47b70db964f4007dbfd07e9212768e13dbf0c17f0afc8d8,150d107225160ac498040fa20d4ccf9e26ec2703,True,fixed_per_environment_quotas_v2,stress,29,33,False,False,,4,1,True,False,2.923007011413574,1.75,1.3683114051818848,0.4492800831794739,2.950930595397949
/home/donglei/isaac_projects/isaac_drone_racer/.worktrees/stage1-fake-vio/logs/skrl/stage1_recovery_20260905/2026-09-05_11-37-52/2026-09-05_11-37-57_ppo_torch_stage1_mixed/checkpoints/agent_50400.pt,8358d49b14eff681c47b70db964f4007dbfd07e9212768e13dbf0c17f0afc8d8,150d107225160ac498040fa20d4ccf9e26ec2703,True,fixed_per_environment_quotas_v2,stress,29,34,False,False,,1,2,True,False,5.79232120513916,1.8900000000000001,1.2098472118377686,0.45320892333984375,3.500727891921997
/home/donglei/isaac_projects/isaac_drone_racer/.worktrees/stage1-fake-vio/logs/skrl/stage1_recovery_20260905/2026-09-05_11-37-52/2026-09-05_11-37-57_ppo_torch_stage1_mixed/checkpoints/agent_50400.pt,8358d49b14eff681c47b70db964f4007dbfd07e9212768e13dbf0c17f0afc8d8,150d107225160ac498040fa20d4ccf9e26ec2703,True,fixed_per_environment_quotas_v2,stress,29,35,False,False,,3,0,True,False,-3.6032662391662598,0.91,0.9670631289482117,0.5991709232330322,2.7823901176452637
/home/donglei/isaac_projects/isaac_drone_racer/.worktrees/stage1-fake-vio/logs/skrl/stage1_recovery_20260905/2026-09-05_11-37-52/2026-09-05_11-37-57_ppo_torch_stage1_mixed/checkpoints/agent_50400.pt,8358d49b14eff681c47b70db964f4007dbfd07e9212768e13dbf0c17f0afc8d8,150d107225160ac498040fa20d4ccf9e26ec2703,True,fixed_per_environment_quotas_v2,stress,29,36,False,False,,2,0,True,False,-3.0826199054718018,1.16,0.8488360047340393,0.4582650065422058,2.0425832271575928
/home/donglei/isaac_projects/isaac_drone_racer/.worktrees/stage1-fake-vio/logs/skrl/stage1_recovery_20260905/2026-09-05_11-37-52/2026-09-05_11-37-57_ppo_torch_stage1_mixed/checkpoints/agent_50400.pt,8358d49b14eff681c47b70db964f4007dbfd07e9212768e13dbf0c17f0afc8d8,150d107225160ac498040fa20d4ccf9e26ec2703,True,fixed_per_environment_quotas_v2,stress,29,37,False,False,,2,0,True,False,-2.9250526428222656,1.05,0.8673383593559265,0.35199522972106934,2.1753642559051514
/home/donglei/isaac_projects/isaac_drone_racer/.worktrees/stage1-fake-vio/logs/skrl/stage1_recovery_20260905/2026-09-05_11-37-52/2026-09-05_11-37-57_ppo_torch_stage1_mixed/checkpoints/agent_50400.pt,8358d49b14eff681c47b70db964f4007dbfd07e9212768e13dbf0c17f0afc8d8,150d107225160ac498040fa20d4ccf9e26ec2703,True,fixed_per_environment_quotas_v2,stress,29,38,False,False,,2,0,True,False,-5.233373641967773,2.02,1.2144538164138794,0.6416333913803101,3.140444278717041
/home/donglei/isaac_projects/isaac_drone_racer/.worktrees/stage1-fake-vio/logs/skrl/stage1_recovery_20260905/2026-09-05_11-37-52/2026-09-05_11-37-57_ppo_torch_stage1_mixed/checkpoints/agent_50400.pt,8358d49b14eff681c47b70db964f4007dbfd07e9212768e13dbf0c17f0afc8d8,150d107225160ac498040fa20d4ccf9e26ec2703,True,fixed_per_environment_quotas_v2,stress,29,39,False,False,,1,2,True,False,5.4007110595703125,2.02,2.336418390274048,1.1875,4.244650840759277
/home/donglei/isaac_projects/isaac_drone_racer/.worktrees/stage1-fake-vio/logs/skrl/stage1_recovery_20260905/2026-09-05_11-37-52/2026-09-05_11-37-57_ppo_torch_stage1_mixed/checkpoints/agent_50400.pt,8358d49b14eff681c47b70db964f4007dbfd07e9212768e13dbf0c17f0afc8d8,150d107225160ac498040fa20d4ccf9e26ec2703,True,fixed_per_environment_quotas_v2,stress,29,40,False,False,,2,2,True,False,6.377679824829102,2.1,1.3259954452514648,0.5998551845550537,4.026971340179443
/home/donglei/isaac_projects/isaac_drone_racer/.worktrees/stage1-fake-vio/logs/skrl/stage1_recovery_20260905/2026-09-05_11-37-52/2026-09-05_11-37-57_ppo_torch_stage1_mixed/checkpoints/agent_50400.pt,8358d49b14eff681c47b70db964f4007dbfd07e9212768e13dbf0c17f0afc8d8,150d107225160ac498040fa20d4ccf9e26ec2703,True,fixed_per_environment_quotas_v2,stress,29,41,False,False,,2,2,True,False,2.2336039543151855,2.16,1.3302264213562012,0.5320612192153931,3.639831304550171
/home/donglei/isaac_projects/isaac_drone_racer/.worktrees/stage1-fake-vio/logs/skrl/stage1_recovery_20260905/2026-09-05_11-37-52/2026-09-05_11-37-57_ppo_torch_stage1_mixed/checkpoints/agent_50400.pt,8358d49b14eff681c47b70db964f4007dbfd07e9212768e13dbf0c17f0afc8d8,150d107225160ac498040fa20d4ccf9e26ec2703,True,fixed_per_environment_quotas_v2,stress,29,42,False,False,,5,2,True,False,5.621509075164795,2.17,0.8375904560089111,0.6465352177619934,2.3996245861053467
/home/donglei/isaac_projects/isaac_drone_racer/.worktrees/stage1-fake-vio/logs/skrl/stage1_recovery_20260905/2026-09-05_11-37-52/2026-09-05_11-37-57_ppo_torch_stage1_mixed/checkpoints/agent_50400.pt,8358d49b14eff681c47b70db964f4007dbfd07e9212768e13dbf0c17f0afc8d8,150d107225160ac498040fa20d4ccf9e26ec2703,True,fixed_per_environment_quotas_v2,stress,29,43,False,False,,2,0,True,False,-3.2168381214141846,0.96,1.2674566507339478,0.6089507341384888,2.7927863597869873
/home/donglei/isaac_projects/isaac_drone_racer/.worktrees/stage1-fake-vio/logs/skrl/stage1_recovery_20260905/2026-09-05_11-37-52/2026-09-05_11-37-57_ppo_torch_stage1_mixed/checkpoints/agent_50400.pt,8358d49b14eff681c47b70db964f4007dbfd07e9212768e13dbf0c17f0afc8d8,150d107225160ac498040fa20d4ccf9e26ec2703,True,fixed_per_environment_quotas_v2,stress,29,44,False,False,,4,1,True,False,3.7499752044677734,2.21,1.5679683685302734,0.47885724902153015,3.4766440391540527
/home/donglei/isaac_projects/isaac_drone_racer/.worktrees/stage1-fake-vio/logs/skrl/stage1_recovery_20260905/2026-09-05_11-37-52/2026-09-05_11-37-57_ppo_torch_stage1_mixed/checkpoints/agent_50400.pt,8358d49b14eff681c47b70db964f4007dbfd07e9212768e13dbf0c17f0afc8d8,150d107225160ac498040fa20d4ccf9e26ec2703,True,fixed_per_environment_quotas_v2,stress,29,45,False,False,,1,0,True,False,-4.226912975311279,1.04,0.719270646572113,0.588665246963501,2.6726765632629395
/home/donglei/isaac_projects/isaac_drone_racer/.worktrees/stage1-fake-vio/logs/skrl/stage1_recovery_20260905/2026-09-05_11-37-52/2026-09-05_11-37-57_ppo_torch_stage1_mixed/checkpoints/agent_50400.pt,8358d49b14eff681c47b70db964f4007dbfd07e9212768e13dbf0c17f0afc8d8,150d107225160ac498040fa20d4ccf9e26ec2703,True,fixed_per_environment_quotas_v2,stress,29,46,False,False,,2,3,True,False,10.563901901245117,2.2800000000000002,1.5500636100769043,0.6362784504890442,3.8601179122924805
/home/donglei/isaac_projects/isaac_drone_racer/.worktrees/stage1-fake-vio/logs/skrl/stage1_recovery_20260905/2026-09-05_11-37-52/2026-09-05_11-37-57_ppo_torch_stage1_mixed/checkpoints/agent_50400.pt,8358d49b14eff681c47b70db964f4007dbfd07e9212768e13dbf0c17f0afc8d8,150d107225160ac498040fa20d4ccf9e26ec2703,True,fixed_per_environment_quotas_v2,stress,29,47,False,False,,4,0,True,False,-8.53061580657959,2.2800000000000002,0.9220148324966431,0.8940079808235168,4.556021690368652
/home/donglei/isaac_projects/isaac_drone_racer/.worktrees/stage1-fake-vio/logs/skrl/stage1_recovery_20260905/2026-09-05_11-37-52/2026-09-05_11-37-57_ppo_torch_stage1_mixed/checkpoints/agent_50400.pt,8358d49b14eff681c47b70db964f4007dbfd07e9212768e13dbf0c17f0afc8d8,150d107225160ac498040fa20d4ccf9e26ec2703,True,fixed_per_environment_quotas_v2,stress,29,48,False,False,,4,1,True,False,3.7158641815185547,2.27,1.1235852241516113,0.33712083101272583,2.6727335453033447
/home/donglei/isaac_projects/isaac_drone_racer/.worktrees/stage1-fake-vio/logs/skrl/stage1_recovery_20260905/2026-09-05_11-37-52/2026-09-05_11-37-57_ppo_torch_stage1_mixed/checkpoints/agent_50400.pt,8358d49b14eff681c47b70db964f4007dbfd07e9212768e13dbf0c17f0afc8d8,150d107225160ac498040fa20d4ccf9e26ec2703,True,fixed_per_environment_quotas_v2,stress,29,49,False,False,,7,0,True,False,-3.9169540405273438,1.1300000000000001,0.8259866237640381,0.5179499387741089,2.3220877647399902
/home/donglei/isaac_projects/isaac_drone_racer/.worktrees/stage1-fake-vio/logs/skrl/stage1_recovery_20260905/2026-09-05_11-37-52/2026-09-05_11-37-57_ppo_torch_stage1_mixed/checkpoints/agent_50400.pt,8358d49b14eff681c47b70db964f4007dbfd07e9212768e13dbf0c17f0afc8d8,150d107225160ac498040fa20d4ccf9e26ec2703,True,fixed_per_environment_quotas_v2,stress,29,50,False,False,,3,0,True,False,-4.278404235839844,0.72,0.6455395221710205,0.611510694026947,2.8345956802368164
/home/donglei/isaac_projects/isaac_drone_racer/.worktrees/stage1-fake-vio/logs/skrl/stage1_recovery_20260905/2026-09-05_11-37-52/2026-09-05_11-37-57_ppo_torch_stage1_mixed/checkpoints/agent_50400.pt,8358d49b14eff681c47b70db964f4007dbfd07e9212768e13dbf0c17f0afc8d8,150d107225160ac498040fa20d4ccf9e26ec2703,True,fixed_per_environment_quotas_v2,stress,29,51,False,False,,2,0,True,False,-3.1106855869293213,1.06,1.3423736095428467,0.5996889472007751,3.013824939727783
/home/donglei/isaac_projects/isaac_drone_racer/.worktrees/stage1-fake-vio/logs/skrl/stage1_recovery_20260905/2026-09-05_11-37-52/2026-09-05_11-37-57_ppo_torch_stage1_mixed/checkpoints/agent_50400.pt,8358d49b14eff681c47b70db964f4007dbfd07e9212768e13dbf0c17f0afc8d8,150d107225160ac498040fa20d4ccf9e26ec2703,True,fixed_per_environment_quotas_v2,stress,29,52,False,False,,4,1,True,False,-1.530348539352417,2.48,1.37393057346344,0.6801707148551941,3.1811206340789795
/home/donglei/isaac_projects/isaac_drone_racer/.worktrees/stage1-fake-vio/logs/skrl/stage1_recovery_20260905/2026-09-05_11-37-52/2026-09-05_11-37-57_ppo_torch_stage1_mixed/checkpoints/agent_50400.pt,8358d49b14eff681c47b70db964f4007dbfd07e9212768e13dbf0c17f0afc8d8,150d107225160ac498040fa20d4ccf9e26ec2703,True,fixed_per_environment_quotas_v2,stress,29,53,False,False,,3,1,True,False,0.5538263320922852,1.3900000000000001,1.3902453184127808,1.3126633167266846,3.1636388301849365
/home/donglei/isaac_projects/isaac_drone_racer/.worktrees/stage1-fake-vio/logs/skrl/stage1_recovery_20260905/2026-09-05_11-37-52/2026-09-05_11-37-57_ppo_torch_stage1_mixed/checkpoints/agent_50400.pt,8358d49b14eff681c47b70db964f4007dbfd07e9212768e13dbf0c17f0afc8d8,150d107225160ac498040fa20d4ccf9e26ec2703,True,fixed_per_environment_quotas_v2,stress,29,54,False,False,,7,3,True,False,11.63529109954834,2.56,1.3457863330841064,0.47998517751693726,3.1961283683776855
/home/donglei/isaac_projects/isaac_drone_racer/.worktrees/stage1-fake-vio/logs/skrl/stage1_recovery_20260905/2026-09-05_11-37-52/2026-09-05_11-37-57_ppo_torch_stage1_mixed/checkpoints/agent_50400.pt,8358d49b14eff681c47b70db964f4007dbfd07e9212768e13dbf0c17f0afc8d8,150d107225160ac498040fa20d4ccf9e26ec2703,True,fixed_per_environment_quotas_v2,stress,29,55,False,False,,1,1,True,False,0.0005092620849609375,1.21,0.7718403935432434,0.35153284668922424,2.891355276107788
/home/donglei/isaac_projects/isaac_drone_racer/.worktrees/stage1-fake-vio/logs/skrl/stage1_recovery_20260905/2026-09-05_11-37-52/2026-09-05_11-37-57_ppo_torch_stage1_mixed/checkpoints/agent_50400.pt,8358d49b14eff681c47b70db964f4007dbfd07e9212768e13dbf0c17f0afc8d8,150d107225160ac498040fa20d4ccf9e26ec2703,True,fixed_per_environment_quotas_v2,stress,29,56,False,False,,6,1,True,False,0.1594843864440918,1.22,0.627995491027832,0.3210878074169159,1.952974557876587
/home/donglei/isaac_projects/isaac_drone_racer/.worktrees/stage1-fake-vio/logs/skrl/stage1_recovery_20260905/2026-09-05_11-37-52/2026-09-05_11-37-57_ppo_torch_stage1_mixed/checkpoints/agent_50400.pt,8358d49b14eff681c47b70db964f4007dbfd07e9212768e13dbf0c17f0afc8d8,150d107225160ac498040fa20d4ccf9e26ec2703,True,fixed_per_environment_quotas_v2,stress,29,57,False,False,,3,2,True,False,6.682657718658447,2.66,0.8218088150024414,0.7779409289360046,3.070430278778076
/home/donglei/isaac_projects/isaac_drone_racer/.worktrees/stage1-fake-vio/logs/skrl/stage1_recovery_20260905/2026-09-05_11-37-52/2026-09-05_11-37-57_ppo_torch_stage1_mixed/checkpoints/agent_50400.pt,8358d49b14eff681c47b70db964f4007dbfd07e9212768e13dbf0c17f0afc8d8,150d107225160ac498040fa20d4ccf9e26ec2703,True,fixed_per_environment_quotas_v2,stress,29,58,False,False,,3,0,True,False,-3.243659019470215,0.99,0.8320701718330383,0.6013972759246826,4.459979057312012
/home/donglei/isaac_projects/isaac_drone_racer/.worktrees/stage1-fake-vio/logs/skrl/stage1_recovery_20260905/2026-09-05_11-37-52/2026-09-05_11-37-57_ppo_torch_stage1_mixed/checkpoints/agent_50400.pt,8358d49b14eff681c47b70db964f4007dbfd07e9212768e13dbf0c17f0afc8d8,150d107225160ac498040fa20d4ccf9e26ec2703,True,fixed_per_environment_quotas_v2,stress,29,59,False,False,,6,1,True,False,1.4528656005859375,1.71,0.870628833770752,0.3320147395133972,2.496671676635742
/home/donglei/isaac_projects/isaac_drone_racer/.worktrees/stage1-fake-vio/logs/skrl/stage1_recovery_20260905/2026-09-05_11-37-52/2026-09-05_11-37-57_ppo_torch_stage1_mixed/checkpoints/agent_50400.pt,8358d49b14eff681c47b70db964f4007dbfd07e9212768e13dbf0c17f0afc8d8,150d107225160ac498040fa20d4ccf9e26ec2703,True,fixed_per_environment_quotas_v2,stress,29,60,False,False,,6,2,True,False,8.195643424987793,2.83,0.7043390870094299,0.28187882900238037,1.7622995376586914
/home/donglei/isaac_projects/isaac_drone_racer/.worktrees/stage1-fake-vio/logs/skrl/stage1_recovery_20260905/2026-09-05_11-37-52/2026-09-05_11-37-57_ppo_torch_stage1_mixed/checkpoints/agent_50400.pt,8358d49b14eff681c47b70db964f4007dbfd07e9212768e13dbf0c17f0afc8d8,150d107225160ac498040fa20d4ccf9e26ec2703,True,fixed_per_environment_quotas_v2,stress,29,61,False,False,,6,0,True,False,-3.0563268661499023,0.97,1.2686039209365845,0.5104296803474426,2.6655571460723877
/home/donglei/isaac_projects/isaac_drone_racer/.worktrees/stage1-fake-vio/logs/skrl/stage1_recovery_20260905/2026-09-05_11-37-52/2026-09-05_11-37-57_ppo_torch_stage1_mixed/checkpoints/agent_50400.pt,8358d49b14eff681c47b70db964f4007dbfd07e9212768e13dbf0c17f0afc8d8,150d107225160ac498040fa20d4ccf9e26ec2703,True,fixed_per_environment_quotas_v2,stress,29,62,False,False,,2,3,True,False,12.221202850341797,2.92,0.9061611890792847,0.3254531919956207,2.5624516010284424
/home/donglei/isaac_projects/isaac_drone_racer/.worktrees/stage1-fake-vio/logs/skrl/stage1_recovery_20260905/2026-09-05_11-37-52/2026-09-05_11-37-57_ppo_torch_stage1_mixed/checkpoints/agent_50400.pt,8358d49b14eff681c47b70db964f4007dbfd07e9212768e13dbf0c17f0afc8d8,150d107225160ac498040fa20d4ccf9e26ec2703,True,fixed_per_environment_quotas_v2,stress,29,63,False,False,,6,1,True,False,1.4735159873962402,1.73,1.564074993133545,0.6759343147277832,2.4963667392730713
/home/donglei/isaac_projects/isaac_drone_racer/.worktrees/stage1-fake-vio/logs/skrl/stage1_recovery_20260905/2026-09-05_11-37-52/2026-09-05_11-37-57_ppo_torch_stage1_mixed/checkpoints/agent_50400.pt,8358d49b14eff681c47b70db964f4007dbfd07e9212768e13dbf0c17f0afc8d8,150d107225160ac498040fa20d4ccf9e26ec2703,True,fixed_per_environment_quotas_v2,stress,29,64,False,False,,2,0,True,False,-3.2555155754089355,0.98,0.75462806224823,0.3359275162220001,1.8810104131698608
/home/donglei/isaac_projects/isaac_drone_racer/.worktrees/stage1-fake-vio/logs/skrl/stage1_recovery_20260905/2026-09-05_11-37-52/2026-09-05_11-37-57_ppo_torch_stage1_mixed/checkpoints/agent_50400.pt,8358d49b14eff681c47b70db964f4007dbfd07e9212768e13dbf0c17f0afc8d8,150d107225160ac498040fa20d4ccf9e26ec2703,True,fixed_per_environment_quotas_v2,stress,29,65,False,False,,4,3,True,False,14.167699813842773,3.42,1.35325288772583,0.44176381826400757,3.0127973556518555
/home/donglei/isaac_projects/isaac_drone_racer/.worktrees/stage1-fake-vio/logs/skrl/stage1_recovery_20260905/2026-09-05_11-37-52/2026-09-05_11-37-57_ppo_torch_stage1_mixed/checkpoints/agent_50400.pt,8358d49b14eff681c47b70db964f4007dbfd07e9212768e13dbf0c17f0afc8d8,150d107225160ac498040fa20d4ccf9e26ec2703,True,fixed_per_environment_quotas_v2,stress,29,66,False,False,,3,0,True,False,-3.2201290130615234,1.26,1.109037160873413,0.6240087151527405,3.2888951301574707
/home/donglei/isaac_projects/isaac_drone_racer/.worktrees/stage1-fake-vio/logs/skrl/stage1_recovery_20260905/2026-09-05_11-37-52/2026-09-05_11-37-57_ppo_torch_stage1_mixed/checkpoints/agent_50400.pt,8358d49b14eff681c47b70db964f4007dbfd07e9212768e13dbf0c17f0afc8d8,150d107225160ac498040fa20d4ccf9e26ec2703,True,fixed_per_environment_quotas_v2,stress,29,67,False,False,,3,0,True,False,-10.065450668334961,3.45,1.7545242309570312,1.2737818956375122,3.9054672718048096
/home/donglei/isaac_projects/isaac_drone_racer/.worktrees/stage1-fake-vio/logs/skrl/stage1_recovery_20260905/2026-09-05_11-37-52/2026-09-05_11-37-57_ppo_torch_stage1_mixed/checkpoints/agent_50400.pt,8358d49b14eff681c47b70db964f4007dbfd07e9212768e13dbf0c17f0afc8d8,150d107225160ac498040fa20d4ccf9e26ec2703,True,fixed_per_environment_quotas_v2,stress,29,68,False,False,,1,1,True,False,-0.32721996307373047,1.28,0.8956748843193054,0.7172242999076843,2.649585485458374
/home/donglei/isaac_projects/isaac_drone_racer/.worktrees/stage1-fake-vio/logs/skrl/stage1_recovery_20260905/2026-09-05_11-37-52/2026-09-05_11-37-57_ppo_torch_stage1_mixed/checkpoints/agent_50400.pt,8358d49b14eff681c47b70db964f4007dbfd07e9212768e13dbf0c17f0afc8d8,150d107225160ac498040fa20d4ccf9e26ec2703,True,fixed_per_environment_quotas_v2,stress,29,69,False,False,,7,2,False,True,-1.1304032802581787,3.14,1.3057502508163452,1.6854264736175537,2.2134292125701904
/home/donglei/isaac_projects/isaac_drone_racer/.worktrees/stage1-fake-vio/logs/skrl/stage1_recovery_20260905/2026-09-05_11-37-52/2026-09-05_11-37-57_ppo_torch_stage1_mixed/checkpoints/agent_50400.pt,8358d49b14eff681c47b70db964f4007dbfd07e9212768e13dbf0c17f0afc8d8,150d107225160ac498040fa20d4ccf9e26ec2703,True,fixed_per_environment_quotas_v2,stress,29,70,False,False,,6,1,True,False,-0.0839681625366211,0.98,0.60911625623703,0.2761848568916321,2.221059799194336
/home/donglei/isaac_projects/isaac_drone_racer/.worktrees/stage1-fake-vio/logs/skrl/stage1_recovery_20260905/2026-09-05_11-37-52/2026-09-05_11-37-57_ppo_torch_stage1_mixed/checkpoints/agent_50400.pt,8358d49b14eff681c47b70db964f4007dbfd07e9212768e13dbf0c17f0afc8d8,150d107225160ac498040fa20d4ccf9e26ec2703,True,fixed_per_environment_quotas_v2,stress,29,71,False,False,,3,4,True,False,17.228809356689453,3.5500000000000003,1.1062318086624146,0.4392333924770355,3.2050766944885254
/home/donglei/isaac_projects/isaac_drone_racer/.worktrees/stage1-fake-vio/logs/skrl/stage1_recovery_20260905/2026-09-05_11-37-52/2026-09-05_11-37-57_ppo_torch_stage1_mixed/checkpoints/agent_50400.pt,8358d49b14eff681c47b70db964f4007dbfd07e9212768e13dbf0c17f0afc8d8,150d107225160ac498040fa20d4ccf9e26ec2703,True,fixed_per_environment_quotas_v2,stress,29,72,False,False,,3,0,True,False,-3.124699592590332,1.04,0.8881367444992065,0.35893797874450684,2.47749662399292
/home/donglei/isaac_projects/isaac_drone_racer/.worktrees/stage1-fake-vio/logs/skrl/stage1_recovery_20260905/2026-09-05_11-37-52/2026-09-05_11-37-57_ppo_torch_stage1_mixed/checkpoints/agent_50400.pt,8358d49b14eff681c47b70db964f4007dbfd07e9212768e13dbf0c17f0afc8d8,150d107225160ac498040fa20d4ccf9e26ec2703,True,fixed_per_environment_quotas_v2,stress,29,73,False,False,,3,0,True,False,-3.271467685699463,0.9500000000000001,0.9253813028335571,0.32934197783470154,2.032031297683716
/home/donglei/isaac_projects/isaac_drone_racer/.worktrees/stage1-fake-vio/logs/skrl/stage1_recovery_20260905/2026-09-05_11-37-52/2026-09-05_11-37-57_ppo_torch_stage1_mixed/checkpoints/agent_50400.pt,8358d49b14eff681c47b70db964f4007dbfd07e9212768e13dbf0c17f0afc8d8,150d107225160ac498040fa20d4ccf9e26ec2703,True,fixed_per_environment_quotas_v2,stress,29,74,False,False,,4,1,True,False,1.2999353408813477,1.33,1.414760947227478,0.813724935054779,3.3097057342529297
/home/donglei/isaac_projects/isaac_drone_racer/.worktrees/stage1-fake-vio/logs/skrl/stage1_recovery_20260905/2026-09-05_11-37-52/2026-09-05_11-37-57_ppo_torch_stage1_mixed/checkpoints/agent_50400.pt,8358d49b14eff681c47b70db964f4007dbfd07e9212768e13dbf0c17f0afc8d8,150d107225160ac498040fa20d4ccf9e26ec2703,True,fixed_per_environment_quotas_v2,stress,29,75,False,False,,2,4,True,False,17.8891658782959,3.97,0.9532623887062073,0.34859079122543335,2.399139165878296
/home/donglei/isaac_projects/isaac_drone_racer/.worktrees/stage1-fake-vio/logs/skrl/stage1_recovery_20260905/2026-09-05_11-37-52/2026-09-05_11-37-57_ppo_torch_stage1_mixed/checkpoints/agent_50400.pt,8358d49b14eff681c47b70db964f4007dbfd07e9212768e13dbf0c17f0afc8d8,150d107225160ac498040fa20d4ccf9e26ec2703,True,fixed_per_environment_quotas_v2,stress,29,76,False,False,,7,2,False,True,-1.0541472434997559,3.2800000000000002,1.1517646312713623,1.6346914768218994,2.9248714447021484
/home/donglei/isaac_projects/isaac_drone_racer/.worktrees/stage1-fake-vio/logs/skrl/stage1_recovery_20260905/2026-09-05_11-37-52/2026-09-05_11-37-57_ppo_torch_stage1_mixed/checkpoints/agent_50400.pt,8358d49b14eff681c47b70db964f4007dbfd07e9212768e13dbf0c17f0afc8d8,150d107225160ac498040fa20d4ccf9e26ec2703,True,fixed_per_environment_quotas_v2,stress,29,77,False,False,,6,1,True,False,-0.0679783821105957,1.07,0.6693741083145142,0.3003273904323578,2.275911331176758
/home/donglei/isaac_projects/isaac_drone_racer/.worktrees/stage1-fake-vio/logs/skrl/stage1_recovery_20260905/2026-09-05_11-37-52/2026-09-05_11-37-57_ppo_torch_stage1_mixed/checkpoints/agent_50400.pt,8358d49b14eff681c47b70db964f4007dbfd07e9212768e13dbf0c17f0afc8d8,150d107225160ac498040fa20d4ccf9e26ec2703,True,fixed_per_environment_quotas_v2,stress,29,78,False,False,,6,1,True,False,0.7188096046447754,1.72,1.296069622039795,0.609371542930603,2.824873208999634
/home/donglei/isaac_projects/isaac_drone_racer/.worktrees/stage1-fake-vio/logs/skrl/stage1_recovery_20260905/2026-09-05_11-37-52/2026-09-05_11-37-57_ppo_torch_stage1_mixed/checkpoints/agent_50400.pt,8358d49b14eff681c47b70db964f4007dbfd07e9212768e13dbf0c17f0afc8d8,150d107225160ac498040fa20d4ccf9e26ec2703,True,fixed_per_environment_quotas_v2,stress,29,79,False,False,,5,2,True,False,8.197707176208496,2.88,1.0574908256530762,0.45167243480682373,4.364055633544922
/home/donglei/isaac_projects/isaac_drone_racer/.worktrees/stage1-fake-vio/logs/skrl/stage1_recovery_20260905/2026-09-05_11-37-52/2026-09-05_11-37-57_ppo_torch_stage1_mixed/checkpoints/agent_50400.pt,8358d49b14eff681c47b70db964f4007dbfd07e9212768e13dbf0c17f0afc8d8,150d107225160ac498040fa20d4ccf9e26ec2703,True,fixed_per_environment_quotas_v2,stress,29,80,False,False,,3,1,False,True,-5.232091903686523,3.09,1.131442666053772,1.494836449623108,2.717820644378662
/home/donglei/isaac_projects/isaac_drone_racer/.worktrees/stage1-fake-vio/logs/skrl/stage1_recovery_20260905/2026-09-05_11-37-52/2026-09-05_11-37-57_ppo_torch_stage1_mixed/checkpoints/agent_50400.pt,8358d49b14eff681c47b70db964f4007dbfd07e9212768e13dbf0c17f0afc8d8,150d107225160ac498040fa20d4ccf9e26ec2703,True,fixed_per_environment_quotas_v2,stress,29,81,False,False,,3,0,True,False,-4.777113914489746,0.4,0.3074849843978882,0.5731410980224609,2.4364020824432373
/home/donglei/isaac_projects/isaac_drone_racer/.worktrees/stage1-fake-vio/logs/skrl/stage1_recovery_20260905/2026-09-05_11-37-52/2026-09-05_11-37-57_ppo_torch_stage1_mixed/checkpoints/agent_50400.pt,8358d49b14eff681c47b70db964f4007dbfd07e9212768e13dbf0c17f0afc8d8,150d107225160ac498040fa20d4ccf9e26ec2703,True,fixed_per_environment_quotas_v2,stress,29,82,False,False,,3,0,True,False,-3.136845111846924,1.18,1.1109504699707031,0.4420643150806427,2.160513162612915
/home/donglei/isaac_projects/isaac_drone_racer/.worktrees/stage1-fake-vio/logs/skrl/stage1_recovery_20260905/2026-09-05_11-37-52/2026-09-05_11-37-57_ppo_torch_stage1_mixed/checkpoints/agent_50400.pt,8358d49b14eff681c47b70db964f4007dbfd07e9212768e13dbf0c17f0afc8d8,150d107225160ac498040fa20d4ccf9e26ec2703,True,fixed_per_environment_quotas_v2,stress,29,83,False,False,,4,0,True,False,-8.101275444030762,4.63,1.5672330856323242,0.5767825841903687,3.041102886199951
/home/donglei/isaac_projects/isaac_drone_racer/.worktrees/stage1-fake-vio/logs/skrl/stage1_recovery_20260905/2026-09-05_11-37-52/2026-09-05_11-37-57_ppo_torch_stage1_mixed/checkpoints/agent_50400.pt,8358d49b14eff681c47b70db964f4007dbfd07e9212768e13dbf0c17f0afc8d8,150d107225160ac498040fa20d4ccf9e26ec2703,True,fixed_per_environment_quotas_v2,stress,29,84,False,False,,3,5,True,False,22.23142433166504,4.67,0.8076753616333008,0.5145848393440247,2.7884626388549805
/home/donglei/isaac_projects/isaac_drone_racer/.worktrees/stage1-fake-vio/logs/skrl/stage1_recovery_20260905/2026-09-05_11-37-52/2026-09-05_11-37-57_ppo_torch_stage1_mixed/checkpoints/agent_50400.pt,8358d49b14eff681c47b70db964f4007dbfd07e9212768e13dbf0c17f0afc8d8,150d107225160ac498040fa20d4ccf9e26ec2703,True,fixed_per_environment_quotas_v2,stress,29,85,False,False,,4,2,False,True,-1.0358986854553223,4.73,1.2390068769454956,1.8367645740509033,2.5138511657714844
/home/donglei/isaac_projects/isaac_drone_racer/.worktrees/stage1-fake-vio/logs/skrl/stage1_recovery_20260905/2026-09-05_11-37-52/2026-09-05_11-37-57_ppo_torch_stage1_mixed/checkpoints/agent_50400.pt,8358d49b14eff681c47b70db964f4007dbfd07e9212768e13dbf0c17f0afc8d8,150d107225160ac498040fa20d4ccf9e26ec2703,True,fixed_per_environment_quotas_v2,stress,29,86,False,False,,5,2,True,False,7.974981307983398,3.4,0.9969567060470581,0.9445627331733704,2.8340344429016113
/home/donglei/isaac_projects/isaac_drone_racer/.worktrees/stage1-fake-vio/logs/skrl/stage1_recovery_20260905/2026-09-05_11-37-52/2026-09-05_11-37-57_ppo_torch_stage1_mixed/checkpoints/agent_50400.pt,8358d49b14eff681c47b70db964f4007dbfd07e9212768e13dbf0c17f0afc8d8,150d107225160ac498040fa20d4ccf9e26ec2703,True,fixed_per_environment_quotas_v2,stress,29,87,False,False,,4,2,True,False,3.6980457305908203,4.94,0.9906695485115051,0.8884620070457458,3.049952983856201
/home/donglei/isaac_projects/isaac_drone_racer/.worktrees/stage1-fake-vio/logs/skrl/stage1_recovery_20260905/2026-09-05_11-37-52/2026-09-05_11-37-57_ppo_torch_stage1_mixed/checkpoints/agent_50400.pt,8358d49b14eff681c47b70db964f4007dbfd07e9212768e13dbf0c17f0afc8d8,150d107225160ac498040fa20d4ccf9e26ec2703,True,fixed_per_environment_quotas_v2,stress,29,88,False,False,,1,6,True,False,28.412857055664062,4.96,1.4783809185028076,0.5087095499038696,3.5549023151397705
/home/donglei/isaac_projects/isaac_drone_racer/.worktrees/stage1-fake-vio/logs/skrl/stage1_recovery_20260905/2026-09-05_11-37-52/2026-09-05_11-37-57_ppo_torch_stage1_mixed/checkpoints/agent_50400.pt,8358d49b14eff681c47b70db964f4007dbfd07e9212768e13dbf0c17f0afc8d8,150d107225160ac498040fa20d4ccf9e26ec2703,True,fixed_per_environment_quotas_v2,stress,29,89,False,False,,2,1,True,False,0.5433850288391113,1.55,0.9933589100837708,0.6392382979393005,3.6126046180725098
/home/donglei/isaac_projects/isaac_drone_racer/.worktrees/stage1-fake-vio/logs/skrl/stage1_recovery_20260905/2026-09-05_11-37-52/2026-09-05_11-37-57_ppo_torch_stage1_mixed/checkpoints/agent_50400.pt,8358d49b14eff681c47b70db964f4007dbfd07e9212768e13dbf0c17f0afc8d8,150d107225160ac498040fa20d4ccf9e26ec2703,True,fixed_per_environment_quotas_v2,stress,29,90,False,False,,7,5,True,False,25.183063507080078,5.0200000000000005,1.087643027305603,1.047700047492981,2.4502017498016357
/home/donglei/isaac_projects/isaac_drone_racer/.worktrees/stage1-fake-vio/logs/skrl/stage1_recovery_20260905/2026-09-05_11-37-52/2026-09-05_11-37-57_ppo_torch_stage1_mixed/checkpoints/agent_50400.pt,8358d49b14eff681c47b70db964f4007dbfd07e9212768e13dbf0c17f0afc8d8,150d107225160ac498040fa20d4ccf9e26ec2703,True,fixed_per_environment_quotas_v2,stress,29,91,False,False,,4,1,True,False,3.812544822692871,3.88,0.7221481204032898,0.3837423622608185,1.9267568588256836
/home/donglei/isaac_projects/isaac_drone_racer/.worktrees/stage1-fake-vio/logs/skrl/stage1_recovery_20260905/2026-09-05_11-37-52/2026-09-05_11-37-57_ppo_torch_stage1_mixed/checkpoints/agent_50400.pt,8358d49b14eff681c47b70db964f4007dbfd07e9212768e13dbf0c17f0afc8d8,150d107225160ac498040fa20d4ccf9e26ec2703,True,fixed_per_environment_quotas_v2,stress,29,92,False,False,,3,1,False,True,-5.295332431793213,3.24,1.0592985153198242,2.2284228801727295,1.6986947059631348
/home/donglei/isaac_projects/isaac_drone_racer/.worktrees/stage1-fake-vio/logs/skrl/stage1_recovery_20260905/2026-09-05_11-37-52/2026-09-05_11-37-57_ppo_torch_stage1_mixed/checkpoints/agent_50400.pt,8358d49b14eff681c47b70db964f4007dbfd07e9212768e13dbf0c17f0afc8d8,150d107225160ac498040fa20d4ccf9e26ec2703,True,fixed_per_environment_quotas_v2,stress,29,93,False,False,,6,6,True,False,29.633779525756836,5.33,1.095017433166504,0.35664916038513184,2.585181474685669
/home/donglei/isaac_projects/isaac_drone_racer/.worktrees/stage1-fake-vio/logs/skrl/stage1_recovery_20260905/2026-09-05_11-37-52/2026-09-05_11-37-57_ppo_torch_stage1_mixed/checkpoints/agent_50400.pt,8358d49b14eff681c47b70db964f4007dbfd07e9212768e13dbf0c17f0afc8d8,150d107225160ac498040fa20d4ccf9e26ec2703,True,fixed_per_environment_quotas_v2,stress,29,94,False,False,,1,6,True,False,28.422645568847656,5.33,1.1644257307052612,0.41933557391166687,2.830026626586914
/home/donglei/isaac_projects/isaac_drone_racer/.worktrees/stage1-fake-vio/logs/skrl/stage1_recovery_20260905/2026-09-05_11-37-52/2026-09-05_11-37-57_ppo_torch_stage1_mixed/checkpoints/agent_50400.pt,8358d49b14eff681c47b70db964f4007dbfd07e9212768e13dbf0c17f0afc8d8,150d107225160ac498040fa20d4ccf9e26ec2703,True,fixed_per_environment_quotas_v2,stress,29,95,False,False,,4,2,True,False,9.584268569946289,3.18,1.0378942489624023,0.29450538754463196,2.3539159297943115
/home/donglei/isaac_projects/isaac_drone_racer/.worktrees/stage1-fake-vio/logs/skrl/stage1_recovery_20260905/2026-09-05_11-37-52/2026-09-05_11-37-57_ppo_torch_stage1_mixed/checkpoints/agent_50400.pt,8358d49b14eff681c47b70db964f4007dbfd07e9212768e13dbf0c17f0afc8d8,150d107225160ac498040fa20d4ccf9e26ec2703,True,fixed_per_environment_quotas_v2,stress,29,96,False,False,,2,6,True,False,29.41650390625,5.3500000000000005,1.2757761478424072,0.4902017116546631,3.8373868465423584
/home/donglei/isaac_projects/isaac_drone_racer/.worktrees/stage1-fake-vio/logs/skrl/stage1_recovery_20260905/2026-09-05_11-37-52/2026-09-05_11-37-57_ppo_torch_stage1_mixed/checkpoints/agent_50400.pt,8358d49b14eff681c47b70db964f4007dbfd07e9212768e13dbf0c17f0afc8d8,150d107225160ac498040fa20d4ccf9e26ec2703,True,fixed_per_environment_quotas_v2,stress,29,97,False,False,,4,2,True,False,2.470615863800049,5.37,1.1850676536560059,0.6010847687721252,2.8292315006256104
/home/donglei/isaac_projects/isaac_drone_racer/.worktrees/stage1-fake-vio/logs/skrl/stage1_recovery_20260905/2026-09-05_11-37-52/2026-09-05_11-37-57_ppo_torch_stage1_mixed/checkpoints/agent_50400.pt,8358d49b14eff681c47b70db964f4007dbfd07e9212768e13dbf0c17f0afc8d8,150d107225160ac498040fa20d4ccf9e26ec2703,True,fixed_per_environment_quotas_v2,stress,29,98,False,False,,3,0,True,False,-3.7825117111206055,0.72,1.6172975301742554,0.5713977217674255,3.5172760486602783
/home/donglei/isaac_projects/isaac_drone_racer/.worktrees/stage1-fake-vio/logs/skrl/stage1_recovery_20260905/2026-09-05_11-37-52/2026-09-05_11-37-57_ppo_torch_stage1_mixed/checkpoints/agent_50400.pt,8358d49b14eff681c47b70db964f4007dbfd07e9212768e13dbf0c17f0afc8d8,150d107225160ac498040fa20d4ccf9e26ec2703,True,fixed_per_environment_quotas_v2,stress,29,99,False,False,,6,0,True,False,-3.31331205368042,1.08,1.1461127996444702,0.6733500361442566,2.7955689430236816
/home/donglei/isaac_projects/isaac_drone_racer/.worktrees/stage1-fake-vio/logs/skrl/stage1_recovery_20260905/2026-09-05_11-37-52/2026-09-05_11-37-57_ppo_torch_stage1_mixed/checkpoints/agent_50400.pt,8358d49b14eff681c47b70db964f4007dbfd07e9212768e13dbf0c17f0afc8d8,150d107225160ac498040fa20d4ccf9e26ec2703,True,fixed_per_environment_quotas_v2,stress,29,100,False,False,,6,0,True,False,-3.1321334838867188,1.08,0.9591224789619446,0.4673399031162262,2.4400527477264404
/home/donglei/isaac_projects/isaac_drone_racer/.worktrees/stage1-fake-vio/logs/skrl/stage1_recovery_20260905/2026-09-05_11-37-52/2026-09-05_11-37-57_ppo_torch_stage1_mixed/checkpoints/agent_50400.pt,8358d49b14eff681c47b70db964f4007dbfd07e9212768e13dbf0c17f0afc8d8,150d107225160ac498040fa20d4ccf9e26ec2703,True,fixed_per_environment_quotas_v2,stress,29,101,False,False,,4,0,True,False,-2.5638389587402344,1.19,1.392335295677185,0.44795098900794983,3.176637649536133
/home/donglei/isaac_projects/isaac_drone_racer/.worktrees/stage1-fake-vio/logs/skrl/stage1_recovery_20260905/2026-09-05_11-37-52/2026-09-05_11-37-57_ppo_torch_stage1_mixed/checkpoints/agent_50400.pt,8358d49b14eff681c47b70db964f4007dbfd07e9212768e13dbf0c17f0afc8d8,150d107225160ac498040fa20d4ccf9e26ec2703,True,fixed_per_environment_quotas_v2,stress,29,102,False,False,,2,0,True,False,-3.2348079681396484,1.18,1.2337702512741089,1.0425150394439697,5.607801914215088
/home/donglei/isaac_projects/isaac_drone_racer/.worktrees/stage1-fake-vio/logs/skrl/stage1_recovery_20260905/2026-09-05_11-37-52/2026-09-05_11-37-57_ppo_torch_stage1_mixed/checkpoints/agent_50400.pt,8358d49b14eff681c47b70db964f4007dbfd07e9212768e13dbf0c17f0afc8d8,150d107225160ac498040fa20d4ccf9e26ec2703,True,fixed_per_environment_quotas_v2,stress,29,103,False,False,,2,2,True,False,7.180095672607422,2.95,0.8574442267417908,0.4369901120662689,2.4469046592712402
/home/donglei/isaac_projects/isaac_drone_racer/.worktrees/stage1-fake-vio/logs/skrl/stage1_recovery_20260905/2026-09-05_11-37-52/2026-09-05_11-37-57_ppo_torch_stage1_mixed/checkpoints/agent_50400.pt,8358d49b14eff681c47b70db964f4007dbfd07e9212768e13dbf0c17f0afc8d8,150d107225160ac498040fa20d4ccf9e26ec2703,True,fixed_per_environment_quotas_v2,stress,29,104,False,False,,4,0,True,False,-2.494863748550415,1.25,1.439494252204895,0.4748113751411438,3.150033950805664
/home/donglei/isaac_projects/isaac_drone_racer/.worktrees/stage1-fake-vio/logs/skrl/stage1_recovery_20260905/2026-09-05_11-37-52/2026-09-05_11-37-57_ppo_torch_stage1_mixed/checkpoints/agent_50400.pt,8358d49b14eff681c47b70db964f4007dbfd07e9212768e13dbf0c17f0afc8d8,150d107225160ac498040fa20d4ccf9e26ec2703,True,fixed_per_environment_quotas_v2,stress,29,105,False,False,,2,2,True,False,5.6521525382995605,2.11,0.8829044699668884,0.48272505402565,4.0065436363220215
/home/donglei/isaac_projects/isaac_drone_racer/.worktrees/stage1-fake-vio/logs/skrl/stage1_recovery_20260905/2026-09-05_11-37-52/2026-09-05_11-37-57_ppo_torch_stage1_mixed/checkpoints/agent_50400.pt,8358d49b14eff681c47b70db964f4007dbfd07e9212768e13dbf0c17f0afc8d8,150d107225160ac498040fa20d4ccf9e26ec2703,True,fixed_per_environment_quotas_v2,stress,29,106,False,False,,7,1,True,False,1.4046411514282227,1.48,0.7277246713638306,0.375473290681839,1.9497344493865967
/home/donglei/isaac_projects/isaac_drone_racer/.worktrees/stage1-fake-vio/logs/skrl/stage1_recovery_20260905/2026-09-05_11-37-52/2026-09-05_11-37-57_ppo_torch_stage1_mixed/checkpoints/agent_50400.pt,8358d49b14eff681c47b70db964f4007dbfd07e9212768e13dbf0c17f0afc8d8,150d107225160ac498040fa20d4ccf9e26ec2703,True,fixed_per_environment_quotas_v2,stress,29,107,False,False,,4,3,True,False,10.044672012329102,7.83,1.0044862031936646,0.34333381056785583,2.1700456142425537
/home/donglei/isaac_projects/isaac_drone_racer/.worktrees/stage1-fake-vio/logs/skrl/stage1_recovery_20260905/2026-09-05_11-37-52/2026-09-05_11-37-57_ppo_torch_stage1_mixed/checkpoints/agent_50400.pt,8358d49b14eff681c47b70db964f4007dbfd07e9212768e13dbf0c17f0afc8d8,150d107225160ac498040fa20d4ccf9e26ec2703,True,fixed_per_environment_quotas_v2,stress,29,108,True,True,6.22,,7,False,False,40.11936569213867,6.22,0.929905116558075,0.2843812108039856,2.43395733833313
/home/donglei/isaac_projects/isaac_drone_racer/.worktrees/stage1-fake-vio/logs/skrl/stage1_recovery_20260905/2026-09-05_11-37-52/2026-09-05_11-37-57_ppo_torch_stage1_mixed/checkpoints/agent_50400.pt,8358d49b14eff681c47b70db964f4007dbfd07e9212768e13dbf0c17f0afc8d8,150d107225160ac498040fa20d4ccf9e26ec2703,True,fixed_per_environment_quotas_v2,stress,29,109,True,True,6.43,,7,False,False,39.92261505126953,6.43,0.9766230583190918,0.34050413966178894,2.454359292984009
/home/donglei/isaac_projects/isaac_drone_racer/.worktrees/stage1-fake-vio/logs/skrl/stage1_recovery_20260905/2026-09-05_11-37-52/2026-09-05_11-37-57_ppo_torch_stage1_mixed/checkpoints/agent_50400.pt,8358d49b14eff681c47b70db964f4007dbfd07e9212768e13dbf0c17f0afc8d8,150d107225160ac498040fa20d4ccf9e26ec2703,True,fixed_per_environment_quotas_v2,stress,29,110,True,True,6.25,,7,False,False,39.92637634277344,6.25,0.8852817416191101,0.2789480984210968,1.9787825345993042
/home/donglei/isaac_projects/isaac_drone_racer/.worktrees/stage1-fake-vio/logs/skrl/stage1_recovery_20260905/2026-09-05_11-37-52/2026-09-05_11-37-57_ppo_torch_stage1_mixed/checkpoints/agent_50400.pt,8358d49b14eff681c47b70db964f4007dbfd07e9212768e13dbf0c17f0afc8d8,150d107225160ac498040fa20d4ccf9e26ec2703,True,fixed_per_environment_quotas_v2,stress,29,111,False,False,,3,0,False,True,-12.127778053283691,3.73,1.2601957321166992,1.4301406145095825,3.342048406600952
/home/donglei/isaac_projects/isaac_drone_racer/.worktrees/stage1-fake-vio/logs/skrl/stage1_recovery_20260905/2026-09-05_11-37-52/2026-09-05_11-37-57_ppo_torch_stage1_mixed/checkpoints/agent_50400.pt,8358d49b14eff681c47b70db964f4007dbfd07e9212768e13dbf0c17f0afc8d8,150d107225160ac498040fa20d4ccf9e26ec2703,True,fixed_per_environment_quotas_v2,stress,29,112,True,True,5.89,,7,False,False,39.64565658569336,5.89,0.8310033679008484,0.3006305694580078,2.1991794109344482
/home/donglei/isaac_projects/isaac_drone_racer/.worktrees/stage1-fake-vio/logs/skrl/stage1_recovery_20260905/2026-09-05_11-37-52/2026-09-05_11-37-57_ppo_torch_stage1_mixed/checkpoints/agent_50400.pt,8358d49b14eff681c47b70db964f4007dbfd07e9212768e13dbf0c17f0afc8d8,150d107225160ac498040fa20d4ccf9e26ec2703,True,fixed_per_environment_quotas_v2,stress,29,113,False,False,,2,4,True,False,17.922643661499023,4.37,0.9877002835273743,0.43651339411735535,2.588150978088379
/home/donglei/isaac_projects/isaac_drone_racer/.worktrees/stage1-fake-vio/logs/skrl/stage1_recovery_20260905/2026-09-05_11-37-52/2026-09-05_11-37-57_ppo_torch_stage1_mixed/checkpoints/agent_50400.pt,8358d49b14eff681c47b70db964f4007dbfd07e9212768e13dbf0c17f0afc8d8,150d107225160ac498040fa20d4ccf9e26ec2703,True,fixed_per_environment_quotas_v2,stress,29,114,False,False,,1,0,True,False,-4.27115535736084,1.4000000000000001,0.8269347548484802,0.6212594509124756,3.2657389640808105
/home/donglei/isaac_projects/isaac_drone_racer/.worktrees/stage1-fake-vio/logs/skrl/stage1_recovery_20260905/2026-09-05_11-37-52/2026-09-05_11-37-57_ppo_torch_stage1_mixed/checkpoints/agent_50400.pt,8358d49b14eff681c47b70db964f4007dbfd07e9212768e13dbf0c17f0afc8d8,150d107225160ac498040fa20d4ccf9e26ec2703,True,fixed_per_environment_quotas_v2,stress,29,115,False,False,,7,1,True,False,-2.2334492206573486,2.45,2.1008036136627197,0.5017337203025818,6.083685874938965
/home/donglei/isaac_projects/isaac_drone_racer/.worktrees/stage1-fake-vio/logs/skrl/stage1_recovery_20260905/2026-09-05_11-37-52/2026-09-05_11-37-57_ppo_torch_stage1_mixed/checkpoints/agent_50400.pt,8358d49b14eff681c47b70db964f4007dbfd07e9212768e13dbf0c17f0afc8d8,150d107225160ac498040fa20d4ccf9e26ec2703,True,fixed_per_environment_quotas_v2,stress,29,116,False,False,,3,2,True,False,8.034077644348145,3.0300000000000002,1.4775769710540771,0.43478623032569885,2.2660913467407227
/home/donglei/isaac_projects/isaac_drone_racer/.worktrees/stage1-fake-vio/logs/skrl/stage1_recovery_20260905/2026-09-05_11-37-52/2026-09-05_11-37-57_ppo_torch_stage1_mixed/checkpoints/agent_50400.pt,8358d49b14eff681c47b70db964f4007dbfd07e9212768e13dbf0c17f0afc8d8,150d107225160ac498040fa20d4ccf9e26ec2703,True,fixed_per_environment_quotas_v2,stress,29,117,True,True,5.64,,7,False,False,38.456275939941406,5.64,0.9434996843338013,0.30865299701690674,2.6337859630584717
/home/donglei/isaac_projects/isaac_drone_racer/.worktrees/stage1-fake-vio/logs/skrl/stage1_recovery_20260905/2026-09-05_11-37-52/2026-09-05_11-37-57_ppo_torch_stage1_mixed/checkpoints/agent_50400.pt,8358d49b14eff681c47b70db964f4007dbfd07e9212768e13dbf0c17f0afc8d8,150d107225160ac498040fa20d4ccf9e26ec2703,True,fixed_per_environment_quotas_v2,stress,29,118,True,True,6.19,,7,False,False,39.7115592956543,6.19,0.8164864182472229,0.29015102982521057,2.0801870822906494
/home/donglei/isaac_projects/isaac_drone_racer/.worktrees/stage1-fake-vio/logs/skrl/stage1_recovery_20260905/2026-09-05_11-37-52/2026-09-05_11-37-57_ppo_torch_stage1_mixed/checkpoints/agent_50400.pt,8358d49b14eff681c47b70db964f4007dbfd07e9212768e13dbf0c17f0afc8d8,150d107225160ac498040fa20d4ccf9e26ec2703,True,fixed_per_environment_quotas_v2,stress,29,119,True,True,6.36,,7,False,False,39.97255325317383,6.36,0.7931787371635437,0.27420368790626526,2.0768001079559326
/home/donglei/isaac_projects/isaac_drone_racer/.worktrees/stage1-fake-vio/logs/skrl/stage1_recovery_20260905/2026-09-05_11-37-52/2026-09-05_11-37-57_ppo_torch_stage1_mixed/checkpoints/agent_50400.pt,8358d49b14eff681c47b70db964f4007dbfd07e9212768e13dbf0c17f0afc8d8,150d107225160ac498040fa20d4ccf9e26ec2703,True,fixed_per_environment_quotas_v2,stress,29,120,False,False,,2,0,True,False,-3.160277843475342,1.21,1.03977370262146,0.6974419951438904,2.7101595401763916
/home/donglei/isaac_projects/isaac_drone_racer/.worktrees/stage1-fake-vio/logs/skrl/stage1_recovery_20260905/2026-09-05_11-37-52/2026-09-05_11-37-57_ppo_torch_stage1_mixed/checkpoints/agent_50400.pt,8358d49b14eff681c47b70db964f4007dbfd07e9212768e13dbf0c17f0afc8d8,150d107225160ac498040fa20d4ccf9e26ec2703,True,fixed_per_environment_quotas_v2,stress,29,121,True,True,6.49,,7,False,False,39.95940399169922,6.49,1.059301495552063,0.3685321807861328,3.2983269691467285
/home/donglei/isaac_projects/isaac_drone_racer/.worktrees/stage1-fake-vio/logs/skrl/stage1_recovery_20260905/2026-09-05_11-37-52/2026-09-05_11-37-57_ppo_torch_stage1_mixed/checkpoints/agent_50400.pt,8358d49b14eff681c47b70db964f4007dbfd07e9212768e13dbf0c17f0afc8d8,150d107225160ac498040fa20d4ccf9e26ec2703,True,fixed_per_environment_quotas_v2,stress,29,122,True,True,6.55,,7,False,False,39.869590759277344,6.55,0.8056408762931824,0.319761723279953,1.9113035202026367
/home/donglei/isaac_projects/isaac_drone_racer/.worktrees/stage1-fake-vio/logs/skrl/stage1_recovery_20260905/2026-09-05_11-37-52/2026-09-05_11-37-57_ppo_torch_stage1_mixed/checkpoints/agent_50400.pt,8358d49b14eff681c47b70db964f4007dbfd07e9212768e13dbf0c17f0afc8d8,150d107225160ac498040fa20d4ccf9e26ec2703,True,fixed_per_environment_quotas_v2,stress,29,123,True,True,6.45,,7,False,False,39.93645095825195,6.45,0.9509203433990479,0.33286020159721375,2.273341178894043
/home/donglei/isaac_projects/isaac_drone_racer/.worktrees/stage1-fake-vio/logs/skrl/stage1_recovery_20260905/2026-09-05_11-37-52/2026-09-05_11-37-57_ppo_torch_stage1_mixed/checkpoints/agent_50400.pt,8358d49b14eff681c47b70db964f4007dbfd07e9212768e13dbf0c17f0afc8d8,150d107225160ac498040fa20d4ccf9e26ec2703,True,fixed_per_environment_quotas_v2,stress,29,124,True,True,5.95,,7,False,False,39.57033157348633,5.95,0.8252708315849304,0.2796447277069092,2.100773334503174
/home/donglei/isaac_projects/isaac_drone_racer/.worktrees/stage1-fake-vio/logs/skrl/stage1_recovery_20260905/2026-09-05_11-37-52/2026-09-05_11-37-57_ppo_torch_stage1_mixed/checkpoints/agent_50400.pt,8358d49b14eff681c47b70db964f4007dbfd07e9212768e13dbf0c17f0afc8d8,150d107225160ac498040fa20d4ccf9e26ec2703,True,fixed_per_environment_quotas_v2,stress,29,125,False,False,,2,0,True,False,-3.136089563369751,1.06,1.3654056787490845,0.7807257771492004,3.4734792709350586
/home/donglei/isaac_projects/isaac_drone_racer/.worktrees/stage1-fake-vio/logs/skrl/stage1_recovery_20260905/2026-09-05_11-37-52/2026-09-05_11-37-57_ppo_torch_stage1_mixed/checkpoints/agent_50400.pt,8358d49b14eff681c47b70db964f4007dbfd07e9212768e13dbf0c17f0afc8d8,150d107225160ac498040fa20d4ccf9e26ec2703,True,fixed_per_environment_quotas_v2,stress,29,126,True,True,6.16,,7,False,False,39.86092758178711,6.16,0.8335897922515869,0.27376800775527954,2.0828912258148193
/home/donglei/isaac_projects/isaac_drone_racer/.worktrees/stage1-fake-vio/logs/skrl/stage1_recovery_20260905/2026-09-05_11-37-52/2026-09-05_11-37-57_ppo_torch_stage1_mixed/checkpoints/agent_50400.pt,8358d49b14eff681c47b70db964f4007dbfd07e9212768e13dbf0c17f0afc8d8,150d107225160ac498040fa20d4ccf9e26ec2703,True,fixed_per_environment_quotas_v2,stress,29,127,True,True,6.45,,7,False,False,39.83186340332031,6.45,0.8241466283798218,0.2934790849685669,2.113888740539551
/home/donglei/isaac_projects/isaac_drone_racer/.worktrees/stage1-fake-vio/logs/skrl/stage1_recovery_20260905/2026-09-05_11-37-52/2026-09-05_11-37-57_ppo_torch_stage1_mixed/checkpoints/agent_50400.pt,8358d49b14eff681c47b70db964f4007dbfd07e9212768e13dbf0c17f0afc8d8,150d107225160ac498040fa20d4ccf9e26ec2703,True,fixed_per_environment_quotas_v2,stress,47,0,False,False,,2,0,True,False,-5.052601337432861,0.02,0.3447454571723938,0.4747137129306793,3.400843858718872
/home/donglei/isaac_projects/isaac_drone_racer/.worktrees/stage1-fake-vio/logs/skrl/stage1_recovery_20260905/2026-09-05_11-37-52/2026-09-05_11-37-57_ppo_torch_stage1_mixed/checkpoints/agent_50400.pt,8358d49b14eff681c47b70db964f4007dbfd07e9212768e13dbf0c17f0afc8d8,150d107225160ac498040fa20d4ccf9e26ec2703,True,fixed_per_environment_quotas_v2,stress,47,1,False,False,,6,0,True,False,-4.8615875244140625,0.08,0.39611735939979553,0.33875566720962524,1.549124002456665
/home/donglei/isaac_projects/isaac_drone_racer/.worktrees/stage1-fake-vio/logs/skrl/stage1_recovery_20260905/2026-09-05_11-37-52/2026-09-05_11-37-57_ppo_torch_stage1_mixed/checkpoints/agent_50400.pt,8358d49b14eff681c47b70db964f4007dbfd07e9212768e13dbf0c17f0afc8d8,150d107225160ac498040fa20d4ccf9e26ec2703,True,fixed_per_environment_quotas_v2,stress,47,2,False,False,,4,0,True,False,-4.975039005279541,0.09,0.280578076839447,1.3084405660629272,7.731809139251709
/home/donglei/isaac_projects/isaac_drone_racer/.worktrees/stage1-fake-vio/logs/skrl/stage1_recovery_20260905/2026-09-05_11-37-52/2026-09-05_11-37-57_ppo_torch_stage1_mixed/checkpoints/agent_50400.pt,8358d49b14eff681c47b70db964f4007dbfd07e9212768e13dbf0c17f0afc8d8,150d107225160ac498040fa20d4ccf9e26ec2703,True,fixed_per_environment_quotas_v2,stress,47,3,False,False,,3,0,True,False,-5.075158596038818,0.12,0.33784592151641846,0.8152304887771606,2.022080659866333
/home/donglei/isaac_projects/isaac_drone_racer/.worktrees/stage1-fake-vio/logs/skrl/stage1_recovery_20260905/2026-09-05_11-37-52/2026-09-05_11-37-57_ppo_torch_stage1_mixed/checkpoints/agent_50400.pt,8358d49b14eff681c47b70db964f4007dbfd07e9212768e13dbf0c17f0afc8d8,150d107225160ac498040fa20d4ccf9e26ec2703,True,fixed_per_environment_quotas_v2,stress,47,4,False,False,,7,0,False,True,-5.8947367668151855,0.13,1.667020320892334,1.8341429233551025,0.9765299558639526
/home/donglei/isaac_projects/isaac_drone_racer/.worktrees/stage1-fake-vio/logs/skrl/stage1_recovery_20260905/2026-09-05_11-37-52/2026-09-05_11-37-57_ppo_torch_stage1_mixed/checkpoints/agent_50400.pt,8358d49b14eff681c47b70db964f4007dbfd07e9212768e13dbf0c17f0afc8d8,150d107225160ac498040fa20d4ccf9e26ec2703,True,fixed_per_environment_quotas_v2,stress,47,5,False,False,,2,0,True,False,-4.645265579223633,0.19,0.9162182211875916,0.09980364888906479,3.4538471698760986
/home/donglei/isaac_projects/isaac_drone_racer/.worktrees/stage1-fake-vio/logs/skrl/stage1_recovery_20260905/2026-09-05_11-37-52/2026-09-05_11-37-57_ppo_torch_stage1_mixed/checkpoints/agent_50400.pt,8358d49b14eff681c47b70db964f4007dbfd07e9212768e13dbf0c17f0afc8d8,150d107225160ac498040fa20d4ccf9e26ec2703,True,fixed_per_environment_quotas_v2,stress,47,6,False,False,,5,0,True,False,-5.510945796966553,0.27,1.05341374874115,2.3222475051879883,2.1551096439361572
/home/donglei/isaac_projects/isaac_drone_racer/.worktrees/stage1-fake-vio/logs/skrl/stage1_recovery_20260905/2026-09-05_11-37-52/2026-09-05_11-37-57_ppo_torch_stage1_mixed/checkpoints/agent_50400.pt,8358d49b14eff681c47b70db964f4007dbfd07e9212768e13dbf0c17f0afc8d8,150d107225160ac498040fa20d4ccf9e26ec2703,True,fixed_per_environment_quotas_v2,stress,47,7,False,False,,3,0,True,False,-3.9297285079956055,0.34,1.3737142086029053,0.3918102979660034,2.234703302383423
/home/donglei/isaac_projects/isaac_drone_racer/.worktrees/stage1-fake-vio/logs/skrl/stage1_recovery_20260905/2026-09-05_11-37-52/2026-09-05_11-37-57_ppo_torch_stage1_mixed/checkpoints/agent_50400.pt,8358d49b14eff681c47b70db964f4007dbfd07e9212768e13dbf0c17f0afc8d8,150d107225160ac498040fa20d4ccf9e26ec2703,True,fixed_per_environment_quotas_v2,stress,47,8,False,False,,7,0,True,False,-4.168822288513184,0.44,1.0166946649551392,0.7123125791549683,1.505680799484253
/home/donglei/isaac_projects/isaac_drone_racer/.worktrees/stage1-fake-vio/logs/skrl/stage1_recovery_20260905/2026-09-05_11-37-52/2026-09-05_11-37-57_ppo_torch_stage1_mixed/checkpoints/agent_50400.pt,8358d49b14eff681c47b70db964f4007dbfd07e9212768e13dbf0c17f0afc8d8,150d107225160ac498040fa20d4ccf9e26ec2703,True,fixed_per_environment_quotas_v2,stress,47,9,False,False,,4,0,True,False,-3.6500916481018066,0.48,1.573885202407837,0.7529574632644653,3.6143276691436768
/home/donglei/isaac_projects/isaac_drone_racer/.worktrees/stage1-fake-vio/logs/skrl/stage1_recovery_20260905/2026-09-05_11-37-52/2026-09-05_11-37-57_ppo_torch_stage1_mixed/checkpoints/agent_50400.pt,8358d49b14eff681c47b70db964f4007dbfd07e9212768e13dbf0c17f0afc8d8,150d107225160ac498040fa20d4ccf9e26ec2703,True,fixed_per_environment_quotas_v2,stress,47,10,False,False,,6,0,True,False,-3.557487726211548,0.56,1.5126876831054688,0.8026283383369446,2.695896863937378
/home/donglei/isaac_projects/isaac_drone_racer/.worktrees/stage1-fake-vio/logs/skrl/stage1_recovery_20260905/2026-09-05_11-37-52/2026-09-05_11-37-57_ppo_torch_stage1_mixed/checkpoints/agent_50400.pt,8358d49b14eff681c47b70db964f4007dbfd07e9212768e13dbf0c17f0afc8d8,150d107225160ac498040fa20d4ccf9e26ec2703,True,fixed_per_environment_quotas_v2,stress,47,11,False,False,,1,0,True,False,-4.4281792640686035,0.63,0.8585252165794373,0.6078975200653076,3.401865243911743
/home/donglei/isaac_projects/isaac_drone_racer/.worktrees/stage1-fake-vio/logs/skrl/stage1_recovery_20260905/2026-09-05_11-37-52/2026-09-05_11-37-57_ppo_torch_stage1_mixed/checkpoints/agent_50400.pt,8358d49b14eff681c47b70db964f4007dbfd07e9212768e13dbf0c17f0afc8d8,150d107225160ac498040fa20d4ccf9e26ec2703,True,fixed_per_environment_quotas_v2,stress,47,12,False,False,,4,0,True,False,-3.596114158630371,0.64,0.8591781258583069,0.45438045263290405,2.4296984672546387
/home/donglei/isaac_projects/isaac_drone_racer/.worktrees/stage1-fake-vio/logs/skrl/stage1_recovery_20260905/2026-09-05_11-37-52/2026-09-05_11-37-57_ppo_torch_stage1_mixed/checkpoints/agent_50400.pt,8358d49b14eff681c47b70db964f4007dbfd07e9212768e13dbf0c17f0afc8d8,150d107225160ac498040fa20d4ccf9e26ec2703,True,fixed_per_environment_quotas_v2,stress,47,13,False,False,,6,0,True,False,-3.214529514312744,0.72,0.7824708819389343,0.33883756399154663,1.8962775468826294
/home/donglei/isaac_projects/isaac_drone_racer/.worktrees/stage1-fake-vio/logs/skrl/stage1_recovery_20260905/2026-09-05_11-37-52/2026-09-05_11-37-57_ppo_torch_stage1_mixed/checkpoints/agent_50400.pt,8358d49b14eff681c47b70db964f4007dbfd07e9212768e13dbf0c17f0afc8d8,150d107225160ac498040fa20d4ccf9e26ec2703,True,fixed_per_environment_quotas_v2,stress,47,14,False,False,,2,0,True,False,-3.103508949279785,0.76,1.561165452003479,0.49349868297576904,3.1864047050476074
/home/donglei/isaac_projects/isaac_drone_racer/.worktrees/stage1-fake-vio/logs/skrl/stage1_recovery_20260905/2026-09-05_11-37-52/2026-09-05_11-37-57_ppo_torch_stage1_mixed/checkpoints/agent_50400.pt,8358d49b14eff681c47b70db964f4007dbfd07e9212768e13dbf0c17f0afc8d8,150d107225160ac498040fa20d4ccf9e26ec2703,True,fixed_per_environment_quotas_v2,stress,47,15,False,False,,3,1,True,False,0.17529058456420898,0.77,1.245044231414795,0.4120138883590698,2.4663517475128174
/home/donglei/isaac_projects/isaac_drone_racer/.worktrees/stage1-fake-vio/logs/skrl/stage1_recovery_20260905/2026-09-05_11-37-52/2026-09-05_11-37-57_ppo_torch_stage1_mixed/checkpoints/agent_50400.pt,8358d49b14eff681c47b70db964f4007dbfd07e9212768e13dbf0c17f0afc8d8,150d107225160ac498040fa20d4ccf9e26ec2703,True,fixed_per_environment_quotas_v2,stress,47,16,False,False,,1,1,True,False,0.006064414978027344,0.84,0.9245414733886719,0.4543735384941101,2.967883586883545
/home/donglei/isaac_projects/isaac_drone_racer/.worktrees/stage1-fake-vio/logs/skrl/stage1_recovery_20260905/2026-09-05_11-37-52/2026-09-05_11-37-57_ppo_torch_stage1_mixed/checkpoints/agent_50400.pt,8358d49b14eff681c47b70db964f4007dbfd07e9212768e13dbf0c17f0afc8d8,150d107225160ac498040fa20d4ccf9e26ec2703,True,fixed_per_environment_quotas_v2,stress,47,17,False,False,,3,0,True,False,-3.246910572052002,0.84,1.8948253393173218,0.5752941966056824,2.82684588432312
/home/donglei/isaac_projects/isaac_drone_racer/.worktrees/stage1-fake-vio/logs/skrl/stage1_recovery_20260905/2026-09-05_11-37-52/2026-09-05_11-37-57_ppo_torch_stage1_mixed/checkpoints/agent_50400.pt,8358d49b14eff681c47b70db964f4007dbfd07e9212768e13dbf0c17f0afc8d8,150d107225160ac498040fa20d4ccf9e26ec2703,True,fixed_per_environment_quotas_v2,stress,47,18,False,False,,6,0,True,False,-3.1322109699249268,0.9,1.1529412269592285,0.567827582359314,2.690504312515259
/home/donglei/isaac_projects/isaac_drone_racer/.worktrees/stage1-fake-vio/logs/skrl/stage1_recovery_20260905/2026-09-05_11-37-52/2026-09-05_11-37-57_ppo_torch_stage1_mixed/checkpoints/agent_50400.pt,8358d49b14eff681c47b70db964f4007dbfd07e9212768e13dbf0c17f0afc8d8,150d107225160ac498040fa20d4ccf9e26ec2703,True,fixed_per_environment_quotas_v2,stress,47,19,False,False,,4,0,True,False,-2.4968724250793457,0.91,1.5191365480422974,0.5027161240577698,2.557239532470703
/home/donglei/isaac_projects/isaac_drone_racer/.worktrees/stage1-fake-vio/logs/skrl/stage1_recovery_20260905/2026-09-05_11-37-52/2026-09-05_11-37-57_ppo_torch_stage1_mixed/checkpoints/agent_50400.pt,8358d49b14eff681c47b70db964f4007dbfd07e9212768e13dbf0c17f0afc8d8,150d107225160ac498040fa20d4ccf9e26ec2703,True,fixed_per_environment_quotas_v2,stress,47,20,False,False,,6,1,True,False,1.186415672302246,0.98,1.4506144523620605,0.456791490316391,3.1214938163757324
/home/donglei/isaac_projects/isaac_drone_racer/.worktrees/stage1-fake-vio/logs/skrl/stage1_recovery_20260905/2026-09-05_11-37-52/2026-09-05_11-37-57_ppo_torch_stage1_mixed/checkpoints/agent_50400.pt,8358d49b14eff681c47b70db964f4007dbfd07e9212768e13dbf0c17f0afc8d8,150d107225160ac498040fa20d4ccf9e26ec2703,True,fixed_per_environment_quotas_v2,stress,47,21,False,False,,6,1,True,False,1.3362197875976562,0.99,1.3486030101776123,0.3327447772026062,2.558441400527954
/home/donglei/isaac_projects/isaac_drone_racer/.worktrees/stage1-fake-vio/logs/skrl/stage1_recovery_20260905/2026-09-05_11-37-52/2026-09-05_11-37-57_ppo_torch_stage1_mixed/checkpoints/agent_50400.pt,8358d49b14eff681c47b70db964f4007dbfd07e9212768e13dbf0c17f0afc8d8,150d107225160ac498040fa20d4ccf9e26ec2703,True,fixed_per_environment_quotas_v2,stress,47,22,False,False,,3,1,True,False,0.40517234802246094,0.99,1.4286514520645142,0.6851068735122681,2.782069444656372
/home/donglei/isaac_projects/isaac_drone_racer/.worktrees/stage1-fake-vio/logs/skrl/stage1_recovery_20260905/2026-09-05_11-37-52/2026-09-05_11-37-57_ppo_torch_stage1_mixed/checkpoints/agent_50400.pt,8358d49b14eff681c47b70db964f4007dbfd07e9212768e13dbf0c17f0afc8d8,150d107225160ac498040fa20d4ccf9e26ec2703,True,fixed_per_environment_quotas_v2,stress,47,23,False,False,,4,0,True,False,-8.037991523742676,1.23,0.6759834885597229,0.45394015312194824,2.4068799018859863
/home/donglei/isaac_projects/isaac_drone_racer/.worktrees/stage1-fake-vio/logs/skrl/stage1_recovery_20260905/2026-09-05_11-37-52/2026-09-05_11-37-57_ppo_torch_stage1_mixed/checkpoints/agent_50400.pt,8358d49b14eff681c47b70db964f4007dbfd07e9212768e13dbf0c17f0afc8d8,150d107225160ac498040fa20d4ccf9e26ec2703,True,fixed_per_environment_quotas_v2,stress,47,24,False,False,,4,0,True,False,-2.2274880409240723,1.24,1.2867443561553955,0.47731825709342957,2.6642332077026367
/home/donglei/isaac_projects/isaac_drone_racer/.worktrees/stage1-fake-vio/logs/skrl/stage1_recovery_20260905/2026-09-05_11-37-52/2026-09-05_11-37-57_ppo_torch_stage1_mixed/checkpoints/agent_50400.pt,8358d49b14eff681c47b70db964f4007dbfd07e9212768e13dbf0c17f0afc8d8,150d107225160ac498040fa20d4ccf9e26ec2703,True,fixed_per_environment_quotas_v2,stress,47,25,False,False,,4,0,True,False,-2.3761491775512695,1.29,1.2644151449203491,0.6021756529808044,3.471360921859741
/home/donglei/isaac_projects/isaac_drone_racer/.worktrees/stage1-fake-vio/logs/skrl/stage1_recovery_20260905/2026-09-05_11-37-52/2026-09-05_11-37-57_ppo_torch_stage1_mixed/checkpoints/agent_50400.pt,8358d49b14eff681c47b70db964f4007dbfd07e9212768e13dbf0c17f0afc8d8,150d107225160ac498040fa20d4ccf9e26ec2703,True,fixed_per_environment_quotas_v2,stress,47,26,False,False,,4,0,True,False,-2.2688817977905273,1.29,1.0930671691894531,0.45468923449516296,2.5198922157287598
/home/donglei/isaac_projects/isaac_drone_racer/.worktrees/stage1-fake-vio/logs/skrl/stage1_recovery_20260905/2026-09-05_11-37-52/2026-09-05_11-37-57_ppo_torch_stage1_mixed/checkpoints/agent_50400.pt,8358d49b14eff681c47b70db964f4007dbfd07e9212768e13dbf0c17f0afc8d8,150d107225160ac498040fa20d4ccf9e26ec2703,True,fixed_per_environment_quotas_v2,stress,47,27,False,False,,1,1,True,False,1.047621250152588,1.31,1.158460259437561,0.43938472867012024,3.908670425415039
/home/donglei/isaac_projects/isaac_drone_racer/.worktrees/stage1-fake-vio/logs/skrl/stage1_recovery_20260905/2026-09-05_11-37-52/2026-09-05_11-37-57_ppo_torch_stage1_mixed/checkpoints/agent_50400.pt,8358d49b14eff681c47b70db964f4007dbfd07e9212768e13dbf0c17f0afc8d8,150d107225160ac498040fa20d4ccf9e26ec2703,True,fixed_per_environment_quotas_v2,stress,47,28,False,False,,4,0,True,False,-8.5526123046875,1.32,0.5966625213623047,0.49869638681411743,2.2602012157440186
/home/donglei/isaac_projects/isaac_drone_racer/.worktrees/stage1-fake-vio/logs/skrl/stage1_recovery_20260905/2026-09-05_11-37-52/2026-09-05_11-37-57_ppo_torch_stage1_mixed/checkpoints/agent_50400.pt,8358d49b14eff681c47b70db964f4007dbfd07e9212768e13dbf0c17f0afc8d8,150d107225160ac498040fa20d4ccf9e26ec2703,True,fixed_per_environment_quotas_v2,stress,47,29,False,False,,4,0,True,False,-5.9566168785095215,1.35,1.1890279054641724,0.998484194278717,3.0407936573028564
/home/donglei/isaac_projects/isaac_drone_racer/.worktrees/stage1-fake-vio/logs/skrl/stage1_recovery_20260905/2026-09-05_11-37-52/2026-09-05_11-37-57_ppo_torch_stage1_mixed/checkpoints/agent_50400.pt,8358d49b14eff681c47b70db964f4007dbfd07e9212768e13dbf0c17f0afc8d8,150d107225160ac498040fa20d4ccf9e26ec2703,True,fixed_per_environment_quotas_v2,stress,47,30,False,False,,6,1,True,False,-0.19263267517089844,1.04,0.6691914796829224,0.30803021788597107,2.3189237117767334
/home/donglei/isaac_projects/isaac_drone_racer/.worktrees/stage1-fake-vio/logs/skrl/stage1_recovery_20260905/2026-09-05_11-37-52/2026-09-05_11-37-57_ppo_torch_stage1_mixed/checkpoints/agent_50400.pt,8358d49b14eff681c47b70db964f4007dbfd07e9212768e13dbf0c17f0afc8d8,150d107225160ac498040fa20d4ccf9e26ec2703,True,fixed_per_environment_quotas_v2,stress,47,31,False,False,,1,0,True,False,-8.31607723236084,1.3900000000000001,0.7883046865463257,0.642349898815155,3.3195056915283203
/home/donglei/isaac_projects/isaac_drone_racer/.worktrees/stage1-fake-vio/logs/skrl/stage1_recovery_20260905/2026-09-05_11-37-52/2026-09-05_11-37-57_ppo_torch_stage1_mixed/checkpoints/agent_50400.pt,8358d49b14eff681c47b70db964f4007dbfd07e9212768e13dbf0c17f0afc8d8,150d107225160ac498040fa20d4ccf9e26ec2703,True,fixed_per_environment_quotas_v2,stress,47,32,False,False,,2,2,True,False,5.017371654510498,1.3900000000000001,0.9596935510635376,0.628559947013855,2.8243160247802734
/home/donglei/isaac_projects/isaac_drone_racer/.worktrees/stage1-fake-vio/logs/skrl/stage1_recovery_20260905/2026-09-05_11-37-52/2026-09-05_11-37-57_ppo_torch_stage1_mixed/checkpoints/agent_50400.pt,8358d49b14eff681c47b70db964f4007dbfd07e9212768e13dbf0c17f0afc8d8,150d107225160ac498040fa20d4ccf9e26ec2703,True,fixed_per_environment_quotas_v2,stress,47,33,False,False,,4,0,True,False,-2.6813642978668213,1.3800000000000001,1.9092921018600464,0.7715753316879272,4.927850723266602
/home/donglei/isaac_projects/isaac_drone_racer/.worktrees/stage1-fake-vio/logs/skrl/stage1_recovery_20260905/2026-09-05_11-37-52/2026-09-05_11-37-57_ppo_torch_stage1_mixed/checkpoints/agent_50400.pt,8358d49b14eff681c47b70db964f4007dbfd07e9212768e13dbf0c17f0afc8d8,150d107225160ac498040fa20d4ccf9e26ec2703,True,fixed_per_environment_quotas_v2,stress,47,34,False,False,,6,1,True,False,0.18290233612060547,1.18,0.8737679123878479,0.3124637007713318,2.42496657371521
/home/donglei/isaac_projects/isaac_drone_racer/.worktrees/stage1-fake-vio/logs/skrl/stage1_recovery_20260905/2026-09-05_11-37-52/2026-09-05_11-37-57_ppo_torch_stage1_mixed/checkpoints/agent_50400.pt,8358d49b14eff681c47b70db964f4007dbfd07e9212768e13dbf0c17f0afc8d8,150d107225160ac498040fa20d4ccf9e26ec2703,True,fixed_per_environment_quotas_v2,stress,47,35,False,False,,2,1,True,False,1.4781436920166016,1.45,1.1954553127288818,0.49688538908958435,3.8129630088806152
/home/donglei/isaac_projects/isaac_drone_racer/.worktrees/stage1-fake-vio/logs/skrl/stage1_recovery_20260905/2026-09-05_11-37-52/2026-09-05_11-37-57_ppo_torch_stage1_mixed/checkpoints/agent_50400.pt,8358d49b14eff681c47b70db964f4007dbfd07e9212768e13dbf0c17f0afc8d8,150d107225160ac498040fa20d4ccf9e26ec2703,True,fixed_per_environment_quotas_v2,stress,47,36,False,False,,2,0,True,False,-3.1868066787719727,0.98,1.3168615102767944,0.5449604988098145,4.542023181915283
/home/donglei/isaac_projects/isaac_drone_racer/.worktrees/stage1-fake-vio/logs/skrl/stage1_recovery_20260905/2026-09-05_11-37-52/2026-09-05_11-37-57_ppo_torch_stage1_mixed/checkpoints/agent_50400.pt,8358d49b14eff681c47b70db964f4007dbfd07e9212768e13dbf0c17f0afc8d8,150d107225160ac498040fa20d4ccf9e26ec2703,True,fixed_per_environment_quotas_v2,stress,47,37,False,False,,3,0,True,False,-7.1783342361450195,1.57,0.7586597800254822,2.164811611175537,1.2031091451644897
/home/donglei/isaac_projects/isaac_drone_racer/.worktrees/stage1-fake-vio/logs/skrl/stage1_recovery_20260905/2026-09-05_11-37-52/2026-09-05_11-37-57_ppo_torch_stage1_mixed/checkpoints/agent_50400.pt,8358d49b14eff681c47b70db964f4007dbfd07e9212768e13dbf0c17f0afc8d8,150d107225160ac498040fa20d4ccf9e26ec2703,True,fixed_per_environment_quotas_v2,stress,47,38,False,False,,3,2,True,False,5.574363708496094,1.58,1.6443976163864136,0.7745507955551147,4.040174961090088
/home/donglei/isaac_projects/isaac_drone_racer/.worktrees/stage1-fake-vio/logs/skrl/stage1_recovery_20260905/2026-09-05_11-37-52/2026-09-05_11-37-57_ppo_torch_stage1_mixed/checkpoints/agent_50400.pt,8358d49b14eff681c47b70db964f4007dbfd07e9212768e13dbf0c17f0afc8d8,150d107225160ac498040fa20d4ccf9e26ec2703,True,fixed_per_environment_quotas_v2,stress,47,39,False,False,,1,0,True,False,-4.34999418258667,1.47,0.9101245403289795,0.6111079454421997,3.5662436485290527
/home/donglei/isaac_projects/isaac_drone_racer/.worktrees/stage1-fake-vio/logs/skrl/stage1_recovery_20260905/2026-09-05_11-37-52/2026-09-05_11-37-57_ppo_torch_stage1_mixed/checkpoints/agent_50400.pt,8358d49b14eff681c47b70db964f4007dbfd07e9212768e13dbf0c17f0afc8d8,150d107225160ac498040fa20d4ccf9e26ec2703,True,fixed_per_environment_quotas_v2,stress,47,40,False,False,,6,2,True,False,5.253586769104004,1.6500000000000001,0.9296358227729797,1.3619959354400635,2.590179920196533
/home/donglei/isaac_projects/isaac_drone_racer/.worktrees/stage1-fake-vio/logs/skrl/stage1_recovery_20260905/2026-09-05_11-37-52/2026-09-05_11-37-57_ppo_torch_stage1_mixed/checkpoints/agent_50400.pt,8358d49b14eff681c47b70db964f4007dbfd07e9212768e13dbf0c17f0afc8d8,150d107225160ac498040fa20d4ccf9e26ec2703,True,fixed_per_environment_quotas_v2,stress,47,41,False,False,,3,0,True,False,-3.2031264305114746,1.02,1.421663761138916,0.6029313206672668,3.1475462913513184
/home/donglei/isaac_projects/isaac_drone_racer/.worktrees/stage1-fake-vio/logs/skrl/stage1_recovery_20260905/2026-09-05_11-37-52/2026-09-05_11-37-57_ppo_torch_stage1_mixed/checkpoints/agent_50400.pt,8358d49b14eff681c47b70db964f4007dbfd07e9212768e13dbf0c17f0afc8d8,150d107225160ac498040fa20d4ccf9e26ec2703,True,fixed_per_environment_quotas_v2,stress,47,42,False,False,,7,2,True,False,5.760369777679443,1.71,1.0606658458709717,0.5432720184326172,2.5962607860565186
/home/donglei/isaac_projects/isaac_drone_racer/.worktrees/stage1-fake-vio/logs/skrl/stage1_recovery_20260905/2026-09-05_11-37-52/2026-09-05_11-37-57_ppo_torch_stage1_mixed/checkpoints/agent_50400.pt,8358d49b14eff681c47b70db964f4007dbfd07e9212768e13dbf0c17f0afc8d8,150d107225160ac498040fa20d4ccf9e26ec2703,True,fixed_per_environment_quotas_v2,stress,47,43,False,False,,4,0,True,False,-2.31803297996521,1.31,2.4264259338378906,0.5615630745887756,3.9945120811462402
/home/donglei/isaac_projects/isaac_drone_racer/.worktrees/stage1-fake-vio/logs/skrl/stage1_recovery_20260905/2026-09-05_11-37-52/2026-09-05_11-37-57_ppo_torch_stage1_mixed/checkpoints/agent_50400.pt,8358d49b14eff681c47b70db964f4007dbfd07e9212768e13dbf0c17f0afc8d8,150d107225160ac498040fa20d4ccf9e26ec2703,True,fixed_per_environment_quotas_v2,stress,47,44,False,False,,1,0,True,False,-4.0238776206970215,1.02,0.6260103583335876,0.4653637111186981,2.1427204608917236
/home/donglei/isaac_projects/isaac_drone_racer/.worktrees/stage1-fake-vio/logs/skrl/stage1_recovery_20260905/2026-09-05_11-37-52/2026-09-05_11-37-57_ppo_torch_stage1_mixed/checkpoints/agent_50400.pt,8358d49b14eff681c47b70db964f4007dbfd07e9212768e13dbf0c17f0afc8d8,150d107225160ac498040fa20d4ccf9e26ec2703,True,fixed_per_environment_quotas_v2,stress,47,45,False,False,,6,2,True,False,5.627170085906982,1.84,1.229103684425354,0.5815021991729736,3.53078556060791
/home/donglei/isaac_projects/isaac_drone_racer/.worktrees/stage1-fake-vio/logs/skrl/stage1_recovery_20260905/2026-09-05_11-37-52/2026-09-05_11-37-57_ppo_torch_stage1_mixed/checkpoints/agent_50400.pt,8358d49b14eff681c47b70db964f4007dbfd07e9212768e13dbf0c17f0afc8d8,150d107225160ac498040fa20d4ccf9e26ec2703,True,fixed_per_environment_quotas_v2,stress,47,46,False,False,,2,1,True,False,0.4100179672241211,1.86,1.126833200454712,1.4147889614105225,3.327590227127075
/home/donglei/isaac_projects/isaac_drone_racer/.worktrees/stage1-fake-vio/logs/skrl/stage1_recovery_20260905/2026-09-05_11-37-52/2026-09-05_11-37-57_ppo_torch_stage1_mixed/checkpoints/agent_50400.pt,8358d49b14eff681c47b70db964f4007dbfd07e9212768e13dbf0c17f0afc8d8,150d107225160ac498040fa20d4ccf9e26ec2703,True,fixed_per_environment_quotas_v2,stress,47,47,False,False,,5,1,True,False,-2.3990426063537598,1.86,1.5168464183807373,1.9525054693222046,3.735642671585083
/home/donglei/isaac_projects/isaac_drone_racer/.worktrees/stage1-fake-vio/logs/skrl/stage1_recovery_20260905/2026-09-05_11-37-52/2026-09-05_11-37-57_ppo_torch_stage1_mixed/checkpoints/agent_50400.pt,8358d49b14eff681c47b70db964f4007dbfd07e9212768e13dbf0c17f0afc8d8,150d107225160ac498040fa20d4ccf9e26ec2703,True,fixed_per_environment_quotas_v2,stress,47,48,False,False,,6,0,True,False,-3.1737351417541504,1.18,1.2455270290374756,0.7408555150032043,4.186844348907471
/home/donglei/isaac_projects/isaac_drone_racer/.worktrees/stage1-fake-vio/logs/skrl/stage1_recovery_20260905/2026-09-05_11-37-52/2026-09-05_11-37-57_ppo_torch_stage1_mixed/checkpoints/agent_50400.pt,8358d49b14eff681c47b70db964f4007dbfd07e9212768e13dbf0c17f0afc8d8,150d107225160ac498040fa20d4ccf9e26ec2703,True,fixed_per_environment_quotas_v2,stress,47,49,False,False,,3,1,True,False,2.8622703552246094,1.9100000000000001,0.8010955452919006,0.27449509501457214,2.128502368927002
/home/donglei/isaac_projects/isaac_drone_racer/.worktrees/stage1-fake-vio/logs/skrl/stage1_recovery_20260905/2026-09-05_11-37-52/2026-09-05_11-37-57_ppo_torch_stage1_mixed/checkpoints/agent_50400.pt,8358d49b14eff681c47b70db964f4007dbfd07e9212768e13dbf0c17f0afc8d8,150d107225160ac498040fa20d4ccf9e26ec2703,True,fixed_per_environment_quotas_v2,stress,47,50,False,False,,4,0,True,False,-8.63463306427002,1.98,0.4604882597923279,0.4958929419517517,2.151826858520508
/home/donglei/isaac_projects/isaac_drone_racer/.worktrees/stage1-fake-vio/logs/skrl/stage1_recovery_20260905/2026-09-05_11-37-52/2026-09-05_11-37-57_ppo_torch_stage1_mixed/checkpoints/agent_50400.pt,8358d49b14eff681c47b70db964f4007dbfd07e9212768e13dbf0c17f0afc8d8,150d107225160ac498040fa20d4ccf9e26ec2703,True,fixed_per_environment_quotas_v2,stress,47,51,False,False,,1,0,True,False,-8.395208358764648,1.1,0.7213872671127319,0.4914747178554535,2.764686107635498
/home/donglei/isaac_projects/isaac_drone_racer/.worktrees/stage1-fake-vio/logs/skrl/stage1_recovery_20260905/2026-09-05_11-37-52/2026-09-05_11-37-57_ppo_torch_stage1_mixed/checkpoints/agent_50400.pt,8358d49b14eff681c47b70db964f4007dbfd07e9212768e13dbf0c17f0afc8d8,150d107225160ac498040fa20d4ccf9e26ec2703,True,fixed_per_environment_quotas_v2,stress,47,52,False,False,,6,2,True,False,3.8471646308898926,2.04,0.6684001088142395,0.5988650918006897,3.232473134994507
/home/donglei/isaac_projects/isaac_drone_racer/.worktrees/stage1-fake-vio/logs/skrl/stage1_recovery_20260905/2026-09-05_11-37-52/2026-09-05_11-37-57_ppo_torch_stage1_mixed/checkpoints/agent_50400.pt,8358d49b14eff681c47b70db964f4007dbfd07e9212768e13dbf0c17f0afc8d8,150d107225160ac498040fa20d4ccf9e26ec2703,True,fixed_per_environment_quotas_v2,stress,47,53,False,False,,4,1,True,False,3.722944736480713,2.07,1.0631650686264038,0.4096176028251648,2.3343701362609863
/home/donglei/isaac_projects/isaac_drone_racer/.worktrees/stage1-fake-vio/logs/skrl/stage1_recovery_20260905/2026-09-05_11-37-52/2026-09-05_11-37-57_ppo_torch_stage1_mixed/checkpoints/agent_50400.pt,8358d49b14eff681c47b70db964f4007dbfd07e9212768e13dbf0c17f0afc8d8,150d107225160ac498040fa20d4ccf9e26ec2703,True,fixed_per_environment_quotas_v2,stress,47,54,False,False,,5,0,True,False,-4.6666741371154785,0.93,0.3420228958129883,0.5752313137054443,1.5156259536743164
/home/donglei/isaac_projects/isaac_drone_racer/.worktrees/stage1-fake-vio/logs/skrl/stage1_recovery_20260905/2026-09-05_11-37-52/2026-09-05_11-37-57_ppo_torch_stage1_mixed/checkpoints/agent_50400.pt,8358d49b14eff681c47b70db964f4007dbfd07e9212768e13dbf0c17f0afc8d8,150d107225160ac498040fa20d4ccf9e26ec2703,True,fixed_per_environment_quotas_v2,stress,47,55,False,False,,2,2,True,False,6.590369701385498,2.22,1.1286113262176514,0.48816534876823425,3.315715789794922
/home/donglei/isaac_projects/isaac_drone_racer/.worktrees/stage1-fake-vio/logs/skrl/stage1_recovery_20260905/2026-09-05_11-37-52/2026-09-05_11-37-57_ppo_torch_stage1_mixed/checkpoints/agent_50400.pt,8358d49b14eff681c47b70db964f4007dbfd07e9212768e13dbf0c17f0afc8d8,150d107225160ac498040fa20d4ccf9e26ec2703,True,fixed_per_environment_quotas_v2,stress,47,56,False,False,,7,1,True,False,1.678926944732666,2.15,0.9072566032409668,0.6322346329689026,2.899172067642212
/home/donglei/isaac_projects/isaac_drone_racer/.worktrees/stage1-fake-vio/logs/skrl/stage1_recovery_20260905/2026-09-05_11-37-52/2026-09-05_11-37-57_ppo_torch_stage1_mixed/checkpoints/agent_50400.pt,8358d49b14eff681c47b70db964f4007dbfd07e9212768e13dbf0c17f0afc8d8,150d107225160ac498040fa20d4ccf9e26ec2703,True,fixed_per_environment_quotas_v2,stress,47,57,False,False,,6,2,True,False,1.2639622688293457,2.27,1.1513983011245728,0.6697486639022827,3.3832528591156006
/home/donglei/isaac_projects/isaac_drone_racer/.worktrees/stage1-fake-vio/logs/skrl/stage1_recovery_20260905/2026-09-05_11-37-52/2026-09-05_11-37-57_ppo_torch_stage1_mixed/checkpoints/agent_50400.pt,8358d49b14eff681c47b70db964f4007dbfd07e9212768e13dbf0c17f0afc8d8,150d107225160ac498040fa20d4ccf9e26ec2703,True,fixed_per_environment_quotas_v2,stress,47,58,False,False,,6,0,True,False,-3.0715150833129883,1.01,1.0266118049621582,0.5226837992668152,3.1448800563812256
/home/donglei/isaac_projects/isaac_drone_racer/.worktrees/stage1-fake-vio/logs/skrl/stage1_recovery_20260905/2026-09-05_11-37-52/2026-09-05_11-37-57_ppo_torch_stage1_mixed/checkpoints/agent_50400.pt,8358d49b14eff681c47b70db964f4007dbfd07e9212768e13dbf0c17f0afc8d8,150d107225160ac498040fa20d4ccf9e26ec2703,True,fixed_per_environment_quotas_v2,stress,47,59,False,False,,6,3,True,False,11.904354095458984,2.36,1.556716799736023,0.5104238390922546,3.328653335571289
/home/donglei/isaac_projects/isaac_drone_racer/.worktrees/stage1-fake-vio/logs/skrl/stage1_recovery_20260905/2026-09-05_11-37-52/2026-09-05_11-37-57_ppo_torch_stage1_mixed/checkpoints/agent_50400.pt,8358d49b14eff681c47b70db964f4007dbfd07e9212768e13dbf0c17f0afc8d8,150d107225160ac498040fa20d4ccf9e26ec2703,True,fixed_per_environment_quotas_v2,stress,47,60,False,False,,6,0,True,False,-3.126297950744629,1.37,0.9623844027519226,0.7205742597579956,2.80391788482666
/home/donglei/isaac_projects/isaac_drone_racer/.worktrees/stage1-fake-vio/logs/skrl/stage1_recovery_20260905/2026-09-05_11-37-52/2026-09-05_11-37-57_ppo_torch_stage1_mixed/checkpoints/agent_50400.pt,8358d49b14eff681c47b70db964f4007dbfd07e9212768e13dbf0c17f0afc8d8,150d107225160ac498040fa20d4ccf9e26ec2703,True,fixed_per_environment_quotas_v2,stress,47,61,False,False,,7,0,True,False,-3.841404438018799,0.9500000000000001,1.3770172595977783,0.6709502339363098,1.7131010293960571
/home/donglei/isaac_projects/isaac_drone_racer/.worktrees/stage1-fake-vio/logs/skrl/stage1_recovery_20260905/2026-09-05_11-37-52/2026-09-05_11-37-57_ppo_torch_stage1_mixed/checkpoints/agent_50400.pt,8358d49b14eff681c47b70db964f4007dbfd07e9212768e13dbf0c17f0afc8d8,150d107225160ac498040fa20d4ccf9e26ec2703,True,fixed_per_environment_quotas_v2,stress,47,62,False,False,,3,0,True,False,-3.241010904312134,1.08,1.1910076141357422,0.6070361137390137,3.0168449878692627
/home/donglei/isaac_projects/isaac_drone_racer/.worktrees/stage1-fake-vio/logs/skrl/stage1_recovery_20260905/2026-09-05_11-37-52/2026-09-05_11-37-57_ppo_torch_stage1_mixed/checkpoints/agent_50400.pt,8358d49b14eff681c47b70db964f4007dbfd07e9212768e13dbf0c17f0afc8d8,150d107225160ac498040fa20d4ccf9e26ec2703,True,fixed_per_environment_quotas_v2,stress,47,63,False,False,,1,0,True,False,-4.209831714630127,1.25,0.7340545058250427,0.6575413942337036,3.121608018875122
/home/donglei/isaac_projects/isaac_drone_racer/.worktrees/stage1-fake-vio/logs/skrl/stage1_recovery_20260905/2026-09-05_11-37-52/2026-09-05_11-37-57_ppo_torch_stage1_mixed/checkpoints/agent_50400.pt,8358d49b14eff681c47b70db964f4007dbfd07e9212768e13dbf0c17f0afc8d8,150d107225160ac498040fa20d4ccf9e26ec2703,True,fixed_per_environment_quotas_v2,stress,47,64,False,False,,4,0,True,False,-2.375072956085205,2.63,0.8243719935417175,0.47589975595474243,3.51554799079895
/home/donglei/isaac_projects/isaac_drone_racer/.worktrees/stage1-fake-vio/logs/skrl/stage1_recovery_20260905/2026-09-05_11-37-52/2026-09-05_11-37-57_ppo_torch_stage1_mixed/checkpoints/agent_50400.pt,8358d49b14eff681c47b70db964f4007dbfd07e9212768e13dbf0c17f0afc8d8,150d107225160ac498040fa20d4ccf9e26ec2703,True,fixed_per_environment_quotas_v2,stress,47,65,False,False,,3,0,True,False,-4.038233280181885,0.72,1.264503836631775,0.674820601940155,6.120386600494385
/home/donglei/isaac_projects/isaac_drone_racer/.worktrees/stage1-fake-vio/logs/skrl/stage1_recovery_20260905/2026-09-05_11-37-52/2026-09-05_11-37-57_ppo_torch_stage1_mixed/checkpoints/agent_50400.pt,8358d49b14eff681c47b70db964f4007dbfd07e9212768e13dbf0c17f0afc8d8,150d107225160ac498040fa20d4ccf9e26ec2703,True,fixed_per_environment_quotas_v2,stress,47,66,False,False,,4,0,True,False,-2.2386162281036377,1.22,1.0467784404754639,0.3705904483795166,2.4037370681762695
/home/donglei/isaac_projects/isaac_drone_racer/.worktrees/stage1-fake-vio/logs/skrl/stage1_recovery_20260905/2026-09-05_11-37-52/2026-09-05_11-37-57_ppo_torch_stage1_mixed/checkpoints/agent_50400.pt,8358d49b14eff681c47b70db964f4007dbfd07e9212768e13dbf0c17f0afc8d8,150d107225160ac498040fa20d4ccf9e26ec2703,True,fixed_per_environment_quotas_v2,stress,47,67,False,False,,1,1,True,False,-4.551342487335205,2.81,0.9144431948661804,0.6008076071739197,3.0924232006073
/home/donglei/isaac_projects/isaac_drone_racer/.worktrees/stage1-fake-vio/logs/skrl/stage1_recovery_20260905/2026-09-05_11-37-52/2026-09-05_11-37-57_ppo_torch_stage1_mixed/checkpoints/agent_50400.pt,8358d49b14eff681c47b70db964f4007dbfd07e9212768e13dbf0c17f0afc8d8,150d107225160ac498040fa20d4ccf9e26ec2703,True,fixed_per_environment_quotas_v2,stress,47,68,False,False,,3,1,True,False,0.5819673538208008,1.31,1.1691060066223145,0.5209721922874451,2.7526206970214844
/home/donglei/isaac_projects/isaac_drone_racer/.worktrees/stage1-fake-vio/logs/skrl/stage1_recovery_20260905/2026-09-05_11-37-52/2026-09-05_11-37-57_ppo_torch_stage1_mixed/checkpoints/agent_50400.pt,8358d49b14eff681c47b70db964f4007dbfd07e9212768e13dbf0c17f0afc8d8,150d107225160ac498040fa20d4ccf9e26ec2703,True,fixed_per_environment_quotas_v2,stress,47,69,False,False,,2,3,True,False,11.874719619750977,2.9,1.1871974468231201,0.575360119342804,3.384972095489502
/home/donglei/isaac_projects/isaac_drone_racer/.worktrees/stage1-fake-vio/logs/skrl/stage1_recovery_20260905/2026-09-05_11-37-52/2026-09-05_11-37-57_ppo_torch_stage1_mixed/checkpoints/agent_50400.pt,8358d49b14eff681c47b70db964f4007dbfd07e9212768e13dbf0c17f0afc8d8,150d107225160ac498040fa20d4ccf9e26ec2703,True,fixed_per_environment_quotas_v2,stress,47,70,False,False,,3,0,False,True,-13.256322860717773,2.91,0.8984548449516296,2.035196304321289,2.8770554065704346
/home/donglei/isaac_projects/isaac_drone_racer/.worktrees/stage1-fake-vio/logs/skrl/stage1_recovery_20260905/2026-09-05_11-37-52/2026-09-05_11-37-57_ppo_torch_stage1_mixed/checkpoints/agent_50400.pt,8358d49b14eff681c47b70db964f4007dbfd07e9212768e13dbf0c17f0afc8d8,150d107225160ac498040fa20d4ccf9e26ec2703,True,fixed_per_environment_quotas_v2,stress,47,71,False,False,,3,0,True,False,-3.5474367141723633,0.76,0.8965781927108765,0.3696805238723755,2.359755039215088
/home/donglei/isaac_projects/isaac_drone_racer/.worktrees/stage1-fake-vio/logs/skrl/stage1_recovery_20260905/2026-09-05_11-37-52/2026-09-05_11-37-57_ppo_torch_stage1_mixed/checkpoints/agent_50400.pt,8358d49b14eff681c47b70db964f4007dbfd07e9212768e13dbf0c17f0afc8d8,150d107225160ac498040fa20d4ccf9e26ec2703,True,fixed_per_environment_quotas_v2,stress,47,72,False,False,,4,0,True,False,-2.481173038482666,1.34,1.3950934410095215,0.6255872249603271,2.9243955612182617
/home/donglei/isaac_projects/isaac_drone_racer/.worktrees/stage1-fake-vio/logs/skrl/stage1_recovery_20260905/2026-09-05_11-37-52/2026-09-05_11-37-57_ppo_torch_stage1_mixed/checkpoints/agent_50400.pt,8358d49b14eff681c47b70db964f4007dbfd07e9212768e13dbf0c17f0afc8d8,150d107225160ac498040fa20d4ccf9e26ec2703,True,fixed_per_environment_quotas_v2,stress,47,73,False,False,,6,0,True,False,-3.0792369842529297,1.1,0.9431476593017578,0.5298571586608887,2.66778826713562
/home/donglei/isaac_projects/isaac_drone_racer/.worktrees/stage1-fake-vio/logs/skrl/stage1_recovery_20260905/2026-09-05_11-37-52/2026-09-05_11-37-57_ppo_torch_stage1_mixed/checkpoints/agent_50400.pt,8358d49b14eff681c47b70db964f4007dbfd07e9212768e13dbf0c17f0afc8d8,150d107225160ac498040fa20d4ccf9e26ec2703,True,fixed_per_environment_quotas_v2,stress,47,74,False,False,,7,0,True,False,-4.154724597930908,1.23,0.7511759996414185,0.9129135608673096,2.8480069637298584
/home/donglei/isaac_projects/isaac_drone_racer/.worktrees/stage1-fake-vio/logs/skrl/stage1_recovery_20260905/2026-09-05_11-37-52/2026-09-05_11-37-57_ppo_torch_stage1_mixed/checkpoints/agent_50400.pt,8358d49b14eff681c47b70db964f4007dbfd07e9212768e13dbf0c17f0afc8d8,150d107225160ac498040fa20d4ccf9e26ec2703,True,fixed_per_environment_quotas_v2,stress,47,75,False,False,,4,0,True,False,-6.168138027191162,2.18,1.0907875299453735,0.48431894183158875,2.8618764877319336
/home/donglei/isaac_projects/isaac_drone_racer/.worktrees/stage1-fake-vio/logs/skrl/stage1_recovery_20260905/2026-09-05_11-37-52/2026-09-05_11-37-57_ppo_torch_stage1_mixed/checkpoints/agent_50400.pt,8358d49b14eff681c47b70db964f4007dbfd07e9212768e13dbf0c17f0afc8d8,150d107225160ac498040fa20d4ccf9e26ec2703,True,fixed_per_environment_quotas_v2,stress,47,76,False,False,,4,0,True,False,-5.033621788024902,3.11,0.8036847114562988,0.8786017298698425,2.0793933868408203
/home/donglei/isaac_projects/isaac_drone_racer/.worktrees/stage1-fake-vio/logs/skrl/stage1_recovery_20260905/2026-09-05_11-37-52/2026-09-05_11-37-57_ppo_torch_stage1_mixed/checkpoints/agent_50400.pt,8358d49b14eff681c47b70db964f4007dbfd07e9212768e13dbf0c17f0afc8d8,150d107225160ac498040fa20d4ccf9e26ec2703,True,fixed_per_environment_quotas_v2,stress,47,77,False,False,,4,0,True,False,-2.269134759902954,1.29,0.8442068696022034,0.4396907389163971,1.9336254596710205
/home/donglei/isaac_projects/isaac_drone_racer/.worktrees/stage1-fake-vio/logs/skrl/stage1_recovery_20260905/2026-09-05_11-37-52/2026-09-05_11-37-57_ppo_torch_stage1_mixed/checkpoints/agent_50400.pt,8358d49b14eff681c47b70db964f4007dbfd07e9212768e13dbf0c17f0afc8d8,150d107225160ac498040fa20d4ccf9e26ec2703,True,fixed_per_environment_quotas_v2,stress,47,78,False,False,,4,0,True,False,-2.244227647781372,1.25,1.3125896453857422,0.43298593163490295,2.48258638381958
/home/donglei/isaac_projects/isaac_drone_racer/.worktrees/stage1-fake-vio/logs/skrl/stage1_recovery_20260905/2026-09-05_11-37-52/2026-09-05_11-37-57_ppo_torch_stage1_mixed/checkpoints/agent_50400.pt,8358d49b14eff681c47b70db964f4007dbfd07e9212768e13dbf0c17f0afc8d8,150d107225160ac498040fa20d4ccf9e26ec2703,True,fixed_per_environment_quotas_v2,stress,47,79,False,False,,6,0,True,False,-3.1232657432556152,1.05,1.1108704805374146,0.48910683393478394,4.309005260467529
/home/donglei/isaac_projects/isaac_drone_racer/.worktrees/stage1-fake-vio/logs/skrl/stage1_recovery_20260905/2026-09-05_11-37-52/2026-09-05_11-37-57_ppo_torch_stage1_mixed/checkpoints/agent_50400.pt,8358d49b14eff681c47b70db964f4007dbfd07e9212768e13dbf0c17f0afc8d8,150d107225160ac498040fa20d4ccf9e26ec2703,True,fixed_per_environment_quotas_v2,stress,47,80,False,False,,2,4,True,False,17.49812126159668,3.35,0.8817129731178284,0.2923112213611603,2.2836620807647705
/home/donglei/isaac_projects/isaac_drone_racer/.worktrees/stage1-fake-vio/logs/skrl/stage1_recovery_20260905/2026-09-05_11-37-52/2026-09-05_11-37-57_ppo_torch_stage1_mixed/checkpoints/agent_50400.pt,8358d49b14eff681c47b70db964f4007dbfd07e9212768e13dbf0c17f0afc8d8,150d107225160ac498040fa20d4ccf9e26ec2703,True,fixed_per_environment_quotas_v2,stress,47,81,False,False,,4,3,True,False,12.68617057800293,3.24,1.0324103832244873,0.3610403537750244,2.476287364959717
/home/donglei/isaac_projects/isaac_drone_racer/.worktrees/stage1-fake-vio/logs/skrl/stage1_recovery_20260905/2026-09-05_11-37-52/2026-09-05_11-37-57_ppo_torch_stage1_mixed/checkpoints/agent_50400.pt,8358d49b14eff681c47b70db964f4007dbfd07e9212768e13dbf0c17f0afc8d8,150d107225160ac498040fa20d4ccf9e26ec2703,True,fixed_per_environment_quotas_v2,stress,47,82,False,False,,4,0,True,False,-6.326933860778809,2.08,0.8484652638435364,0.4261263608932495,2.7456066608428955
/home/donglei/isaac_projects/isaac_drone_racer/.worktrees/stage1-fake-vio/logs/skrl/stage1_recovery_20260905/2026-09-05_11-37-52/2026-09-05_11-37-57_ppo_torch_stage1_mixed/checkpoints/agent_50400.pt,8358d49b14eff681c47b70db964f4007dbfd07e9212768e13dbf0c17f0afc8d8,150d107225160ac498040fa20d4ccf9e26ec2703,True,fixed_per_environment_quotas_v2,stress,47,83,False,False,,2,0,False,True,-11.303665161132812,2.46,1.1947828531265259,1.881792664527893,2.4846739768981934
/home/donglei/isaac_projects/isaac_drone_racer/.worktrees/stage1-fake-vio/logs/skrl/stage1_recovery_20260905/2026-09-05_11-37-52/2026-09-05_11-37-57_ppo_torch_stage1_mixed/checkpoints/agent_50400.pt,8358d49b14eff681c47b70db964f4007dbfd07e9212768e13dbf0c17f0afc8d8,150d107225160ac498040fa20d4ccf9e26ec2703,True,fixed_per_environment_quotas_v2,stress,47,84,False,False,,4,0,True,False,-2.4117164611816406,1.37,0.85933917760849,0.42829200625419617,2.4334418773651123
/home/donglei/isaac_projects/isaac_drone_racer/.worktrees/stage1-fake-vio/logs/skrl/stage1_recovery_20260905/2026-09-05_11-37-52/2026-09-05_11-37-57_ppo_torch_stage1_mixed/checkpoints/agent_50400.pt,8358d49b14eff681c47b70db964f4007dbfd07e9212768e13dbf0c17f0afc8d8,150d107225160ac498040fa20d4ccf9e26ec2703,True,fixed_per_environment_quotas_v2,stress,47,85,False,False,,1,1,True,False,1.1350317001342773,1.8900000000000001,0.8404580354690552,0.4524848759174347,2.7130210399627686
/home/donglei/isaac_projects/isaac_drone_racer/.worktrees/stage1-fake-vio/logs/skrl/stage1_recovery_20260905/2026-09-05_11-37-52/2026-09-05_11-37-57_ppo_torch_stage1_mixed/checkpoints/agent_50400.pt,8358d49b14eff681c47b70db964f4007dbfd07e9212768e13dbf0c17f0afc8d8,150d107225160ac498040fa20d4ccf9e26ec2703,True,fixed_per_environment_quotas_v2,stress,47,86,False,False,,2,4,True,False,17.715133666992188,3.64,0.7747300267219543,0.2678945064544678,2.1196837425231934
/home/donglei/isaac_projects/isaac_drone_racer/.worktrees/stage1-fake-vio/logs/skrl/stage1_recovery_20260905/2026-09-05_11-37-52/2026-09-05_11-37-57_ppo_torch_stage1_mixed/checkpoints/agent_50400.pt,8358d49b14eff681c47b70db964f4007dbfd07e9212768e13dbf0c17f0afc8d8,150d107225160ac498040fa20d4ccf9e26ec2703,True,fixed_per_environment_quotas_v2,stress,47,87,False,False,,1,0,True,False,-4.427781105041504,1.31,0.749597430229187,0.7804450392723083,2.7646095752716064
/home/donglei/isaac_projects/isaac_drone_racer/.worktrees/stage1-fake-vio/logs/skrl/stage1_recovery_20260905/2026-09-05_11-37-52/2026-09-05_11-37-57_ppo_torch_stage1_mixed/checkpoints/agent_50400.pt,8358d49b14eff681c47b70db964f4007dbfd07e9212768e13dbf0c17f0afc8d8,150d107225160ac498040fa20d4ccf9e26ec2703,True,fixed_per_environment_quotas_v2,stress,47,88,False,False,,2,3,True,False,8.09605598449707,3.77,0.981985867023468,0.43114006519317627,2.5243871212005615
/home/donglei/isaac_projects/isaac_drone_racer/.worktrees/stage1-fake-vio/logs/skrl/stage1_recovery_20260905/2026-09-05_11-37-52/2026-09-05_11-37-57_ppo_torch_stage1_mixed/checkpoints/agent_50400.pt,8358d49b14eff681c47b70db964f4007dbfd07e9212768e13dbf0c17f0afc8d8,150d107225160ac498040fa20d4ccf9e26ec2703,True,fixed_per_environment_quotas_v2,stress,47,89,False,False,,4,2,True,False,8.989583969116211,3.85,0.8755420446395874,0.40712520480155945,2.5875704288482666
/home/donglei/isaac_projects/isaac_drone_racer/.worktrees/stage1-fake-vio/logs/skrl/stage1_recovery_20260905/2026-09-05_11-37-52/2026-09-05_11-37-57_ppo_torch_stage1_mixed/checkpoints/agent_50400.pt,8358d49b14eff681c47b70db964f4007dbfd07e9212768e13dbf0c17f0afc8d8,150d107225160ac498040fa20d4ccf9e26ec2703,True,fixed_per_environment_quotas_v2,stress,47,90,False,False,,4,1,True,False,3.8305492401123047,2.56,1.08064603805542,0.3770735263824463,2.5094923973083496
/home/donglei/isaac_projects/isaac_drone_racer/.worktrees/stage1-fake-vio/logs/skrl/stage1_recovery_20260905/2026-09-05_11-37-52/2026-09-05_11-37-57_ppo_torch_stage1_mixed/checkpoints/agent_50400.pt,8358d49b14eff681c47b70db964f4007dbfd07e9212768e13dbf0c17f0afc8d8,150d107225160ac498040fa20d4ccf9e26ec2703,True,fixed_per_environment_quotas_v2,stress,47,91,False,False,,6,0,True,False,-3.0703186988830566,1.07,0.7274395227432251,0.40031784772872925,1.9356046915054321
/home/donglei/isaac_projects/isaac_drone_racer/.worktrees/stage1-fake-vio/logs/skrl/stage1_recovery_20260905/2026-09-05_11-37-52/2026-09-05_11-37-57_ppo_torch_stage1_mixed/checkpoints/agent_50400.pt,8358d49b14eff681c47b70db964f4007dbfd07e9212768e13dbf0c17f0afc8d8,150d107225160ac498040fa20d4ccf9e26ec2703,True,fixed_per_environment_quotas_v2,stress,47,92,False,False,,2,5,True,False,22.18901252746582,3.99,0.748344898223877,0.2845676839351654,2.2736802101135254
/home/donglei/isaac_projects/isaac_drone_racer/.worktrees/stage1-fake-vio/logs/skrl/stage1_recovery_20260905/2026-09-05_11-37-52/2026-09-05_11-37-57_ppo_torch_stage1_mixed/checkpoints/agent_50400.pt,8358d49b14eff681c47b70db964f4007dbfd07e9212768e13dbf0c17f0afc8d8,150d107225160ac498040fa20d4ccf9e26ec2703,True,fixed_per_environment_quotas_v2,stress,47,93,False,False,,1,0,True,False,-4.110311031341553,1.2,0.7944130897521973,0.6759102940559387,3.522531509399414
/home/donglei/isaac_projects/isaac_drone_racer/.worktrees/stage1-fake-vio/logs/skrl/stage1_recovery_20260905/2026-09-05_11-37-52/2026-09-05_11-37-57_ppo_torch_stage1_mixed/checkpoints/agent_50400.pt,8358d49b14eff681c47b70db964f4007dbfd07e9212768e13dbf0c17f0afc8d8,150d107225160ac498040fa20d4ccf9e26ec2703,True,fixed_per_environment_quotas_v2,stress,47,94,False,False,,3,0,False,True,-7.671579360961914,3.5100000000000002,1.0690523386001587,1.3586260080337524,3.502819776535034
/home/donglei/isaac_projects/isaac_drone_racer/.worktrees/stage1-fake-vio/logs/skrl/stage1_recovery_20260905/2026-09-05_11-37-52/2026-09-05_11-37-57_ppo_torch_stage1_mixed/checkpoints/agent_50400.pt,8358d49b14eff681c47b70db964f4007dbfd07e9212768e13dbf0c17f0afc8d8,150d107225160ac498040fa20d4ccf9e26ec2703,True,fixed_per_environment_quotas_v2,stress,47,95,False,False,,2,0,True,False,-3.183556079864502,1.05,1.8438657522201538,0.5782227516174316,4.370931625366211
/home/donglei/isaac_projects/isaac_drone_racer/.worktrees/stage1-fake-vio/logs/skrl/stage1_recovery_20260905/2026-09-05_11-37-52/2026-09-05_11-37-57_ppo_torch_stage1_mixed/checkpoints/agent_50400.pt,8358d49b14eff681c47b70db964f4007dbfd07e9212768e13dbf0c17f0afc8d8,150d107225160ac498040fa20d4ccf9e26ec2703,True,fixed_per_environment_quotas_v2,stress,47,96,False,False,,4,2,True,False,9.732601165771484,3.59,1.1995604038238525,0.4512535035610199,2.7714314460754395
/home/donglei/isaac_projects/isaac_drone_racer/.worktrees/stage1-fake-vio/logs/skrl/stage1_recovery_20260905/2026-09-05_11-37-52/2026-09-05_11-37-57_ppo_torch_stage1_mixed/checkpoints/agent_50400.pt,8358d49b14eff681c47b70db964f4007dbfd07e9212768e13dbf0c17f0afc8d8,150d107225160ac498040fa20d4ccf9e26ec2703,True,fixed_per_environment_quotas_v2,stress,47,97,False,False,,2,5,True,False,22.56954574584961,4.29,0.9812020063400269,0.38415077328681946,2.5237958431243896
/home/donglei/isaac_projects/isaac_drone_racer/.worktrees/stage1-fake-vio/logs/skrl/stage1_recovery_20260905/2026-09-05_11-37-52/2026-09-05_11-37-57_ppo_torch_stage1_mixed/checkpoints/agent_50400.pt,8358d49b14eff681c47b70db964f4007dbfd07e9212768e13dbf0c17f0afc8d8,150d107225160ac498040fa20d4ccf9e26ec2703,True,fixed_per_environment_quotas_v2,stress,47,98,False,False,,2,3,True,False,13.213483810424805,3.72,1.3137319087982178,0.7033556699752808,3.077878475189209
/home/donglei/isaac_projects/isaac_drone_racer/.worktrees/stage1-fake-vio/logs/skrl/stage1_recovery_20260905/2026-09-05_11-37-52/2026-09-05_11-37-57_ppo_torch_stage1_mixed/checkpoints/agent_50400.pt,8358d49b14eff681c47b70db964f4007dbfd07e9212768e13dbf0c17f0afc8d8,150d107225160ac498040fa20d4ccf9e26ec2703,True,fixed_per_environment_quotas_v2,stress,47,99,False,False,,6,0,True,False,-3.096388101577759,1.25,1.2526452541351318,0.7900310754776001,3.1469860076904297
/home/donglei/isaac_projects/isaac_drone_racer/.worktrees/stage1-fake-vio/logs/skrl/stage1_recovery_20260905/2026-09-05_11-37-52/2026-09-05_11-37-57_ppo_torch_stage1_mixed/checkpoints/agent_50400.pt,8358d49b14eff681c47b70db964f4007dbfd07e9212768e13dbf0c17f0afc8d8,150d107225160ac498040fa20d4ccf9e26ec2703,True,fixed_per_environment_quotas_v2,stress,47,100,False,False,,6,2,True,False,8.105484008789062,2.7600000000000002,0.8799318671226501,0.33588042855262756,2.6910433769226074
/home/donglei/isaac_projects/isaac_drone_racer/.worktrees/stage1-fake-vio/logs/skrl/stage1_recovery_20260905/2026-09-05_11-37-52/2026-09-05_11-37-57_ppo_torch_stage1_mixed/checkpoints/agent_50400.pt,8358d49b14eff681c47b70db964f4007dbfd07e9212768e13dbf0c17f0afc8d8,150d107225160ac498040fa20d4ccf9e26ec2703,True,fixed_per_environment_quotas_v2,stress,47,101,False,False,,6,1,True,False,1.537546157836914,1.9100000000000001,1.1655950546264648,0.510285496711731,2.9557838439941406
/home/donglei/isaac_projects/isaac_drone_racer/.worktrees/stage1-fake-vio/logs/skrl/stage1_recovery_20260905/2026-09-05_11-37-52/2026-09-05_11-37-57_ppo_torch_stage1_mixed/checkpoints/agent_50400.pt,8358d49b14eff681c47b70db964f4007dbfd07e9212768e13dbf0c17f0afc8d8,150d107225160ac498040fa20d4ccf9e26ec2703,True,fixed_per_environment_quotas_v2,stress,47,102,False,False,,3,0,True,False,-3.4379024505615234,1.0,1.0830285549163818,0.579316258430481,2.8786795139312744
/home/donglei/isaac_projects/isaac_drone_racer/.worktrees/stage1-fake-vio/logs/skrl/stage1_recovery_20260905/2026-09-05_11-37-52/2026-09-05_11-37-57_ppo_torch_stage1_mixed/checkpoints/agent_50400.pt,8358d49b14eff681c47b70db964f4007dbfd07e9212768e13dbf0c17f0afc8d8,150d107225160ac498040fa20d4ccf9e26ec2703,True,fixed_per_environment_quotas_v2,stress,47,103,False,False,,3,1,True,False,0.6726279258728027,1.42,0.7807307839393616,0.7008047103881836,2.1214141845703125
/home/donglei/isaac_projects/isaac_drone_racer/.worktrees/stage1-fake-vio/logs/skrl/stage1_recovery_20260905/2026-09-05_11-37-52/2026-09-05_11-37-57_ppo_torch_stage1_mixed/checkpoints/agent_50400.pt,8358d49b14eff681c47b70db964f4007dbfd07e9212768e13dbf0c17f0afc8d8,150d107225160ac498040fa20d4ccf9e26ec2703,True,fixed_per_environment_quotas_v2,stress,47,104,False,False,,4,0,True,False,-6.865474700927734,1.49,1.3816982507705688,0.5561931729316711,3.1043665409088135
/home/donglei/isaac_projects/isaac_drone_racer/.worktrees/stage1-fake-vio/logs/skrl/stage1_recovery_20260905/2026-09-05_11-37-52/2026-09-05_11-37-57_ppo_torch_stage1_mixed/checkpoints/agent_50400.pt,8358d49b14eff681c47b70db964f4007dbfd07e9212768e13dbf0c17f0afc8d8,150d107225160ac498040fa20d4ccf9e26ec2703,True,fixed_per_environment_quotas_v2,stress,47,105,False,False,,3,0,True,False,-9.075063705444336,4.78,0.6369173526763916,0.8679968118667603,1.9837859869003296
/home/donglei/isaac_projects/isaac_drone_racer/.worktrees/stage1-fake-vio/logs/skrl/stage1_recovery_20260905/2026-09-05_11-37-52/2026-09-05_11-37-57_ppo_torch_stage1_mixed/checkpoints/agent_50400.pt,8358d49b14eff681c47b70db964f4007dbfd07e9212768e13dbf0c17f0afc8d8,150d107225160ac498040fa20d4ccf9e26ec2703,True,fixed_per_environment_quotas_v2,stress,47,106,False,False,,1,0,True,False,-4.35469913482666,1.42,0.8731234073638916,1.0673456192016602,3.800914764404297
/home/donglei/isaac_projects/isaac_drone_racer/.worktrees/stage1-fake-vio/logs/skrl/stage1_recovery_20260905/2026-09-05_11-37-52/2026-09-05_11-37-57_ppo_torch_stage1_mixed/checkpoints/agent_50400.pt,8358d49b14eff681c47b70db964f4007dbfd07e9212768e13dbf0c17f0afc8d8,150d107225160ac498040fa20d4ccf9e26ec2703,True,fixed_per_environment_quotas_v2,stress,47,107,True,True,5.7700000000000005,,7,False,False,39.54798126220703,5.7700000000000005,0.9881560206413269,0.3249334692955017,2.3241543769836426
/home/donglei/isaac_projects/isaac_drone_racer/.worktrees/stage1-fake-vio/logs/skrl/stage1_recovery_20260905/2026-09-05_11-37-52/2026-09-05_11-37-57_ppo_torch_stage1_mixed/checkpoints/agent_50400.pt,8358d49b14eff681c47b70db964f4007dbfd07e9212768e13dbf0c17f0afc8d8,150d107225160ac498040fa20d4ccf9e26ec2703,True,fixed_per_environment_quotas_v2,stress,47,108,True,True,5.45,,7,False,False,38.79378890991211,5.45,0.9778177738189697,0.2978021800518036,2.4165096282958984
/home/donglei/isaac_projects/isaac_drone_racer/.worktrees/stage1-fake-vio/logs/skrl/stage1_recovery_20260905/2026-09-05_11-37-52/2026-09-05_11-37-57_ppo_torch_stage1_mixed/checkpoints/agent_50400.pt,8358d49b14eff681c47b70db964f4007dbfd07e9212768e13dbf0c17f0afc8d8,150d107225160ac498040fa20d4ccf9e26ec2703,True,fixed_per_environment_quotas_v2,stress,47,109,False,False,,4,0,True,False,-13.163272857666016,7.82,0.6613629460334778,0.5495059490203857,2.438093423843384
/home/donglei/isaac_projects/isaac_drone_racer/.worktrees/stage1-fake-vio/logs/skrl/stage1_recovery_20260905/2026-09-05_11-37-52/2026-09-05_11-37-57_ppo_torch_stage1_mixed/checkpoints/agent_50400.pt,8358d49b14eff681c47b70db964f4007dbfd07e9212768e13dbf0c17f0afc8d8,150d107225160ac498040fa20d4ccf9e26ec2703,True,fixed_per_environment_quotas_v2,stress,47,110,False,False,,3,5,False,True,19.955406188964844,7.0600000000000005,0.8568412065505981,0.8309355974197388,2.709768295288086
/home/donglei/isaac_projects/isaac_drone_racer/.worktrees/stage1-fake-vio/logs/skrl/stage1_recovery_20260905/2026-09-05_11-37-52/2026-09-05_11-37-57_ppo_torch_stage1_mixed/checkpoints/agent_50400.pt,8358d49b14eff681c47b70db964f4007dbfd07e9212768e13dbf0c17f0afc8d8,150d107225160ac498040fa20d4ccf9e26ec2703,True,fixed_per_environment_quotas_v2,stress,47,111,False,False,,6,6,True,False,30.234054565429688,6.66,1.3181685209274292,0.48744451999664307,2.800429105758667
/home/donglei/isaac_projects/isaac_drone_racer/.worktrees/stage1-fake-vio/logs/skrl/stage1_recovery_20260905/2026-09-05_11-37-52/2026-09-05_11-37-57_ppo_torch_stage1_mixed/checkpoints/agent_50400.pt,8358d49b14eff681c47b70db964f4007dbfd07e9212768e13dbf0c17f0afc8d8,150d107225160ac498040fa20d4ccf9e26ec2703,True,fixed_per_environment_quotas_v2,stress,47,112,False,False,,2,4,True,False,18.157569885253906,4.51,1.0047543048858643,0.43152472376823425,2.595686674118042
/home/donglei/isaac_projects/isaac_drone_racer/.worktrees/stage1-fake-vio/logs/skrl/stage1_recovery_20260905/2026-09-05_11-37-52/2026-09-05_11-37-57_ppo_torch_stage1_mixed/checkpoints/agent_50400.pt,8358d49b14eff681c47b70db964f4007dbfd07e9212768e13dbf0c17f0afc8d8,150d107225160ac498040fa20d4ccf9e26ec2703,True,fixed_per_environment_quotas_v2,stress,47,113,False,False,,6,1,True,False,1.4990406036376953,1.77,0.9854674935340881,0.6638725996017456,3.9846889972686768
/home/donglei/isaac_projects/isaac_drone_racer/.worktrees/stage1-fake-vio/logs/skrl/stage1_recovery_20260905/2026-09-05_11-37-52/2026-09-05_11-37-57_ppo_torch_stage1_mixed/checkpoints/agent_50400.pt,8358d49b14eff681c47b70db964f4007dbfd07e9212768e13dbf0c17f0afc8d8,150d107225160ac498040fa20d4ccf9e26ec2703,True,fixed_per_environment_quotas_v2,stress,47,114,True,True,6.2,,7,False,False,39.84187316894531,6.2,1.0696786642074585,0.2962867021560669,2.5430850982666016
/home/donglei/isaac_projects/isaac_drone_racer/.worktrees/stage1-fake-vio/logs/skrl/stage1_recovery_20260905/2026-09-05_11-37-52/2026-09-05_11-37-57_ppo_torch_stage1_mixed/checkpoints/agent_50400.pt,8358d49b14eff681c47b70db964f4007dbfd07e9212768e13dbf0c17f0afc8d8,150d107225160ac498040fa20d4ccf9e26ec2703,True,fixed_per_environment_quotas_v2,stress,47,115,False,False,,6,1,True,False,1.409036636352539,1.57,1.3645851612091064,0.6154859066009521,3.3133609294891357
/home/donglei/isaac_projects/isaac_drone_racer/.worktrees/stage1-fake-vio/logs/skrl/stage1_recovery_20260905/2026-09-05_11-37-52/2026-09-05_11-37-57_ppo_torch_stage1_mixed/checkpoints/agent_50400.pt,8358d49b14eff681c47b70db964f4007dbfd07e9212768e13dbf0c17f0afc8d8,150d107225160ac498040fa20d4ccf9e26ec2703,True,fixed_per_environment_quotas_v2,stress,47,116,True,True,6.3,,7,False,False,39.89910125732422,6.3,0.8061880469322205,0.28408196568489075,2.0398268699645996
/home/donglei/isaac_projects/isaac_drone_racer/.worktrees/stage1-fake-vio/logs/skrl/stage1_recovery_20260905/2026-09-05_11-37-52/2026-09-05_11-37-57_ppo_torch_stage1_mixed/checkpoints/agent_50400.pt,8358d49b14eff681c47b70db964f4007dbfd07e9212768e13dbf0c17f0afc8d8,150d107225160ac498040fa20d4ccf9e26ec2703,True,fixed_per_environment_quotas_v2,stress,47,117,False,False,,4,4,True,False,11.378202438354492,9.99,1.1577270030975342,0.7991008162498474,3.3474578857421875
/home/donglei/isaac_projects/isaac_drone_racer/.worktrees/stage1-fake-vio/logs/skrl/stage1_recovery_20260905/2026-09-05_11-37-52/2026-09-05_11-37-57_ppo_torch_stage1_mixed/checkpoints/agent_50400.pt,8358d49b14eff681c47b70db964f4007dbfd07e9212768e13dbf0c17f0afc8d8,150d107225160ac498040fa20d4ccf9e26ec2703,True,fixed_per_environment_quotas_v2,stress,47,118,False,False,,2,4,True,False,13.731801986694336,4.29,0.708320140838623,0.4544079303741455,2.2266979217529297
/home/donglei/isaac_projects/isaac_drone_racer/.worktrees/stage1-fake-vio/logs/skrl/stage1_recovery_20260905/2026-09-05_11-37-52/2026-09-05_11-37-57_ppo_torch_stage1_mixed/checkpoints/agent_50400.pt,8358d49b14eff681c47b70db964f4007dbfd07e9212768e13dbf0c17f0afc8d8,150d107225160ac498040fa20d4ccf9e26ec2703,True,fixed_per_environment_quotas_v2,stress,47,119,True,True,5.54,,7,False,False,38.861087799072266,5.54,0.8488540053367615,0.3013986349105835,2.143527030944824
/home/donglei/isaac_projects/isaac_drone_racer/.worktrees/stage1-fake-vio/logs/skrl/stage1_recovery_20260905/2026-09-05_11-37-52/2026-09-05_11-37-57_ppo_torch_stage1_mixed/checkpoints/agent_50400.pt,8358d49b14eff681c47b70db964f4007dbfd07e9212768e13dbf0c17f0afc8d8,150d107225160ac498040fa20d4ccf9e26ec2703,True,fixed_per_environment_quotas_v2,stress,47,120,True,True,6.41,,7,False,False,39.85853576660156,6.41,0.9658586978912354,0.3330127000808716,2.8443145751953125
/home/donglei/isaac_projects/isaac_drone_racer/.worktrees/stage1-fake-vio/logs/skrl/stage1_recovery_20260905/2026-09-05_11-37-52/2026-09-05_11-37-57_ppo_torch_stage1_mixed/checkpoints/agent_50400.pt,8358d49b14eff681c47b70db964f4007dbfd07e9212768e13dbf0c17f0afc8d8,150d107225160ac498040fa20d4ccf9e26ec2703,True,fixed_per_environment_quotas_v2,stress,47,121,False,False,,7,0,False,True,-11.84577751159668,2.5300000000000002,1.3537726402282715,2.2754580974578857,4.0652642250061035
/home/donglei/isaac_projects/isaac_drone_racer/.worktrees/stage1-fake-vio/logs/skrl/stage1_recovery_20260905/2026-09-05_11-37-52/2026-09-05_11-37-57_ppo_torch_stage1_mixed/checkpoints/agent_50400.pt,8358d49b14eff681c47b70db964f4007dbfd07e9212768e13dbf0c17f0afc8d8,150d107225160ac498040fa20d4ccf9e26ec2703,True,fixed_per_environment_quotas_v2,stress,47,122,True,True,6.37,,7,False,False,39.88949966430664,6.37,0.8080248236656189,0.3054325580596924,2.0729126930236816
/home/donglei/isaac_projects/isaac_drone_racer/.worktrees/stage1-fake-vio/logs/skrl/stage1_recovery_20260905/2026-09-05_11-37-52/2026-09-05_11-37-57_ppo_torch_stage1_mixed/checkpoints/agent_50400.pt,8358d49b14eff681c47b70db964f4007dbfd07e9212768e13dbf0c17f0afc8d8,150d107225160ac498040fa20d4ccf9e26ec2703,True,fixed_per_environment_quotas_v2,stress,47,123,False,False,,6,0,True,False,-3.1247384548187256,1.17,1.0875985622406006,0.6256882548332214,3.026522636413574
/home/donglei/isaac_projects/isaac_drone_racer/.worktrees/stage1-fake-vio/logs/skrl/stage1_recovery_20260905/2026-09-05_11-37-52/2026-09-05_11-37-57_ppo_torch_stage1_mixed/checkpoints/agent_50400.pt,8358d49b14eff681c47b70db964f4007dbfd07e9212768e13dbf0c17f0afc8d8,150d107225160ac498040fa20d4ccf9e26ec2703,True,fixed_per_environment_quotas_v2,stress,47,124,True,True,6.32,,7,False,False,39.73846435546875,6.32,0.9388459920883179,0.3153223991394043,2.5101330280303955
/home/donglei/isaac_projects/isaac_drone_racer/.worktrees/stage1-fake-vio/logs/skrl/stage1_recovery_20260905/2026-09-05_11-37-52/2026-09-05_11-37-57_ppo_torch_stage1_mixed/checkpoints/agent_50400.pt,8358d49b14eff681c47b70db964f4007dbfd07e9212768e13dbf0c17f0afc8d8,150d107225160ac498040fa20d4ccf9e26ec2703,True,fixed_per_environment_quotas_v2,stress,47,125,True,True,6.43,,7,False,False,39.900604248046875,6.43,0.7801726460456848,0.2994250953197479,2.014662027359009
/home/donglei/isaac_projects/isaac_drone_racer/.worktrees/stage1-fake-vio/logs/skrl/stage1_recovery_20260905/2026-09-05_11-37-52/2026-09-05_11-37-57_ppo_torch_stage1_mixed/checkpoints/agent_50400.pt,8358d49b14eff681c47b70db964f4007dbfd07e9212768e13dbf0c17f0afc8d8,150d107225160ac498040fa20d4ccf9e26ec2703,True,fixed_per_environment_quotas_v2,stress,47,126,False,False,,2,0,True,False,-3.122540235519409,1.04,0.7795539498329163,0.350589394569397,2.263263463973999
/home/donglei/isaac_projects/isaac_drone_racer/.worktrees/stage1-fake-vio/logs/skrl/stage1_recovery_20260905/2026-09-05_11-37-52/2026-09-05_11-37-57_ppo_torch_stage1_mixed/checkpoints/agent_50400.pt,8358d49b14eff681c47b70db964f4007dbfd07e9212768e13dbf0c17f0afc8d8,150d107225160ac498040fa20d4ccf9e26ec2703,True,fixed_per_environment_quotas_v2,stress,47,127,False,False,,6,1,True,False,1.0295710563659668,1.6300000000000001,0.6567308902740479,0.36687883734703064,1.5737826824188232
