[INFO] [launch]: All log files can be found below /home/donglei/.ros/log/2026-09-12-17-04-20-510761-donglei-E500-G9-WS760T-170706
[INFO] [launch]: Default logging verbosity is set to INFO
[INFO] [run_subscribe_msckf-1]: process started with pid [170709]
[run_subscribe_msckf-1] [32moverriding node [1m[32mverbosity[0m[32m with value from ROS!
[run_subscribe_msckf-1] [0mSetting printing level to: INFO
[run_subscribe_msckf-1] [32moverriding node [1m[32mmax_cameras[0m[32m with value from ROS!
[run_subscribe_msckf-1] [0m[32moverriding node [1m[32mmax_cameras[0m[32m with value from ROS!
[run_subscribe_msckf-1] [0m[32moverriding node [1m[32muse_stereo[0m[32m with value from ROS!
[run_subscribe_msckf-1] [0mparameter T_imu_cam not found, trying T_cam_imu instead (will return T_imu_cam still)!
[run_subscribe_msckf-1] [32moverriding node [1m[32muse_stereo[0m[32m with value from ROS!
[run_subscribe_msckf-1] [0mparameter T_imu_cam not found, trying T_cam_imu instead (will return T_imu_cam still)!
[run_subscribe_msckf-1] subscribing to IMU: /swift/imu
[run_subscribe_msckf-1] subscribing to cam (mono): /swift/camera/image_raw
[run_subscribe_msckf-1] [34m[TIME]: 0.0012 seconds total (809.1 hz, 0.25 ms behind)
[run_subscribe_msckf-1] [0m[34m[TIME]: 0.0009 seconds total (1166.9 hz, 0.25 ms behind)
[run_subscribe_msckf-1] [0m[34m[TIME]: 0.0008 seconds total (1186.2 hz, 0.25 ms behind)
[run_subscribe_msckf-1] [0m[34m[TIME]: 0.0007 seconds total (1412.4 hz, 0.25 ms behind)
[run_subscribe_msckf-1] [0m[34m[TIME]: 0.0008 seconds total (1310.6 hz, 0.25 ms behind)
[run_subscribe_msckf-1] [0m[34m[TIME]: 0.0007 seconds total (1396.6 hz, 0.25 ms behind)
[run_subscribe_msckf-1] [0m[34m[TIME]: 0.0006 seconds total (1602.6 hz, 0.25 ms behind)
[run_subscribe_msckf-1] [0m[34m[TIME]: 0.0006 seconds total (1788.9 hz, 0.25 ms behind)
[run_subscribe_msckf-1] [0m[34m[TIME]: 0.0006 seconds total (1754.4 hz, 0.25 ms behind)
[run_subscribe_msckf-1] [0m[34m[TIME]: 0.0006 seconds total (1785.7 hz, 0.25 ms behind)
[run_subscribe_msckf-1] [0m[34m[TIME]: 0.0006 seconds total (1612.9 hz, 0.25 ms behind)
[run_subscribe_msckf-1] [0m[34m[TIME]: 0.0006 seconds total (1782.5 hz, 0.25 ms behind)
[run_subscribe_msckf-1] [0m[34m[TIME]: 0.0006 seconds total (1776.2 hz, 0.25 ms behind)
[run_subscribe_msckf-1] [0m[34m[TIME]: 0.0006 seconds total (1692.0 hz, 0.25 ms behind)
[run_subscribe_msckf-1] [0m[34m[TIME]: 0.0006 seconds total (1766.8 hz, 0.25 ms behind)
[run_subscribe_msckf-1] [0m[34m[TIME]: 0.0006 seconds total (1776.2 hz, 0.25 ms behind)
[run_subscribe_msckf-1] [0m[34m[TIME]: 0.0006 seconds total (1703.6 hz, 0.25 ms behind)
[run_subscribe_msckf-1] [0m[34m[TIME]: 0.0007 seconds total (1447.2 hz, 0.25 ms behind)
[run_subscribe_msckf-1] [0m[34m[TIME]: 0.0006 seconds total (1721.2 hz, 0.25 ms behind)
[run_subscribe_msckf-1] [0m[34m[TIME]: 0.0006 seconds total (1792.1 hz, 0.25 ms behind)
[run_subscribe_msckf-1] [0m[34m[TIME]: 0.0006 seconds total (1782.5 hz, 0.25 ms behind)
[run_subscribe_msckf-1] [0m[34m[TIME]: 0.0006 seconds total (1680.7 hz, 0.25 ms behind)
[run_subscribe_msckf-1] [0m[34m[TIME]: 0.0006 seconds total (1697.8 hz, 0.25 ms behind)
[run_subscribe_msckf-1] [0m[34m[TIME]: 0.0006 seconds total (1700.7 hz, 0.25 ms behind)
[run_subscribe_msckf-1] [0m[34m[TIME]: 0.0005 seconds total (1821.5 hz, 0.25 ms behind)
[run_subscribe_msckf-1] [0m[34m[TIME]: 0.0006 seconds total (1792.1 hz, 0.25 ms behind)
[run_subscribe_msckf-1] [0m[34m[TIME]: 0.0006 seconds total (1779.4 hz, 0.25 ms behind)
[run_subscribe_msckf-1] [0m[34m[TIME]: 0.0006 seconds total (1760.6 hz, 0.25 ms behind)
[run_subscribe_msckf-1] [0m[34m[TIME]: 0.0006 seconds total (1724.1 hz, 0.25 ms behind)
[run_subscribe_msckf-1] [0m[34m[TIME]: 0.0005 seconds total (1818.2 hz, 0.25 ms behind)
[run_subscribe_msckf-1] [0m[34m[TIME]: 0.0006 seconds total (1811.6 hz, 0.25 ms behind)
[run_subscribe_msckf-1] [0m[34m[TIME]: 0.0006 seconds total (1792.1 hz, 0.25 ms behind)
[run_subscribe_msckf-1] [0m[34m[TIME]: 0.0005 seconds total (1834.9 hz, 0.25 ms behind)
[run_subscribe_msckf-1] [0m[34m[TIME]: 0.0006 seconds total (1605.1 hz, 0.25 ms behind)
[run_subscribe_msckf-1] [0m[34m[TIME]: 0.0006 seconds total (1626.0 hz, 0.25 ms behind)
[run_subscribe_msckf-1] [0m[34m[TIME]: 0.0006 seconds total (1712.3 hz, 0.25 ms behind)
[run_subscribe_msckf-1] [0m[34m[TIME]: 0.0006 seconds total (1763.7 hz, 0.25 ms behind)
[run_subscribe_msckf-1] [0m[34m[TIME]: 0.0006 seconds total (1697.8 hz, 0.25 ms behind)
[run_subscribe_msckf-1] [0m[34m[TIME]: 0.0006 seconds total (1739.1 hz, 0.25 ms behind)
[run_subscribe_msckf-1] [0m[34m[TIME]: 0.0006 seconds total (1776.2 hz, 0.25 ms behind)
[run_subscribe_msckf-1] [0m[34m[TIME]: 0.0006 seconds total (1776.2 hz, 0.25 ms behind)
[run_subscribe_msckf-1] [0m[34m[TIME]: 0.0006 seconds total (1779.4 hz, 0.25 ms behind)
[run_subscribe_msckf-1] [0m[34m[TIME]: 0.0006 seconds total (1782.5 hz, 0.25 ms behind)
[run_subscribe_msckf-1] [0m[34m[TIME]: 0.0006 seconds total (1745.2 hz, 0.25 ms behind)
[run_subscribe_msckf-1] [0m[34m[TIME]: 0.0006 seconds total (1776.2 hz, 0.25 ms behind)
[run_subscribe_msckf-1] [0m[34m[TIME]: 0.0006 seconds total (1736.1 hz, 0.25 ms behind)
[run_subscribe_msckf-1] [0m[34m[TIME]: 0.0006 seconds total (1739.1 hz, 0.25 ms behind)
[run_subscribe_msckf-1] [0m[34m[TIME]: 0.0006 seconds total (1779.4 hz, 0.25 ms behind)
[run_subscribe_msckf-1] [0m[34m[TIME]: 0.0006 seconds total (1754.4 hz, 0.25 ms behind)
[run_subscribe_msckf-1] [0m[34m[TIME]: 0.0006 seconds total (1623.4 hz, 0.25 ms behind)
[run_subscribe_msckf-1] [0m[34m[TIME]: 0.0006 seconds total (1763.7 hz, 0.25 ms behind)
[run_subscribe_msckf-1] [0m[34m[TIME]: 0.0006 seconds total (1766.8 hz, 0.25 ms behind)
[run_subscribe_msckf-1] [0m[34m[TIME]: 0.0006 seconds total (1782.5 hz, 0.25 ms behind)
[run_subscribe_msckf-1] [0m[34m[TIME]: 0.0006 seconds total (1703.6 hz, 0.25 ms behind)
[run_subscribe_msckf-1] [0m[34m[TIME]: 0.0006 seconds total (1811.6 hz, 0.25 ms behind)
[run_subscribe_msckf-1] [0m[34m[TIME]: 0.0006 seconds total (1712.3 hz, 0.25 ms behind)
[run_subscribe_msckf-1] [0m[34m[TIME]: 0.0006 seconds total (1733.1 hz, 0.25 ms behind)
[run_subscribe_msckf-1] [0m[34m[TIME]: 0.0006 seconds total (1808.3 hz, 0.25 ms behind)
[run_subscribe_msckf-1] [0m[34m[TIME]: 0.0006 seconds total (1788.9 hz, 0.25 ms behind)
[run_subscribe_msckf-1] [0m[34m[TIME]: 0.0005 seconds total (1831.5 hz, 0.25 ms behind)
[run_subscribe_msckf-1] [0m[34m[TIME]: 0.0006 seconds total (1739.1 hz, 0.25 ms behind)
[run_subscribe_msckf-1] [0m[34m[TIME]: 0.0006 seconds total (1628.7 hz, 0.25 ms behind)
[run_subscribe_msckf-1] [0m[34m[TIME]: 0.0005 seconds total (1818.2 hz, 0.25 ms behind)
[run_subscribe_msckf-1] [0m[34m[TIME]: 0.0006 seconds total (1666.7 hz, 0.25 ms behind)
[run_subscribe_msckf-1] [0m[33m[init]: disparity is 7.789,1.934 (3.00 thresh)
[run_subscribe_msckf-1] [0m[31m[init-d]: only 36 valid features of required (48 thresh)!!
[run_subscribe_msckf-1] [0m[34m[TIME]: 0.0006 seconds total (1782.5 hz, 0.25 ms behind)
[run_subscribe_msckf-1] [0m[33m[init]: disparity is 7.350,2.250 (3.00 thresh)
[run_subscribe_msckf-1] [0m[31m[init-d]: only 35 valid features of required (48 thresh)!!
[run_subscribe_msckf-1] [0m[34m[TIME]: 0.0006 seconds total (1773.0 hz, 0.25 ms behind)
[run_subscribe_msckf-1] [0m[33m[init]: disparity is 7.400,2.667 (3.00 thresh)
[run_subscribe_msckf-1] [0m[31m[init-d]: only 34 valid features of required (48 thresh)!!
[run_subscribe_msckf-1] [0m[34m[TIME]: 0.0006 seconds total (1782.5 hz, 0.25 ms behind)
[run_subscribe_msckf-1] [0m[33m[init]: disparity is 6.668,2.706 (3.00 thresh)
[run_subscribe_msckf-1] [0m[31m[init-d]: only 34 valid features of required (48 thresh)!!
[run_subscribe_msckf-1] [0m[34m[TIME]: 0.0006 seconds total (1712.3 hz, 0.25 ms behind)
[run_subscribe_msckf-1] [0m[33m[init]: disparity is 6.825,3.115 (3.00 thresh)
[run_subscribe_msckf-1] [0m[31m[init-d]: only 34 valid features of required (48 thresh)!!
[run_subscribe_msckf-1] [0m[34m[TIME]: 0.0006 seconds total (1733.1 hz, 0.25 ms behind)
[run_subscribe_msckf-1] [0m[33m[init]: disparity is 6.205,3.149 (3.00 thresh)
[run_subscribe_msckf-1] [0m[31m[init-d]: only 34 valid features of required (48 thresh)!!
[run_subscribe_msckf-1] [0m[34m[TIME]: 0.0006 seconds total (1805.1 hz, 0.25 ms behind)
[run_subscribe_msckf-1] [0m[33m[init]: disparity is 6.190,3.567 (3.00 thresh)
[run_subscribe_msckf-1] [0m[31m[init-d]: only 32 valid features of required (48 thresh)!!
[run_subscribe_msckf-1] [0m[34m[TIME]: 0.0006 seconds total (1776.2 hz, 0.25 ms behind)
[run_subscribe_msckf-1] [0m[33m[init]: disparity is 5.751,3.496 (3.00 thresh)
[run_subscribe_msckf-1] [0m[31m[init-d]: only 32 valid features of required (48 thresh)!!
[run_subscribe_msckf-1] [0m[34m[TIME]: 0.0006 seconds total (1814.9 hz, 0.25 ms behind)
[run_subscribe_msckf-1] [0m[33m[init]: disparity is 5.564,3.911 (3.00 thresh)
[run_subscribe_msckf-1] [0m[31m[init-d]: only 32 valid features of required (48 thresh)!!
[run_subscribe_msckf-1] [0m[34m[TIME]: 0.0006 seconds total (1748.3 hz, 0.25 ms behind)
[run_subscribe_msckf-1] [0m[33m[init]: disparity is 5.445,3.822 (3.00 thresh)
[run_subscribe_msckf-1] [0m[31m[init-d]: only 32 valid features of required (48 thresh)!!
[run_subscribe_msckf-1] [0m[34m[TIME]: 0.0005 seconds total (1848.4 hz, 0.25 ms behind)
[run_subscribe_msckf-1] [0m[33m[init]: disparity is 4.861,4.184 (3.00 thresh)
[run_subscribe_msckf-1] [0m[31m[init-d]: only 32 valid features of required (48 thresh)!!
[run_subscribe_msckf-1] [0m[34m[TIME]: 0.0006 seconds total (1788.9 hz, 0.25 ms behind)
[run_subscribe_msckf-1] [0m[33m[init]: disparity is 4.450,4.161 (3.00 thresh)
[run_subscribe_msckf-1] [0m[31m[init-d]: only 32 valid features of required (48 thresh)!!
[run_subscribe_msckf-1] [0m[34m[TIME]: 0.0006 seconds total (1808.3 hz, 0.25 ms behind)
[run_subscribe_msckf-1] [0m[33m[init]: disparity is 4.535,4.387 (3.00 thresh)
[run_subscribe_msckf-1] [0m[31m[init-d]: only 32 valid features of required (48 thresh)!!
[run_subscribe_msckf-1] [0m[34m[TIME]: 0.0006 seconds total (1795.3 hz, 0.25 ms behind)
[run_subscribe_msckf-1] [0m[33m[init]: disparity is 4.159,4.471 (3.00 thresh)
[run_subscribe_msckf-1] [0m[31m[init-d]: only 32 valid features of required (48 thresh)!!
[run_subscribe_msckf-1] [0m[34m[TIME]: 0.0006 seconds total (1779.4 hz, 0.25 ms behind)
[run_subscribe_msckf-1] [0m[33m[init]: disparity is 3.870,4.519 (3.00 thresh)
[run_subscribe_msckf-1] [0m[31m[init-d]: only 32 valid features of required (48 thresh)!!
[run_subscribe_msckf-1] [0m[34m[TIME]: 0.0006 seconds total (1814.9 hz, 0.25 ms behind)
[run_subscribe_msckf-1] [0m[33m[init]: disparity is 3.176,4.440 (3.00 thresh)
[run_subscribe_msckf-1] [0m[31m[init-d]: only 32 valid features of required (48 thresh)!!
[run_subscribe_msckf-1] [0m[34m[TIME]: 0.0006 seconds total (1773.0 hz, 0.25 ms behind)
[run_subscribe_msckf-1] [0m[33m[init]: disparity is 3.196,4.582 (3.00 thresh)
[run_subscribe_msckf-1] [0m[31m[init-d]: only 32 valid features of required (48 thresh)!!
[run_subscribe_msckf-1] [0m[34m[TIME]: 0.0006 seconds total (1811.6 hz, 0.25 ms behind)
[run_subscribe_msckf-1] [0m[33m[init]: disparity is 2.797,4.670 (3.00 thresh)
[run_subscribe_msckf-1] [0m[31m[init-d]: only 32 valid features of required (48 thresh)!!
[run_subscribe_msckf-1] [0m[34m[TIME]: 0.0005 seconds total (1848.4 hz, 0.25 ms behind)
[run_subscribe_msckf-1] [0m[33m[init]: disparity is 2.338,4.719 (3.00 thresh)
[run_subscribe_msckf-1] [0m[31m[init-d]: only 32 valid features of required (48 thresh)!!
[run_subscribe_msckf-1] [0m[34m[TIME]: 0.0006 seconds total (1792.1 hz, 0.25 ms behind)
[run_subscribe_msckf-1] [0m[33m[init]: disparity is 2.213,4.683 (3.00 thresh)
[run_subscribe_msckf-1] [0m[31m[init-d]: only 32 valid features of required (48 thresh)!!
[run_subscribe_msckf-1] [0m[34m[TIME]: 0.0006 seconds total (1675.0 hz, 0.25 ms behind)
[run_subscribe_msckf-1] [0m[33m[init]: disparity is 1.501,4.705 (3.00 thresh)
[run_subscribe_msckf-1] [0m[31m[init-d]: only 32 valid features of required (48 thresh)!!
[run_subscribe_msckf-1] [0m[34m[TIME]: 0.0006 seconds total (1814.9 hz, 0.25 ms behind)
[run_subscribe_msckf-1] [0m[33m[init]: disparity is 1.329,4.680 (3.00 thresh)
[run_subscribe_msckf-1] [0m[31m[init-d]: only 32 valid features of required (48 thresh)!!
[run_subscribe_msckf-1] [0m[34m[TIME]: 0.0006 seconds total (1730.1 hz, 0.25 ms behind)
[run_subscribe_msckf-1] [0m[33m[init]: disparity is 1.127,4.671 (3.00 thresh)
[run_subscribe_msckf-1] [0m[31m[init-d]: only 32 valid features of required (48 thresh)!!
[run_subscribe_msckf-1] [0m[34m[TIME]: 0.0006 seconds total (1801.8 hz, 0.25 ms behind)
[run_subscribe_msckf-1] [0m[33m[init]: disparity is 0.864,4.814 (3.00 thresh)
[run_subscribe_msckf-1] [0m[31m[init-d]: only 32 valid features of required (48 thresh)!!
[run_subscribe_msckf-1] [0m[34m[TIME]: 0.0006 seconds total (1769.9 hz, 0.25 ms behind)
[run_subscribe_msckf-1] [0m[33m[init]: disparity is 0.798,4.678 (3.00 thresh)
[run_subscribe_msckf-1] [0m[31m[init-d]: only 32 valid features of required (48 thresh)!!
[run_subscribe_msckf-1] [0m[34m[TIME]: 0.0006 seconds total (1642.0 hz, 0.25 ms behind)
[run_subscribe_msckf-1] [0m[33m[init]: disparity is 0.914,4.733 (3.00 thresh)
[run_subscribe_msckf-1] [0m[31m[init-d]: only 32 valid features of required (48 thresh)!!
[run_subscribe_msckf-1] [0m[34m[TIME]: 0.0006 seconds total (1694.9 hz, 0.25 ms behind)
[run_subscribe_msckf-1] [0m[33m[init]: disparity is 0.965,4.684 (3.00 thresh)
[run_subscribe_msckf-1] [0m[31m[init-d]: only 32 valid features of required (48 thresh)!!
[run_subscribe_msckf-1] [0m[34m[TIME]: 0.0006 seconds total (1776.2 hz, 0.25 ms behind)
[run_subscribe_msckf-1] [0m[33m[init]: disparity is 1.098,4.716 (3.00 thresh)
[run_subscribe_msckf-1] [0m[31m[init-d]: only 32 valid features of required (48 thresh)!!
[run_subscribe_msckf-1] [0m[34m[TIME]: 0.0006 seconds total (1769.9 hz, 0.25 ms behind)
[run_subscribe_msckf-1] [0m[33m[init]: disparity is 1.372,4.669 (3.00 thresh)
[run_subscribe_msckf-1] [0m[31m[init-d]: only 32 valid features of required (48 thresh)!!
[run_subscribe_msckf-1] [0m[34m[TIME]: 0.0006 seconds total (1748.3 hz, 0.25 ms behind)
[run_subscribe_msckf-1] [0m[33m[init]: disparity is 1.588,4.709 (3.00 thresh)
[run_subscribe_msckf-1] [0m[31m[init-d]: only 32 valid features of required (48 thresh)!!
[run_subscribe_msckf-1] [0m[34m[TIME]: 0.0006 seconds total (1692.0 hz, 0.25 ms behind)
[run_subscribe_msckf-1] [0m[33m[init]: disparity is 1.934,4.628 (3.00 thresh)
[run_subscribe_msckf-1] [0m[31m[init-d]: only 32 valid features of required (48 thresh)!!
[run_subscribe_msckf-1] [0m[34m[TIME]: 0.0006 seconds total (1736.1 hz, 0.25 ms behind)
[run_subscribe_msckf-1] [0m[33m[init]: disparity is 2.072,4.646 (3.00 thresh)
[run_subscribe_msckf-1] [0m[31m[init-d]: only 32 valid features of required (48 thresh)!!
[run_subscribe_msckf-1] [0m[34m[TIME]: 0.0006 seconds total (1763.7 hz, 0.25 ms behind)
[run_subscribe_msckf-1] [0m[33m[init]: disparity is 2.502,4.744 (3.00 thresh)
[run_subscribe_msckf-1] [0m[31m[init-d]: only 32 valid features of required (48 thresh)!!
[run_subscribe_msckf-1] [0m[34m[TIME]: 0.0006 seconds total (1808.3 hz, 0.25 ms behind)
[run_subscribe_msckf-1] [0m[33m[init]: disparity is 2.753,4.671 (3.00 thresh)
[run_subscribe_msckf-1] [0m[31m[init-d]: only 32 valid features of required (48 thresh)!!
[run_subscribe_msckf-1] [0m[34m[TIME]: 0.0006 seconds total (1760.6 hz, 0.25 ms behind)
[run_subscribe_msckf-1] [0m[33m[init]: disparity is 2.927,4.628 (3.00 thresh)
[run_subscribe_msckf-1] [0m[31m[init-d]: only 32 valid features of required (48 thresh)!!
[run_subscribe_msckf-1] [0m[34m[TIME]: 0.0006 seconds total (1730.1 hz, 0.25 ms behind)
[run_subscribe_msckf-1] [0m[33m[init]: disparity is 3.259,4.662 (3.00 thresh)
[run_subscribe_msckf-1] [0m[31m[init-d]: only 32 valid features of required (48 thresh)!!
[run_subscribe_msckf-1] [0m[34m[TIME]: 0.0006 seconds total (1680.7 hz, 0.25 ms behind)
[run_subscribe_msckf-1] [0m[33m[init]: disparity is 3.455,4.666 (3.00 thresh)
[run_subscribe_msckf-1] [0m[31m[init-d]: only 32 valid features of required (48 thresh)!!
[run_subscribe_msckf-1] [0m[34m[TIME]: 0.0006 seconds total (1763.7 hz, 0.25 ms behind)
[run_subscribe_msckf-1] [0m[33m[init]: disparity is 3.610,4.691 (3.00 thresh)
[run_subscribe_msckf-1] [0m[31m[init-d]: only 32 valid features of required (48 thresh)!!
[run_subscribe_msckf-1] [0m[34m[TIME]: 0.0006 seconds total (1706.5 hz, 0.25 ms behind)
[run_subscribe_msckf-1] [0m[33m[init]: disparity is 3.805,4.701 (3.00 thresh)
[run_subscribe_msckf-1] [0m[31m[init-d]: only 32 valid features of required (48 thresh)!!
[run_subscribe_msckf-1] [0m[34m[TIME]: 0.0006 seconds total (1779.4 hz, 0.25 ms behind)
[run_subscribe_msckf-1] [0m[33m[init]: disparity is 3.962,4.750 (3.00 thresh)
[run_subscribe_msckf-1] [0m[31m[init-d]: only 32 valid features of required (48 thresh)!!
[run_subscribe_msckf-1] [0m[34m[TIME]: 0.0006 seconds total (1748.3 hz, 0.25 ms behind)
[run_subscribe_msckf-1] [0m[33m[init]: disparity is 4.100,4.610 (3.00 thresh)
[run_subscribe_msckf-1] [0m[31m[init-d]: only 32 valid features of required (48 thresh)!!
[run_subscribe_msckf-1] [0m[34m[TIME]: 0.0006 seconds total (1766.8 hz, 0.25 ms behind)
[run_subscribe_msckf-1] [0m[33m[init]: disparity is 4.312,4.793 (3.00 thresh)
[run_subscribe_msckf-1] [0m[31m[init-d]: only 32 valid features of required (48 thresh)!!
[run_subscribe_msckf-1] [0m[34m[TIME]: 0.0006 seconds total (1766.8 hz, 0.25 ms behind)
[run_subscribe_msckf-1] [0m[33m[init]: disparity is 4.387,4.622 (3.00 thresh)
[run_subscribe_msckf-1] [0m[31m[init-d]: only 32 valid features of required (48 thresh)!!
[run_subscribe_msckf-1] [0m[34m[TIME]: 0.0006 seconds total (1792.1 hz, 0.25 ms behind)
[run_subscribe_msckf-1] [0m[33m[init]: disparity is 4.459,4.821 (3.00 thresh)
[run_subscribe_msckf-1] [0m[31m[init-d]: only 32 valid features of required (48 thresh)!!
[run_subscribe_msckf-1] [0m[34m[TIME]: 0.0006 seconds total (1703.6 hz, 0.25 ms behind)
[run_subscribe_msckf-1] [0m[33m[init]: disparity is 4.689,4.744 (3.00 thresh)
[run_subscribe_msckf-1] [0m[31m[init-d]: only 32 valid features of required (48 thresh)!!
[run_subscribe_msckf-1] [0m[34m[TIME]: 0.0006 seconds total (1779.4 hz, 0.25 ms behind)
[run_subscribe_msckf-1] [0m[33m[init]: disparity is 4.643,4.788 (3.00 thresh)
[run_subscribe_msckf-1] [0m[31m[init-d]: only 32 valid features of required (48 thresh)!!
[run_subscribe_msckf-1] [0m[34m[TIME]: 0.0006 seconds total (1739.1 hz, 0.25 ms behind)
[run_subscribe_msckf-1] [0m[33m[init]: disparity is 4.570,4.698 (3.00 thresh)
[run_subscribe_msckf-1] [0m[31m[init-d]: only 32 valid features of required (48 thresh)!!
[run_subscribe_msckf-1] [0m[34m[TIME]: 0.0006 seconds total (1801.8 hz, 0.25 ms behind)
[run_subscribe_msckf-1] [0m[33m[init]: disparity is 4.817,4.784 (3.00 thresh)
[run_subscribe_msckf-1] [0m[31m[init-d]: only 32 valid features of required (48 thresh)!!
[run_subscribe_msckf-1] [0m[34m[TIME]: 0.0006 seconds total (1769.9 hz, 0.25 ms behind)
[run_subscribe_msckf-1] [0m[33m[init]: disparity is 4.777,4.764 (3.00 thresh)
[run_subscribe_msckf-1] [0m[31m[init-d]: only 32 valid features of required (48 thresh)!!
[run_subscribe_msckf-1] [0m[34m[TIME]: 0.0006 seconds total (1718.2 hz, 0.25 ms behind)
[run_subscribe_msckf-1] [0m[33m[init]: disparity is 4.901,4.653 (3.00 thresh)
[run_subscribe_msckf-1] [0m[31m[init-d]: only 32 valid features of required (48 thresh)!!
[run_subscribe_msckf-1] [0m[34m[TIME]: 0.0006 seconds total (1801.8 hz, 0.25 ms behind)
[run_subscribe_msckf-1] [0m[33m[init]: disparity is 4.755,4.789 (3.00 thresh)
[run_subscribe_msckf-1] [0m[31m[init-d]: only 32 valid features of required (48 thresh)!!
[run_subscribe_msckf-1] [0m[34m[TIME]: 0.0006 seconds total (1795.3 hz, 0.25 ms behind)
[run_subscribe_msckf-1] [0m[33m[init]: disparity is 4.935,4.570 (3.00 thresh)
[run_subscribe_msckf-1] [0m[31m[init-d]: only 32 valid features of required (48 thresh)!!
[run_subscribe_msckf-1] [0m[34m[TIME]: 0.0006 seconds total (1757.5 hz, 0.25 ms behind)
[run_subscribe_msckf-1] [0m[33m[init]: disparity is 4.732,4.722 (3.00 thresh)
[run_subscribe_msckf-1] [0m[31m[init-d]: only 32 valid features of required (48 thresh)!!
[run_subscribe_msckf-1] [0m[34m[TIME]: 0.0006 seconds total (1742.2 hz, 0.25 ms behind)
[run_subscribe_msckf-1] [0m[33m[init]: disparity is 4.968,4.538 (3.00 thresh)
[run_subscribe_msckf-1] [0m[31m[init-d]: only 32 valid features of required (48 thresh)!!
[run_subscribe_msckf-1] [0m[34m[TIME]: 0.0006 seconds total (1727.1 hz, 0.25 ms behind)
[run_subscribe_msckf-1] [0m[33m[init]: disparity is 4.832,4.645 (3.00 thresh)
[run_subscribe_msckf-1] [0m[31m[init-d]: only 32 valid features of required (48 thresh)!!
[run_subscribe_msckf-1] [0m[34m[TIME]: 0.0006 seconds total (1754.4 hz, 0.25 ms behind)
[run_subscribe_msckf-1] [0m[33m[init]: disparity is 4.892,4.442 (3.00 thresh)
[run_subscribe_msckf-1] [0m[31m[init-d]: only 32 valid features of required (48 thresh)!!
[run_subscribe_msckf-1] [0m[34m[TIME]: 0.0006 seconds total (1748.3 hz, 0.25 ms behind)
[run_subscribe_msckf-1] [0m[33m[init]: disparity is 4.814,4.564 (3.00 thresh)
[run_subscribe_msckf-1] [0m[31m[init-d]: only 32 valid features of required (48 thresh)!!
[run_subscribe_msckf-1] [0m[34m[TIME]: 0.0006 seconds total (1745.2 hz, 0.25 ms behind)
[run_subscribe_msckf-1] [0m[33m[init]: disparity is 4.903,4.449 (3.00 thresh)
[run_subscribe_msckf-1] [0m[31m[init-d]: only 32 valid features of required (48 thresh)!!
[run_subscribe_msckf-1] [0m[34m[TIME]: 0.0006 seconds total (1612.9 hz, 0.25 ms behind)
[run_subscribe_msckf-1] [0m[33m[init]: disparity is 4.811,4.379 (3.00 thresh)
[run_subscribe_msckf-1] [0m[31m[init-d]: only 32 valid features of required (48 thresh)!!
[run_subscribe_msckf-1] [0m[34m[TIME]: 0.0006 seconds total (1757.5 hz, 0.25 ms behind)
[run_subscribe_msckf-1] [0m[33m[init]: disparity is 4.854,4.465 (3.00 thresh)
[run_subscribe_msckf-1] [0m[31m[init-d]: only 32 valid features of required (48 thresh)!!
[run_subscribe_msckf-1] [0m[34m[TIME]: 0.0006 seconds total (1760.6 hz, 0.25 ms behind)
[run_subscribe_msckf-1] [0m[33m[init]: disparity is 4.968,4.317 (3.00 thresh)
[run_subscribe_msckf-1] [0m[31m[init-d]: only 32 valid features of required (48 thresh)!!
[run_subscribe_msckf-1] [0m[34m[TIME]: 0.0006 seconds total (1788.9 hz, 0.25 ms behind)
[run_subscribe_msckf-1] [0m[33m[init]: disparity is 5.030,4.410 (3.00 thresh)
[run_subscribe_msckf-1] [0m[31m[init-d]: only 32 valid features of required (48 thresh)!!
[run_subscribe_msckf-1] [0m[34m[TIME]: 0.0006 seconds total (1757.5 hz, 0.25 ms behind)
[run_subscribe_msckf-1] [0m[33m[init]: disparity is 4.947,4.457 (3.00 thresh)
[run_subscribe_msckf-1] [0m[31m[init-d]: only 32 valid features of required (48 thresh)!!
[run_subscribe_msckf-1] [0m[34m[TIME]: 0.0006 seconds total (1811.6 hz, 0.25 ms behind)
[run_subscribe_msckf-1] [0m[33m[init]: disparity is 5.004,4.379 (3.00 thresh)
[run_subscribe_msckf-1] [0m[31m[init-d]: only 32 valid features of required (48 thresh)!!
[run_subscribe_msckf-1] [0m[34m[TIME]: 0.0005 seconds total (1869.2 hz, 0.25 ms behind)
[run_subscribe_msckf-1] [0m[33m[init]: disparity is 4.891,4.235 (3.00 thresh)
[run_subscribe_msckf-1] [0m[31m[init-d]: only 32 valid features of required (48 thresh)!!
[run_subscribe_msckf-1] [0m[34m[TIME]: 0.0006 seconds total (1661.1 hz, 0.25 ms behind)
[run_subscribe_msckf-1] [0m[33m[init]: disparity is 4.694,4.295 (3.00 thresh)
[run_subscribe_msckf-1] [0m[31m[init-d]: only 33 valid features of required (48 thresh)!!
[run_subscribe_msckf-1] [0m[34m[TIME]: 0.0006 seconds total (1795.3 hz, 0.25 ms behind)
[run_subscribe_msckf-1] [0m[33m[init]: disparity is 4.956,4.464 (3.00 thresh)
[run_subscribe_msckf-1] [0m[31m[init-d]: only 33 valid features of required (48 thresh)!!
[run_subscribe_msckf-1] [0m[34m[TIME]: 0.0006 seconds total (1745.2 hz, 0.25 ms behind)
[run_subscribe_msckf-1] [0m[33m[init]: disparity is 5.008,4.098 (3.00 thresh)
[run_subscribe_msckf-1] [0m[31m[init-d]: only 33 valid features of required (48 thresh)!!
[run_subscribe_msckf-1] [0m[34m[TIME]: 0.0005 seconds total (1821.5 hz, 0.25 ms behind)
[run_subscribe_msckf-1] [0m[33m[init]: disparity is 5.012,4.178 (3.00 thresh)
[run_subscribe_msckf-1] [0m[31m[init-d]: only 33 valid features of required (48 thresh)!!
[run_subscribe_msckf-1] [0m[34m[TIME]: 0.0005 seconds total (1821.5 hz, 0.25 ms behind)
[run_subscribe_msckf-1] [0m[33m[init]: disparity is 4.827,3.977 (3.00 thresh)
[run_subscribe_msckf-1] [0m[31m[init-d]: only 33 valid features of required (48 thresh)!!
[run_subscribe_msckf-1] [0m[34m[TIME]: 0.0006 seconds total (1798.6 hz, 0.25 ms behind)
[run_subscribe_msckf-1] [0m[33m[init]: disparity is 4.857,4.077 (3.00 thresh)
[run_subscribe_msckf-1] [0m[31m[init-d]: only 33 valid features of required (48 thresh)!!
[run_subscribe_msckf-1] [0m[34m[TIME]: 0.0006 seconds total (1742.2 hz, 0.25 ms behind)
[run_subscribe_msckf-1] [0m[33m[init]: disparity is 4.914,4.001 (3.00 thresh)
[run_subscribe_msckf-1] [0m[31m[init-d]: only 33 valid features of required (48 thresh)!!
[run_subscribe_msckf-1] [0m[34m[TIME]: 0.0006 seconds total (1801.8 hz, 0.25 ms behind)
[run_subscribe_msckf-1] [0m[33m[init]: disparity is 4.872,4.115 (3.00 thresh)
[run_subscribe_msckf-1] [0m[31m[init-d]: only 33 valid features of required (48 thresh)!!
[run_subscribe_msckf-1] [0m[34m[TIME]: 0.0006 seconds total (1785.7 hz, 0.25 ms behind)
[run_subscribe_msckf-1] [0m[33m[init]: disparity is 4.880,4.144 (3.00 thresh)
[run_subscribe_msckf-1] [0m[31m[init-d]: only 33 valid features of required (48 thresh)!!
[run_subscribe_msckf-1] [0m[34m[TIME]: 0.0006 seconds total (1727.1 hz, 0.25 ms behind)
[run_subscribe_msckf-1] [0m[33m[init]: disparity is 4.933,4.058 (3.00 thresh)
[run_subscribe_msckf-1] [0m[31m[init-d]: only 33 valid features of required (48 thresh)!!
[run_subscribe_msckf-1] [0m[34m[TIME]: 0.0006 seconds total (1805.1 hz, 0.25 ms behind)
[run_subscribe_msckf-1] [0m[33m[init]: disparity is 5.058,3.996 (3.00 thresh)
[run_subscribe_msckf-1] [0m[31m[init-d]: only 33 valid features of required (48 thresh)!!
[run_subscribe_msckf-1] [0m[34m[TIME]: 0.0006 seconds total (1795.3 hz, 0.25 ms behind)
[run_subscribe_msckf-1] [0m[33m[init]: disparity is 5.140,3.953 (3.00 thresh)
[run_subscribe_msckf-1] [0m[31m[init-d]: only 33 valid features of required (48 thresh)!!
[run_subscribe_msckf-1] [0m[34m[TIME]: 0.0006 seconds total (1808.3 hz, 0.25 ms behind)
[run_subscribe_msckf-1] [0m[33m[init]: disparity is 4.963,4.025 (3.00 thresh)
[run_subscribe_msckf-1] [0m[31m[init-d]: only 33 valid features of required (48 thresh)!!
[run_subscribe_msckf-1] [0m[34m[TIME]: 0.0006 seconds total (1788.9 hz, 0.25 ms behind)
[run_subscribe_msckf-1] [0m[33m[init]: disparity is 5.058,3.833 (3.00 thresh)
[run_subscribe_msckf-1] [0m[31m[init-d]: only 33 valid features of required (48 thresh)!!
[run_subscribe_msckf-1] [0m[34m[TIME]: 0.0006 seconds total (1782.5 hz, 0.25 ms behind)
[run_subscribe_msckf-1] [0m[33m[init]: disparity is 4.868,3.762 (3.00 thresh)
[run_subscribe_msckf-1] [0m[31m[init-d]: only 33 valid features of required (48 thresh)!!
[run_subscribe_msckf-1] [0m[34m[TIME]: 0.0006 seconds total (1795.3 hz, 0.25 ms behind)
[run_subscribe_msckf-1] [0m[33m[init]: disparity is 4.878,3.691 (3.00 thresh)
[run_subscribe_msckf-1] [0m[31m[init-d]: only 33 valid features of required (48 thresh)!!
[run_subscribe_msckf-1] [0m[34m[TIME]: 0.0006 seconds total (1811.6 hz, 0.25 ms behind)
[run_subscribe_msckf-1] [0m[33m[init]: disparity is 5.060,3.586 (3.00 thresh)
[run_subscribe_msckf-1] [0m[31m[init-d]: only 33 valid features of required (48 thresh)!!
[run_subscribe_msckf-1] [0m[34m[TIME]: 0.0006 seconds total (1675.0 hz, 0.25 ms behind)
[run_subscribe_msckf-1] [0m[33m[init]: disparity is 4.762,3.627 (3.00 thresh)
[run_subscribe_msckf-1] [0m[31m[init-d]: only 33 valid features of required (48 thresh)!!
[run_subscribe_msckf-1] [0m[34m[TIME]: 0.0006 seconds total (1808.3 hz, 0.25 ms behind)
[run_subscribe_msckf-1] [0m[33m[init]: disparity is 4.819,6.627 (3.00 thresh)
[run_subscribe_msckf-1] [0m[31m[init-d]: only 33 valid features of required (48 thresh)!!
[run_subscribe_msckf-1] [0m[34m[TIME]: 0.0006 seconds total (1652.9 hz, 0.25 ms behind)
[run_subscribe_msckf-1] [0m[33m[init]: disparity is 4.734,6.461 (3.00 thresh)
[run_subscribe_msckf-1] [0m[31m[init-d]: only 33 valid features of required (48 thresh)!!
[run_subscribe_msckf-1] [0m[34m[TIME]: 0.0006 seconds total (1763.7 hz, 0.25 ms behind)
[run_subscribe_msckf-1] [0m[33m[init]: disparity is 4.690,6.344 (3.00 thresh)
[run_subscribe_msckf-1] [0m[31m[init-d]: only 33 valid features of required (48 thresh)!!
[run_subscribe_msckf-1] [0m[34m[TIME]: 0.0006 seconds total (1745.2 hz, 0.25 ms behind)
[run_subscribe_msckf-1] [0m[33m[init]: disparity is 4.758,6.165 (3.00 thresh)
[run_subscribe_msckf-1] [0m[31m[init-d]: only 33 valid features of required (48 thresh)!!
[run_subscribe_msckf-1] [0m[34m[TIME]: 0.0006 seconds total (1745.2 hz, 0.25 ms behind)
[run_subscribe_msckf-1] [0m[33m[init]: disparity is 4.672,5.925 (3.00 thresh)
[run_subscribe_msckf-1] [0m[31m[init-d]: only 33 valid features of required (48 thresh)!!
[run_subscribe_msckf-1] [0m[34m[TIME]: 0.0006 seconds total (1776.2 hz, 0.25 ms behind)
[run_subscribe_msckf-1] [0m[33m[init]: disparity is 4.548,5.896 (3.00 thresh)
[run_subscribe_msckf-1] [0m[31m[init-d]: only 33 valid features of required (48 thresh)!!
[run_subscribe_msckf-1] [0m[34m[TIME]: 0.0006 seconds total (1663.9 hz, 0.25 ms behind)
[run_subscribe_msckf-1] [0m[33m[init]: disparity is 4.571,5.651 (3.00 thresh)
[run_subscribe_msckf-1] [0m[31m[init-d]: only 33 valid features of required (48 thresh)!!
[run_subscribe_msckf-1] [0m[34m[TIME]: 0.0006 seconds total (1748.3 hz, 0.25 ms behind)
[run_subscribe_msckf-1] [0m[33m[init]: disparity is 4.485,5.515 (3.00 thresh)
[run_subscribe_msckf-1] [0m[31m[init-d]: only 33 valid features of required (48 thresh)!!
[run_subscribe_msckf-1] [0m[34m[TIME]: 0.0006 seconds total (1782.5 hz, 0.25 ms behind)
[run_subscribe_msckf-1] [0m[33m[init]: disparity is 4.468,5.221 (3.00 thresh)
[run_subscribe_msckf-1] [0m[31m[init-d]: only 32 valid features of required (48 thresh)!!
[run_subscribe_msckf-1] [0m[34m[TIME]: 0.0006 seconds total (1730.1 hz, 0.25 ms behind)
[run_subscribe_msckf-1] [0m[33m[init]: disparity is 4.457,5.061 (3.00 thresh)
[run_subscribe_msckf-1] [0m[31m[init-d]: only 32 valid features of required (48 thresh)!!
[run_subscribe_msckf-1] [0m[34m[TIME]: 0.0006 seconds total (1751.3 hz, 0.25 ms behind)
[run_subscribe_msckf-1] [0m[33m[init]: disparity is 4.652,5.027 (3.00 thresh)
[run_subscribe_msckf-1] [0m[31m[init-d]: only 32 valid features of required (48 thresh)!!
[run_subscribe_msckf-1] [0m[34m[TIME]: 0.0006 seconds total (1792.1 hz, 0.25 ms behind)
[run_subscribe_msckf-1] [0m[33m[init]: disparity is 4.510,4.728 (3.00 thresh)
[run_subscribe_msckf-1] [0m[31m[init-d]: only 32 valid features of required (48 thresh)!!
[run_subscribe_msckf-1] [0m[34m[TIME]: 0.0006 seconds total (1808.3 hz, 0.25 ms behind)
[run_subscribe_msckf-1] [0m[33m[init]: disparity is 4.332,4.616 (3.00 thresh)
[run_subscribe_msckf-1] [0m[31m[init-d]: only 32 valid features of required (48 thresh)!!
[run_subscribe_msckf-1] [0m[34m[TIME]: 0.0006 seconds total (1811.6 hz, 0.25 ms behind)
[run_subscribe_msckf-1] [0m[33m[init]: disparity is 4.464,4.431 (3.00 thresh)
[run_subscribe_msckf-1] [0m[31m[init-d]: only 32 valid features of required (48 thresh)!!
[run_subscribe_msckf-1] [0m[34m[TIME]: 0.0006 seconds total (1757.5 hz, 0.25 ms behind)
[run_subscribe_msckf-1] [0m[33m[init]: disparity is 4.329,4.307 (3.00 thresh)
[run_subscribe_msckf-1] [0m[31m[init-d]: only 32 valid features of required (48 thresh)!!
[run_subscribe_msckf-1] [0m[34m[TIME]: 0.0006 seconds total (1788.9 hz, 0.25 ms behind)
[run_subscribe_msckf-1] [0m[33m[init]: disparity is 4.343,4.354 (3.00 thresh)
[run_subscribe_msckf-1] [0m[31m[init-d]: only 32 valid features of required (48 thresh)!!
[run_subscribe_msckf-1] [0m[34m[TIME]: 0.0005 seconds total (1828.2 hz, 0.25 ms behind)
[run_subscribe_msckf-1] [0m[33m[init]: disparity is 4.192,4.282 (3.00 thresh)
[run_subscribe_msckf-1] [0m[31m[init-d]: only 32 valid features of required (48 thresh)!!
[run_subscribe_msckf-1] [0m[34m[TIME]: 0.0006 seconds total (1757.5 hz, 0.25 ms behind)
[run_subscribe_msckf-1] [0m[33m[init]: disparity is 4.096,4.177 (3.00 thresh)
[run_subscribe_msckf-1] [0m[31m[init-d]: only 32 valid features of required (48 thresh)!!
[run_subscribe_msckf-1] [0m[34m[TIME]: 0.0006 seconds total (1808.3 hz, 0.25 ms behind)
[run_subscribe_msckf-1] [0m[33m[init]: disparity is 4.241,4.426 (3.00 thresh)
[run_subscribe_msckf-1] [0m[31m[init-d]: only 32 valid features of required (48 thresh)!!
[run_subscribe_msckf-1] [0m[34m[TIME]: 0.0006 seconds total (1785.7 hz, 0.25 ms behind)
[run_subscribe_msckf-1] [0m[33m[init]: disparity is 4.173,4.470 (3.00 thresh)
[run_subscribe_msckf-1] [0m[31m[init-d]: only 32 valid features of required (48 thresh)!!
[run_subscribe_msckf-1] [0m[34m[TIME]: 0.0006 seconds total (1748.3 hz, 0.25 ms behind)
[run_subscribe_msckf-1] [0m[33m[init]: disparity is 4.315,4.734 (3.00 thresh)
[run_subscribe_msckf-1] [0m[31m[init-d]: only 32 valid features of required (48 thresh)!!
[run_subscribe_msckf-1] [0m[34m[TIME]: 0.0006 seconds total (1715.3 hz, 0.25 ms behind)
[run_subscribe_msckf-1] [0m[33m[init]: disparity is 4.155,4.910 (3.00 thresh)
[run_subscribe_msckf-1] [0m[31m[init-d]: only 32 valid features of required (48 thresh)!!
[run_subscribe_msckf-1] [0m[34m[TIME]: 0.0005 seconds total (1824.8 hz, 0.25 ms behind)
[run_subscribe_msckf-1] [0m[33m[init]: disparity is 4.212,5.068 (3.00 thresh)
[run_subscribe_msckf-1] [0m[31m[init-d]: only 32 valid features of required (48 thresh)!!
[run_subscribe_msckf-1] [0m[34m[TIME]: 0.0006 seconds total (1677.9 hz, 0.25 ms behind)
[run_subscribe_msckf-1] [0m[33m[init]: disparity is 4.065,5.379 (3.00 thresh)
[run_subscribe_msckf-1] [0m[31m[init-d]: only 32 valid features of required (48 thresh)!!
[run_subscribe_msckf-1] [0m[34m[TIME]: 0.0006 seconds total (1788.9 hz, 0.25 ms behind)
[run_subscribe_msckf-1] [0m[33m[init]: disparity is 4.025,5.512 (3.00 thresh)
[run_subscribe_msckf-1] [0m[31m[init-d]: only 32 valid features of required (48 thresh)!!
[run_subscribe_msckf-1] [0m[34m[TIME]: 0.0006 seconds total (1730.1 hz, 0.25 ms behind)
[run_subscribe_msckf-1] [0m[33m[init]: disparity is 4.097,5.802 (3.00 thresh)
[run_subscribe_msckf-1] [0m[31m[init-d]: only 32 valid features of required (48 thresh)!!
[run_subscribe_msckf-1] [0m[34m[TIME]: 0.0006 seconds total (1760.6 hz, 0.25 ms behind)
[run_subscribe_msckf-1] [0m[33m[init]: disparity is 3.804,5.856 (3.00 thresh)
[run_subscribe_msckf-1] [0m[31m[init-d]: only 32 valid features of required (48 thresh)!!
[run_subscribe_msckf-1] [0m[34m[TIME]: 0.0006 seconds total (1795.3 hz, 0.25 ms behind)
[run_subscribe_msckf-1] [0m[33m[init]: disparity is 3.864,6.024 (3.00 thresh)
[run_subscribe_msckf-1] [0m[31m[init-d]: only 32 valid features of required (48 thresh)!!
[run_subscribe_msckf-1] [0m[34m[TIME]: 0.0006 seconds total (1766.8 hz, 0.25 ms behind)
[run_subscribe_msckf-1] [0m[33m[init]: disparity is 3.680,2.976 (3.00 thresh)
[run_subscribe_msckf-1] [0m[31m[init-d]: only 32 valid features of required (48 thresh)!!
[run_subscribe_msckf-1] [0m[34m[TIME]: 0.0006 seconds total (1785.7 hz, 0.25 ms behind)
[run_subscribe_msckf-1] [0m[33m[init]: disparity is 3.627,2.991 (3.00 thresh)
[run_subscribe_msckf-1] [0m[31m[init-d]: only 32 valid features of required (48 thresh)!!
[run_subscribe_msckf-1] [0m[34m[TIME]: 0.0005 seconds total (1824.8 hz, 0.25 ms behind)
[run_subscribe_msckf-1] [0m[33m[init]: disparity is 6.905,3.246 (3.00 thresh)
[run_subscribe_msckf-1] [0m[31m[init-d]: only 32 valid features of required (48 thresh)!!
[run_subscribe_msckf-1] [0m[34m[TIME]: 0.0006 seconds total (1808.3 hz, 0.25 ms behind)
[run_subscribe_msckf-1] [0m[33m[init]: disparity is 6.574,3.247 (3.00 thresh)
[run_subscribe_msckf-1] [0m[31m[init-d]: only 32 valid features of required (48 thresh)!!
[run_subscribe_msckf-1] [0m[34m[TIME]: 0.0006 seconds total (1760.6 hz, 0.25 ms behind)
[run_subscribe_msckf-1] [0m[33m[init]: disparity is 6.522,3.290 (3.00 thresh)
[run_subscribe_msckf-1] [0m[31m[init-d]: only 32 valid features of required (48 thresh)!!
[run_subscribe_msckf-1] [0m[34m[TIME]: 0.0006 seconds total (1712.3 hz, 0.25 ms behind)
[run_subscribe_msckf-1] [0m[33m[init]: disparity is 6.254,3.435 (3.00 thresh)
[run_subscribe_msckf-1] [0m[31m[init-d]: only 32 valid features of required (48 thresh)!!
[run_subscribe_msckf-1] [0m[34m[TIME]: 0.0005 seconds total (1848.4 hz, 0.25 ms behind)
[run_subscribe_msckf-1] [0m[33m[init]: disparity is 6.206,3.572 (3.00 thresh)
[run_subscribe_msckf-1] [0m[31m[init-d]: only 32 valid features of required (48 thresh)!!
[run_subscribe_msckf-1] [0m[34m[TIME]: 0.0006 seconds total (1748.3 hz, 0.25 ms behind)
[run_subscribe_msckf-1] [0m[33m[init]: disparity is 5.916,3.744 (3.00 thresh)
[run_subscribe_msckf-1] [0m[31m[init-d]: only 32 valid features of required (48 thresh)!!
[run_subscribe_msckf-1] [0m[34m[TIME]: 0.0005 seconds total (1824.8 hz, 0.25 ms behind)
[run_subscribe_msckf-1] [0m[33m[init]: disparity is 5.794,3.411 (3.00 thresh)
[run_subscribe_msckf-1] [0m[31m[init-d]: only 32 valid features of required (48 thresh)!!
[run_subscribe_msckf-1] [0m[34m[TIME]: 0.0006 seconds total (1798.6 hz, 0.25 ms behind)
[run_subscribe_msckf-1] [0m[33m[init]: disparity is 5.646,3.450 (3.00 thresh)
[run_subscribe_msckf-1] [0m[31m[init-d]: only 32 valid features of required (48 thresh)!!
[run_subscribe_msckf-1] [0m[34m[TIME]: 0.0006 seconds total (1754.4 hz, 0.25 ms behind)
[run_subscribe_msckf-1] [0m[33m[init]: disparity is 5.357,3.428 (3.00 thresh)
[run_subscribe_msckf-1] [0m[31m[init-d]: only 32 valid features of required (48 thresh)!!
[run_subscribe_msckf-1] [0m[34m[TIME]: 0.0006 seconds total (1745.2 hz, 0.25 ms behind)
[run_subscribe_msckf-1] [0m[33m[init]: disparity is 5.225,3.293 (3.00 thresh)
[run_subscribe_msckf-1] [0m[31m[init-d]: only 32 valid features of required (48 thresh)!!
[run_subscribe_msckf-1] [0m[34m[TIME]: 0.0007 seconds total (1481.5 hz, 0.25 ms behind)
[run_subscribe_msckf-1] [0m[33m[init]: disparity is 4.967,3.254 (3.00 thresh)
[run_subscribe_msckf-1] [0m[33m[init-d]: gyroscope only 1.92 degree change (20.00 thresh)
[run_subscribe_msckf-1] [0m[34m[TIME]: 0.0006 seconds total (1661.1 hz, 0.25 ms behind)
[run_subscribe_msckf-1] [0m[33m[init]: disparity is 4.913,3.153 (3.00 thresh)
[run_subscribe_msckf-1] [0m[31m[init-d]: only 37 valid features of required (48 thresh)!!
[run_subscribe_msckf-1] [0m[34m[TIME]: 0.0006 seconds total (1689.2 hz, 0.25 ms behind)
[run_subscribe_msckf-1] [0m[33m[init]: disparity is 4.670,2.669 (3.00 thresh)
[run_subscribe_msckf-1] [0m[31m[init-d]: only 37 valid features of required (48 thresh)!!
[run_subscribe_msckf-1] [0m[34m[TIME]: 0.0006 seconds total (1639.3 hz, 0.25 ms behind)
[run_subscribe_msckf-1] [0m[33m[init]: disparity is 4.528,2.571 (3.00 thresh)
[run_subscribe_msckf-1] [0m[31m[init-d]: only 37 valid features of required (48 thresh)!!
[run_subscribe_msckf-1] [0m[34m[TIME]: 0.0006 seconds total (1683.5 hz, 0.25 ms behind)
[run_subscribe_msckf-1] [0m[33m[init]: disparity is 4.407,2.468 (3.00 thresh)
[run_subscribe_msckf-1] [0m[31m[init-d]: only 37 valid features of required (48 thresh)!!
[run_subscribe_msckf-1] [0m[34m[TIME]: 0.0006 seconds total (1689.2 hz, 0.25 ms behind)
[run_subscribe_msckf-1] [0m[33m[init]: disparity is 4.273,2.406 (3.00 thresh)
[run_subscribe_msckf-1] [0m[31m[init-d]: only 37 valid features of required (48 thresh)!!
[run_subscribe_msckf-1] [0m[34m[TIME]: 0.0006 seconds total (1697.8 hz, 0.25 ms behind)
[run_subscribe_msckf-1] [0m[33m[init]: disparity is 4.340,2.205 (3.00 thresh)
[run_subscribe_msckf-1] [0m[31m[init-d]: only 37 valid features of required (48 thresh)!!
[run_subscribe_msckf-1] [0m[34m[TIME]: 0.0006 seconds total (1727.1 hz, 0.25 ms behind)
[run_subscribe_msckf-1] [0m[33m[init]: disparity is 4.333,2.126 (3.00 thresh)
[run_subscribe_msckf-1] [0m[31m[init-d]: only 37 valid features of required (48 thresh)!!
[run_subscribe_msckf-1] [0m[34m[TIME]: 0.0006 seconds total (1739.1 hz, 0.25 ms behind)
[run_subscribe_msckf-1] [0m[33m[init]: disparity is 4.329,2.014 (3.00 thresh)
[run_subscribe_msckf-1] [0m[31m[init-d]: only 37 valid features of required (48 thresh)!!
[run_subscribe_msckf-1] [0m[34m[TIME]: 0.0006 seconds total (1754.4 hz, 0.25 ms behind)
[run_subscribe_msckf-1] [0m[33m[init]: disparity is 4.465,1.844 (3.00 thresh)
[run_subscribe_msckf-1] [0m[31m[init-d]: only 37 valid features of required (48 thresh)!!
[run_subscribe_msckf-1] [0m[34m[TIME]: 0.0006 seconds total (1706.5 hz, 0.25 ms behind)
[run_subscribe_msckf-1] [0m[33m[init]: disparity is 4.605,1.738 (3.00 thresh)
[run_subscribe_msckf-1] [0m[31m[init-d]: only 37 valid features of required (48 thresh)!!
[run_subscribe_msckf-1] [0m[34m[TIME]: 0.0006 seconds total (1718.2 hz, 0.25 ms behind)
[run_subscribe_msckf-1] [0m[33m[init]: disparity is 4.841,1.646 (3.00 thresh)
[run_subscribe_msckf-1] [0m[31m[init-d]: only 37 valid features of required (48 thresh)!!
[run_subscribe_msckf-1] [0m[34m[TIME]: 0.0006 seconds total (1715.3 hz, 0.25 ms behind)
[run_subscribe_msckf-1] [0m[33m[init]: disparity is 5.040,1.564 (3.00 thresh)
[run_subscribe_msckf-1] [0m[31m[init-d]: only 37 valid features of required (48 thresh)!!
[run_subscribe_msckf-1] [0m[34m[TIME]: 0.0006 seconds total (1709.4 hz, 0.25 ms behind)
[run_subscribe_msckf-1] [0m[33m[init]: disparity is 5.245,1.528 (3.00 thresh)
[run_subscribe_msckf-1] [0m[31m[init-d]: only 37 valid features of required (48 thresh)!!
[run_subscribe_msckf-1] [0m[34m[TIME]: 0.0006 seconds total (1721.2 hz, 0.25 ms behind)
[run_subscribe_msckf-1] [0m[33m[init]: disparity is 5.488,1.599 (3.00 thresh)
[run_subscribe_msckf-1] [0m[31m[init-d]: only 37 valid features of required (48 thresh)!!
[run_subscribe_msckf-1] [0m[34m[TIME]: 0.0006 seconds total (1612.9 hz, 0.25 ms behind)
[run_subscribe_msckf-1] [0m[33m[init]: disparity is 5.677,1.540 (3.00 thresh)
[run_subscribe_msckf-1] [0m[31m[init-d]: only 37 valid features of required (48 thresh)!!
[run_subscribe_msckf-1] [0m[34m[TIME]: 0.0006 seconds total (1562.5 hz, 0.25 ms behind)
[run_subscribe_msckf-1] [0m[33m[init]: disparity is 5.877,1.630 (3.00 thresh)
[run_subscribe_msckf-1] [0m[31m[init-d]: only 37 valid features of required (48 thresh)!!
[run_subscribe_msckf-1] [0m[34m[TIME]: 0.0006 seconds total (1650.2 hz, 0.25 ms behind)
[run_subscribe_msckf-1] [0m[33m[init]: disparity is 6.003,1.827 (3.00 thresh)
[run_subscribe_msckf-1] [0m[31m[init-d]: only 37 valid features of required (48 thresh)!!
[run_subscribe_msckf-1] [0m[34m[TIME]: 0.0006 seconds total (1718.2 hz, 0.25 ms behind)
[run_subscribe_msckf-1] [0m[33m[init]: disparity is 6.179,1.982 (3.00 thresh)
[run_subscribe_msckf-1] [0m[31m[init-d]: only 37 valid features of required (48 thresh)!!
[run_subscribe_msckf-1] [0m[34m[TIME]: 0.0006 seconds total (1706.5 hz, 0.25 ms behind)
[run_subscribe_msckf-1] [0m[33m[init]: disparity is 3.042,2.128 (3.00 thresh)
[run_subscribe_msckf-1] [0m[31m[init-d]: only 37 valid features of required (48 thresh)!!
[run_subscribe_msckf-1] [0m[34m[TIME]: 0.0006 seconds total (1605.1 hz, 0.25 ms behind)
[run_subscribe_msckf-1] [0m[33m[init]: disparity is 3.185,2.259 (3.00 thresh)
[run_subscribe_msckf-1] [0m[31m[init-d]: only 37 valid features of required (48 thresh)!!
[run_subscribe_msckf-1] [0m[34m[TIME]: 0.0006 seconds total (1663.9 hz, 0.25 ms behind)
[run_subscribe_msckf-1] [0m[33m[init]: disparity is 3.334,2.464 (3.00 thresh)
[run_subscribe_msckf-1] [0m[31m[init-d]: only 37 valid features of required (48 thresh)!!
[run_subscribe_msckf-1] [0m[34m[TIME]: 0.0006 seconds total (1628.7 hz, 0.25 ms behind)
[run_subscribe_msckf-1] [0m[33m[init]: disparity is 3.260,2.476 (3.00 thresh)
[run_subscribe_msckf-1] [0m[31m[init-d]: only 37 valid features of required (48 thresh)!!
[run_subscribe_msckf-1] [0m[34m[TIME]: 0.0006 seconds total (1686.3 hz, 0.25 ms behind)
[run_subscribe_msckf-1] [0m[33m[init]: disparity is 3.451,2.840 (3.00 thresh)
[run_subscribe_msckf-1] [0m[31m[init-d]: only 37 valid features of required (48 thresh)!!
[run_subscribe_msckf-1] [0m[34m[TIME]: 0.0006 seconds total (1712.3 hz, 0.25 ms behind)
[run_subscribe_msckf-1] [0m[33m[init]: disparity is 3.673,2.780 (3.00 thresh)
[run_subscribe_msckf-1] [0m[31m[init-d]: only 37 valid features of required (48 thresh)!!
[run_subscribe_msckf-1] [0m[34m[TIME]: 0.0006 seconds total (1639.3 hz, 0.25 ms behind)
[run_subscribe_msckf-1] [0m[33m[init]: disparity is 3.759,2.817 (3.00 thresh)
[run_subscribe_msckf-1] [0m[31m[init-d]: only 37 valid features of required (48 thresh)!!
[run_subscribe_msckf-1] [0m[34m[TIME]: 0.0006 seconds total (1712.3 hz, 0.25 ms behind)
[run_subscribe_msckf-1] [0m[33m[init]: disparity is 3.566,3.061 (3.00 thresh)
[run_subscribe_msckf-1] [0m[31m[init-d]: only 37 valid features of required (48 thresh)!!
[run_subscribe_msckf-1] [0m[34m[TIME]: 0.0006 seconds total (1779.4 hz, 0.25 ms behind)
[run_subscribe_msckf-1] [0m[33m[init]: disparity is 3.432,3.175 (3.00 thresh)
[run_subscribe_msckf-1] [0m[31m[init-d]: only 37 valid features of required (48 thresh)!!
[run_subscribe_msckf-1] [0m[34m[TIME]: 0.0006 seconds total (1694.9 hz, 0.25 ms behind)
[run_subscribe_msckf-1] [0m[33m[init]: disparity is 3.569,3.227 (3.00 thresh)
[run_subscribe_msckf-1] [0m[31m[init-d]: only 37 valid features of required (48 thresh)!!
[run_subscribe_msckf-1] [0m[34m[TIME]: 0.0006 seconds total (1686.3 hz, 0.25 ms behind)
[run_subscribe_msckf-1] [0m[33m[init]: disparity is 3.396,3.438 (3.00 thresh)
[run_subscribe_msckf-1] [0m[31m[init-d]: only 37 valid features of required (48 thresh)!!
[run_subscribe_msckf-1] [0m[34m[TIME]: 0.0006 seconds total (1634.0 hz, 0.25 ms behind)
[run_subscribe_msckf-1] [0m[33m[init]: disparity is 3.356,3.369 (3.00 thresh)
[run_subscribe_msckf-1] [0m[31m[init-d]: only 37 valid features of required (48 thresh)!!
[run_subscribe_msckf-1] [0m[34m[TIME]: 0.0006 seconds total (1647.4 hz, 0.25 ms behind)
[run_subscribe_msckf-1] [0m[33m[init]: disparity is 3.272,3.439 (3.00 thresh)
[run_subscribe_msckf-1] [0m[31m[init-d]: only 37 valid features of required (48 thresh)!!
[run_subscribe_msckf-1] [0m[34m[TIME]: 0.0006 seconds total (1669.4 hz, 0.25 ms behind)
[run_subscribe_msckf-1] [0m[33m[init]: disparity is 2.685,3.538 (3.00 thresh)
[run_subscribe_msckf-1] [0m[31m[init-d]: only 37 valid features of required (48 thresh)!!
[run_subscribe_msckf-1] [0m[34m[TIME]: 0.0006 seconds total (1706.5 hz, 0.25 ms behind)
[run_subscribe_msckf-1] [0m[33m[init]: disparity is 2.728,3.421 (3.00 thresh)
[run_subscribe_msckf-1] [0m[31m[init-d]: only 37 valid features of required (48 thresh)!!
[run_subscribe_msckf-1] [0m[34m[TIME]: 0.0006 seconds total (1709.4 hz, 0.25 ms behind)
[run_subscribe_msckf-1] [0m[33m[init]: disparity is 2.533,3.464 (3.00 thresh)
[run_subscribe_msckf-1] [0m[31m[init-d]: only 37 valid features of required (48 thresh)!!
[run_subscribe_msckf-1] [0m[34m[TIME]: 0.0006 seconds total (1724.1 hz, 0.25 ms behind)
[run_subscribe_msckf-1] [0m[33m[init]: disparity is 2.478,3.433 (3.00 thresh)
[run_subscribe_msckf-1] [0m[31m[init-d]: only 37 valid features of required (48 thresh)!!
[run_subscribe_msckf-1] [0m[34m[TIME]: 0.0006 seconds total (1751.3 hz, 0.25 ms behind)
[run_subscribe_msckf-1] [0m[33m[init]: disparity is 2.397,3.339 (3.00 thresh)
[run_subscribe_msckf-1] [0m[31m[init-d]: only 37 valid features of required (48 thresh)!!
[run_subscribe_msckf-1] [0m[34m[TIME]: 0.0006 seconds total (1602.6 hz, 0.25 ms behind)
[run_subscribe_msckf-1] [0m[33m[init]: disparity is 2.178,3.350 (3.00 thresh)
[run_subscribe_msckf-1] [0m[31m[init-d]: only 37 valid features of required (48 thresh)!!
[run_subscribe_msckf-1] [0m[34m[TIME]: 0.0006 seconds total (1727.1 hz, 0.25 ms behind)
[run_subscribe_msckf-1] [0m[33m[init]: disparity is 2.139,3.190 (3.00 thresh)
[run_subscribe_msckf-1] [0m[31m[init-d]: only 37 valid features of required (48 thresh)!!
[run_subscribe_msckf-1] [0m[34m[TIME]: 0.0006 seconds total (1736.1 hz, 0.25 ms behind)
[run_subscribe_msckf-1] [0m[33m[init]: disparity is 1.960,3.132 (3.00 thresh)
[run_subscribe_msckf-1] [0m[31m[init-d]: only 37 valid features of required (48 thresh)!!
[run_subscribe_msckf-1] [0m[34m[TIME]: 0.0006 seconds total (1672.2 hz, 0.25 ms behind)
[run_subscribe_msckf-1] [0m[33m[init]: disparity is 1.845,3.087 (3.00 thresh)
[run_subscribe_msckf-1] [0m[31m[init-d]: only 37 valid features of required (48 thresh)!!
[run_subscribe_msckf-1] [0m[34m[TIME]: 0.0006 seconds total (1689.2 hz, 0.25 ms behind)
[run_subscribe_msckf-1] [0m[33m[init]: disparity is 1.775,2.870 (3.00 thresh)
[run_subscribe_msckf-1] [0m[32m[init]: successful initialization in 0.0003 seconds
[run_subscribe_msckf-1] [0m[32m[init]: orientation = -0.0008, -0.0008, 1.0000, 0.0000
[run_subscribe_msckf-1] [0m[32m[init]: bias gyro = -0.0073, -0.0015, 0.0069
[run_subscribe_msckf-1] [0m[32m[init]: velocity = 0.0000, 0.0000, 0.0000
[run_subscribe_msckf-1] [0m[32m[init]: bias accel = 0.0000, 0.0000, -0.0003
[run_subscribe_msckf-1] [0m[32m[init]: position = 0.0000, 0.0000, 0.0000
[run_subscribe_msckf-1] [0m[34m[TIME]: 0.0026 seconds total (382.7 hz, 0.25 ms behind)
[run_subscribe_msckf-1] [0m[36m[ZUPT]: passed disparity (0.148 < 0.500, 55 features)
[run_subscribe_msckf-1] [0m[36m[ZUPT]: accepted |v_IinG| = 0.099 (chi2 6.647 < 16.919)
[run_subscribe_msckf-1] [0m[34m[TIME]: 0.0009 seconds total (1097.7 hz, 0.25 ms behind)
[run_subscribe_msckf-1] [0m[36m[ZUPT]: passed disparity (0.149 < 0.500, 58 features)
[run_subscribe_msckf-1] [0m[36m[ZUPT]: accepted |v_IinG| = 0.183 (chi2 6.461 < 16.919)
[run_subscribe_msckf-1] [0m[34m[TIME]: 0.0008 seconds total (1222.5 hz, 0.25 ms behind)
[run_subscribe_msckf-1] [0m[36m[ZUPT]: passed disparity (0.197 < 0.500, 59 features)
[run_subscribe_msckf-1] [0m[36m[ZUPT]: accepted |v_IinG| = 0.112 (chi2 11.266 < 16.919)
[run_subscribe_msckf-1] [0m[34m[TIME]: 0.0009 seconds total (1103.8 hz, 0.25 ms behind)
[run_subscribe_msckf-1] [0m[36m[ZUPT]: accepted |v_IinG| = 0.076 (chi2 7.528 < 16.919)
[run_subscribe_msckf-1] [0m[34m[TIME]: 0.0010 seconds total (1038.4 hz, 0.25 ms behind)
[run_subscribe_msckf-1] [0m[36m[ZUPT]: passed disparity (0.215 < 0.500, 60 features)
[run_subscribe_msckf-1] [0m[36m[ZUPT]: accepted |v_IinG| = 0.113 (chi2 7.232 < 16.919)
[run_subscribe_msckf-1] [0m[34m[TIME]: 0.0009 seconds total (1091.7 hz, 0.25 ms behind)
[run_subscribe_msckf-1] [0m[36m[ZUPT]: passed disparity (0.185 < 0.500, 62 features)
[run_subscribe_msckf-1] [0m[36m[ZUPT]: accepted |v_IinG| = 0.090 (chi2 6.585 < 16.919)
[run_subscribe_msckf-1] [0m[34m[TIME]: 0.0009 seconds total (1139.0 hz, 0.25 ms behind)
[run_subscribe_msckf-1] [0m[36m[ZUPT]: passed disparity (0.237 < 0.500, 63 features)
[run_subscribe_msckf-1] [0m[36m[ZUPT]: accepted |v_IinG| = 0.086 (chi2 7.303 < 16.919)
[run_subscribe_msckf-1] [0m[34m[TIME]: 0.0009 seconds total (1112.3 hz, 0.25 ms behind)
[run_subscribe_msckf-1] [0m[36m[ZUPT]: accepted |v_IinG| = 0.102 (chi2 11.584 < 16.919)
[run_subscribe_msckf-1] [0m[34m[TIME]: 0.0009 seconds total (1124.9 hz, 0.25 ms behind)
[run_subscribe_msckf-1] [0m[36m[ZUPT]: passed disparity (0.225 < 0.500, 65 features)
[run_subscribe_msckf-1] [0m[36m[ZUPT]: accepted |v_IinG| = 0.088 (chi2 3.763 < 16.919)
[run_subscribe_msckf-1] [0m[34m[TIME]: 0.0009 seconds total (1153.4 hz, 0.25 ms behind)
[run_subscribe_msckf-1] [0m[36m[ZUPT]: passed disparity (0.186 < 0.500, 67 features)
[run_subscribe_msckf-1] [0m[36m[ZUPT]: accepted |v_IinG| = 0.091 (chi2 6.763 < 16.919)
[run_subscribe_msckf-1] [0m[34m[TIME]: 0.0008 seconds total (1228.5 hz, 0.25 ms behind)
[run_subscribe_msckf-1] [0m[36m[ZUPT]: passed disparity (0.204 < 0.500, 66 features)
[run_subscribe_msckf-1] [0m[36m[ZUPT]: accepted |v_IinG| = 0.097 (chi2 14.014 < 16.919)
[run_subscribe_msckf-1] [0m[34m[TIME]: 0.0009 seconds total (1095.3 hz, 0.25 ms behind)
[run_subscribe_msckf-1] [0m[36m[ZUPT]: passed disparity (0.277 < 0.500, 68 features)
[run_subscribe_msckf-1] [0m[36m[ZUPT]: accepted |v_IinG| = 0.089 (chi2 4.581 < 16.919)
[run_subscribe_msckf-1] [0m[34m[TIME]: 0.0009 seconds total (1054.9 hz, 0.25 ms behind)
[run_subscribe_msckf-1] [0m[36m[ZUPT]: passed disparity (0.188 < 0.500, 68 features)
[run_subscribe_msckf-1] [0m[36m[ZUPT]: accepted |v_IinG| = 0.094 (chi2 12.134 < 16.919)
[run_subscribe_msckf-1] [0m[34m[TIME]: 0.0009 seconds total (1094.1 hz, 0.25 ms behind)
[run_subscribe_msckf-1] [0m[36m[ZUPT]: passed disparity (0.235 < 0.500, 68 features)
[run_subscribe_msckf-1] [0m[36m[ZUPT]: accepted |v_IinG| = 0.095 (chi2 13.506 < 16.919)
[run_subscribe_msckf-1] [0m[34m[TIME]: 0.0010 seconds total (1035.2 hz, 0.25 ms behind)
[run_subscribe_msckf-1] [0m[36m[ZUPT]: passed disparity (0.207 < 0.500, 68 features)
[run_subscribe_msckf-1] [0m[36m[ZUPT]: accepted |v_IinG| = 0.090 (chi2 7.569 < 16.919)
[run_subscribe_msckf-1] [0m[34m[TIME]: 0.0009 seconds total (1157.4 hz, 0.25 ms behind)
[run_subscribe_msckf-1] [0m[36m[ZUPT]: passed disparity (0.195 < 0.500, 68 features)
[run_subscribe_msckf-1] [0m[36m[ZUPT]: accepted |v_IinG| = 0.096 (chi2 18.713 < 16.919)
[run_subscribe_msckf-1] [0m[34m[TIME]: 0.0009 seconds total (1127.4 hz, 0.25 ms behind)
[run_subscribe_msckf-1] [0m[36m[ZUPT]: passed disparity (0.227 < 0.500, 69 features)
[run_subscribe_msckf-1] [0m[36m[ZUPT]: accepted |v_IinG| = 0.094 (chi2 11.931 < 16.919)
[run_subscribe_msckf-1] [0m[34m[TIME]: 0.0009 seconds total (1095.3 hz, 0.25 ms behind)
[run_subscribe_msckf-1] [0m[36m[ZUPT]: passed disparity (0.144 < 0.500, 69 features)
[run_subscribe_msckf-1] [0m[36m[ZUPT]: accepted |v_IinG| = 0.092 (chi2 12.494 < 16.919)
[run_subscribe_msckf-1] [0m[34m[TIME]: 0.0009 seconds total (1102.5 hz, 0.25 ms behind)
[run_subscribe_msckf-1] [0m[36m[ZUPT]: passed disparity (0.182 < 0.500, 69 features)
[run_subscribe_msckf-1] [0m[36m[ZUPT]: accepted |v_IinG| = 0.097 (chi2 28.147 < 16.919)
[run_subscribe_msckf-1] [0m[34m[TIME]: 0.0009 seconds total (1116.1 hz, 0.25 ms behind)
[run_subscribe_msckf-1] [0m[36m[ZUPT]: passed disparity (0.209 < 0.500, 69 features)
[run_subscribe_msckf-1] [0m[36m[ZUPT]: accepted |v_IinG| = 0.094 (chi2 9.665 < 16.919)
[run_subscribe_msckf-1] [0m[34m[TIME]: 0.0008 seconds total (1177.9 hz, 0.25 ms behind)
[run_subscribe_msckf-1] [0m[36m[ZUPT]: passed disparity (0.199 < 0.500, 68 features)
[run_subscribe_msckf-1] [0m[36m[ZUPT]: accepted |v_IinG| = 0.094 (chi2 18.763 < 16.919)
[run_subscribe_msckf-1] [0m[34m[TIME]: 0.0009 seconds total (1129.9 hz, 0.25 ms behind)
[run_subscribe_msckf-1] [0m[36m[ZUPT]: passed disparity (0.177 < 0.500, 68 features)
[run_subscribe_msckf-1] [0m[36m[ZUPT]: accepted |v_IinG| = 0.097 (chi2 38.044 < 16.919)
[run_subscribe_msckf-1] [0m[34m[TIME]: 0.0009 seconds total (1137.7 hz, 0.25 ms behind)
[run_subscribe_msckf-1] [0m[36m[ZUPT]: passed disparity (0.392 < 0.500, 68 features)
[run_subscribe_msckf-1] [0m[36m[ZUPT]: accepted |v_IinG| = 0.096 (chi2 11.542 < 16.919)
[run_subscribe_msckf-1] [0m[34m[TIME]: 0.0009 seconds total (1135.1 hz, 0.25 ms behind)
[run_subscribe_msckf-1] [0m[36m[ZUPT]: passed disparity (0.196 < 0.500, 68 features)
[run_subscribe_msckf-1] [0m[36m[ZUPT]: accepted |v_IinG| = 0.097 (chi2 26.611 < 16.919)
[run_subscribe_msckf-1] [0m[34m[TIME]: 0.0008 seconds total (1194.7 hz, 0.25 ms behind)
[run_subscribe_msckf-1] [0m[36m[ZUPT]: passed disparity (0.123 < 0.500, 67 features)
[run_subscribe_msckf-1] [0m[36m[ZUPT]: accepted |v_IinG| = 0.098 (chi2 44.240 < 16.919)
[run_subscribe_msckf-1] [0m[34m[TIME]: 0.0008 seconds total (1199.0 hz, 0.25 ms behind)
[run_subscribe_msckf-1] [0m[36m[ZUPT]: passed disparity (0.171 < 0.500, 68 features)
[run_subscribe_msckf-1] [0m[36m[ZUPT]: accepted |v_IinG| = 0.098 (chi2 14.512 < 16.919)
[run_subscribe_msckf-1] [0m[34m[TIME]: 0.0008 seconds total (1206.3 hz, 0.25 ms behind)
[run_subscribe_msckf-1] [0m[36m[ZUPT]: passed disparity (0.114 < 0.500, 68 features)
[run_subscribe_msckf-1] [0m[36m[ZUPT]: accepted |v_IinG| = 0.099 (chi2 34.898 < 16.919)
[run_subscribe_msckf-1] [0m[34m[TIME]: 0.0008 seconds total (1180.6 hz, 0.25 ms behind)
[run_subscribe_msckf-1] [0m[36m[ZUPT]: passed disparity (0.358 < 0.500, 68 features)
[run_subscribe_msckf-1] [0m[36m[ZUPT]: accepted |v_IinG| = 0.100 (chi2 47.031 < 16.919)
[run_subscribe_msckf-1] [0m[34m[TIME]: 0.0009 seconds total (1175.1 hz, 0.25 ms behind)
[run_subscribe_msckf-1] [0m[36m[ZUPT]: passed disparity (0.160 < 0.500, 68 features)
[run_subscribe_msckf-1] [0m[36m[ZUPT]: accepted |v_IinG| = 0.100 (chi2 18.161 < 16.919)
[run_subscribe_msckf-1] [0m[34m[TIME]: 0.0009 seconds total (1103.8 hz, 0.25 ms behind)
[run_subscribe_msckf-1] [0m[36m[ZUPT]: passed disparity (0.121 < 0.500, 68 features)
[run_subscribe_msckf-1] [0m[36m[ZUPT]: accepted |v_IinG| = 0.101 (chi2 42.906 < 16.919)
[run_subscribe_msckf-1] [0m[34m[TIME]: 0.0008 seconds total (1200.5 hz, 0.25 ms behind)
[run_subscribe_msckf-1] [0m[36m[ZUPT]: passed disparity (0.118 < 0.500, 69 features)
[run_subscribe_msckf-1] [0m[36m[ZUPT]: accepted |v_IinG| = 0.101 (chi2 49.783 < 16.919)
[run_subscribe_msckf-1] [0m[34m[TIME]: 0.0008 seconds total (1193.3 hz, 0.25 ms behind)
[run_subscribe_msckf-1] [0m[36m[ZUPT]: passed disparity (0.128 < 0.500, 70 features)
[run_subscribe_msckf-1] [0m[36m[ZUPT]: accepted |v_IinG| = 0.102 (chi2 24.000 < 16.919)
[run_subscribe_msckf-1] [0m[34m[TIME]: 0.0008 seconds total (1194.7 hz, 0.25 ms behind)
[run_subscribe_msckf-1] [0m[36m[ZUPT]: passed disparity (0.172 < 0.500, 70 features)
[run_subscribe_msckf-1] [0m[36m[ZUPT]: accepted |v_IinG| = 0.103 (chi2 50.594 < 16.919)
[run_subscribe_msckf-1] [0m[34m[TIME]: 0.0008 seconds total (1176.5 hz, 0.25 ms behind)
[run_subscribe_msckf-1] [0m[36m[ZUPT]: passed disparity (0.169 < 0.500, 71 features)
[run_subscribe_msckf-1] [0m[36m[ZUPT]: accepted |v_IinG| = 0.103 (chi2 48.379 < 16.919)
[run_subscribe_msckf-1] [0m[34m[TIME]: 0.0008 seconds total (1177.9 hz, 0.25 ms behind)
[run_subscribe_msckf-1] [0m[36m[ZUPT]: passed disparity (0.163 < 0.500, 71 features)
[run_subscribe_msckf-1] [0m[36m[ZUPT]: accepted |v_IinG| = 0.104 (chi2 30.263 < 16.919)
[run_subscribe_msckf-1] [0m[34m[TIME]: 0.0009 seconds total (1073.0 hz, 0.25 ms behind)
[run_subscribe_msckf-1] [0m[36m[ZUPT]: passed disparity (0.337 < 0.500, 70 features)
[run_subscribe_msckf-1] [0m[36m[ZUPT]: accepted |v_IinG| = 0.104 (chi2 54.817 < 16.919)
[run_subscribe_msckf-1] [0m[34m[TIME]: 0.0008 seconds total (1193.3 hz, 0.25 ms behind)
[run_subscribe_msckf-1] [0m[36m[ZUPT]: passed disparity (0.161 < 0.500, 69 features)
[run_subscribe_msckf-1] [0m[36m[ZUPT]: accepted |v_IinG| = 0.105 (chi2 46.722 < 16.919)
[run_subscribe_msckf-1] [0m[34m[TIME]: 0.0009 seconds total (1091.7 hz, 0.25 ms behind)
[run_subscribe_msckf-1] [0m[36m[ZUPT]: passed disparity (0.199 < 0.500, 69 features)
[run_subscribe_msckf-1] [0m[36m[ZUPT]: accepted |v_IinG| = 0.106 (chi2 35.156 < 16.919)
[run_subscribe_msckf-1] [0m[34m[TIME]: 0.0009 seconds total (1168.2 hz, 0.25 ms behind)
[run_subscribe_msckf-1] [0m[36m[ZUPT]: passed disparity (0.211 < 0.500, 70 features)
[run_subscribe_msckf-1] [0m[36m[ZUPT]: accepted |v_IinG| = 0.105 (chi2 54.758 < 16.919)
[run_subscribe_msckf-1] [0m[34m[TIME]: 0.0010 seconds total (1028.8 hz, 0.25 ms behind)
[run_subscribe_msckf-1] [0m[36m[ZUPT]: passed disparity (0.223 < 0.500, 71 features)
[run_subscribe_msckf-1] [0m[36m[ZUPT]: accepted |v_IinG| = 0.106 (chi2 41.501 < 16.919)
[run_subscribe_msckf-1] [0m[34m[TIME]: 0.0008 seconds total (1221.0 hz, 0.25 ms behind)
[run_subscribe_msckf-1] [0m[36m[ZUPT]: passed disparity (0.283 < 0.500, 71 features)
[run_subscribe_msckf-1] [0m[36m[ZUPT]: accepted |v_IinG| = 0.107 (chi2 37.819 < 16.919)
[run_subscribe_msckf-1] [0m[34m[TIME]: 0.0009 seconds total (1088.1 hz, 0.25 ms behind)
[run_subscribe_msckf-1] [0m[36m[ZUPT]: passed disparity (0.265 < 0.500, 71 features)
[run_subscribe_msckf-1] [0m[36m[ZUPT]: accepted |v_IinG| = 0.106 (chi2 52.684 < 16.919)
[run_subscribe_msckf-1] [0m[34m[TIME]: 0.0008 seconds total (1180.6 hz, 0.25 ms behind)
[run_subscribe_msckf-1] [0m[36m[ZUPT]: passed disparity (0.222 < 0.500, 71 features)
[run_subscribe_msckf-1] [0m[36m[ZUPT]: accepted |v_IinG| = 0.106 (chi2 38.321 < 16.919)
[run_subscribe_msckf-1] [0m[34m[TIME]: 0.0010 seconds total (1034.1 hz, 0.25 ms behind)
[run_subscribe_msckf-1] [0m[36m[ZUPT]: passed disparity (0.273 < 0.500, 71 features)
[run_subscribe_msckf-1] [0m[36m[ZUPT]: accepted |v_IinG| = 0.106 (chi2 38.585 < 16.919)
[run_subscribe_msckf-1] [0m[34m[TIME]: 0.0009 seconds total (1054.9 hz, 0.25 ms behind)
[run_subscribe_msckf-1] [0m[36m[ZUPT]: passed disparity (0.285 < 0.500, 72 features)
[run_subscribe_msckf-1] [0m[36m[ZUPT]: accepted |v_IinG| = 0.105 (chi2 48.600 < 16.919)
[run_subscribe_msckf-1] [0m[34m[TIME]: 0.0009 seconds total (1081.1 hz, 0.25 ms behind)
[run_subscribe_msckf-1] [0m[36m[ZUPT]: passed disparity (0.408 < 0.500, 74 features)
[run_subscribe_msckf-1] [0m[36m[ZUPT]: accepted |v_IinG| = 0.105 (chi2 33.141 < 16.919)
[run_subscribe_msckf-1] [0m[34m[TIME]: 0.0009 seconds total (1142.9 hz, 0.25 ms behind)
[run_subscribe_msckf-1] [0m[36m[ZUPT]: passed disparity (0.308 < 0.500, 73 features)
[run_subscribe_msckf-1] [0m[36m[ZUPT]: accepted |v_IinG| = 0.105 (chi2 38.582 < 16.919)
[run_subscribe_msckf-1] [0m[34m[TIME]: 0.0010 seconds total (1036.3 hz, 0.25 ms behind)
[run_subscribe_msckf-1] [0m[36m[ZUPT]: passed disparity (0.262 < 0.500, 73 features)
[run_subscribe_msckf-1] [0m[36m[ZUPT]: accepted |v_IinG| = 0.103 (chi2 44.406 < 16.919)
[run_subscribe_msckf-1] [0m[34m[TIME]: 0.0010 seconds total (1034.1 hz, 0.25 ms behind)
[run_subscribe_msckf-1] [0m[36m[ZUPT]: passed disparity (0.300 < 0.500, 75 features)
[run_subscribe_msckf-1] [0m[36m[ZUPT]: accepted |v_IinG| = 0.103 (chi2 28.915 < 16.919)
[run_subscribe_msckf-1] [0m[34m[TIME]: 0.0009 seconds total (1175.1 hz, 0.25 ms behind)
[run_subscribe_msckf-1] [0m[36m[ZUPT]: passed disparity (0.319 < 0.500, 75 features)
[run_subscribe_msckf-1] [0m[36m[ZUPT]: accepted |v_IinG| = 0.103 (chi2 36.672 < 16.919)
[run_subscribe_msckf-1] [0m[34m[TIME]: 0.0009 seconds total (1131.2 hz, 0.25 ms behind)
[run_subscribe_msckf-1] [0m[36m[ZUPT]: passed disparity (0.251 < 0.500, 74 features)
[run_subscribe_msckf-1] [0m[36m[ZUPT]: accepted |v_IinG| = 0.101 (chi2 38.407 < 16.919)
[run_subscribe_msckf-1] [0m[34m[TIME]: 0.0009 seconds total (1111.1 hz, 0.25 ms behind)
[run_subscribe_msckf-1] [0m[34m[TIME]: 0.0010 seconds total (991.1 hz, 0.25 ms behind)
[run_subscribe_msckf-1] [0m[36m[ZUPT]: passed disparity (0.185 < 0.500, 73 features)
[run_subscribe_msckf-1] [0m[36m[ZUPT]: accepted |v_IinG| = 0.100 (chi2 35.585 < 16.919)
[run_subscribe_msckf-1] [0m[34m[TIME]: 0.0010 seconds total (1009.1 hz, 0.25 ms behind)
[run_subscribe_msckf-1] [0m[34m[TIME]: 0.0009 seconds total (1071.8 hz, 0.25 ms behind)
[run_subscribe_msckf-1] [0m[36m[ZUPT]: passed disparity (0.246 < 0.500, 75 features)
[run_subscribe_msckf-1] [0m[36m[ZUPT]: accepted |v_IinG| = 0.098 (chi2 28.490 < 16.919)
[run_subscribe_msckf-1] [0m[34m[TIME]: 0.0009 seconds total (1063.8 hz, 0.25 ms behind)
[run_subscribe_msckf-1] [0m[36m[ZUPT]: passed disparity (0.321 < 0.500, 75 features)
[run_subscribe_msckf-1] [0m[36m[ZUPT]: accepted |v_IinG| = 0.097 (chi2 35.983 < 16.919)
[run_subscribe_msckf-1] [0m[34m[TIME]: 0.0009 seconds total (1148.1 hz, 0.25 ms behind)
[run_subscribe_msckf-1] [0m[36m[ZUPT]: passed disparity (0.201 < 0.500, 75 features)
[run_subscribe_msckf-1] [0m[36m[ZUPT]: accepted |v_IinG| = 0.094 (chi2 29.388 < 16.919)
[run_subscribe_msckf-1] [0m[34m[TIME]: 0.0009 seconds total (1107.4 hz, 0.25 ms behind)
[run_subscribe_msckf-1] [0m[36m[ZUPT]: passed disparity (0.159 < 0.500, 75 features)
[run_subscribe_msckf-1] [0m[36m[ZUPT]: accepted |v_IinG| = 0.093 (chi2 28.245 < 16.919)
[run_subscribe_msckf-1] [0m[34m[TIME]: 0.0009 seconds total (1126.1 hz, 0.25 ms behind)
[run_subscribe_msckf-1] [0m[36m[ZUPT]: passed disparity (0.157 < 0.500, 75 features)
[run_subscribe_msckf-1] [0m[36m[ZUPT]: accepted |v_IinG| = 0.092 (chi2 35.222 < 16.919)
[run_subscribe_msckf-1] [0m[34m[TIME]: 0.0009 seconds total (1152.1 hz, 0.25 ms behind)
[run_subscribe_msckf-1] [0m[36m[ZUPT]: passed disparity (0.198 < 0.500, 76 features)
[run_subscribe_msckf-1] [0m[36m[ZUPT]: accepted |v_IinG| = 0.089 (chi2 25.289 < 16.919)
[run_subscribe_msckf-1] [0m[34m[TIME]: 0.0010 seconds total (995.0 hz, 0.25 ms behind)
[run_subscribe_msckf-1] [0m[36m[ZUPT]: passed disparity (0.128 < 0.500, 76 features)
[run_subscribe_msckf-1] [0m[36m[ZUPT]: accepted |v_IinG| = 0.087 (chi2 30.162 < 16.919)
[run_subscribe_msckf-1] [0m[34m[TIME]: 0.0009 seconds total (1122.3 hz, 0.25 ms behind)
[run_subscribe_msckf-1] [0m[36m[ZUPT]: passed disparity (0.162 < 0.500, 76 features)
[run_subscribe_msckf-1] [0m[36m[ZUPT]: accepted |v_IinG| = 0.086 (chi2 35.200 < 16.919)
[run_subscribe_msckf-1] [0m[34m[TIME]: 0.0009 seconds total (1082.3 hz, 0.25 ms behind)
[run_subscribe_msckf-1] [0m[36m[ZUPT]: passed disparity (0.127 < 0.500, 76 features)
[run_subscribe_msckf-1] [0m[36m[ZUPT]: accepted |v_IinG| = 0.083 (chi2 22.572 < 16.919)
[run_subscribe_msckf-1] [0m[34m[TIME]: 0.0009 seconds total (1141.6 hz, 0.25 ms behind)
[run_subscribe_msckf-1] [0m[36m[ZUPT]: passed disparity (0.136 < 0.500, 77 features)
[run_subscribe_msckf-1] [0m[36m[ZUPT]: accepted |v_IinG| = 0.082 (chi2 33.052 < 16.919)
[run_subscribe_msckf-1] [0m[34m[TIME]: 0.0009 seconds total (1140.3 hz, 0.25 ms behind)
[run_subscribe_msckf-1] [0m[36m[ZUPT]: passed disparity (0.087 < 0.500, 77 features)
[run_subscribe_msckf-1] [0m[36m[ZUPT]: accepted |v_IinG| = 0.080 (chi2 36.293 < 16.919)
[run_subscribe_msckf-1] [0m[34m[TIME]: 0.0009 seconds total (1108.6 hz, 0.25 ms behind)
[run_subscribe_msckf-1] [0m[36m[ZUPT]: passed disparity (0.132 < 0.500, 77 features)
[run_subscribe_msckf-1] [0m[36m[ZUPT]: accepted |v_IinG| = 0.078 (chi2 20.633 < 16.919)
[run_subscribe_msckf-1] [0m[34m[TIME]: 0.0009 seconds total (1108.6 hz, 0.25 ms behind)
[run_subscribe_msckf-1] [0m[36m[ZUPT]: passed disparity (0.122 < 0.500, 76 features)
[run_subscribe_msckf-1] [0m[36m[ZUPT]: accepted |v_IinG| = 0.076 (chi2 34.900 < 16.919)
[run_subscribe_msckf-1] [0m[34m[TIME]: 0.0010 seconds total (1041.7 hz, 0.25 ms behind)
[run_subscribe_msckf-1] [0m[36m[ZUPT]: passed disparity (0.120 < 0.500, 75 features)
[run_subscribe_msckf-1] [0m[36m[ZUPT]: accepted |v_IinG| = 0.075 (chi2 37.245 < 16.919)
[run_subscribe_msckf-1] [0m[34m[TIME]: 0.0009 seconds total (1118.6 hz, 0.25 ms behind)
[run_subscribe_msckf-1] [0m[36m[ZUPT]: passed disparity (0.073 < 0.500, 75 features)
[run_subscribe_msckf-1] [0m[36m[ZUPT]: accepted |v_IinG| = 0.073 (chi2 20.195 < 16.919)
[run_subscribe_msckf-1] [0m[34m[TIME]: 0.0009 seconds total (1168.2 hz, 0.25 ms behind)
[run_subscribe_msckf-1] [0m[36m[ZUPT]: passed disparity (0.201 < 0.500, 76 features)
[run_subscribe_msckf-1] [0m[36m[ZUPT]: accepted |v_IinG| = 0.071 (chi2 35.553 < 16.919)
[run_subscribe_msckf-1] [0m[34m[TIME]: 0.0009 seconds total (1065.0 hz, 0.25 ms behind)
[run_subscribe_msckf-1] [0m[36m[ZUPT]: passed disparity (0.165 < 0.500, 76 features)
[run_subscribe_msckf-1] [0m[36m[ZUPT]: accepted |v_IinG| = 0.070 (chi2 39.169 < 16.919)
[run_subscribe_msckf-1] [0m[34m[TIME]: 0.0010 seconds total (973.7 hz, 0.25 ms behind)
[run_subscribe_msckf-1] [0m[36m[ZUPT]: passed disparity (0.102 < 0.500, 75 features)
[run_subscribe_msckf-1] [0m[36m[ZUPT]: accepted |v_IinG| = 0.069 (chi2 21.135 < 16.919)
[run_subscribe_msckf-1] [0m[34m[TIME]: 0.0010 seconds total (1034.1 hz, 0.25 ms behind)
[run_subscribe_msckf-1] [0m[36m[ZUPT]: passed disparity (0.252 < 0.500, 77 features)
[run_subscribe_msckf-1] [0m[36m[ZUPT]: accepted |v_IinG| = 0.067 (chi2 34.658 < 16.919)
[run_subscribe_msckf-1] [0m[34m[TIME]: 0.0010 seconds total (978.5 hz, 0.25 ms behind)
[run_subscribe_msckf-1] [0m[36m[ZUPT]: passed disparity (0.419 < 0.500, 77 features)
[run_subscribe_msckf-1] [0m[36m[ZUPT]: accepted |v_IinG| = 0.067 (chi2 41.585 < 16.919)
[run_subscribe_msckf-1] [0m[34m[TIME]: 0.0010 seconds total (1019.4 hz, 0.25 ms behind)
[run_subscribe_msckf-1] [0m[36m[ZUPT]: passed disparity (0.269 < 0.500, 75 features)
[run_subscribe_msckf-1] [0m[36m[ZUPT]: accepted |v_IinG| = 0.066 (chi2 22.838 < 16.919)
[run_subscribe_msckf-1] [0m[34m[TIME]: 0.0009 seconds total (1074.1 hz, 0.25 ms behind)
[run_subscribe_msckf-1] [0m[36m[ZUPT]: passed disparity (0.209 < 0.500, 74 features)
[run_subscribe_msckf-1] [0m[36m[ZUPT]: accepted |v_IinG| = 0.065 (chi2 31.978 < 16.919)
[run_subscribe_msckf-1] [0m[34m[TIME]: 0.0010 seconds total (1006.0 hz, 0.25 ms behind)
[run_subscribe_msckf-1] [0m[36m[ZUPT]: passed disparity (0.229 < 0.500, 74 features)
[run_subscribe_msckf-1] [0m[36m[ZUPT]: accepted |v_IinG| = 0.065 (chi2 41.833 < 16.919)
[run_subscribe_msckf-1] [0m[34m[TIME]: 0.0009 seconds total (1108.6 hz, 0.25 ms behind)
[run_subscribe_msckf-1] [0m[36m[ZUPT]: passed disparity (0.184 < 0.500, 74 features)
[run_subscribe_msckf-1] [0m[36m[ZUPT]: accepted |v_IinG| = 0.065 (chi2 25.442 < 16.919)
[run_subscribe_msckf-1] [0m[34m[TIME]: 0.0009 seconds total (1075.3 hz, 0.25 ms behind)
[run_subscribe_msckf-1] [0m[36m[ZUPT]: passed disparity (0.242 < 0.500, 76 features)
[run_subscribe_msckf-1] [0m[36m[ZUPT]: accepted |v_IinG| = 0.064 (chi2 28.749 < 16.919)
[run_subscribe_msckf-1] [0m[34m[TIME]: 0.0010 seconds total (954.2 hz, 0.25 ms behind)
[run_subscribe_msckf-1] [0m[36m[ZUPT]: passed disparity (0.367 < 0.500, 77 features)
[run_subscribe_msckf-1] [0m[36m[ZUPT]: accepted |v_IinG| = 0.065 (chi2 40.748 < 16.919)
[run_subscribe_msckf-1] [0m[34m[TIME]: 0.0010 seconds total (1050.4 hz, 0.25 ms behind)
[run_subscribe_msckf-1] [0m[36m[ZUPT]: passed disparity (0.244 < 0.500, 76 features)
[run_subscribe_msckf-1] [0m[36m[ZUPT]: accepted |v_IinG| = 0.065 (chi2 27.708 < 16.919)
[run_subscribe_msckf-1] [0m[34m[TIME]: 0.0009 seconds total (1116.1 hz, 0.25 ms behind)
[run_subscribe_msckf-1] [0m[36m[ZUPT]: passed disparity (0.253 < 0.500, 75 features)
[run_subscribe_msckf-1] [0m[36m[ZUPT]: accepted |v_IinG| = 0.065 (chi2 25.732 < 16.919)
[run_subscribe_msckf-1] [0m[34m[TIME]: 0.0010 seconds total (981.4 hz, 0.25 ms behind)
[run_subscribe_msckf-1] [0m[36m[ZUPT]: passed disparity (0.309 < 0.500, 76 features)
[run_subscribe_msckf-1] [0m[36m[ZUPT]: accepted |v_IinG| = 0.066 (chi2 38.411 < 16.919)
[run_subscribe_msckf-1] [0m[34m[TIME]: 0.0010 seconds total (991.1 hz, 0.25 ms behind)
[run_subscribe_msckf-1] [0m[36m[ZUPT]: passed disparity (0.279 < 0.500, 76 features)
[run_subscribe_msckf-1] [0m[36m[ZUPT]: accepted |v_IinG| = 0.067 (chi2 29.203 < 16.919)
[run_subscribe_msckf-1] [0m[34m[TIME]: 0.0009 seconds total (1053.7 hz, 0.25 ms behind)
[run_subscribe_msckf-1] [0m[36m[ZUPT]: passed disparity (0.289 < 0.500, 76 features)
[run_subscribe_msckf-1] [0m[36m[ZUPT]: accepted |v_IinG| = 0.067 (chi2 23.851 < 16.919)
[run_subscribe_msckf-1] [0m[34m[TIME]: 0.0009 seconds total (1068.4 hz, 0.25 ms behind)
[run_subscribe_msckf-1] [0m[36m[ZUPT]: passed disparity (0.296 < 0.500, 75 features)
[run_subscribe_msckf-1] [0m[36m[ZUPT]: accepted |v_IinG| = 0.068 (chi2 35.384 < 16.919)
[run_subscribe_msckf-1] [0m[34m[TIME]: 0.0009 seconds total (1100.1 hz, 0.25 ms behind)
[run_subscribe_msckf-1] [0m[36m[ZUPT]: passed disparity (0.255 < 0.500, 75 features)
[run_subscribe_msckf-1] [0m[36m[ZUPT]: accepted |v_IinG| = 0.069 (chi2 29.413 < 16.919)
[run_subscribe_msckf-1] [0m[34m[TIME]: 0.0009 seconds total (1088.1 hz, 0.25 ms behind)
[run_subscribe_msckf-1] [0m[36m[ZUPT]: passed disparity (0.312 < 0.500, 76 features)
[run_subscribe_msckf-1] [0m[36m[ZUPT]: accepted |v_IinG| = 0.070 (chi2 22.484 < 16.919)
[run_subscribe_msckf-1] [0m[34m[TIME]: 0.0009 seconds total (1067.2 hz, 0.25 ms behind)
[run_subscribe_msckf-1] [0m[36m[ZUPT]: passed disparity (0.290 < 0.500, 74 features)
[run_subscribe_msckf-1] [0m[36m[ZUPT]: accepted |v_IinG| = 0.071 (chi2 32.275 < 16.919)
[run_subscribe_msckf-1] [0m[34m[TIME]: 0.0009 seconds total (1118.6 hz, 0.25 ms behind)
[run_subscribe_msckf-1] [0m[36m[ZUPT]: passed disparity (0.245 < 0.500, 74 features)
[run_subscribe_msckf-1] [0m[36m[ZUPT]: accepted |v_IinG| = 0.073 (chi2 28.124 < 16.919)
[run_subscribe_msckf-1] [0m[34m[TIME]: 0.0009 seconds total (1057.1 hz, 0.25 ms behind)
[run_subscribe_msckf-1] [0m[36m[ZUPT]: passed disparity (0.257 < 0.500, 75 features)
[run_subscribe_msckf-1] [0m[36m[ZUPT]: accepted |v_IinG| = 0.074 (chi2 24.273 < 16.919)
[run_subscribe_msckf-1] [0m[34m[TIME]: 0.0009 seconds total (1148.1 hz, 0.25 ms behind)
[run_subscribe_msckf-1] [0m[36m[ZUPT]: passed disparity (0.298 < 0.500, 75 features)
[run_subscribe_msckf-1] [0m[36m[ZUPT]: accepted |v_IinG| = 0.075 (chi2 29.319 < 16.919)
[run_subscribe_msckf-1] [0m[34m[TIME]: 0.0009 seconds total (1131.2 hz, 0.25 ms behind)
[run_subscribe_msckf-1] [0m[36m[ZUPT]: passed disparity (0.391 < 0.500, 75 features)
[run_subscribe_msckf-1] [0m[36m[ZUPT]: accepted |v_IinG| = 0.076 (chi2 25.794 < 16.919)
[run_subscribe_msckf-1] [0m[34m[TIME]: 0.0009 seconds total (1106.2 hz, 0.25 ms behind)
[run_subscribe_msckf-1] [0m[36m[ZUPT]: passed disparity (0.219 < 0.500, 74 features)
[run_subscribe_msckf-1] [0m[36m[ZUPT]: accepted |v_IinG| = 0.077 (chi2 28.159 < 16.919)
[run_subscribe_msckf-1] [0m[34m[TIME]: 0.0009 seconds total (1066.1 hz, 0.25 ms behind)
[run_subscribe_msckf-1] [0m[36m[ZUPT]: passed disparity (0.166 < 0.500, 74 features)
[run_subscribe_msckf-1] [0m[36m[ZUPT]: accepted |v_IinG| = 0.079 (chi2 28.330 < 16.919)
[run_subscribe_msckf-1] [0m[34m[TIME]: 0.0010 seconds total (1001.0 hz, 0.25 ms behind)
[run_subscribe_msckf-1] [0m[36m[ZUPT]: passed disparity (0.210 < 0.500, 74 features)
[run_subscribe_msckf-1] [0m[36m[ZUPT]: accepted |v_IinG| = 0.080 (chi2 23.727 < 16.919)
[run_subscribe_msckf-1] [0m[34m[TIME]: 0.0010 seconds total (952.4 hz, 0.25 ms behind)
[run_subscribe_msckf-1] [0m[36m[ZUPT]: passed disparity (0.206 < 0.500, 72 features)
[run_subscribe_msckf-1] [0m[36m[ZUPT]: accepted |v_IinG| = 0.081 (chi2 29.830 < 16.919)
[run_subscribe_msckf-1] [0m[34m[TIME]: 0.0010 seconds total (997.0 hz, 0.25 ms behind)
[run_subscribe_msckf-1] [0m[36m[ZUPT]: passed disparity (0.142 < 0.500, 72 features)
[run_subscribe_msckf-1] [0m[36m[ZUPT]: accepted |v_IinG| = 0.082 (chi2 28.702 < 16.919)
[run_subscribe_msckf-1] [0m[34m[TIME]: 0.0010 seconds total (963.4 hz, 0.25 ms behind)
[run_subscribe_msckf-1] [0m[36m[ZUPT]: passed disparity (0.154 < 0.500, 71 features)
[run_subscribe_msckf-1] [0m[36m[ZUPT]: accepted |v_IinG| = 0.083 (chi2 23.850 < 16.919)
[run_subscribe_msckf-1] [0m[34m[TIME]: 0.0010 seconds total (1027.7 hz, 0.25 ms behind)
[run_subscribe_msckf-1] [0m[36m[ZUPT]: passed disparity (0.162 < 0.500, 71 features)
[run_subscribe_msckf-1] [0m[36m[ZUPT]: accepted |v_IinG| = 0.084 (chi2 29.517 < 16.919)
[run_subscribe_msckf-1] [0m[34m[TIME]: 0.0010 seconds total (1032.0 hz, 0.25 ms behind)
[run_subscribe_msckf-1] [0m[36m[ZUPT]: passed disparity (0.113 < 0.500, 72 features)
[run_subscribe_msckf-1] [0m[36m[ZUPT]: accepted |v_IinG| = 0.085 (chi2 31.760 < 16.919)
[run_subscribe_msckf-1] [0m[34m[TIME]: 0.0010 seconds total (969.9 hz, 0.25 ms behind)
[run_subscribe_msckf-1] [0m[36m[ZUPT]: passed disparity (0.125 < 0.500, 72 features)
[run_subscribe_msckf-1] [0m[36m[ZUPT]: accepted |v_IinG| = 0.086 (chi2 27.032 < 16.919)
[run_subscribe_msckf-1] [0m[34m[TIME]: 0.0009 seconds total (1089.3 hz, 0.25 ms behind)
[run_subscribe_msckf-1] [0m[36m[ZUPT]: passed disparity (0.173 < 0.500, 72 features)
[run_subscribe_msckf-1] [0m[36m[ZUPT]: accepted |v_IinG| = 0.087 (chi2 26.993 < 16.919)
[run_subscribe_msckf-1] [0m[34m[TIME]: 0.0009 seconds total (1060.4 hz, 0.25 ms behind)
[run_subscribe_msckf-1] [0m[36m[ZUPT]: passed disparity (0.131 < 0.500, 72 features)
[run_subscribe_msckf-1] [0m[36m[ZUPT]: accepted |v_IinG| = 0.088 (chi2 36.831 < 16.919)
[run_subscribe_msckf-1] [0m[34m[TIME]: 0.0010 seconds total (1027.7 hz, 0.25 ms behind)
[run_subscribe_msckf-1] [0m[34m[TIME]: 0.0010 seconds total (1016.3 hz, 0.25 ms behind)
[run_subscribe_msckf-1] [0m[36m[ZUPT]: passed disparity (0.155 < 0.500, 73 features)
[run_subscribe_msckf-1] [0m[36m[ZUPT]: accepted |v_IinG| = 0.089 (chi2 27.019 < 16.919)
[run_subscribe_msckf-1] [0m[34m[TIME]: 0.0009 seconds total (1052.6 hz, 0.25 ms behind)
[run_subscribe_msckf-1] [0m[36m[ZUPT]: passed disparity (0.220 < 0.500, 73 features)
[run_subscribe_msckf-1] [0m[36m[ZUPT]: accepted |v_IinG| = 0.089 (chi2 40.352 < 16.919)
[run_subscribe_msckf-1] [0m[34m[TIME]: 0.0009 seconds total (1077.6 hz, 0.25 ms behind)
[run_subscribe_msckf-1] [0m[36m[ZUPT]: passed disparity (0.200 < 0.500, 74 features)
[run_subscribe_msckf-1] [0m[36m[ZUPT]: accepted |v_IinG| = 0.089 (chi2 42.197 < 16.919)
[run_subscribe_msckf-1] [0m[34m[TIME]: 0.0009 seconds total (1052.6 hz, 0.25 ms behind)
[run_subscribe_msckf-1] [0m[36m[ZUPT]: passed disparity (0.175 < 0.500, 75 features)
[run_subscribe_msckf-1] [0m[36m[ZUPT]: accepted |v_IinG| = 0.090 (chi2 30.001 < 16.919)
[run_subscribe_msckf-1] [0m[34m[TIME]: 0.0010 seconds total (1028.8 hz, 0.25 ms behind)
[run_subscribe_msckf-1] [0m[36m[ZUPT]: passed disparity (0.237 < 0.500, 77 features)
[run_subscribe_msckf-1] [0m[36m[ZUPT]: accepted |v_IinG| = 0.090 (chi2 39.466 < 16.919)
[run_subscribe_msckf-1] [0m[34m[TIME]: 0.0010 seconds total (997.0 hz, 0.25 ms behind)
[run_subscribe_msckf-1] [0m[36m[ZUPT]: passed disparity (0.244 < 0.500, 76 features)
[run_subscribe_msckf-1] [0m[36m[ZUPT]: accepted |v_IinG| = 0.090 (chi2 50.434 < 16.919)
[run_subscribe_msckf-1] [0m[34m[TIME]: 0.0010 seconds total (1000.0 hz, 0.25 ms behind)
[run_subscribe_msckf-1] [0m[36m[ZUPT]: passed disparity (0.280 < 0.500, 77 features)
[run_subscribe_msckf-1] [0m[36m[ZUPT]: accepted |v_IinG| = 0.090 (chi2 40.023 < 16.919)
[run_subscribe_msckf-1] [0m[34m[TIME]: 0.0009 seconds total (1116.1 hz, 0.25 ms behind)
[run_subscribe_msckf-1] [0m[36m[ZUPT]: passed disparity (0.263 < 0.500, 77 features)
[run_subscribe_msckf-1] [0m[36m[ZUPT]: accepted |v_IinG| = 0.090 (chi2 35.283 < 16.919)
[run_subscribe_msckf-1] [0m[34m[TIME]: 0.0009 seconds total (1131.2 hz, 0.25 ms behind)
[run_subscribe_msckf-1] [0m[36m[ZUPT]: passed disparity (0.311 < 0.500, 77 features)
[run_subscribe_msckf-1] [0m[36m[ZUPT]: accepted |v_IinG| = 0.090 (chi2 56.250 < 16.919)
[run_subscribe_msckf-1] [0m[34m[TIME]: 0.0009 seconds total (1085.8 hz, 0.25 ms behind)
[run_subscribe_msckf-1] [0m[36m[ZUPT]: passed disparity (0.331 < 0.500, 78 features)
[run_subscribe_msckf-1] [0m[36m[ZUPT]: accepted |v_IinG| = 0.089 (chi2 54.739 < 16.919)
[run_subscribe_msckf-1] [0m[34m[TIME]: 0.0009 seconds total (1095.3 hz, 0.25 ms behind)
[run_subscribe_msckf-1] [0m[36m[ZUPT]: passed disparity (0.263 < 0.500, 78 features)
[run_subscribe_msckf-1] [0m[36m[ZUPT]: accepted |v_IinG| = 0.089 (chi2 31.964 < 16.919)
[run_subscribe_msckf-1] [0m[34m[TIME]: 0.0009 seconds total (1098.9 hz, 0.25 ms behind)
[run_subscribe_msckf-1] [0m[36m[ZUPT]: passed disparity (0.326 < 0.500, 79 features)
[run_subscribe_msckf-1] [0m[36m[ZUPT]: accepted |v_IinG| = 0.089 (chi2 56.325 < 16.919)
[run_subscribe_msckf-1] [0m[34m[TIME]: 0.0009 seconds total (1103.8 hz, 0.25 ms behind)
[run_subscribe_msckf-1] [0m[36m[ZUPT]: passed disparity (0.411 < 0.500, 79 features)
[run_subscribe_msckf-1] [0m[36m[ZUPT]: accepted |v_IinG| = 0.088 (chi2 68.509 < 16.919)
[run_subscribe_msckf-1] [0m[34m[TIME]: 0.0011 seconds total (901.7 hz, 0.25 ms behind)
[run_subscribe_msckf-1] [0m[36m[ZUPT]: passed disparity (0.300 < 0.500, 80 features)
[run_subscribe_msckf-1] [0m[36m[ZUPT]: accepted |v_IinG| = 0.088 (chi2 32.134 < 16.919)
[run_subscribe_msckf-1] [0m[34m[TIME]: 0.0009 seconds total (1075.3 hz, 0.25 ms behind)
[run_subscribe_msckf-1] [0m[36m[ZUPT]: passed disparity (0.302 < 0.500, 80 features)
[run_subscribe_msckf-1] [0m[36m[ZUPT]: accepted |v_IinG| = 0.087 (chi2 50.523 < 16.919)
[run_subscribe_msckf-1] [0m[34m[TIME]: 0.0010 seconds total (1035.2 hz, 0.25 ms behind)
[run_subscribe_msckf-1] [0m[36m[ZUPT]: passed disparity (0.396 < 0.500, 79 features)
[run_subscribe_msckf-1] [0m[36m[ZUPT]: accepted |v_IinG| = 0.087 (chi2 77.020 < 16.919)
[run_subscribe_msckf-1] [0m[34m[TIME]: 0.0011 seconds total (937.2 hz, 0.25 ms behind)
[run_subscribe_msckf-1] [0m[36m[ZUPT]: passed disparity (0.291 < 0.500, 79 features)
[run_subscribe_msckf-1] [0m[36m[ZUPT]: accepted |v_IinG| = 0.086 (chi2 37.703 < 16.919)
[run_subscribe_msckf-1] [0m[34m[TIME]: 0.0010 seconds total (1034.1 hz, 0.25 ms behind)
[run_subscribe_msckf-1] [0m[36m[ZUPT]: passed disparity (0.265 < 0.500, 79 features)
[run_subscribe_msckf-1] [0m[36m[ZUPT]: accepted |v_IinG| = 0.085 (chi2 42.523 < 16.919)
[run_subscribe_msckf-1] [0m[34m[TIME]: 0.0010 seconds total (1006.0 hz, 0.25 ms behind)
[run_subscribe_msckf-1] [0m[36m[ZUPT]: passed disparity (0.478 < 0.500, 80 features)
[run_subscribe_msckf-1] [0m[36m[ZUPT]: accepted |v_IinG| = 0.084 (chi2 77.349 < 16.919)
[run_subscribe_msckf-1] [0m[34m[TIME]: 0.0009 seconds total (1054.9 hz, 0.25 ms behind)
[run_subscribe_msckf-1] [0m[36m[ZUPT]: passed disparity (0.271 < 0.500, 81 features)
[run_subscribe_msckf-1] [0m[36m[ZUPT]: accepted |v_IinG| = 0.083 (chi2 44.038 < 16.919)
[run_subscribe_msckf-1] [0m[34m[TIME]: 0.0010 seconds total (1035.2 hz, 0.25 ms behind)
[run_subscribe_msckf-1] [0m[36m[ZUPT]: passed disparity (0.305 < 0.500, 80 features)
[run_subscribe_msckf-1] [0m[36m[ZUPT]: accepted |v_IinG| = 0.083 (chi2 37.421 < 16.919)
[run_subscribe_msckf-1] [0m[34m[TIME]: 0.0010 seconds total (957.9 hz, 0.25 ms behind)
[run_subscribe_msckf-1] [0m[36m[ZUPT]: passed disparity (0.440 < 0.500, 81 features)
[run_subscribe_msckf-1] [0m[36m[ZUPT]: accepted |v_IinG| = 0.082 (chi2 69.598 < 16.919)
[run_subscribe_msckf-1] [0m[34m[TIME]: 0.0010 seconds total (1034.1 hz, 0.25 ms behind)
[run_subscribe_msckf-1] [0m[36m[ZUPT]: passed disparity (0.268 < 0.500, 81 features)
[run_subscribe_msckf-1] [0m[36m[ZUPT]: accepted |v_IinG| = 0.081 (chi2 45.657 < 16.919)
[run_subscribe_msckf-1] [0m[34m[TIME]: 0.0009 seconds total (1060.4 hz, 0.25 ms behind)
[run_subscribe_msckf-1] [0m[36m[ZUPT]: passed disparity (0.220 < 0.500, 81 features)
[run_subscribe_msckf-1] [0m[36m[ZUPT]: accepted |v_IinG| = 0.080 (chi2 35.333 < 16.919)
[run_subscribe_msckf-1] [0m[34m[TIME]: 0.0009 seconds total (1052.6 hz, 0.25 ms behind)
[run_subscribe_msckf-1] [0m[36m[ZUPT]: passed disparity (0.247 < 0.500, 81 features)
[run_subscribe_msckf-1] [0m[36m[ZUPT]: accepted |v_IinG| = 0.079 (chi2 58.648 < 16.919)
[run_subscribe_msckf-1] [0m[34m[TIME]: 0.0010 seconds total (1015.2 hz, 0.25 ms behind)
[run_subscribe_msckf-1] [0m[36m[ZUPT]: passed disparity (0.229 < 0.500, 81 features)
[run_subscribe_msckf-1] [0m[36m[ZUPT]: accepted |v_IinG| = 0.078 (chi2 42.143 < 16.919)
[run_subscribe_msckf-1] [0m[34m[TIME]: 0.0011 seconds total (909.1 hz, 0.25 ms behind)
[run_subscribe_msckf-1] [0m[36m[ZUPT]: passed disparity (0.244 < 0.500, 81 features)
[run_subscribe_msckf-1] [0m[36m[ZUPT]: accepted |v_IinG| = 0.077 (chi2 33.967 < 16.919)
[run_subscribe_msckf-1] [0m[34m[TIME]: 0.0010 seconds total (992.1 hz, 0.25 ms behind)
[run_subscribe_msckf-1] [0m[36m[ZUPT]: passed disparity (0.212 < 0.500, 81 features)
[run_subscribe_msckf-1] [0m[36m[ZUPT]: accepted |v_IinG| = 0.076 (chi2 48.013 < 16.919)
[run_subscribe_msckf-1] [0m[34m[TIME]: 0.0011 seconds total (946.1 hz, 0.25 ms behind)
[run_subscribe_msckf-1] [0m[36m[ZUPT]: passed disparity (0.201 < 0.500, 81 features)
[run_subscribe_msckf-1] [0m[36m[ZUPT]: accepted |v_IinG| = 0.075 (chi2 36.688 < 16.919)
[run_subscribe_msckf-1] [0m[34m[TIME]: 0.0010 seconds total (977.5 hz, 0.25 ms behind)
[run_subscribe_msckf-1] [0m[36m[ZUPT]: passed disparity (0.160 < 0.500, 81 features)
[run_subscribe_msckf-1] [0m[36m[ZUPT]: accepted |v_IinG| = 0.074 (chi2 29.012 < 16.919)
[run_subscribe_msckf-1] [0m[34m[TIME]: 0.0010 seconds total (979.4 hz, 0.25 ms behind)
[run_subscribe_msckf-1] [0m[36m[ZUPT]: passed disparity (0.123 < 0.500, 81 features)
[run_subscribe_msckf-1] [0m[36m[ZUPT]: accepted |v_IinG| = 0.073 (chi2 41.853 < 16.919)
[run_subscribe_msckf-1] [0m[34m[TIME]: 0.0012 seconds total (866.6 hz, 0.25 ms behind)
[run_subscribe_msckf-1] [0m[36m[ZUPT]: passed disparity (0.210 < 0.500, 82 features)
[run_subscribe_msckf-1] [0m[36m[ZUPT]: accepted |v_IinG| = 0.072 (chi2 33.572 < 16.919)
[run_subscribe_msckf-1] [0m[34m[TIME]: 0.0011 seconds total (921.7 hz, 0.25 ms behind)
[run_subscribe_msckf-1] [0m[36m[ZUPT]: passed disparity (0.118 < 0.500, 82 features)
[run_subscribe_msckf-1] [0m[36m[ZUPT]: accepted |v_IinG| = 0.071 (chi2 23.213 < 16.919)
[run_subscribe_msckf-1] [0m[34m[TIME]: 0.0011 seconds total (947.9 hz, 0.25 ms behind)
[run_subscribe_msckf-1] [0m[36m[ZUPT]: passed disparity (0.186 < 0.500, 83 features)
[run_subscribe_msckf-1] [0m[36m[ZUPT]: accepted |v_IinG| = 0.070 (chi2 36.385 < 16.919)
[run_subscribe_msckf-1] [0m[34m[TIME]: 0.0010 seconds total (952.4 hz, 0.25 ms behind)
[run_subscribe_msckf-1] [0m[36m[ZUPT]: passed disparity (0.147 < 0.500, 83 features)
[run_subscribe_msckf-1] [0m[36m[ZUPT]: accepted |v_IinG| = 0.069 (chi2 34.363 < 16.919)
[run_subscribe_msckf-1] [0m[34m[TIME]: 0.0011 seconds total (934.6 hz, 0.25 ms behind)
[run_subscribe_msckf-1] [0m[36m[ZUPT]: passed disparity (0.193 < 0.500, 84 features)
[run_subscribe_msckf-1] [0m[36m[ZUPT]: accepted |v_IinG| = 0.068 (chi2 23.303 < 16.919)
[run_subscribe_msckf-1] [0m[34m[TIME]: 0.0011 seconds total (932.0 hz, 0.25 ms behind)
[run_subscribe_msckf-1] [0m[36m[ZUPT]: passed disparity (0.192 < 0.500, 84 features)
[run_subscribe_msckf-1] [0m[36m[ZUPT]: accepted |v_IinG| = 0.068 (chi2 28.691 < 16.919)
[run_subscribe_msckf-1] [0m[34m[TIME]: 0.0011 seconds total (931.1 hz, 0.25 ms behind)
[run_subscribe_msckf-1] [0m[36m[ZUPT]: passed disparity (0.169 < 0.500, 84 features)
[run_subscribe_msckf-1] [0m[36m[ZUPT]: accepted |v_IinG| = 0.067 (chi2 36.437 < 16.919)
[run_subscribe_msckf-1] [0m[34m[TIME]: 0.0011 seconds total (885.0 hz, 0.25 ms behind)
[run_subscribe_msckf-1] [0mq_GtoI = 0.000,0.000,-1.000,0.003 | p_IinG = 0.013,-0.047,-0.000 | dist = 0.00 (meters)
[run_subscribe_msckf-1] bg = 0.0009,0.0009,-0.0011 | ba = 0.0080,0.0039,0.0007
[run_subscribe_msckf-1] [34m[TIME]: 0.0018 seconds total (553.7 hz, 0.25 ms behind)
[run_subscribe_msckf-1] [0mq_GtoI = -0.000,-0.000,-1.000,0.003 | p_IinG = 0.013,-0.049,-0.000 | dist = 0.00 (meters)
[run_subscribe_msckf-1] bg = 0.0009,0.0009,-0.0011 | ba = 0.0080,0.0039,0.0007
[run_subscribe_msckf-1] [34m[TIME]: 0.0021 seconds total (480.5 hz, 0.25 ms behind)
[run_subscribe_msckf-1] [0mq_GtoI = -0.000,-0.001,-1.000,0.004 | p_IinG = 0.013,-0.051,-0.000 | dist = 0.00 (meters)
[run_subscribe_msckf-1] bg = 0.0009,0.0009,-0.0011 | ba = 0.0080,0.0039,0.0007
[run_subscribe_msckf-1] [34m[TIME]: 0.0015 seconds total (662.7 hz, 0.25 ms behind)
[run_subscribe_msckf-1] [0mq_GtoI = -0.001,-0.001,-1.000,0.004 | p_IinG = 0.014,-0.053,-0.000 | dist = 0.01 (meters)
[run_subscribe_msckf-1] bg = 0.0009,0.0009,-0.0011 | ba = 0.0080,0.0039,0.0007
[run_subscribe_msckf-1] [34m[TIME]: 0.0015 seconds total (681.7 hz, 0.25 ms behind)
[run_subscribe_msckf-1] [0mq_GtoI = -0.001,-0.001,-1.000,0.004 | p_IinG = 0.014,-0.056,-0.000 | dist = 0.01 (meters)
[run_subscribe_msckf-1] bg = 0.0009,0.0009,-0.0011 | ba = 0.0080,0.0039,0.0007
[run_subscribe_msckf-1] [34m[TIME]: 0.0015 seconds total (665.3 hz, 0.25 ms behind)
[run_subscribe_msckf-1] [0mq_GtoI = -0.002,-0.001,-1.000,0.004 | p_IinG = 0.014,-0.057,-0.000 | dist = 0.01 (meters)
[run_subscribe_msckf-1] bg = 0.0009,0.0009,-0.0011 | ba = 0.0080,0.0039,0.0007
[run_subscribe_msckf-1] [34m[TIME]: 0.0015 seconds total (663.6 hz, 0.25 ms behind)
[run_subscribe_msckf-1] [0mq_GtoI = -0.002,-0.001,-1.000,0.004 | p_IinG = 0.014,-0.059,-0.000 | dist = 0.01 (meters)
[run_subscribe_msckf-1] bg = 0.0009,0.0009,-0.0011 | ba = 0.0080,0.0039,0.0007
[run_subscribe_msckf-1] [34m[TIME]: 0.0015 seconds total (682.6 hz, 0.25 ms behind)
[run_subscribe_msckf-1] [0mq_GtoI = -0.003,-0.001,-1.000,0.004 | p_IinG = 0.014,-0.061,-0.000 | dist = 0.01 (meters)
[run_subscribe_msckf-1] bg = 0.0009,0.0009,-0.0011 | ba = 0.0080,0.0039,0.0007
[run_subscribe_msckf-1] [34m[TIME]: 0.0015 seconds total (667.1 hz, 0.25 ms behind)
[run_subscribe_msckf-1] [0mq_GtoI = -0.003,-0.001,-1.000,0.004 | p_IinG = 0.014,-0.063,-0.000 | dist = 0.02 (meters)
[run_subscribe_msckf-1] bg = 0.0009,0.0009,-0.0011 | ba = 0.0080,0.0039,0.0007
[run_subscribe_msckf-1] [34m[TIME]: 0.0019 seconds total (529.4 hz, 0.25 ms behind)
[run_subscribe_msckf-1] [0mq_GtoI = -0.003,-0.001,-1.000,0.004 | p_IinG = 0.014,-0.064,-0.000 | dist = 0.02 (meters)
[run_subscribe_msckf-1] bg = 0.0009,0.0009,-0.0011 | ba = 0.0080,0.0039,0.0007
[run_subscribe_msckf-1] [34m[TIME]: 0.0014 seconds total (695.4 hz, 0.25 ms behind)
[run_subscribe_msckf-1] [0mq_GtoI = -0.004,-0.001,-1.000,0.004 | p_IinG = 0.015,-0.066,-0.000 | dist = 0.02 (meters)
[run_subscribe_msckf-1] bg = 0.0009,0.0009,-0.0011 | ba = 0.0080,0.0039,0.0007
[run_subscribe_msckf-1] [34m[TIME]: 0.0016 seconds total (628.5 hz, 0.25 ms behind)
[run_subscribe_msckf-1] [0mq_GtoI = -0.005,-0.001,-1.000,0.004 | p_IinG = 0.015,-0.068,-0.000 | dist = 0.02 (meters)
[run_subscribe_msckf-1] bg = 0.0009,0.0009,-0.0011 | ba = 0.0080,0.0039,0.0007
[run_subscribe_msckf-1] [34m[TIME]: 0.0018 seconds total (554.0 hz, 0.25 ms behind)
[run_subscribe_msckf-1] [0mq_GtoI = -0.005,-0.001,-1.000,0.004 | p_IinG = 0.015,-0.069,-0.000 | dist = 0.02 (meters)
[run_subscribe_msckf-1] bg = 0.0009,0.0009,-0.0011 | ba = 0.0080,0.0039,0.0007
[run_subscribe_msckf-1] [34m[TIME]: 0.0014 seconds total (692.0 hz, 0.25 ms behind)
[run_subscribe_msckf-1] [0mq_GtoI = -0.006,-0.001,-1.000,0.004 | p_IinG = 0.016,-0.071,-0.000 | dist = 0.02 (meters)
[run_subscribe_msckf-1] bg = 0.0009,0.0009,-0.0011 | ba = 0.0080,0.0039,0.0007
[run_subscribe_msckf-1] [34m[TIME]: 0.0023 seconds total (427.5 hz, 0.25 ms behind)
[run_subscribe_msckf-1] [0mq_GtoI = -0.006,-0.001,-1.000,0.004 | p_IinG = 0.017,-0.072,-0.000 | dist = 0.03 (meters)
[run_subscribe_msckf-1] bg = 0.0009,0.0009,-0.0011 | ba = 0.0080,0.0039,0.0007
[run_subscribe_msckf-1] [34m[TIME]: 0.0016 seconds total (610.1 hz, 0.25 ms behind)
[run_subscribe_msckf-1] [0mq_GtoI = -0.007,-0.001,-1.000,0.004 | p_IinG = 0.018,-0.073,-0.000 | dist = 0.03 (meters)
[run_subscribe_msckf-1] bg = 0.0009,0.0009,-0.0011 | ba = 0.0080,0.0039,0.0007
[run_subscribe_msckf-1] [34m[TIME]: 0.0015 seconds total (687.3 hz, 0.25 ms behind)
[run_subscribe_msckf-1] [0mq_GtoI = -0.007,-0.001,-1.000,0.004 | p_IinG = 0.019,-0.074,-0.000 | dist = 0.03 (meters)
[run_subscribe_msckf-1] bg = 0.0009,0.0009,-0.0011 | ba = 0.0080,0.0039,0.0007
[run_subscribe_msckf-1] [34m[TIME]: 0.0014 seconds total (698.8 hz, 0.25 ms behind)
[run_subscribe_msckf-1] [0mq_GtoI = -0.008,-0.000,-1.000,0.004 | p_IinG = 0.020,-0.075,-0.000 | dist = 0.03 (meters)
[run_subscribe_msckf-1] bg = 0.0009,0.0009,-0.0011 | ba = 0.0080,0.0039,0.0007
[run_subscribe_msckf-1] [34m[TIME]: 0.0014 seconds total (696.9 hz, 0.25 ms behind)
[run_subscribe_msckf-1] [0mq_GtoI = -0.008,-0.000,-1.000,0.004 | p_IinG = 0.021,-0.076,-0.000 | dist = 0.03 (meters)
[run_subscribe_msckf-1] bg = 0.0009,0.0009,-0.0011 | ba = 0.0080,0.0039,0.0007
[run_subscribe_msckf-1] [34m[TIME]: 0.0014 seconds total (690.6 hz, 0.25 ms behind)
[run_subscribe_msckf-1] [0mq_GtoI = -0.009,0.000,-1.000,0.004 | p_IinG = 0.023,-0.077,-0.000 | dist = 0.03 (meters)
[run_subscribe_msckf-1] bg = 0.0009,0.0009,-0.0011 | ba = 0.0080,0.0039,0.0007
[run_subscribe_msckf-1] [34m[TIME]: 0.0015 seconds total (676.6 hz, 0.25 ms behind)
[run_subscribe_msckf-1] [0mq_GtoI = -0.009,0.000,-1.000,0.004 | p_IinG = 0.025,-0.078,-0.000 | dist = 0.04 (meters)
[run_subscribe_msckf-1] bg = 0.0009,0.0009,-0.0011 | ba = 0.0080,0.0039,0.0007
[run_subscribe_msckf-1] [34m[TIME]: 0.0018 seconds total (564.3 hz, 0.25 ms behind)
[run_subscribe_msckf-1] [0mq_GtoI = -0.010,0.001,-1.000,0.004 | p_IinG = 0.027,-0.079,-0.000 | dist = 0.04 (meters)
[run_subscribe_msckf-1] bg = 0.0009,0.0009,-0.0011 | ba = 0.0080,0.0039,0.0007
[run_subscribe_msckf-1] [34m[TIME]: 0.0014 seconds total (697.4 hz, 0.25 ms behind)
[run_subscribe_msckf-1] [0mq_GtoI = -0.010,0.001,-1.000,0.004 | p_IinG = 0.030,-0.080,-0.000 | dist = 0.04 (meters)
[run_subscribe_msckf-1] bg = 0.0009,0.0009,-0.0011 | ba = 0.0080,0.0039,0.0007
[run_subscribe_msckf-1] [34m[TIME]: 0.0015 seconds total (658.3 hz, 0.25 ms behind)
[run_subscribe_msckf-1] [0mq_GtoI = -0.011,0.001,-1.000,0.004 | p_IinG = 0.032,-0.081,-0.000 | dist = 0.04 (meters)
[run_subscribe_msckf-1] bg = 0.0009,0.0009,-0.0011 | ba = 0.0080,0.0039,0.0007
[run_subscribe_msckf-1] [34m[TIME]: 0.0017 seconds total (586.2 hz, 0.25 ms behind)
[run_subscribe_msckf-1] [0mq_GtoI = -0.011,0.002,-1.000,0.005 | p_IinG = 0.035,-0.082,-0.000 | dist = 0.05 (meters)
[run_subscribe_msckf-1] bg = 0.0009,0.0009,-0.0011 | ba = 0.0080,0.0039,0.0007
[run_subscribe_msckf-1] [34m[TIME]: 0.0014 seconds total (710.7 hz, 0.25 ms behind)
[run_subscribe_msckf-1] [0mq_GtoI = -0.011,0.002,-1.000,0.005 | p_IinG = 0.039,-0.083,-0.000 | dist = 0.05 (meters)
[run_subscribe_msckf-1] bg = 0.0009,0.0009,-0.0011 | ba = 0.0080,0.0039,0.0007
[run_subscribe_msckf-1] [34m[TIME]: 0.0022 seconds total (463.8 hz, 0.25 ms behind)
[run_subscribe_msckf-1] [0mq_GtoI = -0.011,0.003,-1.000,0.005 | p_IinG = 0.042,-0.084,-0.000 | dist = 0.05 (meters)
[run_subscribe_msckf-1] bg = 0.0009,0.0009,-0.0011 | ba = 0.0080,0.0039,0.0007
[run_subscribe_msckf-1] [34m[TIME]: 0.0016 seconds total (635.7 hz, 0.25 ms behind)
[run_subscribe_msckf-1] [0mq_GtoI = -0.012,0.003,-1.000,0.005 | p_IinG = 0.046,-0.085,-0.000 | dist = 0.06 (meters)
[run_subscribe_msckf-1] bg = 0.0009,0.0009,-0.0011 | ba = 0.0080,0.0039,0.0007
[run_subscribe_msckf-1] [34m[TIME]: 0.0014 seconds total (734.2 hz, 0.25 ms behind)
[run_subscribe_msckf-1] [0mq_GtoI = -0.012,0.003,-1.000,0.005 | p_IinG = 0.051,-0.086,-0.000 | dist = 0.06 (meters)
[run_subscribe_msckf-1] bg = 0.0009,0.0009,-0.0011 | ba = 0.0080,0.0039,0.0007
[run_subscribe_msckf-1] [34m[TIME]: 0.0015 seconds total (668.0 hz, 0.25 ms behind)
[run_subscribe_msckf-1] [0mq_GtoI = -0.012,0.004,-1.000,0.005 | p_IinG = 0.055,-0.087,-0.000 | dist = 0.07 (meters)
[run_subscribe_msckf-1] bg = 0.0009,0.0009,-0.0011 | ba = 0.0080,0.0039,0.0007
[run_subscribe_msckf-1] [34m[TIME]: 0.0014 seconds total (695.9 hz, 0.25 ms behind)
[run_subscribe_msckf-1] [0mq_GtoI = -0.012,0.004,-1.000,0.005 | p_IinG = 0.060,-0.088,-0.000 | dist = 0.07 (meters)
[run_subscribe_msckf-1] bg = 0.0009,0.0009,-0.0011 | ba = 0.0080,0.0039,0.0007
[run_subscribe_msckf-1] [34m[TIME]: 0.0014 seconds total (694.9 hz, 0.25 ms behind)
[run_subscribe_msckf-1] [0mq_GtoI = -0.012,0.005,-1.000,0.005 | p_IinG = 0.066,-0.090,-0.000 | dist = 0.08 (meters)
[run_subscribe_msckf-1] bg = 0.0009,0.0009,-0.0011 | ba = 0.0080,0.0039,0.0007
[run_subscribe_msckf-1] [34m[TIME]: 0.0016 seconds total (630.9 hz, 0.25 ms behind)
[run_subscribe_msckf-1] [0mq_GtoI = -0.012,0.005,-1.000,0.005 | p_IinG = 0.071,-0.091,-0.000 | dist = 0.08 (meters)
[run_subscribe_msckf-1] bg = 0.0009,0.0009,-0.0011 | ba = 0.0080,0.0039,0.0007
[run_subscribe_msckf-1] [34m[TIME]: 0.0017 seconds total (602.8 hz, 0.25 ms behind)
[run_subscribe_msckf-1] [0mq_GtoI = -0.012,0.005,-1.000,0.005 | p_IinG = 0.076,-0.093,-0.000 | dist = 0.09 (meters)
[run_subscribe_msckf-1] bg = 0.0009,0.0009,-0.0011 | ba = 0.0080,0.0039,0.0007
[run_subscribe_msckf-1] [34m[TIME]: 0.0014 seconds total (725.2 hz, 0.25 ms behind)
[run_subscribe_msckf-1] [0mq_GtoI = -0.012,0.006,-1.000,0.005 | p_IinG = 0.084,-0.095,-0.000 | dist = 0.10 (meters)
[run_subscribe_msckf-1] bg = 0.0009,0.0009,-0.0011 | ba = 0.0080,0.0039,0.0007
[run_subscribe_msckf-1] [34m[TIME]: 0.0015 seconds total (675.7 hz, 0.25 ms behind)
[run_subscribe_msckf-1] [0mq_GtoI = -0.012,0.006,-1.000,0.005 | p_IinG = 0.090,-0.097,-0.001 | dist = 0.10 (meters)
[run_subscribe_msckf-1] bg = 0.0009,0.0009,-0.0011 | ba = 0.0080,0.0039,0.0007
[run_subscribe_msckf-1] [34m[TIME]: 0.0016 seconds total (637.8 hz, 0.25 ms behind)
[run_subscribe_msckf-1] [0mq_GtoI = -0.011,0.006,-1.000,0.005 | p_IinG = 0.096,-0.098,-0.001 | dist = 0.11 (meters)
[run_subscribe_msckf-1] bg = 0.0009,0.0009,-0.0011 | ba = 0.0080,0.0039,0.0007
[run_subscribe_msckf-1] [34m[TIME]: 0.0014 seconds total (711.2 hz, 0.25 ms behind)
[run_subscribe_msckf-1] [0mq_GtoI = -0.011,0.007,-1.000,0.005 | p_IinG = 0.105,-0.101,-0.001 | dist = 0.12 (meters)
[run_subscribe_msckf-1] bg = 0.0009,0.0009,-0.0011 | ba = 0.0080,0.0039,0.0007
[run_subscribe_msckf-1] [34m[TIME]: 0.0021 seconds total (471.7 hz, 0.25 ms behind)
[run_subscribe_msckf-1] [0mq_GtoI = -0.011,0.007,-1.000,0.005 | p_IinG = 0.112,-0.103,-0.001 | dist = 0.13 (meters)
[run_subscribe_msckf-1] bg = 0.0009,0.0009,-0.0011 | ba = 0.0080,0.0039,0.0007
[run_subscribe_msckf-1] [34m[TIME]: 0.0015 seconds total (655.3 hz, 0.25 ms behind)
[run_subscribe_msckf-1] [0mq_GtoI = -0.010,0.007,-1.000,0.005 | p_IinG = 0.119,-0.106,-0.001 | dist = 0.13 (meters)
[run_subscribe_msckf-1] bg = 0.0009,0.0009,-0.0011 | ba = 0.0080,0.0039,0.0007
[run_subscribe_msckf-1] [34m[TIME]: 0.0014 seconds total (712.8 hz, 0.25 ms behind)
[run_subscribe_msckf-1] [0mq_GtoI = -0.010,0.007,-1.000,0.005 | p_IinG = 0.129,-0.109,-0.001 | dist = 0.14 (meters)
[run_subscribe_msckf-1] bg = 0.0009,0.0009,-0.0011 | ba = 0.0080,0.0039,0.0007
[run_subscribe_msckf-1] [34m[TIME]: 0.0014 seconds total (712.8 hz, 0.25 ms behind)
[run_subscribe_msckf-1] [0mq_GtoI = -0.010,0.007,-1.000,0.005 | p_IinG = 0.137,-0.112,-0.001 | dist = 0.15 (meters)
[run_subscribe_msckf-1] bg = 0.0009,0.0009,-0.0011 | ba = 0.0080,0.0039,0.0007
[run_subscribe_msckf-1] [34m[TIME]: 0.0014 seconds total (695.9 hz, 0.25 ms behind)
[run_subscribe_msckf-1] [0mq_GtoI = -0.009,0.007,-1.000,0.005 | p_IinG = 0.145,-0.114,-0.001 | dist = 0.16 (meters)
[run_subscribe_msckf-1] bg = 0.0009,0.0009,-0.0011 | ba = 0.0080,0.0039,0.0007
[run_subscribe_msckf-1] [34m[TIME]: 0.0015 seconds total (659.2 hz, 0.25 ms behind)
[run_subscribe_msckf-1] [0mq_GtoI = -0.009,0.007,-1.000,0.005 | p_IinG = 0.156,-0.118,-0.001 | dist = 0.17 (meters)
[run_subscribe_msckf-1] bg = 0.0009,0.0009,-0.0011 | ba = 0.0080,0.0039,0.0007
[run_subscribe_msckf-1] [34m[TIME]: 0.0014 seconds total (706.7 hz, 0.25 ms behind)
[run_subscribe_msckf-1] [0mq_GtoI = -0.008,0.008,-1.000,0.005 | p_IinG = 0.164,-0.121,-0.001 | dist = 0.18 (meters)
[run_subscribe_msckf-1] bg = 0.0009,0.0009,-0.0011 | ba = 0.0080,0.0039,0.0007
[run_subscribe_msckf-1] [34m[TIME]: 0.0018 seconds total (556.8 hz, 0.25 ms behind)
[run_subscribe_msckf-1] [0mq_GtoI = -0.007,0.008,-1.000,0.005 | p_IinG = 0.173,-0.125,-0.001 | dist = 0.19 (meters)
[run_subscribe_msckf-1] bg = 0.0009,0.0009,-0.0011 | ba = 0.0080,0.0039,0.0007
[run_subscribe_msckf-1] [34m[TIME]: 0.0015 seconds total (684.0 hz, 0.25 ms behind)
[run_subscribe_msckf-1] [0mq_GtoI = -0.007,0.007,-1.000,0.005 | p_IinG = 0.184,-0.130,-0.002 | dist = 0.20 (meters)
[run_subscribe_msckf-1] bg = 0.0009,0.0009,-0.0011 | ba = 0.0080,0.0039,0.0007
[run_subscribe_msckf-1] [34m[TIME]: 0.0015 seconds total (648.9 hz, 0.25 ms behind)
[run_subscribe_msckf-1] [0mq_GtoI = -0.006,0.007,-1.000,0.005 | p_IinG = 0.193,-0.133,-0.002 | dist = 0.21 (meters)
[run_subscribe_msckf-1] bg = 0.0009,0.0009,-0.0011 | ba = 0.0080,0.0039,0.0007
[run_subscribe_msckf-1] [34m[TIME]: 0.0016 seconds total (608.6 hz, 0.25 ms behind)
[run_subscribe_msckf-1] [0mq_GtoI = -0.006,0.007,-1.000,0.006 | p_IinG = 0.202,-0.137,-0.002 | dist = 0.22 (meters)
[run_subscribe_msckf-1] bg = 0.0009,0.0009,-0.0011 | ba = 0.0080,0.0039,0.0007
[run_subscribe_msckf-1] [34m[TIME]: 0.0014 seconds total (704.7 hz, 0.25 ms behind)
[run_subscribe_msckf-1] [0mq_GtoI = -0.005,0.007,-1.000,0.006 | p_IinG = 0.214,-0.143,-0.002 | dist = 0.24 (meters)
[run_subscribe_msckf-1] bg = 0.0009,0.0009,-0.0011 | ba = 0.0080,0.0039,0.0007
[run_subscribe_msckf-1] [34m[TIME]: 0.0021 seconds total (469.3 hz, 0.25 ms behind)
[run_subscribe_msckf-1] [0mq_GtoI = -0.004,0.007,-1.000,0.006 | p_IinG = 0.224,-0.147,-0.002 | dist = 0.25 (meters)
[run_subscribe_msckf-1] bg = 0.0009,0.0009,-0.0011 | ba = 0.0080,0.0039,0.0007
[run_subscribe_msckf-1] [34m[TIME]: 0.0016 seconds total (609.4 hz, 0.25 ms behind)
[run_subscribe_msckf-1] [0mq_GtoI = -0.004,0.007,-1.000,0.006 | p_IinG = 0.233,-0.151,-0.002 | dist = 0.26 (meters)
[run_subscribe_msckf-1] bg = 0.0009,0.0009,-0.0011 | ba = 0.0080,0.0039,0.0007
[run_subscribe_msckf-1] [34m[TIME]: 0.0015 seconds total (660.1 hz, 0.25 ms behind)
[run_subscribe_msckf-1] [0mq_GtoI = -0.003,0.007,-1.000,0.006 | p_IinG = 0.245,-0.158,-0.002 | dist = 0.27 (meters)
[run_subscribe_msckf-1] bg = 0.0009,0.0009,-0.0011 | ba = 0.0080,0.0039,0.0007
[run_subscribe_msckf-1] [34m[TIME]: 0.0015 seconds total (653.6 hz, 0.25 ms behind)
[run_subscribe_msckf-1] [0mq_GtoI = -0.003,0.006,-1.000,0.006 | p_IinG = 0.255,-0.162,-0.002 | dist = 0.28 (meters)
[run_subscribe_msckf-1] bg = 0.0009,0.0009,-0.0011 | ba = 0.0080,0.0039,0.0007
[run_subscribe_msckf-1] [34m[TIME]: 0.0015 seconds total (681.2 hz, 0.25 ms behind)
[run_subscribe_msckf-1] [0mq_GtoI = -0.002,0.006,-1.000,0.006 | p_IinG = 0.264,-0.167,-0.003 | dist = 0.29 (meters)
[run_subscribe_msckf-1] bg = 0.0009,0.0009,-0.0011 | ba = 0.0080,0.0039,0.0007
[run_subscribe_msckf-1] [34m[TIME]: 0.0015 seconds total (659.6 hz, 0.25 ms behind)
[run_subscribe_msckf-1] [0mq_GtoI = -0.001,0.006,-1.000,0.006 | p_IinG = 0.277,-0.174,-0.003 | dist = 0.31 (meters)
[run_subscribe_msckf-1] bg = 0.0009,0.0009,-0.0011 | ba = 0.0080,0.0039,0.0007
[run_subscribe_msckf-1] [34m[TIME]: 0.0014 seconds total (698.8 hz, 0.25 ms behind)
[run_subscribe_msckf-1] [0mq_GtoI = -0.001,0.005,-1.000,0.006 | p_IinG = 0.286,-0.179,-0.003 | dist = 0.32 (meters)
[run_subscribe_msckf-1] bg = 0.0009,0.0009,-0.0011 | ba = 0.0080,0.0039,0.0007
[run_subscribe_msckf-1] [34m[TIME]: 0.0018 seconds total (543.8 hz, 0.25 ms behind)
[run_subscribe_msckf-1] [0mq_GtoI = -0.000,0.005,-1.000,0.006 | p_IinG = 0.296,-0.184,-0.003 | dist = 0.33 (meters)
[run_subscribe_msckf-1] bg = 0.0009,0.0009,-0.0011 | ba = 0.0080,0.0039,0.0007
[run_subscribe_msckf-1] [34m[TIME]: 0.0016 seconds total (638.6 hz, 0.25 ms behind)
[run_subscribe_msckf-1] [0mq_GtoI = 0.000,0.005,-1.000,0.006 | p_IinG = 0.308,-0.192,-0.003 | dist = 0.34 (meters)
[run_subscribe_msckf-1] bg = 0.0009,0.0009,-0.0011 | ba = 0.0080,0.0039,0.0007
[run_subscribe_msckf-1] [34m[TIME]: 0.0015 seconds total (661.4 hz, 0.25 ms behind)
[run_subscribe_msckf-1] [0mq_GtoI = 0.000,0.004,-1.000,0.006 | p_IinG = 0.318,-0.197,-0.003 | dist = 0.35 (meters)
[run_subscribe_msckf-1] bg = 0.0009,0.0009,-0.0011 | ba = 0.0080,0.0039,0.0007
[run_subscribe_msckf-1] [34m[TIME]: 0.0016 seconds total (610.5 hz, 0.25 ms behind)
[run_subscribe_msckf-1] [0mq_GtoI = 0.001,0.004,-1.000,0.006 | p_IinG = 0.327,-0.203,-0.003 | dist = 0.36 (meters)
[run_subscribe_msckf-1] bg = 0.0009,0.0009,-0.0011 | ba = 0.0080,0.0039,0.0007
[run_subscribe_msckf-1] [34m[TIME]: 0.0014 seconds total (705.2 hz, 0.25 ms behind)
[run_subscribe_msckf-1] [0mq_GtoI = 0.001,0.004,-1.000,0.006 | p_IinG = 0.339,-0.210,-0.003 | dist = 0.38 (meters)
[run_subscribe_msckf-1] bg = 0.0009,0.0009,-0.0011 | ba = 0.0080,0.0039,0.0007
[run_subscribe_msckf-1] [34m[TIME]: 0.0022 seconds total (450.9 hz, 0.25 ms behind)
[run_subscribe_msckf-1] [0mq_GtoI = 0.001,0.003,-1.000,0.006 | p_IinG = 0.349,-0.216,-0.004 | dist = 0.39 (meters)
[run_subscribe_msckf-1] bg = 0.0009,0.0009,-0.0011 | ba = 0.0080,0.0039,0.0007
[run_subscribe_msckf-1] [34m[TIME]: 0.0016 seconds total (612.7 hz, 0.25 ms behind)
[run_subscribe_msckf-1] [0mq_GtoI = 0.002,0.003,-1.000,0.006 | p_IinG = 0.358,-0.222,-0.004 | dist = 0.40 (meters)
[run_subscribe_msckf-1] bg = 0.0009,0.0009,-0.0011 | ba = 0.0080,0.0039,0.0007
[run_subscribe_msckf-1] [34m[TIME]: 0.0014 seconds total (695.9 hz, 0.25 ms behind)
[run_subscribe_msckf-1] [0mq_GtoI = 0.002,0.002,-1.000,0.006 | p_IinG = 0.370,-0.230,-0.004 | dist = 0.41 (meters)
[run_subscribe_msckf-1] bg = 0.0009,0.0009,-0.0011 | ba = 0.0080,0.0039,0.0007
[run_subscribe_msckf-1] [34m[TIME]: 0.0015 seconds total (663.1 hz, 0.25 ms behind)
[run_subscribe_msckf-1] [0mq_GtoI = 0.002,0.002,-1.000,0.006 | p_IinG = 0.379,-0.236,-0.004 | dist = 0.43 (meters)
[run_subscribe_msckf-1] bg = 0.0009,0.0009,-0.0011 | ba = 0.0080,0.0039,0.0007
[run_subscribe_msckf-1] [34m[TIME]: 0.0015 seconds total (683.5 hz, 0.25 ms behind)
[run_subscribe_msckf-1] [0mq_GtoI = 0.002,0.002,-1.000,0.006 | p_IinG = 0.387,-0.241,-0.004 | dist = 0.44 (meters)
[run_subscribe_msckf-1] bg = 0.0009,0.0009,-0.0011 | ba = 0.0080,0.0039,0.0007
[run_subscribe_msckf-1] [34m[TIME]: 0.0015 seconds total (650.6 hz, 0.25 ms behind)
[run_subscribe_msckf-1] [0mq_GtoI = 0.002,0.001,-1.000,0.006 | p_IinG = 0.399,-0.249,-0.004 | dist = 0.45 (meters)
[run_subscribe_msckf-1] bg = 0.0009,0.0009,-0.0011 | ba = 0.0080,0.0039,0.0007
[run_subscribe_msckf-1] [34m[TIME]: 0.0016 seconds total (638.2 hz, 0.25 ms behind)
[run_subscribe_msckf-1] [0mq_GtoI = 0.002,0.001,-1.000,0.006 | p_IinG = 0.407,-0.255,-0.004 | dist = 0.46 (meters)
[run_subscribe_msckf-1] bg = 0.0009,0.0009,-0.0011 | ba = 0.0080,0.0039,0.0007
[run_subscribe_msckf-1] [34m[TIME]: 0.0018 seconds total (559.6 hz, 0.25 ms behind)
[run_subscribe_msckf-1] [0mq_GtoI = 0.002,0.001,-1.000,0.006 | p_IinG = 0.416,-0.261,-0.004 | dist = 0.47 (meters)
[run_subscribe_msckf-1] bg = 0.0009,0.0009,-0.0011 | ba = 0.0080,0.0039,0.0007
[run_subscribe_msckf-1] [34m[TIME]: 0.0015 seconds total (672.0 hz, 0.25 ms behind)
[run_subscribe_msckf-1] [0mq_GtoI = 0.002,0.000,-1.000,0.006 | p_IinG = 0.427,-0.269,-0.004 | dist = 0.48 (meters)
[run_subscribe_msckf-1] bg = 0.0009,0.0009,-0.0011 | ba = 0.0080,0.0039,0.0007
[run_subscribe_msckf-1] [34m[TIME]: 0.0017 seconds total (583.4 hz, 0.25 ms behind)
[run_subscribe_msckf-1] [0mq_GtoI = 0.002,0.000,-1.000,0.006 | p_IinG = 0.435,-0.275,-0.005 | dist = 0.49 (meters)
[run_subscribe_msckf-1] bg = 0.0009,0.0009,-0.0011 | ba = 0.0080,0.0039,0.0007
[run_subscribe_msckf-1] [34m[TIME]: 0.0017 seconds total (599.5 hz, 0.25 ms behind)
[run_subscribe_msckf-1] [0mq_GtoI = 0.001,-0.000,-1.000,0.006 | p_IinG = 0.443,-0.281,-0.005 | dist = 0.50 (meters)
[run_subscribe_msckf-1] bg = 0.0009,0.0009,-0.0011 | ba = 0.0080,0.0039,0.0007
[run_subscribe_msckf-1] [34m[TIME]: 0.0014 seconds total (695.4 hz, 0.25 ms behind)
[run_subscribe_msckf-1] [0mq_GtoI = 0.001,-0.000,-1.000,0.006 | p_IinG = 0.454,-0.288,-0.005 | dist = 0.52 (meters)
[run_subscribe_msckf-1] bg = 0.0009,0.0009,-0.0011 | ba = 0.0080,0.0039,0.0007
[run_subscribe_msckf-1] [34m[TIME]: 0.0023 seconds total (432.2 hz, 0.25 ms behind)
[run_subscribe_msckf-1] [0mq_GtoI = 0.000,-0.000,-1.000,0.006 | p_IinG = 0.462,-0.294,-0.005 | dist = 0.53 (meters)
[run_subscribe_msckf-1] bg = 0.0009,0.0009,-0.0011 | ba = 0.0080,0.0039,0.0007
[run_subscribe_msckf-1] [34m[TIME]: 0.0017 seconds total (592.1 hz, 0.25 ms behind)
[run_subscribe_msckf-1] [0mq_GtoI = 0.000,-0.001,-1.000,0.006 | p_IinG = 0.470,-0.300,-0.005 | dist = 0.54 (meters)
[run_subscribe_msckf-1] bg = 0.0009,0.0009,-0.0011 | ba = 0.0080,0.0039,0.0007
[run_subscribe_msckf-1] [34m[TIME]: 0.0016 seconds total (624.2 hz, 0.25 ms behind)
[run_subscribe_msckf-1] [0mq_GtoI = -0.000,-0.001,-1.000,0.006 | p_IinG = 0.480,-0.307,-0.005 | dist = 0.55 (meters)
[run_subscribe_msckf-1] bg = 0.0009,0.0009,-0.0011 | ba = 0.0080,0.0039,0.0007
[run_subscribe_msckf-1] [34m[TIME]: 0.0017 seconds total (584.8 hz, 0.25 ms behind)
[run_subscribe_msckf-1] [0mq_GtoI = -0.001,-0.001,-1.000,0.006 | p_IinG = 0.488,-0.313,-0.005 | dist = 0.56 (meters)
[run_subscribe_msckf-1] bg = 0.0009,0.0009,-0.0011 | ba = 0.0080,0.0039,0.0007
[run_subscribe_msckf-1] [34m[TIME]: 0.0016 seconds total (634.5 hz, 0.25 ms behind)
[run_subscribe_msckf-1] [0mq_GtoI = -0.002,-0.001,-1.000,0.006 | p_IinG = 0.496,-0.318,-0.005 | dist = 0.57 (meters)
[run_subscribe_msckf-1] bg = 0.0009,0.0009,-0.0011 | ba = 0.0080,0.0039,0.0007
[run_subscribe_msckf-1] [34m[TIME]: 0.0016 seconds total (623.8 hz, 0.25 ms behind)
[run_subscribe_msckf-1] [0mq_GtoI = -0.002,-0.001,-1.000,0.006 | p_IinG = 0.506,-0.326,-0.005 | dist = 0.58 (meters)
[run_subscribe_msckf-1] bg = 0.0009,0.0009,-0.0011 | ba = 0.0080,0.0039,0.0007
[run_subscribe_msckf-1] [34m[TIME]: 0.0017 seconds total (594.5 hz, 0.25 ms behind)
[run_subscribe_msckf-1] [0mq_GtoI = -0.003,-0.001,-1.000,0.006 | p_IinG = 0.514,-0.331,-0.006 | dist = 0.59 (meters)
[run_subscribe_msckf-1] bg = 0.0009,0.0009,-0.0011 | ba = 0.0080,0.0039,0.0007
[run_subscribe_msckf-1] [34m[TIME]: 0.0018 seconds total (564.0 hz, 0.25 ms behind)
[run_subscribe_msckf-1] [0mq_GtoI = -0.004,-0.001,-1.000,0.006 | p_IinG = 0.522,-0.336,-0.006 | dist = 0.60 (meters)
[run_subscribe_msckf-1] bg = 0.0009,0.0009,-0.0011 | ba = 0.0080,0.0039,0.0007
[run_subscribe_msckf-1] [34m[TIME]: 0.0016 seconds total (643.9 hz, 0.25 ms behind)
[run_subscribe_msckf-1] [0mq_GtoI = -0.004,-0.000,-1.000,0.006 | p_IinG = 0.532,-0.344,-0.006 | dist = 0.61 (meters)
[run_subscribe_msckf-1] bg = 0.0009,0.0009,-0.0011 | ba = 0.0080,0.0039,0.0007
[run_subscribe_msckf-1] [34m[TIME]: 0.0016 seconds total (625.4 hz, 0.25 ms behind)
[run_subscribe_msckf-1] [0mq_GtoI = -0.005,-0.000,-1.000,0.006 | p_IinG = 0.540,-0.349,-0.006 | dist = 0.62 (meters)
[run_subscribe_msckf-1] bg = 0.0009,0.0009,-0.0011 | ba = 0.0080,0.0039,0.0007
[run_subscribe_msckf-1] [34m[TIME]: 0.0016 seconds total (620.3 hz, 0.25 ms behind)
[run_subscribe_msckf-1] [0mq_GtoI = -0.006,-0.000,-1.000,0.006 | p_IinG = 0.548,-0.354,-0.006 | dist = 0.63 (meters)
[run_subscribe_msckf-1] bg = 0.0009,0.0009,-0.0011 | ba = 0.0080,0.0039,0.0007
[run_subscribe_msckf-1] [34m[TIME]: 0.0015 seconds total (675.7 hz, 0.25 ms behind)
[run_subscribe_msckf-1] [0mq_GtoI = -0.007,0.000,-1.000,0.006 | p_IinG = 0.559,-0.361,-0.006 | dist = 0.65 (meters)
[run_subscribe_msckf-1] bg = 0.0009,0.0009,-0.0011 | ba = 0.0080,0.0039,0.0007
[run_subscribe_msckf-1] [34m[TIME]: 0.0022 seconds total (447.0 hz, 0.25 ms behind)
[run_subscribe_msckf-1] [0mq_GtoI = -0.007,0.000,-1.000,0.006 | p_IinG = 0.568,-0.366,-0.006 | dist = 0.65 (meters)
[run_subscribe_msckf-1] bg = 0.0009,0.0009,-0.0011 | ba = 0.0080,0.0039,0.0007
[run_subscribe_msckf-1] [34m[TIME]: 0.0017 seconds total (592.4 hz, 0.25 ms behind)
[run_subscribe_msckf-1] [0mq_GtoI = -0.008,0.001,-1.000,0.006 | p_IinG = 0.576,-0.371,-0.006 | dist = 0.66 (meters)
[run_subscribe_msckf-1] bg = 0.0009,0.0009,-0.0011 | ba = 0.0080,0.0039,0.0007
[run_subscribe_msckf-1] [34m[TIME]: 0.0015 seconds total (669.8 hz, 0.25 ms behind)
[run_subscribe_msckf-1] [0mq_GtoI = -0.009,0.001,-1.000,0.006 | p_IinG = 0.587,-0.378,-0.006 | dist = 0.68 (meters)
[run_subscribe_msckf-1] bg = 0.0009,0.0009,-0.0011 | ba = 0.0080,0.0039,0.0007
[run_subscribe_msckf-1] [34m[TIME]: 0.0015 seconds total (682.1 hz, 0.25 ms behind)
[run_subscribe_msckf-1] [0mq_GtoI = -0.010,0.001,-1.000,0.006 | p_IinG = 0.596,-0.383,-0.006 | dist = 0.69 (meters)
[run_subscribe_msckf-1] bg = 0.0009,0.0009,-0.0011 | ba = 0.0080,0.0039,0.0007
[run_subscribe_msckf-1] [34m[TIME]: 0.0015 seconds total (677.5 hz, 0.25 ms behind)
[run_subscribe_msckf-1] [0mq_GtoI = -0.010,0.002,-1.000,0.006 | p_IinG = 0.605,-0.388,-0.007 | dist = 0.70 (meters)
[run_subscribe_msckf-1] bg = 0.0009,0.0009,-0.0011 | ba = 0.0080,0.0039,0.0007
[run_subscribe_msckf-1] [34m[TIME]: 0.0015 seconds total (648.1 hz, 0.25 ms behind)
[run_subscribe_msckf-1] [0mq_GtoI = -0.011,0.002,-1.000,0.006 | p_IinG = 0.618,-0.394,-0.007 | dist = 0.71 (meters)
[run_subscribe_msckf-1] bg = 0.0009,0.0009,-0.0011 | ba = 0.0080,0.0039,0.0007
[run_subscribe_msckf-1] [34m[TIME]: 0.0014 seconds total (690.1 hz, 0.25 ms behind)
[run_subscribe_msckf-1] [0mq_GtoI = -0.012,0.003,-1.000,0.006 | p_IinG = 0.627,-0.399,-0.007 | dist = 0.72 (meters)
[run_subscribe_msckf-1] bg = 0.0009,0.0009,-0.0011 | ba = 0.0080,0.0039,0.0007
[run_subscribe_msckf-1] [34m[TIME]: 0.0017 seconds total (572.1 hz, 0.25 ms behind)
[run_subscribe_msckf-1] [0mq_GtoI = -0.012,0.003,-1.000,0.006 | p_IinG = 0.637,-0.404,-0.007 | dist = 0.73 (meters)
[run_subscribe_msckf-1] bg = 0.0009,0.0009,-0.0011 | ba = 0.0080,0.0039,0.0007
[run_subscribe_msckf-1] [34m[TIME]: 0.0015 seconds total (669.8 hz, 0.25 ms behind)
[run_subscribe_msckf-1] [0mq_GtoI = -0.013,0.003,-1.000,0.006 | p_IinG = 0.651,-0.411,-0.007 | dist = 0.75 (meters)
[run_subscribe_msckf-1] bg = 0.0009,0.0009,-0.0011 | ba = 0.0080,0.0039,0.0007
[run_subscribe_msckf-1] [34m[TIME]: 0.0016 seconds total (640.6 hz, 0.25 ms behind)
[run_subscribe_msckf-1] [0mq_GtoI = -0.014,0.004,-1.000,0.006 | p_IinG = 0.662,-0.416,-0.007 | dist = 0.76 (meters)
[run_subscribe_msckf-1] bg = 0.0009,0.0009,-0.0011 | ba = 0.0080,0.0039,0.0007
[run_subscribe_msckf-1] [34m[TIME]: 0.0018 seconds total (561.8 hz, 0.25 ms behind)
[run_subscribe_msckf-1] [0mq_GtoI = -0.014,0.004,-1.000,0.007 | p_IinG = 0.672,-0.422,-0.007 | dist = 0.77 (meters)
[run_subscribe_msckf-1] bg = 0.0009,0.0009,-0.0011 | ba = 0.0080,0.0039,0.0007
[run_subscribe_msckf-1] [34m[TIME]: 0.0015 seconds total (682.6 hz, 0.25 ms behind)
[run_subscribe_msckf-1] [0mq_GtoI = -0.014,0.005,-1.000,0.007 | p_IinG = 0.687,-0.429,-0.007 | dist = 0.79 (meters)
[run_subscribe_msckf-1] bg = 0.0009,0.0009,-0.0011 | ba = 0.0080,0.0039,0.0007
[run_subscribe_msckf-1] [34m[TIME]: 0.0022 seconds total (460.8 hz, 0.25 ms behind)
[run_subscribe_msckf-1] [0mq_GtoI = -0.015,0.005,-1.000,0.007 | p_IinG = 0.699,-0.434,-0.008 | dist = 0.80 (meters)
[run_subscribe_msckf-1] bg = 0.0009,0.0009,-0.0011 | ba = 0.0080,0.0039,0.0007
[run_subscribe_msckf-1] [34m[TIME]: 0.0017 seconds total (598.8 hz, 0.25 ms behind)
[run_subscribe_msckf-1] [0mq_GtoI = -0.015,0.006,-1.000,0.007 | p_IinG = 0.711,-0.440,-0.008 | dist = 0.82 (meters)
[run_subscribe_msckf-1] bg = 0.0009,0.0009,-0.0011 | ba = 0.0080,0.0039,0.0007
[run_subscribe_msckf-1] [34m[TIME]: 0.0014 seconds total (702.2 hz, 0.25 ms behind)
[run_subscribe_msckf-1] [0mq_GtoI = -0.015,0.006,-1.000,0.007 | p_IinG = 0.727,-0.447,-0.008 | dist = 0.83 (meters)
[run_subscribe_msckf-1] bg = 0.0009,0.0009,-0.0011 | ba = 0.0080,0.0039,0.0007
[run_subscribe_msckf-1] [34m[TIME]: 0.0015 seconds total (660.5 hz, 0.25 ms behind)
[run_subscribe_msckf-1] [0mq_GtoI = -0.016,0.006,-1.000,0.007 | p_IinG = 0.740,-0.453,-0.008 | dist = 0.85 (meters)
[run_subscribe_msckf-1] bg = 0.0009,0.0009,-0.0011 | ba = 0.0080,0.0039,0.0007
[run_subscribe_msckf-1] [34m[TIME]: 0.0015 seconds total (646.8 hz, 0.25 ms behind)
[run_subscribe_msckf-1] [0mq_GtoI = -0.016,0.007,-1.000,0.007 | p_IinG = 0.754,-0.459,-0.008 | dist = 0.86 (meters)
[run_subscribe_msckf-1] bg = 0.0009,0.0009,-0.0011 | ba = 0.0080,0.0039,0.0007
[run_subscribe_msckf-1] [34m[TIME]: 0.0015 seconds total (648.9 hz, 0.25 ms behind)
[run_subscribe_msckf-1] [0mq_GtoI = -0.016,0.007,-1.000,0.007 | p_IinG = 0.772,-0.467,-0.008 | dist = 0.88 (meters)
[run_subscribe_msckf-1] bg = 0.0009,0.0009,-0.0011 | ba = 0.0080,0.0039,0.0007
[run_subscribe_msckf-1] [34m[TIME]: 0.0016 seconds total (632.5 hz, 0.25 ms behind)
[run_subscribe_msckf-1] [0mq_GtoI = -0.016,0.007,-1.000,0.007 | p_IinG = 0.786,-0.473,-0.009 | dist = 0.90 (meters)
[run_subscribe_msckf-1] bg = 0.0009,0.0009,-0.0011 | ba = 0.0080,0.0039,0.0007
[run_subscribe_msckf-1] [34m[TIME]: 0.0017 seconds total (572.1 hz, 0.25 ms behind)
[run_subscribe_msckf-1] [0mq_GtoI = -0.016,0.008,-1.000,0.007 | p_IinG = 0.800,-0.480,-0.009 | dist = 0.91 (meters)
[run_subscribe_msckf-1] bg = 0.0009,0.0009,-0.0011 | ba = 0.0080,0.0039,0.0007
[run_subscribe_msckf-1] [34m[TIME]: 0.0015 seconds total (672.0 hz, 0.25 ms behind)
[run_subscribe_msckf-1] [0mq_GtoI = -0.016,0.008,-1.000,0.007 | p_IinG = 0.820,-0.488,-0.009 | dist = 0.94 (meters)
[run_subscribe_msckf-1] bg = 0.0009,0.0009,-0.0011 | ba = 0.0080,0.0039,0.0007
[run_subscribe_msckf-1] [34m[TIME]: 0.0017 seconds total (598.1 hz, 0.25 ms behind)
[run_subscribe_msckf-1] [0mq_GtoI = -0.015,0.008,-1.000,0.007 | p_IinG = 0.835,-0.495,-0.009 | dist = 0.95 (meters)
[run_subscribe_msckf-1] bg = 0.0009,0.0009,-0.0011 | ba = 0.0080,0.0039,0.0007
[run_subscribe_msckf-1] [34m[TIME]: 0.0017 seconds total (574.4 hz, 0.25 ms behind)
[run_subscribe_msckf-1] [0mq_GtoI = -0.015,0.008,-1.000,0.007 | p_IinG = 0.851,-0.502,-0.009 | dist = 0.97 (meters)
[run_subscribe_msckf-1] bg = 0.0009,0.0009,-0.0011 | ba = 0.0080,0.0039,0.0007
[run_subscribe_msckf-1] [34m[TIME]: 0.0014 seconds total (695.4 hz, 0.25 ms behind)
[run_subscribe_msckf-1] [0mq_GtoI = -0.015,0.009,-1.000,0.007 | p_IinG = 0.872,-0.512,-0.010 | dist = 0.99 (meters)
[run_subscribe_msckf-1] bg = 0.0009,0.0009,-0.0011 | ba = 0.0080,0.0039,0.0007
[run_subscribe_msckf-1] [34m[TIME]: 0.0022 seconds total (456.8 hz, 0.25 ms behind)
[run_subscribe_msckf-1] [0mq_GtoI = -0.014,0.009,-1.000,0.007 | p_IinG = 0.888,-0.519,-0.010 | dist = 1.01 (meters)
[run_subscribe_msckf-1] bg = 0.0009,0.0009,-0.0011 | ba = 0.0080,0.0039,0.0007
[run_subscribe_msckf-1] [34m[TIME]: 0.0016 seconds total (610.1 hz, 0.25 ms behind)
[run_subscribe_msckf-1] [0mq_GtoI = -0.014,0.009,-1.000,0.007 | p_IinG = 0.905,-0.527,-0.010 | dist = 1.03 (meters)
[run_subscribe_msckf-1] bg = 0.0009,0.0009,-0.0011 | ba = 0.0080,0.0039,0.0007
[run_subscribe_msckf-1] [34m[TIME]: 0.0014 seconds total (700.8 hz, 0.25 ms behind)
[run_subscribe_msckf-1] [0mq_GtoI = -0.013,0.009,-1.000,0.007 | p_IinG = 0.928,-0.537,-0.010 | dist = 1.05 (meters)
[run_subscribe_msckf-1] bg = 0.0009,0.0009,-0.0011 | ba = 0.0080,0.0039,0.0007
[run_subscribe_msckf-1] [34m[TIME]: 0.0015 seconds total (657.5 hz, 0.25 ms behind)
[run_subscribe_msckf-1] [0mq_GtoI = -0.012,0.009,-1.000,0.007 | p_IinG = 0.945,-0.545,-0.011 | dist = 1.07 (meters)
[run_subscribe_msckf-1] bg = 0.0009,0.0009,-0.0011 | ba = 0.0080,0.0039,0.0007
[run_subscribe_msckf-1] [34m[TIME]: 0.0014 seconds total (708.2 hz, 0.25 ms behind)
[run_subscribe_msckf-1] [0mq_GtoI = -0.012,0.009,-1.000,0.007 | p_IinG = 0.963,-0.553,-0.011 | dist = 1.09 (meters)
[run_subscribe_msckf-1] bg = 0.0009,0.0009,-0.0011 | ba = 0.0080,0.0039,0.0007
[run_subscribe_msckf-1] [34m[TIME]: 0.0015 seconds total (680.7 hz, 0.25 ms behind)
[run_subscribe_msckf-1] [0mq_GtoI = -0.011,0.009,-1.000,0.007 | p_IinG = 0.987,-0.564,-0.011 | dist = 1.12 (meters)
[run_subscribe_msckf-1] bg = 0.0009,0.0009,-0.0011 | ba = 0.0080,0.0039,0.0007
[run_subscribe_msckf-1] [34m[TIME]: 0.0014 seconds total (707.2 hz, 0.25 ms behind)
[run_subscribe_msckf-1] [0mq_GtoI = -0.010,0.009,-1.000,0.007 | p_IinG = 1.005,-0.573,-0.011 | dist = 1.14 (meters)
[run_subscribe_msckf-1] bg = 0.0009,0.0009,-0.0011 | ba = 0.0080,0.0039,0.0007
[run_subscribe_msckf-1] [34m[TIME]: 0.0018 seconds total (551.3 hz, 0.25 ms behind)
[run_subscribe_msckf-1] [0mq_GtoI = -0.010,0.009,-1.000,0.007 | p_IinG = 1.024,-0.582,-0.012 | dist = 1.16 (meters)
[run_subscribe_msckf-1] bg = 0.0009,0.0009,-0.0011 | ba = 0.0080,0.0039,0.0007
[run_subscribe_msckf-1] [34m[TIME]: 0.0016 seconds total (642.3 hz, 0.25 ms behind)
[run_subscribe_msckf-1] [0mq_GtoI = -0.009,0.008,-1.000,0.007 | p_IinG = 1.049,-0.594,-0.012 | dist = 1.19 (meters)
[run_subscribe_msckf-1] bg = 0.0009,0.0009,-0.0011 | ba = 0.0080,0.0039,0.0007
[run_subscribe_msckf-1] [34m[TIME]: 0.0016 seconds total (616.9 hz, 0.25 ms behind)
[run_subscribe_msckf-1] [0mq_GtoI = -0.008,0.008,-1.000,0.007 | p_IinG = 1.068,-0.603,-0.012 | dist = 1.21 (meters)
[run_subscribe_msckf-1] bg = 0.0009,0.0009,-0.0011 | ba = 0.0080,0.0039,0.0007
[run_subscribe_msckf-1] [34m[TIME]: 0.0017 seconds total (603.5 hz, 0.25 ms behind)
[run_subscribe_msckf-1] [0mq_GtoI = -0.007,0.008,-1.000,0.007 | p_IinG = 1.087,-0.613,-0.013 | dist = 1.23 (meters)
[run_subscribe_msckf-1] bg = 0.0009,0.0009,-0.0011 | ba = 0.0080,0.0039,0.0007
[run_subscribe_msckf-1] [34m[TIME]: 0.0015 seconds total (656.6 hz, 0.25 ms behind)
[run_subscribe_msckf-1] [0mq_GtoI = -0.006,0.008,-1.000,0.007 | p_IinG = 1.113,-0.626,-0.013 | dist = 1.26 (meters)
[run_subscribe_msckf-1] bg = 0.0009,0.0009,-0.0011 | ba = 0.0080,0.0039,0.0007
[run_subscribe_msckf-1] [34m[TIME]: 0.0022 seconds total (455.6 hz, 0.25 ms behind)
[run_subscribe_msckf-1] [0mq_GtoI = -0.005,0.008,-1.000,0.007 | p_IinG = 1.132,-0.635,-0.013 | dist = 1.28 (meters)
[run_subscribe_msckf-1] bg = 0.0009,0.0009,-0.0011 | ba = 0.0080,0.0039,0.0007
[run_subscribe_msckf-1] [34m[TIME]: 0.0018 seconds total (564.0 hz, 0.25 ms behind)
[run_subscribe_msckf-1] [0mq_GtoI = -0.005,0.007,-1.000,0.007 | p_IinG = 1.152,-0.645,-0.013 | dist = 1.30 (meters)
[run_subscribe_msckf-1] bg = 0.0009,0.0009,-0.0011 | ba = 0.0080,0.0039,0.0007
[run_subscribe_msckf-1] [34m[TIME]: 0.0015 seconds total (681.7 hz, 0.25 ms behind)
[run_subscribe_msckf-1] [0mq_GtoI = -0.004,0.007,-1.000,0.007 | p_IinG = 1.178,-0.659,-0.014 | dist = 1.33 (meters)
[run_subscribe_msckf-1] bg = 0.0009,0.0009,-0.0011 | ba = 0.0080,0.0039,0.0007
[run_subscribe_msckf-1] [34m[TIME]: 0.0015 seconds total (661.4 hz, 0.25 ms behind)
[run_subscribe_msckf-1] [0mq_GtoI = -0.003,0.006,-1.000,0.007 | p_IinG = 1.198,-0.669,-0.014 | dist = 1.35 (meters)
[run_subscribe_msckf-1] bg = 0.0009,0.0009,-0.0011 | ba = 0.0080,0.0039,0.0007
[run_subscribe_msckf-1] [34m[TIME]: 0.0016 seconds total (632.5 hz, 0.25 ms behind)
[run_subscribe_msckf-1] [0mq_GtoI = -0.002,0.006,-1.000,0.007 | p_IinG = 1.218,-0.680,-0.014 | dist = 1.38 (meters)
[run_subscribe_msckf-1] bg = 0.0009,0.0009,-0.0011 | ba = 0.0080,0.0039,0.0007
[run_subscribe_msckf-1] [34m[TIME]: 0.0015 seconds total (679.3 hz, 0.25 ms behind)
[run_subscribe_msckf-1] [0mq_GtoI = -0.001,0.006,-1.000,0.007 | p_IinG = 1.244,-0.694,-0.015 | dist = 1.41 (meters)
[run_subscribe_msckf-1] bg = 0.0009,0.0009,-0.0011 | ba = 0.0080,0.0039,0.0007
[run_subscribe_msckf-1] [34m[TIME]: 0.0015 seconds total (668.4 hz, 0.25 ms behind)
[run_subscribe_msckf-1] [0mq_GtoI = -0.000,0.005,-1.000,0.007 | p_IinG = 1.264,-0.705,-0.015 | dist = 1.43 (meters)
[run_subscribe_msckf-1] bg = 0.0009,0.0009,-0.0011 | ba = 0.0080,0.0039,0.0007
[run_subscribe_msckf-1] [34m[TIME]: 0.0019 seconds total (533.9 hz, 0.25 ms behind)
[run_subscribe_msckf-1] [0mq_GtoI = 0.000,0.005,-1.000,0.007 | p_IinG = 1.283,-0.715,-0.015 | dist = 1.45 (meters)
[run_subscribe_msckf-1] bg = 0.0009,0.0009,-0.0011 | ba = 0.0080,0.0039,0.0007
[run_subscribe_msckf-1] [34m[TIME]: 0.0016 seconds total (642.3 hz, 0.25 ms behind)
[run_subscribe_msckf-1] [0mq_GtoI = 0.001,0.004,-1.000,0.007 | p_IinG = 1.309,-0.730,-0.015 | dist = 1.48 (meters)
[run_subscribe_msckf-1] bg = 0.0009,0.0009,-0.0011 | ba = 0.0080,0.0039,0.0007
[run_subscribe_msckf-1] [34m[TIME]: 0.0017 seconds total (595.6 hz, 0.25 ms behind)
[run_subscribe_msckf-1] [0mq_GtoI = 0.002,0.004,-1.000,0.007 | p_IinG = 1.329,-0.741,-0.016 | dist = 1.50 (meters)
[run_subscribe_msckf-1] bg = 0.0009,0.0009,-0.0011 | ba = 0.0080,0.0039,0.0007
[run_subscribe_msckf-1] [34m[TIME]: 0.0017 seconds total (586.2 hz, 0.25 ms behind)
[run_subscribe_msckf-1] [0mq_GtoI = 0.002,0.004,-1.000,0.007 | p_IinG = 1.348,-0.752,-0.016 | dist = 1.53 (meters)
[run_subscribe_msckf-1] bg = 0.0009,0.0009,-0.0011 | ba = 0.0080,0.0039,0.0007
[run_subscribe_msckf-1] [34m[TIME]: 0.0015 seconds total (651.5 hz, 0.25 ms behind)
[run_subscribe_msckf-1] [0mq_GtoI = 0.003,0.003,-1.000,0.007 | p_IinG = 1.374,-0.767,-0.016 | dist = 1.56 (meters)
[run_subscribe_msckf-1] bg = 0.0009,0.0009,-0.0011 | ba = 0.0080,0.0039,0.0007
[run_subscribe_msckf-1] [34m[TIME]: 0.0024 seconds total (423.9 hz, 0.25 ms behind)
[run_subscribe_msckf-1] [0mq_GtoI = 0.003,0.003,-1.000,0.007 | p_IinG = 1.393,-0.778,-0.017 | dist = 1.58 (meters)
[run_subscribe_msckf-1] bg = 0.0009,0.0009,-0.0011 | ba = 0.0080,0.0039,0.0007
[run_subscribe_msckf-1] [34m[TIME]: 0.0017 seconds total (600.2 hz, 0.25 ms behind)
[run_subscribe_msckf-1] [0mq_GtoI = 0.003,0.002,-1.000,0.007 | p_IinG = 1.412,-0.789,-0.017 | dist = 1.60 (meters)
[run_subscribe_msckf-1] bg = 0.0009,0.0009,-0.0011 | ba = 0.0080,0.0039,0.0007
[run_subscribe_msckf-1] [34m[TIME]: 0.0015 seconds total (653.6 hz, 0.25 ms behind)
[run_subscribe_msckf-1] [0mq_GtoI = 0.004,0.002,-1.000,0.007 | p_IinG = 1.437,-0.804,-0.017 | dist = 1.63 (meters)
[run_subscribe_msckf-1] bg = 0.0009,0.0009,-0.0011 | ba = 0.0080,0.0039,0.0007
[run_subscribe_msckf-1] [34m[TIME]: 0.0015 seconds total (654.0 hz, 0.25 ms behind)
[run_subscribe_msckf-1] [0mq_GtoI = 0.004,0.002,-1.000,0.007 | p_IinG = 1.456,-0.815,-0.017 | dist = 1.65 (meters)
[run_subscribe_msckf-1] bg = 0.0009,0.0009,-0.0011 | ba = 0.0080,0.0039,0.0007
[run_subscribe_msckf-1] [34m[TIME]: 0.0016 seconds total (621.1 hz, 0.25 ms behind)
[run_subscribe_msckf-1] [0mq_GtoI = 0.004,0.001,-1.000,0.007 | p_IinG = 1.474,-0.827,-0.018 | dist = 1.67 (meters)
[run_subscribe_msckf-1] bg = 0.0009,0.0009,-0.0011 | ba = 0.0080,0.0039,0.0007
[run_subscribe_msckf-1] [34m[TIME]: 0.0015 seconds total (649.4 hz, 0.25 ms behind)
[run_subscribe_msckf-1] [0mq_GtoI = 0.004,0.001,-1.000,0.007 | p_IinG = 1.499,-0.842,-0.018 | dist = 1.70 (meters)
[run_subscribe_msckf-1] bg = 0.0009,0.0009,-0.0011 | ba = 0.0080,0.0039,0.0007
[run_subscribe_msckf-1] [34m[TIME]: 0.0015 seconds total (655.7 hz, 0.25 ms behind)
[run_subscribe_msckf-1] [0mq_GtoI = 0.004,0.001,-1.000,0.007 | p_IinG = 1.517,-0.853,-0.018 | dist = 1.72 (meters)
[run_subscribe_msckf-1] bg = 0.0009,0.0009,-0.0011 | ba = 0.0080,0.0039,0.0007
[run_subscribe_msckf-1] [34m[TIME]: 0.0018 seconds total (559.0 hz, 0.25 ms behind)
[run_subscribe_msckf-1] [0mq_GtoI = 0.004,0.001,-1.000,0.007 | p_IinG = 1.535,-0.864,-0.018 | dist = 1.74 (meters)
[run_subscribe_msckf-1] bg = 0.0009,0.0009,-0.0011 | ba = 0.0080,0.0039,0.0007
[run_subscribe_msckf-1] [34m[TIME]: 0.0015 seconds total (664.5 hz, 0.25 ms behind)
[run_subscribe_msckf-1] [0mq_GtoI = 0.004,0.000,-1.000,0.007 | p_IinG = 1.559,-0.879,-0.019 | dist = 1.77 (meters)
[run_subscribe_msckf-1] bg = 0.0009,0.0009,-0.0011 | ba = 0.0080,0.0039,0.0007
[run_subscribe_msckf-1] [34m[TIME]: 0.0016 seconds total (609.0 hz, 0.25 ms behind)
[run_subscribe_msckf-1] [0mq_GtoI = 0.004,0.000,-1.000,0.007 | p_IinG = 1.576,-0.890,-0.019 | dist = 1.79 (meters)
[run_subscribe_msckf-1] bg = 0.0009,0.0009,-0.0011 | ba = 0.0080,0.0039,0.0007
[run_subscribe_msckf-1] [34m[TIME]: 0.0017 seconds total (581.1 hz, 0.25 ms behind)
[run_subscribe_msckf-1] [0mq_GtoI = 0.003,0.000,-1.000,0.007 | p_IinG = 1.594,-0.901,-0.019 | dist = 1.81 (meters)
[run_subscribe_msckf-1] bg = 0.0009,0.0009,-0.0011 | ba = 0.0080,0.0039,0.0007
[run_subscribe_msckf-1] [34m[TIME]: 0.0015 seconds total (655.7 hz, 0.25 ms behind)
[run_subscribe_msckf-1] [0mq_GtoI = 0.003,-0.000,-1.000,0.007 | p_IinG = 1.617,-0.916,-0.020 | dist = 1.84 (meters)
[run_subscribe_msckf-1] bg = 0.0009,0.0009,-0.0011 | ba = 0.0080,0.0039,0.0007
[run_subscribe_msckf-1] [34m[TIME]: 0.0022 seconds total (449.0 hz, 0.25 ms behind)
[run_subscribe_msckf-1] [0mq_GtoI = 0.002,-0.000,-1.000,0.007 | p_IinG = 1.634,-0.927,-0.020 | dist = 1.86 (meters)
[run_subscribe_msckf-1] bg = 0.0009,0.0009,-0.0011 | ba = 0.0080,0.0039,0.0007
[run_subscribe_msckf-1] [34m[TIME]: 0.0018 seconds total (557.1 hz, 0.25 ms behind)
[run_subscribe_msckf-1] [0mq_GtoI = 0.002,-0.000,-1.000,0.007 | p_IinG = 1.651,-0.938,-0.020 | dist = 1.88 (meters)
[run_subscribe_msckf-1] bg = 0.0009,0.0009,-0.0011 | ba = 0.0080,0.0039,0.0007
[run_subscribe_msckf-1] [34m[TIME]: 0.0015 seconds total (649.8 hz, 0.25 ms behind)
[run_subscribe_msckf-1] [0mq_GtoI = 0.001,-0.000,-1.000,0.007 | p_IinG = 1.673,-0.952,-0.020 | dist = 1.91 (meters)
[run_subscribe_msckf-1] bg = 0.0009,0.0009,-0.0011 | ba = 0.0080,0.0039,0.0007
[run_subscribe_msckf-1] [34m[TIME]: 0.0017 seconds total (595.2 hz, 0.25 ms behind)
[run_subscribe_msckf-1] [0mq_GtoI = 0.000,0.000,-1.000,0.007 | p_IinG = 1.690,-0.963,-0.021 | dist = 1.93 (meters)
[run_subscribe_msckf-1] bg = 0.0009,0.0009,-0.0011 | ba = 0.0080,0.0039,0.0007
[run_subscribe_msckf-1] [34m[TIME]: 0.0017 seconds total (586.2 hz, 0.25 ms behind)
[run_subscribe_msckf-1] [0mq_GtoI = -0.001,0.000,-1.000,0.007 | p_IinG = 1.707,-0.974,-0.021 | dist = 1.95 (meters)
[run_subscribe_msckf-1] bg = 0.0009,0.0009,-0.0011 | ba = 0.0080,0.0039,0.0007
[run_subscribe_msckf-1] [34m[TIME]: 0.0017 seconds total (603.9 hz, 0.25 ms behind)
[run_subscribe_msckf-1] [0mq_GtoI = -0.002,0.000,-1.000,0.007 | p_IinG = 1.729,-0.988,-0.021 | dist = 1.97 (meters)
[run_subscribe_msckf-1] bg = 0.0009,0.0009,-0.0011 | ba = 0.0080,0.0039,0.0007
[run_subscribe_msckf-1] [34m[TIME]: 0.0017 seconds total (593.5 hz, 0.25 ms behind)
[run_subscribe_msckf-1] [0mq_GtoI = -0.002,0.001,-1.000,0.007 | p_IinG = 1.746,-0.999,-0.021 | dist = 1.99 (meters)
[run_subscribe_msckf-1] bg = 0.0009,0.0009,-0.0011 | ba = 0.0080,0.0039,0.0007
[run_subscribe_msckf-1] [34m[TIME]: 0.0020 seconds total (510.7 hz, 0.25 ms behind)
[run_subscribe_msckf-1] [0mq_GtoI = -0.003,0.001,-1.000,0.007 | p_IinG = 1.763,-1.009,-0.022 | dist = 2.01 (meters)
[run_subscribe_msckf-1] bg = 0.0009,0.0009,-0.0011 | ba = 0.0080,0.0039,0.0007
[run_subscribe_msckf-1] [34m[TIME]: 0.0017 seconds total (595.2 hz, 0.25 ms behind)
[run_subscribe_msckf-1] [0mq_GtoI = -0.005,0.001,-1.000,0.007 | p_IinG = 1.785,-1.024,-0.022 | dist = 2.04 (meters)
[run_subscribe_msckf-1] bg = 0.0009,0.0009,-0.0011 | ba = 0.0080,0.0039,0.0007
[run_subscribe_msckf-1] [34m[TIME]: 0.0016 seconds total (633.7 hz, 0.25 ms behind)
[run_subscribe_msckf-1] [0mq_GtoI = -0.005,0.001,-1.000,0.007 | p_IinG = 1.802,-1.034,-0.022 | dist = 2.06 (meters)
[run_subscribe_msckf-1] bg = 0.0009,0.0009,-0.0011 | ba = 0.0080,0.0039,0.0007
[run_subscribe_msckf-1] [34m[TIME]: 0.0017 seconds total (605.7 hz, 0.25 ms behind)
[run_subscribe_msckf-1] [0mq_GtoI = -0.006,0.002,-1.000,0.007 | p_IinG = 1.819,-1.045,-0.022 | dist = 2.08 (meters)
[run_subscribe_msckf-1] bg = 0.0009,0.0009,-0.0011 | ba = 0.0080,0.0039,0.0007
[run_subscribe_msckf-1] [34m[TIME]: 0.0016 seconds total (644.3 hz, 0.25 ms behind)
[run_subscribe_msckf-1] [0mq_GtoI = -0.008,0.002,-1.000,0.007 | p_IinG = 1.841,-1.059,-0.023 | dist = 2.11 (meters)
[run_subscribe_msckf-1] bg = 0.0009,0.0009,-0.0011 | ba = 0.0080,0.0039,0.0007
[run_subscribe_msckf-1] [34m[TIME]: 0.0023 seconds total (426.3 hz, 0.25 ms behind)
[run_subscribe_msckf-1] [0mq_GtoI = -0.009,0.002,-1.000,0.007 | p_IinG = 1.858,-1.069,-0.023 | dist = 2.13 (meters)
[run_subscribe_msckf-1] bg = 0.0009,0.0009,-0.0011 | ba = 0.0080,0.0039,0.0007
[run_subscribe_msckf-1] [34m[TIME]: 0.0018 seconds total (552.8 hz, 0.25 ms behind)
[run_subscribe_msckf-1] [0mq_GtoI = -0.010,0.003,-1.000,0.007 | p_IinG = 1.876,-1.080,-0.023 | dist = 2.15 (meters)
[run_subscribe_msckf-1] bg = 0.0009,0.0009,-0.0011 | ba = 0.0080,0.0039,0.0007
[run_subscribe_msckf-1] [34m[TIME]: 0.0016 seconds total (639.4 hz, 0.25 ms behind)
[run_subscribe_msckf-1] [0mq_GtoI = -0.011,0.003,-1.000,0.007 | p_IinG = 1.899,-1.094,-0.023 | dist = 2.18 (meters)
[run_subscribe_msckf-1] bg = 0.0009,0.0009,-0.0011 | ba = 0.0080,0.0039,0.0007
[run_subscribe_msckf-1] [34m[TIME]: 0.0015 seconds total (653.2 hz, 0.25 ms behind)
[run_subscribe_msckf-1] [0mq_GtoI = -0.012,0.004,-1.000,0.007 | p_IinG = 1.917,-1.105,-0.023 | dist = 2.20 (meters)
[run_subscribe_msckf-1] bg = 0.0009,0.0009,-0.0011 | ba = 0.0080,0.0039,0.0007
[run_subscribe_msckf-1] [34m[TIME]: 0.0015 seconds total (649.8 hz, 0.25 ms behind)
[run_subscribe_msckf-1] [0mq_GtoI = -0.013,0.004,-1.000,0.007 | p_IinG = 1.935,-1.116,-0.024 | dist = 2.22 (meters)
[run_subscribe_msckf-1] bg = 0.0009,0.0009,-0.0011 | ba = 0.0080,0.0039,0.0007
[run_subscribe_msckf-1] [34m[TIME]: 0.0016 seconds total (636.1 hz, 0.25 ms behind)
[run_subscribe_msckf-1] [0mq_GtoI = -0.014,0.005,-1.000,0.007 | p_IinG = 1.960,-1.130,-0.024 | dist = 2.25 (meters)
[run_subscribe_msckf-1] bg = 0.0009,0.0009,-0.0011 | ba = 0.0080,0.0039,0.0007
[run_subscribe_msckf-1] [34m[TIME]: 0.0016 seconds total (623.4 hz, 0.25 ms behind)
[run_subscribe_msckf-1] [0mq_GtoI = -0.015,0.005,-1.000,0.007 | p_IinG = 1.978,-1.141,-0.024 | dist = 2.27 (meters)
[run_subscribe_msckf-1] bg = 0.0009,0.0009,-0.0011 | ba = 0.0080,0.0039,0.0007
[run_subscribe_msckf-1] [34m[TIME]: 0.0018 seconds total (550.4 hz, 0.25 ms behind)
[run_subscribe_msckf-1] [0mq_GtoI = -0.015,0.006,-1.000,0.007 | p_IinG = 1.997,-1.152,-0.024 | dist = 2.29 (meters)
[run_subscribe_msckf-1] bg = 0.0009,0.0009,-0.0011 | ba = 0.0080,0.0039,0.0007
[run_subscribe_msckf-1] [34m[TIME]: 0.0016 seconds total (607.2 hz, 0.25 ms behind)
[run_subscribe_msckf-1] [0mq_GtoI = -0.016,0.006,-1.000,0.007 | p_IinG = 2.023,-1.167,-0.025 | dist = 2.32 (meters)
[run_subscribe_msckf-1] bg = 0.0009,0.0009,-0.0011 | ba = 0.0080,0.0039,0.0007
[run_subscribe_msckf-1] [34m[TIME]: 0.0016 seconds total (612.7 hz, 0.25 ms behind)
[run_subscribe_msckf-1] [0mq_GtoI = -0.017,0.007,-1.000,0.007 | p_IinG = 2.043,-1.178,-0.025 | dist = 2.34 (meters)
[run_subscribe_msckf-1] bg = 0.0009,0.0009,-0.0011 | ba = 0.0080,0.0039,0.0007
[run_subscribe_msckf-1] [34m[TIME]: 0.0017 seconds total (576.7 hz, 0.25 ms behind)
[run_subscribe_msckf-1] [0mq_GtoI = -0.018,0.007,-1.000,0.007 | p_IinG = 2.064,-1.189,-0.025 | dist = 2.37 (meters)
[run_subscribe_msckf-1] bg = 0.0009,0.0009,-0.0011 | ba = 0.0080,0.0039,0.0007
[run_subscribe_msckf-1] [34m[TIME]: 0.0016 seconds total (627.4 hz, 0.25 ms behind)
[run_subscribe_msckf-1] [0mq_GtoI = -0.019,0.007,-1.000,0.007 | p_IinG = 2.091,-1.204,-0.025 | dist = 2.40 (meters)
[run_subscribe_msckf-1] bg = 0.0009,0.0009,-0.0011 | ba = 0.0080,0.0039,0.0007
[run_subscribe_msckf-1] [34m[TIME]: 0.0022 seconds total (454.1 hz, 0.25 ms behind)
[run_subscribe_msckf-1] [0mq_GtoI = -0.019,0.008,-1.000,0.007 | p_IinG = 2.113,-1.216,-0.026 | dist = 2.42 (meters)
[run_subscribe_msckf-1] bg = 0.0009,0.0009,-0.0011 | ba = 0.0080,0.0039,0.0007
[run_subscribe_msckf-1] [34m[TIME]: 0.0017 seconds total (604.6 hz, 0.25 ms behind)
[run_subscribe_msckf-1] [0mq_GtoI = -0.019,0.008,-1.000,0.007 | p_IinG = 2.134,-1.228,-0.026 | dist = 2.45 (meters)
[run_subscribe_msckf-1] bg = 0.0009,0.0009,-0.0011 | ba = 0.0080,0.0039,0.0007
[run_subscribe_msckf-1] [34m[TIME]: 0.0015 seconds total (646.8 hz, 0.25 ms behind)
[run_subscribe_msckf-1] [0mq_GtoI = -0.020,0.009,-1.000,0.007 | p_IinG = 2.164,-1.244,-0.026 | dist = 2.48 (meters)
[run_subscribe_msckf-1] bg = 0.0009,0.0009,-0.0011 | ba = 0.0080,0.0039,0.0007
[run_subscribe_msckf-1] [34m[TIME]: 0.0016 seconds total (621.9 hz, 0.25 ms behind)
[run_subscribe_msckf-1] [0mq_GtoI = -0.020,0.009,-1.000,0.007 | p_IinG = 2.187,-1.256,-0.027 | dist = 2.51 (meters)
[run_subscribe_msckf-1] bg = 0.0009,0.0009,-0.0011 | ba = 0.0080,0.0039,0.0007
[run_subscribe_msckf-1] [34m[TIME]: 0.0016 seconds total (621.9 hz, 0.25 ms behind)
[run_subscribe_msckf-1] [0mq_GtoI = -0.020,0.009,-1.000,0.008 | p_IinG = 2.210,-1.269,-0.027 | dist = 2.53 (meters)
[run_subscribe_msckf-1] bg = 0.0009,0.0009,-0.0011 | ba = 0.0080,0.0039,0.0007
[run_subscribe_msckf-1] [34m[TIME]: 0.0016 seconds total (644.7 hz, 0.25 ms behind)
[run_subscribe_msckf-1] [0mq_GtoI = -0.020,0.010,-1.000,0.008 | p_IinG = 2.242,-1.285,-0.027 | dist = 2.57 (meters)
[run_subscribe_msckf-1] bg = 0.0009,0.0009,-0.0011 | ba = 0.0080,0.0039,0.0007
[run_subscribe_msckf-1] [34m[TIME]: 0.0015 seconds total (664.9 hz, 0.25 ms behind)
[run_subscribe_msckf-1] [0mq_GtoI = -0.020,0.010,-1.000,0.008 | p_IinG = 2.267,-1.298,-0.028 | dist = 2.60 (meters)
[run_subscribe_msckf-1] bg = 0.0009,0.0009,-0.0011 | ba = 0.0080,0.0039,0.0007
[run_subscribe_msckf-1] [34m[TIME]: 0.0017 seconds total (579.7 hz, 0.25 ms behind)
[run_subscribe_msckf-1] [0mq_GtoI = -0.020,0.010,-1.000,0.008 | p_IinG = 2.292,-1.311,-0.028 | dist = 2.62 (meters)
[run_subscribe_msckf-1] bg = 0.0009,0.0009,-0.0011 | ba = 0.0080,0.0039,0.0007
[run_subscribe_msckf-1] [34m[TIME]: 0.0015 seconds total (682.6 hz, 0.25 ms behind)
[run_subscribe_msckf-1] [0mq_GtoI = -0.020,0.010,-1.000,0.008 | p_IinG = 2.326,-1.329,-0.029 | dist = 2.66 (meters)
[run_subscribe_msckf-1] bg = 0.0009,0.0009,-0.0011 | ba = 0.0080,0.0039,0.0007
[run_subscribe_msckf-1] [34m[TIME]: 0.0017 seconds total (595.2 hz, 0.25 ms behind)
[run_subscribe_msckf-1] [0mq_GtoI = -0.020,0.010,-1.000,0.008 | p_IinG = 2.352,-1.342,-0.029 | dist = 2.69 (meters)
[run_subscribe_msckf-1] bg = 0.0009,0.0009,-0.0011 | ba = 0.0080,0.0039,0.0007
[run_subscribe_msckf-1] [34m[TIME]: 0.0017 seconds total (594.2 hz, 0.25 ms behind)
[run_subscribe_msckf-1] [0mq_GtoI = -0.020,0.010,-1.000,0.008 | p_IinG = 2.378,-1.356,-0.029 | dist = 2.72 (meters)
[run_subscribe_msckf-1] bg = 0.0009,0.0009,-0.0011 | ba = 0.0080,0.0039,0.0007
[run_subscribe_msckf-1] [34m[TIME]: 0.0015 seconds total (652.7 hz, 0.25 ms behind)
[run_subscribe_msckf-1] [0mq_GtoI = -0.019,0.010,-1.000,0.008 | p_IinG = 2.414,-1.375,-0.030 | dist = 2.76 (meters)
[run_subscribe_msckf-1] bg = 0.0009,0.0009,-0.0011 | ba = 0.0080,0.0039,0.0007
[run_subscribe_msckf-1] [34m[TIME]: 0.0022 seconds total (457.9 hz, 0.25 ms behind)
[run_subscribe_msckf-1] [0mq_GtoI = -0.018,0.010,-1.000,0.008 | p_IinG = 2.442,-1.389,-0.030 | dist = 2.79 (meters)
[run_subscribe_msckf-1] bg = 0.0009,0.0009,-0.0011 | ba = 0.0080,0.0039,0.0007
[run_subscribe_msckf-1] [34m[TIME]: 0.0016 seconds total (615.4 hz, 0.25 ms behind)
[run_subscribe_msckf-1] [0mq_GtoI = -0.018,0.010,-1.000,0.008 | p_IinG = 2.470,-1.404,-0.031 | dist = 2.82 (meters)
[run_subscribe_msckf-1] bg = 0.0009,0.0009,-0.0011 | ba = 0.0080,0.0039,0.0007
[run_subscribe_msckf-1] [34m[TIME]: 0.0015 seconds total (659.2 hz, 0.25 ms behind)
[run_subscribe_msckf-1] [0mq_GtoI = -0.017,0.010,-1.000,0.008 | p_IinG = 2.508,-1.423,-0.031 | dist = 2.87 (meters)
[run_subscribe_msckf-1] bg = 0.0009,0.0009,-0.0011 | ba = 0.0080,0.0039,0.0007
[run_subscribe_msckf-1] [34m[TIME]: 0.0016 seconds total (618.4 hz, 0.25 ms behind)
[run_subscribe_msckf-1] [0mq_GtoI = -0.016,0.010,-1.000,0.008 | p_IinG = 2.537,-1.438,-0.032 | dist = 2.90 (meters)
[run_subscribe_msckf-1] bg = 0.0009,0.0009,-0.0011 | ba = 0.0080,0.0039,0.0007
[run_subscribe_msckf-1] [34m[TIME]: 0.0015 seconds total (666.2 hz, 0.25 ms behind)
[run_subscribe_msckf-1] [0mq_GtoI = -0.015,0.010,-1.000,0.008 | p_IinG = 2.566,-1.454,-0.032 | dist = 2.93 (meters)
[run_subscribe_msckf-1] bg = 0.0009,0.0009,-0.0011 | ba = 0.0080,0.0039,0.0007
[run_subscribe_msckf-1] [34m[TIME]: 0.0015 seconds total (678.0 hz, 0.25 ms behind)
[run_subscribe_msckf-1] [0mq_GtoI = -0.014,0.010,-1.000,0.008 | p_IinG = 2.606,-1.474,-0.033 | dist = 2.98 (meters)
[run_subscribe_msckf-1] bg = 0.0009,0.0009,-0.0011 | ba = 0.0080,0.0039,0.0007
[run_subscribe_msckf-1] [34m[TIME]: 0.0015 seconds total (649.4 hz, 0.25 ms behind)
[run_subscribe_msckf-1] [0mq_GtoI = -0.013,0.010,-1.000,0.008 | p_IinG = 2.636,-1.490,-0.033 | dist = 3.01 (meters)
[run_subscribe_msckf-1] bg = 0.0009,0.0009,-0.0011 | ba = 0.0080,0.0039,0.0007
[run_subscribe_msckf-1] [34m[TIME]: 0.0018 seconds total (551.3 hz, 0.25 ms behind)
[run_subscribe_msckf-1] [0mq_GtoI = -0.012,0.009,-1.000,0.008 | p_IinG = 2.667,-1.506,-0.034 | dist = 3.05 (meters)
[run_subscribe_msckf-1] bg = 0.0009,0.0009,-0.0011 | ba = 0.0080,0.0039,0.0007
[run_subscribe_msckf-1] [34m[TIME]: 0.0015 seconds total (664.5 hz, 0.25 ms behind)
[run_subscribe_msckf-1] [0mq_GtoI = -0.011,0.009,-1.000,0.008 | p_IinG = 2.708,-1.527,-0.034 | dist = 3.09 (meters)
[run_subscribe_msckf-1] bg = 0.0009,0.0009,-0.0011 | ba = 0.0080,0.0039,0.0007
[run_subscribe_msckf-1] [34m[TIME]: 0.0017 seconds total (597.4 hz, 0.25 ms behind)
[run_subscribe_msckf-1] [0mq_GtoI = -0.010,0.009,-1.000,0.008 | p_IinG = 2.739,-1.544,-0.035 | dist = 3.13 (meters)
[run_subscribe_msckf-1] bg = 0.0009,0.0009,-0.0011 | ba = 0.0080,0.0039,0.0007
[run_subscribe_msckf-1] [34m[TIME]: 0.0017 seconds total (595.9 hz, 0.25 ms behind)
[run_subscribe_msckf-1] [0mq_GtoI = -0.009,0.008,-1.000,0.008 | p_IinG = 2.770,-1.560,-0.035 | dist = 3.16 (meters)
[run_subscribe_msckf-1] bg = 0.0009,0.0009,-0.0011 | ba = 0.0080,0.0039,0.0007
[run_subscribe_msckf-1] [34m[TIME]: 0.0015 seconds total (667.6 hz, 0.25 ms behind)
[run_subscribe_msckf-1] [0mq_GtoI = -0.007,0.008,-1.000,0.008 | p_IinG = 2.812,-1.583,-0.036 | dist = 3.21 (meters)
[run_subscribe_msckf-1] bg = 0.0009,0.0009,-0.0011 | ba = 0.0080,0.0039,0.0007
[run_subscribe_msckf-1] [34m[TIME]: 0.0023 seconds total (438.4 hz, 0.25 ms behind)
[run_subscribe_msckf-1] [0mq_GtoI = -0.006,0.007,-1.000,0.008 | p_IinG = 2.843,-1.600,-0.036 | dist = 3.25 (meters)
[run_subscribe_msckf-1] bg = 0.0009,0.0009,-0.0011 | ba = 0.0080,0.0039,0.0007
[run_subscribe_msckf-1] [34m[TIME]: 0.0017 seconds total (596.3 hz, 0.25 ms behind)
[run_subscribe_msckf-1] [0mq_GtoI = -0.005,0.007,-1.000,0.008 | p_IinG = 2.875,-1.617,-0.037 | dist = 3.28 (meters)
[run_subscribe_msckf-1] bg = 0.0009,0.0009,-0.0011 | ba = 0.0080,0.0039,0.0007
[run_subscribe_msckf-1] [34m[TIME]: 0.0017 seconds total (582.1 hz, 0.25 ms behind)
[run_subscribe_msckf-1] [0mq_GtoI = -0.004,0.006,-1.000,0.008 | p_IinG = 2.917,-1.640,-0.037 | dist = 3.33 (meters)
[run_subscribe_msckf-1] bg = 0.0009,0.0009,-0.0011 | ba = 0.0080,0.0039,0.0007
[run_subscribe_msckf-1] [34m[TIME]: 0.0017 seconds total (601.0 hz, 0.25 ms behind)
[run_subscribe_msckf-1] [0mq_GtoI = -0.002,0.007,-1.000,0.008 | p_IinG = 2.886,-1.808,0.085 | dist = 3.37 (meters)
[run_subscribe_msckf-1] bg = 0.0011,0.0008,-0.0011 | ba = 0.0060,0.0024,-0.0051
[run_subscribe_msckf-1] [34m[TIME]: 0.0018 seconds total (563.7 hz, 0.25 ms behind)
[run_subscribe_msckf-1] [0mq_GtoI = -0.001,0.006,-1.000,0.008 | p_IinG = 2.917,-1.827,0.085 | dist = 3.40 (meters)
[run_subscribe_msckf-1] bg = 0.0011,0.0008,-0.0011 | ba = 0.0060,0.0024,-0.0051
[run_subscribe_msckf-1] [34m[TIME]: 0.0015 seconds total (648.5 hz, 0.25 ms behind)
[run_subscribe_msckf-1] [0mq_GtoI = -0.000,0.006,-1.000,0.008 | p_IinG = 2.959,-1.853,0.086 | dist = 3.45 (meters)
[run_subscribe_msckf-1] bg = 0.0011,0.0008,-0.0011 | ba = 0.0060,0.0024,-0.0051
[run_subscribe_msckf-1] [34m[TIME]: 0.0015 seconds total (651.0 hz, 0.25 ms behind)
[run_subscribe_msckf-1] [0mq_GtoI = 0.001,0.005,-1.000,0.008 | p_IinG = 2.990,-1.873,0.087 | dist = 3.49 (meters)
[run_subscribe_msckf-1] bg = 0.0011,0.0008,-0.0011 | ba = 0.0060,0.0024,-0.0051
[run_subscribe_msckf-1] [34m[TIME]: 0.0018 seconds total (551.6 hz, 0.25 ms behind)
[run_subscribe_msckf-1] [0mq_GtoI = 0.002,0.005,-1.000,0.008 | p_IinG = 3.021,-1.892,0.087 | dist = 3.53 (meters)
[run_subscribe_msckf-1] bg = 0.0011,0.0008,-0.0011 | ba = 0.0060,0.0024,-0.0051
[run_subscribe_msckf-1] [34m[TIME]: 0.0016 seconds total (614.6 hz, 0.25 ms behind)
[run_subscribe_msckf-1] [0mq_GtoI = 0.003,0.004,-1.000,0.008 | p_IinG = 3.062,-1.919,0.088 | dist = 3.57 (meters)
[run_subscribe_msckf-1] bg = 0.0011,0.0008,-0.0011 | ba = 0.0060,0.0024,-0.0051
[run_subscribe_msckf-1] [34m[TIME]: 0.0017 seconds total (589.6 hz, 0.25 ms behind)
[run_subscribe_msckf-1] [0mq_GtoI = 0.004,0.004,-1.000,0.008 | p_IinG = 3.093,-1.938,0.089 | dist = 3.61 (meters)
[run_subscribe_msckf-1] bg = 0.0011,0.0008,-0.0011 | ba = 0.0060,0.0024,-0.0051
[run_subscribe_msckf-1] [34m[TIME]: 0.0017 seconds total (577.4 hz, 0.25 ms behind)
[run_subscribe_msckf-1] [0mq_GtoI = 0.005,0.004,-1.000,0.008 | p_IinG = 3.123,-1.958,0.090 | dist = 3.65 (meters)
[run_subscribe_msckf-1] bg = 0.0011,0.0008,-0.0011 | ba = 0.0060,0.0024,-0.0051
[run_subscribe_msckf-1] [34m[TIME]: 0.0015 seconds total (645.2 hz, 0.25 ms behind)
[run_subscribe_msckf-1] [0mq_GtoI = 0.005,0.003,-1.000,0.008 | p_IinG = 3.164,-1.985,0.090 | dist = 3.70 (meters)
[run_subscribe_msckf-1] bg = 0.0011,0.0008,-0.0011 | ba = 0.0060,0.0024,-0.0051
[run_subscribe_msckf-1] [34m[TIME]: 0.0023 seconds total (438.0 hz, 0.25 ms behind)
[run_subscribe_msckf-1] [0mq_GtoI = 0.006,0.003,-1.000,0.008 | p_IinG = 3.194,-2.005,0.091 | dist = 3.73 (meters)
[run_subscribe_msckf-1] bg = 0.0011,0.0008,-0.0011 | ba = 0.0060,0.0024,-0.0051
[run_subscribe_msckf-1] [34m[TIME]: 0.0018 seconds total (549.5 hz, 0.25 ms behind)
[run_subscribe_msckf-1] [0mq_GtoI = 0.006,0.003,-1.000,0.008 | p_IinG = 3.223,-2.025,0.092 | dist = 3.77 (meters)
[run_subscribe_msckf-1] bg = 0.0011,0.0008,-0.0011 | ba = 0.0060,0.0024,-0.0051
[run_subscribe_msckf-1] [34m[TIME]: 0.0016 seconds total (636.5 hz, 0.25 ms behind)
[run_subscribe_msckf-1] [0mq_GtoI = 0.007,0.002,-1.000,0.008 | p_IinG = 3.263,-2.051,0.093 | dist = 3.82 (meters)
[run_subscribe_msckf-1] bg = 0.0011,0.0008,-0.0011 | ba = 0.0060,0.0024,-0.0051
[run_subscribe_msckf-1] [34m[TIME]: 0.0017 seconds total (589.6 hz, 0.25 ms behind)
[run_subscribe_msckf-1] [0mq_GtoI = 0.007,0.002,-1.000,0.008 | p_IinG = 3.292,-2.071,0.093 | dist = 3.85 (meters)
[run_subscribe_msckf-1] bg = 0.0011,0.0008,-0.0011 | ba = 0.0060,0.0024,-0.0051
[run_subscribe_msckf-1] [34m[TIME]: 0.0016 seconds total (609.4 hz, 0.25 ms behind)
[run_subscribe_msckf-1] [0mq_GtoI = 0.008,0.002,-1.000,0.008 | p_IinG = 3.321,-2.091,0.094 | dist = 3.89 (meters)
[run_subscribe_msckf-1] bg = 0.0011,0.0008,-0.0011 | ba = 0.0060,0.0024,-0.0051
[run_subscribe_msckf-1] [34m[TIME]: 0.0017 seconds total (576.0 hz, 0.25 ms behind)
[run_subscribe_msckf-1] [0mq_GtoI = 0.008,0.002,-1.000,0.008 | p_IinG = 3.359,-2.118,0.095 | dist = 3.93 (meters)
[run_subscribe_msckf-1] bg = 0.0011,0.0008,-0.0011 | ba = 0.0060,0.0024,-0.0051
[run_subscribe_msckf-1] [34m[TIME]: 0.0017 seconds total (599.9 hz, 0.25 ms behind)
[run_subscribe_msckf-1] [0mq_GtoI = 0.008,0.001,-1.000,0.008 | p_IinG = 3.388,-2.138,0.096 | dist = 3.97 (meters)
[run_subscribe_msckf-1] bg = 0.0011,0.0008,-0.0011 | ba = 0.0060,0.0024,-0.0051
[run_subscribe_msckf-1] [34m[TIME]: 0.0018 seconds total (550.7 hz, 0.25 ms behind)
[run_subscribe_msckf-1] [0mq_GtoI = 0.008,0.001,-1.000,0.008 | p_IinG = 3.416,-2.158,0.097 | dist = 4.00 (meters)
[run_subscribe_msckf-1] bg = 0.0011,0.0008,-0.0011 | ba = 0.0060,0.0024,-0.0051
[run_subscribe_msckf-1] [34m[TIME]: 0.0017 seconds total (597.0 hz, 0.25 ms behind)
[run_subscribe_msckf-1] [0mq_GtoI = 0.007,0.001,-1.000,0.008 | p_IinG = 3.453,-2.184,0.098 | dist = 4.05 (meters)
[run_subscribe_msckf-1] bg = 0.0011,0.0008,-0.0011 | ba = 0.0060,0.0024,-0.0051
[run_subscribe_msckf-1] [34m[TIME]: 0.0018 seconds total (565.3 hz, 0.25 ms behind)
[run_subscribe_msckf-1] [0mq_GtoI = 0.007,0.001,-1.000,0.008 | p_IinG = 3.480,-2.204,0.098 | dist = 4.08 (meters)
[run_subscribe_msckf-1] bg = 0.0011,0.0008,-0.0011 | ba = 0.0060,0.0024,-0.0051
[run_subscribe_msckf-1] [34m[TIME]: 0.0018 seconds total (545.3 hz, 0.25 ms behind)
[run_subscribe_msckf-1] [0mq_GtoI = 0.006,0.001,-1.000,0.008 | p_IinG = 3.508,-2.224,0.099 | dist = 4.11 (meters)
[run_subscribe_msckf-1] bg = 0.0011,0.0008,-0.0011 | ba = 0.0060,0.0024,-0.0051
[run_subscribe_msckf-1] [34m[TIME]: 0.0016 seconds total (636.5 hz, 0.25 ms behind)
[run_subscribe_msckf-1] [0mq_GtoI = 0.006,0.001,-1.000,0.008 | p_IinG = 3.544,-2.250,0.100 | dist = 4.16 (meters)
[run_subscribe_msckf-1] bg = 0.0011,0.0008,-0.0011 | ba = 0.0060,0.0024,-0.0051
[run_subscribe_msckf-1] [34m[TIME]: 0.0023 seconds total (430.8 hz, 0.25 ms behind)
[run_subscribe_msckf-1] [0mq_GtoI = 0.005,0.002,-1.000,0.008 | p_IinG = 3.571,-2.270,0.101 | dist = 4.19 (meters)
[run_subscribe_msckf-1] bg = 0.0011,0.0008,-0.0011 | ba = 0.0060,0.0024,-0.0051
[run_subscribe_msckf-1] [34m[TIME]: 0.0017 seconds total (573.1 hz, 0.25 ms behind)
[run_subscribe_msckf-1] [0mq_GtoI = 0.004,0.002,-1.000,0.008 | p_IinG = 3.597,-2.290,0.102 | dist = 4.23 (meters)
[run_subscribe_msckf-1] bg = 0.0011,0.0008,-0.0011 | ba = 0.0060,0.0024,-0.0051
[run_subscribe_msckf-1] [34m[TIME]: 0.0015 seconds total (653.2 hz, 0.25 ms behind)
[run_subscribe_msckf-1] [0mq_GtoI = 0.003,0.002,-1.000,0.008 | p_IinG = 3.632,-2.316,0.103 | dist = 4.27 (meters)
[run_subscribe_msckf-1] bg = 0.0011,0.0008,-0.0011 | ba = 0.0060,0.0024,-0.0051
[run_subscribe_msckf-1] [34m[TIME]: 0.0017 seconds total (598.8 hz, 0.25 ms behind)
[run_subscribe_msckf-1] [0mq_GtoI = 0.002,0.002,-1.000,0.008 | p_IinG = 3.658,-2.336,0.104 | dist = 4.30 (meters)
[run_subscribe_msckf-1] bg = 0.0011,0.0008,-0.0011 | ba = 0.0060,0.0024,-0.0051
[run_subscribe_msckf-1] [34m[TIME]: 0.0017 seconds total (586.9 hz, 0.25 ms behind)
[run_subscribe_msckf-1] [0mq_GtoI = 0.001,0.002,-1.000,0.008 | p_IinG = 3.684,-2.355,0.105 | dist = 4.34 (meters)
[run_subscribe_msckf-1] bg = 0.0011,0.0008,-0.0011 | ba = 0.0060,0.0024,-0.0051
[run_subscribe_msckf-1] [34m[TIME]: 0.0017 seconds total (602.4 hz, 0.25 ms behind)
[run_subscribe_msckf-1] [0mq_GtoI = 0.000,0.003,-1.000,0.008 | p_IinG = 3.719,-2.382,0.106 | dist = 4.38 (meters)
[run_subscribe_msckf-1] bg = 0.0011,0.0008,-0.0011 | ba = 0.0060,0.0024,-0.0051
[run_subscribe_msckf-1] [34m[TIME]: 0.0018 seconds total (548.2 hz, 0.25 ms behind)
[run_subscribe_msckf-1] [0mq_GtoI = -0.001,0.003,-1.000,0.008 | p_IinG = 3.745,-2.401,0.107 | dist = 4.41 (meters)
[run_subscribe_msckf-1] bg = 0.0011,0.0008,-0.0011 | ba = 0.0060,0.0024,-0.0051
[run_subscribe_msckf-1] [34m[TIME]: 0.0019 seconds total (529.1 hz, 0.25 ms behind)
[run_subscribe_msckf-1] [0mq_GtoI = -0.002,0.003,-1.000,0.008 | p_IinG = 3.770,-2.421,0.107 | dist = 4.44 (meters)
[run_subscribe_msckf-1] bg = 0.0011,0.0008,-0.0011 | ba = 0.0060,0.0024,-0.0051
[run_subscribe_msckf-1] [34m[TIME]: 0.0016 seconds total (610.9 hz, 0.25 ms behind)
[run_subscribe_msckf-1] [0mq_GtoI = -0.004,0.004,-1.000,0.008 | p_IinG = 3.805,-2.447,0.109 | dist = 4.49 (meters)
[run_subscribe_msckf-1] bg = 0.0011,0.0008,-0.0011 | ba = 0.0060,0.0024,-0.0051
[run_subscribe_msckf-1] [34m[TIME]: 0.0017 seconds total (576.0 hz, 0.25 ms behind)
[run_subscribe_msckf-1] [0mq_GtoI = -0.005,0.004,-1.000,0.008 | p_IinG = 3.831,-2.467,0.109 | dist = 4.52 (meters)
[run_subscribe_msckf-1] bg = 0.0011,0.0008,-0.0011 | ba = 0.0060,0.0024,-0.0051
[run_subscribe_msckf-1] [34m[TIME]: 0.0018 seconds total (552.8 hz, 0.25 ms behind)
[run_subscribe_msckf-1] [0mq_GtoI = -0.006,0.005,-1.000,0.008 | p_IinG = 3.857,-2.487,0.110 | dist = 4.55 (meters)
[run_subscribe_msckf-1] bg = 0.0011,0.0008,-0.0011 | ba = 0.0060,0.0024,-0.0051
[run_subscribe_msckf-1] [34m[TIME]: 0.0015 seconds total (646.8 hz, 0.25 ms behind)
[run_subscribe_msckf-1] [0mq_GtoI = -0.008,0.005,-1.000,0.008 | p_IinG = 3.891,-2.514,0.112 | dist = 4.60 (meters)
[run_subscribe_msckf-1] bg = 0.0011,0.0008,-0.0011 | ba = 0.0060,0.0024,-0.0051
[run_subscribe_msckf-1] [34m[TIME]: 0.0023 seconds total (442.1 hz, 0.25 ms behind)
[run_subscribe_msckf-1] [0mq_GtoI = -0.009,0.006,-1.000,0.008 | p_IinG = 3.917,-2.534,0.113 | dist = 4.63 (meters)
[run_subscribe_msckf-1] bg = 0.0011,0.0008,-0.0011 | ba = 0.0060,0.0024,-0.0051
[run_subscribe_msckf-1] [34m[TIME]: 0.0018 seconds total (553.4 hz, 0.25 ms behind)
[run_subscribe_msckf-1] [0mq_GtoI = -0.011,0.006,-1.000,0.008 | p_IinG = 3.944,-2.554,0.113 | dist = 4.66 (meters)
[run_subscribe_msckf-1] bg = 0.0011,0.0008,-0.0011 | ba = 0.0060,0.0024,-0.0051
[run_subscribe_msckf-1] [34m[TIME]: 0.0016 seconds total (638.2 hz, 0.25 ms behind)
[run_subscribe_msckf-1] [0mq_GtoI = -0.013,0.007,-1.000,0.009 | p_IinG = 3.979,-2.581,0.115 | dist = 4.71 (meters)
[run_subscribe_msckf-1] bg = 0.0011,0.0008,-0.0011 | ba = 0.0060,0.0024,-0.0051
[run_subscribe_msckf-1] [34m[TIME]: 0.0016 seconds total (607.9 hz, 0.25 ms behind)
[run_subscribe_msckf-1] [0mq_GtoI = -0.014,0.007,-1.000,0.009 | p_IinG = 4.006,-2.601,0.116 | dist = 4.74 (meters)
[run_subscribe_msckf-1] bg = 0.0011,0.0008,-0.0011 | ba = 0.0060,0.0024,-0.0051
[run_subscribe_msckf-1] [34m[TIME]: 0.0015 seconds total (664.9 hz, 0.25 ms behind)
[run_subscribe_msckf-1] [0mq_GtoI = -0.015,0.008,-1.000,0.009 | p_IinG = 4.033,-2.622,0.117 | dist = 4.77 (meters)
[run_subscribe_msckf-1] bg = 0.0011,0.0008,-0.0011 | ba = 0.0060,0.0024,-0.0051
[run_subscribe_msckf-1] [34m[TIME]: 0.0015 seconds total (656.6 hz, 0.25 ms behind)
[run_subscribe_msckf-1] [0mq_GtoI = -0.017,0.008,-1.000,0.009 | p_IinG = 4.070,-2.649,0.118 | dist = 4.82 (meters)
[run_subscribe_msckf-1] bg = 0.0011,0.0008,-0.0011 | ba = 0.0060,0.0024,-0.0051
[run_subscribe_msckf-1] [34m[TIME]: 0.0016 seconds total (640.6 hz, 0.25 ms behind)
[run_subscribe_msckf-1] [0mq_GtoI = -0.018,0.009,-1.000,0.009 | p_IinG = 4.098,-2.670,0.119 | dist = 4.86 (meters)
[run_subscribe_msckf-1] bg = 0.0011,0.0008,-0.0011 | ba = 0.0060,0.0024,-0.0051
[run_subscribe_msckf-1] [34m[TIME]: 0.0017 seconds total (580.4 hz, 0.25 ms behind)
[run_subscribe_msckf-1] [0mq_GtoI = -0.019,0.009,-1.000,0.009 | p_IinG = 4.127,-2.691,0.120 | dist = 4.89 (meters)
[run_subscribe_msckf-1] bg = 0.0011,0.0008,-0.0011 | ba = 0.0060,0.0024,-0.0051
[run_subscribe_msckf-1] [34m[TIME]: 0.0015 seconds total (651.9 hz, 0.25 ms behind)
[run_subscribe_msckf-1] [0mq_GtoI = -0.021,0.010,-1.000,0.009 | p_IinG = 4.165,-2.720,0.121 | dist = 4.94 (meters)
[run_subscribe_msckf-1] bg = 0.0011,0.0008,-0.0011 | ba = 0.0060,0.0024,-0.0051
[run_subscribe_msckf-1] [34m[TIME]: 0.0016 seconds total (615.4 hz, 0.25 ms behind)
[run_subscribe_msckf-1] [0mq_GtoI = -0.021,0.010,-1.000,0.009 | p_IinG = 4.195,-2.741,0.122 | dist = 4.98 (meters)
[run_subscribe_msckf-1] bg = 0.0011,0.0008,-0.0011 | ba = 0.0060,0.0024,-0.0051
[run_subscribe_msckf-1] [34m[TIME]: 0.0017 seconds total (596.3 hz, 0.25 ms behind)
[run_subscribe_msckf-1] [0mq_GtoI = -0.022,0.011,-1.000,0.009 | p_IinG = 4.225,-2.763,0.123 | dist = 5.01 (meters)
[run_subscribe_msckf-1] bg = 0.0011,0.0008,-0.0011 | ba = 0.0060,0.0024,-0.0051
[run_subscribe_msckf-1] [34m[TIME]: 0.0015 seconds total (661.8 hz, 0.25 ms behind)
[run_subscribe_msckf-1] [0mq_GtoI = -0.023,0.011,-1.000,0.009 | p_IinG = 4.266,-2.792,0.124 | dist = 5.06 (meters)
[run_subscribe_msckf-1] bg = 0.0011,0.0008,-0.0011 | ba = 0.0060,0.0024,-0.0051
[run_subscribe_msckf-1] [34m[TIME]: 0.0022 seconds total (454.5 hz, 0.25 ms behind)
[run_subscribe_msckf-1] [0mq_GtoI = -0.024,0.011,-1.000,0.009 | p_IinG = 4.297,-2.814,0.125 | dist = 5.10 (meters)
[run_subscribe_msckf-1] bg = 0.0011,0.0008,-0.0011 | ba = 0.0060,0.0024,-0.0051
[run_subscribe_msckf-1] [34m[TIME]: 0.0018 seconds total (543.8 hz, 0.25 ms behind)
[run_subscribe_msckf-1] [0mq_GtoI = -0.025,0.012,-1.000,0.009 | p_IinG = 4.329,-2.837,0.126 | dist = 5.14 (meters)
[run_subscribe_msckf-1] bg = 0.0011,0.0008,-0.0011 | ba = 0.0060,0.0024,-0.0051
[run_subscribe_msckf-1] [34m[TIME]: 0.0016 seconds total (643.5 hz, 0.25 ms behind)
[run_subscribe_msckf-1] [0mq_GtoI = -0.025,0.012,-1.000,0.009 | p_IinG = 4.372,-2.867,0.127 | dist = 5.19 (meters)
[run_subscribe_msckf-1] bg = 0.0011,0.0008,-0.0011 | ba = 0.0060,0.0024,-0.0051
[run_subscribe_msckf-1] [34m[TIME]: 0.0016 seconds total (613.9 hz, 0.25 ms behind)
[run_subscribe_msckf-1] [0mq_GtoI = -0.026,0.012,-1.000,0.009 | p_IinG = 4.406,-2.890,0.128 | dist = 5.23 (meters)
[run_subscribe_msckf-1] bg = 0.0011,0.0008,-0.0011 | ba = 0.0060,0.0024,-0.0051
[run_subscribe_msckf-1] [34m[TIME]: 0.0016 seconds total (627.4 hz, 0.25 ms behind)
[run_subscribe_msckf-1] [0mq_GtoI = -0.026,0.013,-1.000,0.009 | p_IinG = 4.439,-2.913,0.129 | dist = 5.27 (meters)
[run_subscribe_msckf-1] bg = 0.0011,0.0008,-0.0011 | ba = 0.0060,0.0024,-0.0051
[run_subscribe_msckf-1] [34m[TIME]: 0.0015 seconds total (675.7 hz, 0.25 ms behind)
[run_subscribe_msckf-1] [0mq_GtoI = -0.026,0.013,-1.000,0.009 | p_IinG = 4.486,-2.944,0.130 | dist = 5.33 (meters)
[run_subscribe_msckf-1] bg = 0.0011,0.0008,-0.0011 | ba = 0.0060,0.0024,-0.0051
[run_subscribe_msckf-1] [34m[TIME]: 0.0016 seconds total (644.3 hz, 0.25 ms behind)
[run_subscribe_msckf-1] [0mq_GtoI = -0.026,0.013,-1.000,0.009 | p_IinG = 4.521,-2.968,0.131 | dist = 5.37 (meters)
[run_subscribe_msckf-1] bg = 0.0011,0.0008,-0.0011 | ba = 0.0060,0.0024,-0.0051
[run_subscribe_msckf-1] [34m[TIME]: 0.0017 seconds total (583.4 hz, 0.25 ms behind)
[run_subscribe_msckf-1] [0mq_GtoI = -0.026,0.013,-1.000,0.009 | p_IinG = 4.557,-2.992,0.131 | dist = 5.42 (meters)
[run_subscribe_msckf-1] bg = 0.0011,0.0008,-0.0011 | ba = 0.0060,0.0024,-0.0051
[run_subscribe_msckf-1] [34m[TIME]: 0.0016 seconds total (643.1 hz, 0.25 ms behind)
[run_subscribe_msckf-1] [0mq_GtoI = -0.026,0.013,-1.000,0.009 | p_IinG = 4.606,-3.025,0.132 | dist = 5.48 (meters)
[run_subscribe_msckf-1] bg = 0.0011,0.0008,-0.0011 | ba = 0.0060,0.0024,-0.0051
[run_subscribe_msckf-1] [34m[TIME]: 0.0016 seconds total (608.3 hz, 0.25 ms behind)
[run_subscribe_msckf-1] [0mq_GtoI = -0.026,0.013,-1.000,0.009 | p_IinG = 4.643,-3.050,0.133 | dist = 5.52 (meters)
[run_subscribe_msckf-1] bg = 0.0011,0.0008,-0.0011 | ba = 0.0060,0.0024,-0.0051
[run_subscribe_msckf-1] [34m[TIME]: 0.0016 seconds total (609.0 hz, 0.25 ms behind)
[run_subscribe_msckf-1] [0mq_GtoI = -0.025,0.013,-1.000,0.009 | p_IinG = 4.682,-3.075,0.134 | dist = 5.57 (meters)
[run_subscribe_msckf-1] bg = 0.0011,0.0008,-0.0011 | ba = 0.0060,0.0024,-0.0051
[run_subscribe_msckf-1] [34m[TIME]: 0.0015 seconds total (645.2 hz, 0.25 ms behind)
[run_subscribe_msckf-1] [0mq_GtoI = -0.024,0.013,-1.000,0.009 | p_IinG = 4.733,-3.108,0.135 | dist = 5.63 (meters)
[run_subscribe_msckf-1] bg = 0.0011,0.0008,-0.0011 | ba = 0.0060,0.0024,-0.0051
[run_subscribe_msckf-1] [34m[TIME]: 0.0023 seconds total (442.1 hz, 0.25 ms behind)
[run_subscribe_msckf-1] [0mq_GtoI = -0.024,0.012,-1.000,0.009 | p_IinG = 4.773,-3.134,0.136 | dist = 5.67 (meters)
[run_subscribe_msckf-1] bg = 0.0011,0.0008,-0.0011 | ba = 0.0060,0.0024,-0.0051
[run_subscribe_msckf-1] [34m[TIME]: 0.0016 seconds total (621.5 hz, 0.25 ms behind)
[run_subscribe_msckf-1] [0mq_GtoI = -0.023,0.012,-1.000,0.009 | p_IinG = 4.813,-3.160,0.136 | dist = 5.72 (meters)
[run_subscribe_msckf-1] bg = 0.0011,0.0008,-0.0011 | ba = 0.0060,0.0024,-0.0051
[run_subscribe_msckf-1] [34m[TIME]: 0.0015 seconds total (668.0 hz, 0.25 ms behind)
[run_subscribe_msckf-1] [0mq_GtoI = -0.022,0.012,-1.000,0.009 | p_IinG = 4.867,-3.195,0.137 | dist = 5.79 (meters)
[run_subscribe_msckf-1] bg = 0.0011,0.0008,-0.0011 | ba = 0.0060,0.0024,-0.0051
[run_subscribe_msckf-1] [34m[TIME]: 0.0015 seconds total (657.5 hz, 0.25 ms behind)
[run_subscribe_msckf-1] [0mq_GtoI = -0.021,0.012,-1.000,0.009 | p_IinG = 4.908,-3.221,0.138 | dist = 5.84 (meters)
[run_subscribe_msckf-1] bg = 0.0011,0.0008,-0.0011 | ba = 0.0060,0.0024,-0.0051
[run_subscribe_msckf-1] [34m[TIME]: 0.0015 seconds total (669.8 hz, 0.25 ms behind)
[run_subscribe_msckf-1] [0mq_GtoI = -0.020,0.011,-1.000,0.009 | p_IinG = 4.950,-3.248,0.139 | dist = 5.89 (meters)
[run_subscribe_msckf-1] bg = 0.0011,0.0008,-0.0011 | ba = 0.0060,0.0024,-0.0051
[run_subscribe_msckf-1] [34m[TIME]: 0.0015 seconds total (665.8 hz, 0.25 ms behind)
[run_subscribe_msckf-1] [0mq_GtoI = -0.018,0.011,-1.000,0.009 | p_IinG = 5.006,-3.284,0.140 | dist = 5.95 (meters)
[run_subscribe_msckf-1] bg = 0.0011,0.0008,-0.0011 | ba = 0.0060,0.0024,-0.0051
[run_subscribe_msckf-1] [34m[TIME]: 0.0016 seconds total (642.3 hz, 0.25 ms behind)
[run_subscribe_msckf-1] [0mq_GtoI = -0.017,0.011,-1.000,0.009 | p_IinG = 5.049,-3.311,0.141 | dist = 6.00 (meters)
[run_subscribe_msckf-1] bg = 0.0011,0.0008,-0.0011 | ba = 0.0060,0.0024,-0.0051
[run_subscribe_msckf-1] [34m[TIME]: 0.0017 seconds total (585.5 hz, 0.25 ms behind)
[run_subscribe_msckf-1] [0mq_GtoI = -0.015,0.010,-1.000,0.009 | p_IinG = 5.092,-3.339,0.141 | dist = 6.05 (meters)
[run_subscribe_msckf-1] bg = 0.0011,0.0008,-0.0011 | ba = 0.0060,0.0024,-0.0051
[run_subscribe_msckf-1] [34m[TIME]: 0.0015 seconds total (653.6 hz, 0.25 ms behind)
[run_subscribe_msckf-1] [0mq_GtoI = -0.013,0.010,-1.000,0.009 | p_IinG = 5.150,-3.376,0.142 | dist = 6.12 (meters)
[run_subscribe_msckf-1] bg = 0.0011,0.0008,-0.0011 | ba = 0.0060,0.0024,-0.0051
[run_subscribe_msckf-1] [34m[TIME]: 0.0016 seconds total (614.6 hz, 0.25 ms behind)
[run_subscribe_msckf-1] [0mq_GtoI = -0.012,0.009,-1.000,0.009 | p_IinG = 5.194,-3.403,0.143 | dist = 6.17 (meters)
[run_subscribe_msckf-1] bg = 0.0011,0.0008,-0.0011 | ba = 0.0060,0.0024,-0.0051
[run_subscribe_msckf-1] [34m[TIME]: 0.0017 seconds total (605.3 hz, 0.25 ms behind)
[run_subscribe_msckf-1] [0mq_GtoI = -0.011,0.009,-1.000,0.009 | p_IinG = 5.238,-3.432,0.144 | dist = 6.23 (meters)
[run_subscribe_msckf-1] bg = 0.0011,0.0008,-0.0011 | ba = 0.0060,0.0024,-0.0051
[run_subscribe_msckf-1] [34m[TIME]: 0.0016 seconds total (642.7 hz, 0.25 ms behind)
[run_subscribe_msckf-1] [0mq_GtoI = -0.008,0.008,-1.000,0.009 | p_IinG = 5.298,-3.469,0.145 | dist = 6.30 (meters)
[run_subscribe_msckf-1] bg = 0.0011,0.0008,-0.0011 | ba = 0.0060,0.0024,-0.0051
[run_subscribe_msckf-1] [34m[TIME]: 0.0023 seconds total (444.0 hz, 0.25 ms behind)
[run_subscribe_msckf-1] [0mq_GtoI = -0.007,0.008,-1.000,0.009 | p_IinG = 5.342,-3.498,0.146 | dist = 6.35 (meters)
[run_subscribe_msckf-1] bg = 0.0011,0.0008,-0.0011 | ba = 0.0060,0.0024,-0.0051
[run_subscribe_msckf-1] [34m[TIME]: 0.0017 seconds total (599.2 hz, 0.25 ms behind)
[run_subscribe_msckf-1] [0mq_GtoI = -0.005,0.007,-1.000,0.009 | p_IinG = 5.387,-3.526,0.146 | dist = 6.40 (meters)
[run_subscribe_msckf-1] bg = 0.0011,0.0008,-0.0011 | ba = 0.0060,0.0024,-0.0051
[run_subscribe_msckf-1] [34m[TIME]: 0.0016 seconds total (620.3 hz, 0.25 ms behind)
[run_subscribe_msckf-1] [0mq_GtoI = -0.003,0.007,-1.000,0.009 | p_IinG = 5.446,-3.565,0.147 | dist = 6.47 (meters)
[run_subscribe_msckf-1] bg = 0.0011,0.0008,-0.0011 | ba = 0.0060,0.0024,-0.0051
[run_subscribe_msckf-1] [34m[TIME]: 0.0016 seconds total (622.3 hz, 0.25 ms behind)
[run_subscribe_msckf-1] [0mq_GtoI = -0.002,0.006,-1.000,0.009 | p_IinG = 5.491,-3.593,0.148 | dist = 6.53 (meters)
[run_subscribe_msckf-1] bg = 0.0011,0.0008,-0.0011 | ba = 0.0060,0.0024,-0.0051
[run_subscribe_msckf-1] [34m[TIME]: 0.0015 seconds total (653.6 hz, 0.25 ms behind)
[run_subscribe_msckf-1] [0mq_GtoI = -0.000,0.006,-1.000,0.009 | p_IinG = 5.536,-3.622,0.149 | dist = 6.58 (meters)
[run_subscribe_msckf-1] bg = 0.0011,0.0008,-0.0011 | ba = 0.0060,0.0024,-0.0051
[run_subscribe_msckf-1] [34m[TIME]: 0.0016 seconds total (622.3 hz, 0.25 ms behind)
[run_subscribe_msckf-1] [0mq_GtoI = 0.002,0.005,-1.000,0.009 | p_IinG = 5.596,-3.661,0.150 | dist = 6.65 (meters)
[run_subscribe_msckf-1] bg = 0.0011,0.0008,-0.0011 | ba = 0.0060,0.0024,-0.0051
[run_subscribe_msckf-1] [34m[TIME]: 0.0017 seconds total (585.8 hz, 0.25 ms behind)
[run_subscribe_msckf-1] [0mq_GtoI = 0.003,0.005,-1.000,0.009 | p_IinG = 5.640,-3.690,0.151 | dist = 6.71 (meters)
[run_subscribe_msckf-1] bg = 0.0011,0.0008,-0.0011 | ba = 0.0060,0.0024,-0.0051
[run_subscribe_msckf-1] [34m[TIME]: 0.0018 seconds total (549.8 hz, 0.25 ms behind)
[run_subscribe_msckf-1] [0mq_GtoI = 0.004,0.004,-1.000,0.009 | p_IinG = 5.685,-3.719,0.152 | dist = 6.76 (meters)
[run_subscribe_msckf-1] bg = 0.0011,0.0008,-0.0011 | ba = 0.0060,0.0024,-0.0051
[run_subscribe_msckf-1] [34m[TIME]: 0.0016 seconds total (614.6 hz, 0.25 ms behind)
[run_subscribe_msckf-1] [0mq_GtoI = 0.006,0.004,-1.000,0.009 | p_IinG = 5.744,-3.758,0.153 | dist = 6.83 (meters)
[run_subscribe_msckf-1] bg = 0.0011,0.0008,-0.0011 | ba = 0.0060,0.0024,-0.0051
[run_subscribe_msckf-1] [34m[TIME]: 0.0017 seconds total (572.1 hz, 0.25 ms behind)
[run_subscribe_msckf-1] [0mq_GtoI = 0.007,0.004,-1.000,0.009 | p_IinG = 5.788,-3.788,0.154 | dist = 6.88 (meters)
[run_subscribe_msckf-1] bg = 0.0011,0.0008,-0.0011 | ba = 0.0060,0.0024,-0.0051
[run_subscribe_msckf-1] [34m[TIME]: 0.0019 seconds total (525.2 hz, 0.25 ms behind)
[run_subscribe_msckf-1] [0mq_GtoI = 0.008,0.003,-1.000,0.009 | p_IinG = 5.832,-3.817,0.154 | dist = 6.93 (meters)
[run_subscribe_msckf-1] bg = 0.0011,0.0008,-0.0011 | ba = 0.0060,0.0024,-0.0051
[run_subscribe_msckf-1] [34m[TIME]: 0.0016 seconds total (611.2 hz, 0.25 ms behind)
[run_subscribe_msckf-1] [0mq_GtoI = 0.009,0.003,-1.000,0.009 | p_IinG = 5.889,-3.856,0.156 | dist = 7.00 (meters)
[run_subscribe_msckf-1] bg = 0.0011,0.0008,-0.0011 | ba = 0.0060,0.0024,-0.0051
[run_subscribe_msckf-1] [34m[TIME]: 0.0023 seconds total (430.7 hz, 0.25 ms behind)
[run_subscribe_msckf-1] [0mq_GtoI = 0.010,0.003,-1.000,0.009 | p_IinG = 5.932,-3.886,0.156 | dist = 7.06 (meters)
[run_subscribe_msckf-1] bg = 0.0011,0.0008,-0.0011 | ba = 0.0060,0.0024,-0.0051
[run_subscribe_msckf-1] [34m[TIME]: 0.0017 seconds total (601.0 hz, 0.25 ms behind)
[run_subscribe_msckf-1] [0mq_GtoI = 0.011,0.003,-1.000,0.009 | p_IinG = 5.975,-3.915,0.157 | dist = 7.11 (meters)
[run_subscribe_msckf-1] bg = 0.0011,0.0008,-0.0011 | ba = 0.0060,0.0024,-0.0051
[run_subscribe_msckf-1] [34m[TIME]: 0.0016 seconds total (616.1 hz, 0.25 ms behind)
[run_subscribe_msckf-1] [0mq_GtoI = 0.012,0.002,-1.000,0.009 | p_IinG = 6.032,-3.954,0.159 | dist = 7.18 (meters)
[run_subscribe_msckf-1] bg = 0.0011,0.0008,-0.0011 | ba = 0.0060,0.0024,-0.0051
[run_subscribe_msckf-1] [34m[TIME]: 0.0016 seconds total (612.4 hz, 0.25 ms behind)
[run_subscribe_msckf-1] [0mq_GtoI = 0.012,0.002,-1.000,0.009 | p_IinG = 6.073,-3.983,0.159 | dist = 7.23 (meters)
[run_subscribe_msckf-1] bg = 0.0011,0.0008,-0.0011 | ba = 0.0060,0.0024,-0.0051
[run_subscribe_msckf-1] [34m[TIME]: 0.0016 seconds total (630.5 hz, 0.25 ms behind)
[run_subscribe_msckf-1] [0mq_GtoI = 0.012,0.002,-1.000,0.009 | p_IinG = 6.115,-4.013,0.160 | dist = 7.28 (meters)
[run_subscribe_msckf-1] bg = 0.0011,0.0008,-0.0011 | ba = 0.0060,0.0024,-0.0051
[run_subscribe_msckf-1] [34m[TIME]: 0.0017 seconds total (572.1 hz, 0.25 ms behind)
[run_subscribe_msckf-1] [0mq_GtoI = 0.013,0.002,-1.000,0.009 | p_IinG = 6.169,-4.052,0.162 | dist = 7.35 (meters)
[run_subscribe_msckf-1] bg = 0.0011,0.0008,-0.0011 | ba = 0.0060,0.0024,-0.0051
[run_subscribe_msckf-1] [34m[TIME]: 0.0017 seconds total (590.0 hz, 0.25 ms behind)
[run_subscribe_msckf-1] [0mq_GtoI = 0.013,0.002,-1.000,0.009 | p_IinG = 6.210,-4.081,0.162 | dist = 7.40 (meters)
[run_subscribe_msckf-1] bg = 0.0011,0.0008,-0.0011 | ba = 0.0060,0.0024,-0.0051
[run_subscribe_msckf-1] [34m[TIME]: 0.0018 seconds total (557.1 hz, 0.25 ms behind)
[run_subscribe_msckf-1] [0mq_GtoI = 0.013,0.002,-1.000,0.009 | p_IinG = 6.250,-4.110,0.163 | dist = 7.45 (meters)
[run_subscribe_msckf-1] bg = 0.0011,0.0008,-0.0011 | ba = 0.0060,0.0024,-0.0051
[run_subscribe_msckf-1] [34m[TIME]: 0.0017 seconds total (575.4 hz, 0.25 ms behind)
[run_subscribe_msckf-1] [0mq_GtoI = 0.012,0.002,-1.000,0.009 | p_IinG = 6.303,-4.149,0.165 | dist = 7.51 (meters)
[run_subscribe_msckf-1] bg = 0.0011,0.0008,-0.0011 | ba = 0.0060,0.0024,-0.0051
[run_subscribe_msckf-1] [34m[TIME]: 0.0018 seconds total (545.9 hz, 0.25 ms behind)
[run_subscribe_msckf-1] [0mq_GtoI = 0.012,0.002,-1.000,0.009 | p_IinG = 6.342,-4.179,0.166 | dist = 7.56 (meters)
[run_subscribe_msckf-1] bg = 0.0011,0.0008,-0.0011 | ba = 0.0060,0.0024,-0.0051
[run_subscribe_msckf-1] [34m[TIME]: 0.0017 seconds total (582.4 hz, 0.25 ms behind)
[run_subscribe_msckf-1] [0mq_GtoI = 0.011,0.003,-1.000,0.009 | p_IinG = 6.381,-4.208,0.167 | dist = 7.61 (meters)
[run_subscribe_msckf-1] bg = 0.0011,0.0008,-0.0011 | ba = 0.0060,0.0024,-0.0051
[run_subscribe_msckf-1] [34m[TIME]: 0.0017 seconds total (582.4 hz, 0.25 ms behind)
[run_subscribe_msckf-1] [0mq_GtoI = 0.010,0.003,-1.000,0.009 | p_IinG = 6.432,-4.247,0.168 | dist = 7.67 (meters)
[run_subscribe_msckf-1] bg = 0.0011,0.0008,-0.0011 | ba = 0.0060,0.0024,-0.0051
[run_subscribe_msckf-1] [34m[TIME]: 0.0023 seconds total (440.9 hz, 0.25 ms behind)
[run_subscribe_msckf-1] [0mq_GtoI = 0.009,0.003,-1.000,0.009 | p_IinG = 6.470,-4.276,0.169 | dist = 7.72 (meters)
[run_subscribe_msckf-1] bg = 0.0011,0.0008,-0.0011 | ba = 0.0060,0.0024,-0.0051
[run_subscribe_msckf-1] [34m[TIME]: 0.0017 seconds total (573.1 hz, 0.25 ms behind)
[run_subscribe_msckf-1] [0mq_GtoI = 0.008,0.003,-1.000,0.009 | p_IinG = 6.507,-4.306,0.170 | dist = 7.77 (meters)
[run_subscribe_msckf-1] bg = 0.0011,0.0008,-0.0011 | ba = 0.0060,0.0024,-0.0051
[run_subscribe_msckf-1] [34m[TIME]: 0.0017 seconds total (600.2 hz, 0.25 ms behind)
[run_subscribe_msckf-1] [0mq_GtoI = 0.007,0.004,-1.000,0.009 | p_IinG = 6.557,-4.345,0.171 | dist = 7.83 (meters)
[run_subscribe_msckf-1] bg = 0.0011,0.0008,-0.0011 | ba = 0.0060,0.0024,-0.0051
[run_subscribe_msckf-1] [34m[TIME]: 0.0016 seconds total (611.2 hz, 0.25 ms behind)
[run_subscribe_msckf-1] [0mq_GtoI = 0.006,0.004,-1.000,0.010 | p_IinG = 6.594,-4.374,0.172 | dist = 7.88 (meters)
[run_subscribe_msckf-1] bg = 0.0011,0.0008,-0.0011 | ba = 0.0060,0.0024,-0.0051
[run_subscribe_msckf-1] [34m[TIME]: 0.0016 seconds total (613.9 hz, 0.25 ms behind)
[run_subscribe_msckf-1] [0mq_GtoI = 0.004,0.005,-1.000,0.010 | p_IinG = 6.631,-4.403,0.173 | dist = 7.93 (meters)
[run_subscribe_msckf-1] bg = 0.0011,0.0008,-0.0011 | ba = 0.0060,0.0024,-0.0051
[run_subscribe_msckf-1] [34m[TIME]: 0.0016 seconds total (631.3 hz, 0.25 ms behind)
[run_subscribe_msckf-1] [0mq_GtoI = 0.003,0.005,-1.000,0.010 | p_IinG = 6.680,-4.443,0.175 | dist = 7.99 (meters)
[run_subscribe_msckf-1] bg = 0.0011,0.0008,-0.0011 | ba = 0.0060,0.0024,-0.0051
[run_subscribe_msckf-1] [34m[TIME]: 0.0017 seconds total (575.4 hz, 0.25 ms behind)
[run_subscribe_msckf-1] [0mq_GtoI = 0.001,0.006,-1.000,0.010 | p_IinG = 6.716,-4.472,0.176 | dist = 8.04 (meters)
[run_subscribe_msckf-1] bg = 0.0011,0.0008,-0.0011 | ba = 0.0060,0.0024,-0.0051
[run_subscribe_msckf-1] [34m[TIME]: 0.0019 seconds total (514.9 hz, 0.25 ms behind)
[run_subscribe_msckf-1] [0mq_GtoI = -0.001,0.006,-1.000,0.010 | p_IinG = 6.752,-4.502,0.177 | dist = 8.08 (meters)
[run_subscribe_msckf-1] bg = 0.0011,0.0008,-0.0011 | ba = 0.0060,0.0024,-0.0051
[run_subscribe_msckf-1] [34m[TIME]: 0.0017 seconds total (577.7 hz, 0.25 ms behind)
[run_subscribe_msckf-1] [0mq_GtoI = -0.003,0.007,-1.000,0.010 | p_IinG = 6.800,-4.541,0.178 | dist = 8.15 (meters)
[run_subscribe_msckf-1] bg = 0.0011,0.0008,-0.0011 | ba = 0.0060,0.0024,-0.0051
[run_subscribe_msckf-1] [34m[TIME]: 0.0018 seconds total (550.1 hz, 0.25 ms behind)
[run_subscribe_msckf-1] [0mq_GtoI = -0.005,0.007,-1.000,0.010 | p_IinG = 6.836,-4.571,0.179 | dist = 8.19 (meters)
[run_subscribe_msckf-1] bg = 0.0011,0.0008,-0.0011 | ba = 0.0060,0.0024,-0.0051
[run_subscribe_msckf-1] [34m[TIME]: 0.0018 seconds total (557.1 hz, 0.25 ms behind)
[run_subscribe_msckf-1] [0mq_GtoI = -0.006,0.008,-1.000,0.010 | p_IinG = 6.873,-4.601,0.181 | dist = 8.24 (meters)
[run_subscribe_msckf-1] bg = 0.0011,0.0008,-0.0011 | ba = 0.0060,0.0024,-0.0051
[run_subscribe_msckf-1] [34m[TIME]: 0.0017 seconds total (584.5 hz, 0.25 ms behind)
[run_subscribe_msckf-1] [0mq_GtoI = -0.009,0.009,-1.000,0.010 | p_IinG = 6.921,-4.641,0.182 | dist = 8.30 (meters)
[run_subscribe_msckf-1] bg = 0.0011,0.0008,-0.0011 | ba = 0.0060,0.0024,-0.0051
[run_subscribe_msckf-1] [34m[TIME]: 0.0022 seconds total (448.8 hz, 0.25 ms behind)
[run_subscribe_msckf-1] [0mq_GtoI = -0.011,0.009,-1.000,0.010 | p_IinG = 6.958,-4.672,0.183 | dist = 8.35 (meters)
[run_subscribe_msckf-1] bg = 0.0011,0.0008,-0.0011 | ba = 0.0060,0.0024,-0.0051
[run_subscribe_msckf-1] [34m[TIME]: 0.0017 seconds total (602.0 hz, 0.25 ms behind)
[run_subscribe_msckf-1] [0mq_GtoI = -0.012,0.010,-1.000,0.010 | p_IinG = 6.994,-4.702,0.184 | dist = 8.40 (meters)
[run_subscribe_msckf-1] bg = 0.0011,0.0008,-0.0011 | ba = 0.0060,0.0024,-0.0051
[run_subscribe_msckf-1] [34m[TIME]: 0.0017 seconds total (603.1 hz, 0.25 ms behind)
[run_subscribe_msckf-1] [0mq_GtoI = -0.015,0.010,-1.000,0.010 | p_IinG = 7.044,-4.743,0.186 | dist = 8.46 (meters)
[run_subscribe_msckf-1] bg = 0.0011,0.0008,-0.0011 | ba = 0.0060,0.0024,-0.0051
[run_subscribe_msckf-1] [34m[TIME]: 0.0016 seconds total (631.3 hz, 0.25 ms behind)
[run_subscribe_msckf-1] [0mq_GtoI = -0.017,0.011,-1.000,0.010 | p_IinG = 7.081,-4.774,0.187 | dist = 8.51 (meters)
[run_subscribe_msckf-1] bg = 0.0011,0.0008,-0.0011 | ba = 0.0060,0.0024,-0.0051
[run_subscribe_msckf-1] [34m[TIME]: 0.0016 seconds total (624.2 hz, 0.25 ms behind)
[run_subscribe_msckf-1] [0mq_GtoI = -0.018,0.011,-1.000,0.010 | p_IinG = 7.119,-4.805,0.188 | dist = 8.56 (meters)
[run_subscribe_msckf-1] bg = 0.0011,0.0008,-0.0011 | ba = 0.0060,0.0024,-0.0051
[run_subscribe_msckf-1] [34m[TIME]: 0.0016 seconds total (640.2 hz, 0.25 ms behind)
[run_subscribe_msckf-1] [0mq_GtoI = -0.021,0.012,-1.000,0.010 | p_IinG = 7.169,-4.847,0.190 | dist = 8.62 (meters)
[run_subscribe_msckf-1] bg = 0.0011,0.0008,-0.0011 | ba = 0.0060,0.0024,-0.0051
[run_subscribe_msckf-1] [34m[TIME]: 0.0017 seconds total (605.7 hz, 0.25 ms behind)
[run_subscribe_msckf-1] [0mq_GtoI = -0.022,0.012,-1.000,0.010 | p_IinG = 7.208,-4.878,0.191 | dist = 8.67 (meters)
[run_subscribe_msckf-1] bg = 0.0011,0.0008,-0.0011 | ba = 0.0060,0.0024,-0.0051
[run_subscribe_msckf-1] [34m[TIME]: 0.0018 seconds total (568.5 hz, 0.25 ms behind)
[run_subscribe_msckf-1] [0mq_GtoI = -0.024,0.013,-1.000,0.010 | p_IinG = 7.248,-4.910,0.192 | dist = 8.72 (meters)
[run_subscribe_msckf-1] bg = 0.0011,0.0008,-0.0011 | ba = 0.0060,0.0024,-0.0051
[run_subscribe_msckf-1] [34m[TIME]: 0.0015 seconds total (668.0 hz, 0.25 ms behind)
[run_subscribe_msckf-1] [0mq_GtoI = -0.026,0.013,-1.000,0.010 | p_IinG = 7.301,-4.953,0.194 | dist = 8.79 (meters)
[run_subscribe_msckf-1] bg = 0.0011,0.0008,-0.0011 | ba = 0.0060,0.0024,-0.0051
[run_subscribe_msckf-1] [34m[TIME]: 0.0017 seconds total (596.3 hz, 0.25 ms behind)
[run_subscribe_msckf-1] [0mq_GtoI = -0.027,0.013,-0.999,0.010 | p_IinG = 7.341,-4.986,0.195 | dist = 8.85 (meters)
[run_subscribe_msckf-1] bg = 0.0011,0.0008,-0.0011 | ba = 0.0060,0.0024,-0.0051
[run_subscribe_msckf-1] [34m[TIME]: 0.0016 seconds total (635.3 hz, 0.25 ms behind)
[run_subscribe_msckf-1] [0mq_GtoI = -0.029,0.014,-0.999,0.010 | p_IinG = 7.383,-5.018,0.196 | dist = 8.90 (meters)
[run_subscribe_msckf-1] bg = 0.0011,0.0008,-0.0011 | ba = 0.0060,0.0024,-0.0051
[run_subscribe_msckf-1] [34m[TIME]: 0.0015 seconds total (648.9 hz, 0.25 ms behind)
[run_subscribe_msckf-1] [0mq_GtoI = -0.030,0.014,-0.999,0.010 | p_IinG = 7.439,-5.062,0.198 | dist = 8.97 (meters)
[run_subscribe_msckf-1] bg = 0.0011,0.0008,-0.0011 | ba = 0.0060,0.0024,-0.0051
[run_subscribe_msckf-1] [34m[TIME]: 0.0021 seconds total (474.6 hz, 0.25 ms behind)
[run_subscribe_msckf-1] [0mq_GtoI = -0.031,0.014,-0.999,0.010 | p_IinG = 7.482,-5.096,0.199 | dist = 9.02 (meters)
[run_subscribe_msckf-1] bg = 0.0011,0.0008,-0.0011 | ba = 0.0060,0.0024,-0.0051
[run_subscribe_msckf-1] [34m[TIME]: 0.0016 seconds total (619.2 hz, 0.25 ms behind)
[run_subscribe_msckf-1] [0mq_GtoI = -0.032,0.014,-0.999,0.011 | p_IinG = 7.525,-5.129,0.200 | dist = 9.08 (meters)
[run_subscribe_msckf-1] bg = 0.0011,0.0008,-0.0011 | ba = 0.0060,0.0024,-0.0051
[run_subscribe_msckf-1] [34m[TIME]: 0.0016 seconds total (630.5 hz, 0.25 ms behind)
[run_subscribe_msckf-1] [0mq_GtoI = -0.033,0.015,-0.999,0.011 | p_IinG = 7.585,-5.175,0.201 | dist = 9.15 (meters)
[run_subscribe_msckf-1] bg = 0.0011,0.0008,-0.0011 | ba = 0.0060,0.0024,-0.0051
[run_subscribe_msckf-1] [34m[TIME]: 0.0016 seconds total (614.6 hz, 0.25 ms behind)
[run_subscribe_msckf-1] [0mq_GtoI = -0.034,0.015,-0.999,0.011 | p_IinG = 7.630,-5.209,0.202 | dist = 9.21 (meters)
[run_subscribe_msckf-1] bg = 0.0011,0.0008,-0.0011 | ba = 0.0060,0.0024,-0.0051
[run_subscribe_msckf-1] [34m[TIME]: 0.0016 seconds total (634.9 hz, 0.25 ms behind)
[run_subscribe_msckf-1] [0mq_GtoI = -0.034,0.015,-0.999,0.011 | p_IinG = 7.677,-5.244,0.203 | dist = 9.27 (meters)
[run_subscribe_msckf-1] bg = 0.0011,0.0008,-0.0011 | ba = 0.0060,0.0024,-0.0051
[run_subscribe_msckf-1] [34m[TIME]: 0.0014 seconds total (723.1 hz, 0.25 ms behind)
[run_subscribe_msckf-1] [0mq_GtoI = -0.034,0.015,-0.999,0.011 | p_IinG = 7.740,-5.291,0.205 | dist = 9.35 (meters)
[run_subscribe_msckf-1] bg = 0.0011,0.0008,-0.0011 | ba = 0.0060,0.0024,-0.0051
[run_subscribe_msckf-1] [34m[TIME]: 0.0015 seconds total (650.6 hz, 0.25 ms behind)
[run_subscribe_msckf-1] [0mq_GtoI = -0.034,0.015,-0.999,0.011 | p_IinG = 7.788,-5.326,0.205 | dist = 9.41 (meters)
[run_subscribe_msckf-1] bg = 0.0011,0.0008,-0.0011 | ba = 0.0060,0.0024,-0.0051
[run_subscribe_msckf-1] [34m[TIME]: 0.0018 seconds total (567.2 hz, 0.25 ms behind)
[run_subscribe_msckf-1] [0mq_GtoI = -0.034,0.014,-0.999,0.011 | p_IinG = 7.837,-5.362,0.206 | dist = 9.47 (meters)
[run_subscribe_msckf-1] bg = 0.0011,0.0008,-0.0011 | ba = 0.0060,0.0024,-0.0051
[run_subscribe_msckf-1] [34m[TIME]: 0.0015 seconds total (652.7 hz, 0.25 ms behind)
[run_subscribe_msckf-1] [0mq_GtoI = -0.034,0.014,-0.999,0.011 | p_IinG = 7.904,-5.410,0.208 | dist = 9.55 (meters)
[run_subscribe_msckf-1] bg = 0.0011,0.0008,-0.0011 | ba = 0.0060,0.0024,-0.0051
[run_subscribe_msckf-1] [34m[TIME]: 0.0017 seconds total (602.4 hz, 0.25 ms behind)
[run_subscribe_msckf-1] [0mq_GtoI = -0.034,0.014,-0.999,0.011 | p_IinG = 7.955,-5.446,0.208 | dist = 9.61 (meters)
[run_subscribe_msckf-1] bg = 0.0011,0.0008,-0.0011 | ba = 0.0060,0.0024,-0.0051
[run_subscribe_msckf-1] [34m[TIME]: 0.0016 seconds total (623.8 hz, 0.25 ms behind)
[run_subscribe_msckf-1] [0mq_GtoI = -0.033,0.014,-0.999,0.011 | p_IinG = 8.007,-5.483,0.209 | dist = 9.68 (meters)
[run_subscribe_msckf-1] bg = 0.0011,0.0008,-0.0011 | ba = 0.0060,0.0024,-0.0051
[run_subscribe_msckf-1] [34m[TIME]: 0.0015 seconds total (658.8 hz, 0.25 ms behind)
[run_subscribe_msckf-1] [0mq_GtoI = -0.032,0.013,-0.999,0.011 | p_IinG = 8.077,-5.532,0.210 | dist = 9.76 (meters)
[run_subscribe_msckf-1] bg = 0.0011,0.0008,-0.0011 | ba = 0.0060,0.0024,-0.0051
[run_subscribe_msckf-1] [34m[TIME]: 0.0022 seconds total (453.1 hz, 0.25 ms behind)
[run_subscribe_msckf-1] [0mq_GtoI = -0.031,0.013,-0.999,0.011 | p_IinG = 8.131,-5.570,0.211 | dist = 9.83 (meters)
[run_subscribe_msckf-1] bg = 0.0011,0.0008,-0.0011 | ba = 0.0060,0.0024,-0.0051
[run_subscribe_msckf-1] [34m[TIME]: 0.0016 seconds total (617.7 hz, 0.25 ms behind)
[run_subscribe_msckf-1] [0mq_GtoI = -0.030,0.013,-0.999,0.011 | p_IinG = 8.186,-5.607,0.212 | dist = 9.89 (meters)
[run_subscribe_msckf-1] bg = 0.0011,0.0008,-0.0011 | ba = 0.0060,0.0024,-0.0051
[run_subscribe_msckf-1] [34m[TIME]: 0.0016 seconds total (626.2 hz, 0.25 ms behind)
[run_subscribe_msckf-1] [0mq_GtoI = -0.028,0.012,-0.999,0.011 | p_IinG = 8.259,-5.658,0.213 | dist = 9.98 (meters)
[run_subscribe_msckf-1] bg = 0.0011,0.0008,-0.0011 | ba = 0.0060,0.0024,-0.0051
[run_subscribe_msckf-1] [34m[TIME]: 0.0017 seconds total (603.1 hz, 0.25 ms behind)
[run_subscribe_msckf-1] [0mq_GtoI = -0.027,0.012,-1.000,0.011 | p_IinG = 8.315,-5.696,0.214 | dist = 10.05 (meters)
[run_subscribe_msckf-1] bg = 0.0011,0.0008,-0.0011 | ba = 0.0060,0.0024,-0.0051
[run_subscribe_msckf-1] [34m[TIME]: 0.0015 seconds total (650.6 hz, 0.25 ms behind)
[run_subscribe_msckf-1] [0mq_GtoI = -0.025,0.011,-1.000,0.011 | p_IinG = 8.372,-5.734,0.215 | dist = 10.12 (meters)
[run_subscribe_msckf-1] bg = 0.0011,0.0008,-0.0011 | ba = 0.0060,0.0024,-0.0051
[run_subscribe_msckf-1] [34m[TIME]: 0.0015 seconds total (665.3 hz, 0.25 ms behind)
[run_subscribe_msckf-1] [0mq_GtoI = -0.023,0.011,-1.000,0.010 | p_IinG = 8.449,-5.786,0.216 | dist = 10.21 (meters)
[run_subscribe_msckf-1] bg = 0.0011,0.0008,-0.0011 | ba = 0.0060,0.0024,-0.0051
[run_subscribe_msckf-1] [34m[TIME]: 0.0016 seconds total (618.8 hz, 0.25 ms behind)
[run_subscribe_msckf-1] [0mq_GtoI = -0.021,0.010,-1.000,0.010 | p_IinG = 8.507,-5.824,0.217 | dist = 10.28 (meters)
[run_subscribe_msckf-1] bg = 0.0011,0.0008,-0.0011 | ba = 0.0060,0.0024,-0.0051
[run_subscribe_msckf-1] [34m[TIME]: 0.0016 seconds total (606.1 hz, 0.25 ms behind)
[run_subscribe_msckf-1] [0mq_GtoI = -0.019,0.010,-1.000,0.010 | p_IinG = 8.565,-5.864,0.217 | dist = 10.35 (meters)
[run_subscribe_msckf-1] bg = 0.0011,0.0008,-0.0011 | ba = 0.0060,0.0024,-0.0051
[run_subscribe_msckf-1] [34m[TIME]: 0.0015 seconds total (669.3 hz, 0.25 ms behind)
[run_subscribe_msckf-1] [0mq_GtoI = -0.017,0.009,-1.000,0.010 | p_IinG = 8.644,-5.916,0.218 | dist = 10.45 (meters)
[run_subscribe_msckf-1] bg = 0.0011,0.0008,-0.0011 | ba = 0.0060,0.0024,-0.0051
[run_subscribe_msckf-1] [34m[TIME]: 0.0017 seconds total (597.4 hz, 0.25 ms behind)
[run_subscribe_msckf-1] [0mq_GtoI = -0.015,0.009,-1.000,0.010 | p_IinG = 8.704,-5.955,0.219 | dist = 10.52 (meters)
[run_subscribe_msckf-1] bg = 0.0011,0.0008,-0.0011 | ba = 0.0060,0.0024,-0.0051
[run_subscribe_msckf-1] [34m[TIME]: 0.0016 seconds total (612.4 hz, 0.25 ms behind)
[run_subscribe_msckf-1] [0mq_GtoI = -0.013,0.008,-1.000,0.010 | p_IinG = 8.764,-5.995,0.220 | dist = 10.59 (meters)
[run_subscribe_msckf-1] bg = 0.0011,0.0008,-0.0011 | ba = 0.0060,0.0024,-0.0051
[run_subscribe_msckf-1] [34m[TIME]: 0.0016 seconds total (636.9 hz, 0.25 ms behind)
[run_subscribe_msckf-1] [0mq_GtoI = -0.010,0.007,-1.000,0.010 | p_IinG = 8.844,-6.048,0.221 | dist = 10.69 (meters)
[run_subscribe_msckf-1] bg = 0.0011,0.0008,-0.0011 | ba = 0.0060,0.0024,-0.0051
[run_subscribe_msckf-1] [34m[TIME]: 0.0022 seconds total (464.5 hz, 0.25 ms behind)
[run_subscribe_msckf-1] [0mq_GtoI = -0.008,0.007,-1.000,0.010 | p_IinG = 8.904,-6.088,0.222 | dist = 10.76 (meters)
[run_subscribe_msckf-1] bg = 0.0011,0.0008,-0.0011 | ba = 0.0060,0.0024,-0.0051
[run_subscribe_msckf-1] [34m[TIME]: 0.0016 seconds total (619.2 hz, 0.25 ms behind)
[run_subscribe_msckf-1] [0mq_GtoI = -0.006,0.006,-1.000,0.010 | p_IinG = 8.965,-6.128,0.223 | dist = 10.83 (meters)
[run_subscribe_msckf-1] bg = 0.0011,0.0008,-0.0011 | ba = 0.0060,0.0024,-0.0051
[run_subscribe_msckf-1] [34m[TIME]: 0.0015 seconds total (648.9 hz, 0.25 ms behind)
[run_subscribe_msckf-1] [0mq_GtoI = -0.003,0.006,-1.000,0.010 | p_IinG = 9.046,-6.181,0.224 | dist = 10.93 (meters)
[run_subscribe_msckf-1] bg = 0.0011,0.0008,-0.0011 | ba = 0.0060,0.0024,-0.0051
[run_subscribe_msckf-1] [34m[TIME]: 0.0016 seconds total (628.1 hz, 0.25 ms behind)
[run_subscribe_msckf-1] [0mq_GtoI = -0.001,0.005,-1.000,0.010 | p_IinG = 9.106,-6.221,0.225 | dist = 11.00 (meters)
[run_subscribe_msckf-1] bg = 0.0011,0.0008,-0.0011 | ba = 0.0060,0.0024,-0.0051
[run_subscribe_msckf-1] [34m[TIME]: 0.0016 seconds total (625.8 hz, 0.25 ms behind)
[run_subscribe_msckf-1] [0mq_GtoI = 0.001,0.005,-1.000,0.010 | p_IinG = 9.167,-6.262,0.226 | dist = 11.07 (meters)
[run_subscribe_msckf-1] bg = 0.0011,0.0008,-0.0011 | ba = 0.0060,0.0024,-0.0051
[run_subscribe_msckf-1] [34m[TIME]: 0.0016 seconds total (618.8 hz, 0.25 ms behind)
[run_subscribe_msckf-1] [0mq_GtoI = 0.004,0.005,-1.000,0.010 | p_IinG = 9.041,-6.638,0.357 | dist = 11.17 (meters)
[run_subscribe_msckf-1] bg = 0.0012,0.0008,-0.0011 | ba = 0.0049,0.0017,-0.0080
[run_subscribe_msckf-1] [34m[TIME]: 0.0022 seconds total (460.8 hz, 0.25 ms behind)
[run_subscribe_msckf-1] [0mq_GtoI = 0.006,0.005,-1.000,0.010 | p_IinG = 9.100,-6.681,0.359 | dist = 11.24 (meters)
[run_subscribe_msckf-1] bg = 0.0012,0.0008,-0.0011 | ba = 0.0049,0.0017,-0.0080
[run_subscribe_msckf-1] [34m[TIME]: 0.0018 seconds total (562.7 hz, 0.25 ms behind)
[run_subscribe_msckf-1] [0mq_GtoI = 0.008,0.005,-1.000,0.010 | p_IinG = 9.158,-6.724,0.360 | dist = 11.32 (meters)
[run_subscribe_msckf-1] bg = 0.0012,0.0008,-0.0011 | ba = 0.0049,0.0017,-0.0080
[run_subscribe_msckf-1] [34m[TIME]: 0.0017 seconds total (602.4 hz, 0.25 ms behind)
[run_subscribe_msckf-1] [0mq_GtoI = 0.011,0.004,-1.000,0.010 | p_IinG = 9.236,-6.781,0.363 | dist = 11.41 (meters)
[run_subscribe_msckf-1] bg = 0.0012,0.0008,-0.0011 | ba = 0.0049,0.0017,-0.0080
[run_subscribe_msckf-1] [34m[TIME]: 0.0018 seconds total (571.1 hz, 0.25 ms behind)
[run_subscribe_msckf-1] [0mq_GtoI = 0.012,0.004,-1.000,0.010 | p_IinG = 9.293,-6.824,0.364 | dist = 11.48 (meters)
[run_subscribe_msckf-1] bg = 0.0012,0.0008,-0.0011 | ba = 0.0049,0.0017,-0.0080
[run_subscribe_msckf-1] [34m[TIME]: 0.0017 seconds total (582.1 hz, 0.25 ms behind)
[run_subscribe_msckf-1] [0mq_GtoI = 0.014,0.004,-1.000,0.010 | p_IinG = 9.351,-6.867,0.366 | dist = 11.56 (meters)
[run_subscribe_msckf-1] bg = 0.0012,0.0008,-0.0011 | ba = 0.0049,0.0017,-0.0080
[run_subscribe_msckf-1] [34m[TIME]: 0.0017 seconds total (589.3 hz, 0.25 ms behind)
[run_subscribe_msckf-1] [0mq_GtoI = 0.015,0.004,-1.000,0.010 | p_IinG = 9.426,-6.924,0.369 | dist = 11.65 (meters)
[run_subscribe_msckf-1] bg = 0.0012,0.0008,-0.0011 | ba = 0.0049,0.0017,-0.0080
[run_subscribe_msckf-1] [34m[TIME]: 0.0023 seconds total (436.5 hz, 0.25 ms behind)
[run_subscribe_msckf-1] [0mq_GtoI = 0.017,0.003,-1.000,0.010 | p_IinG = 9.483,-6.967,0.370 | dist = 11.72 (meters)
[run_subscribe_msckf-1] bg = 0.0012,0.0008,-0.0011 | ba = 0.0049,0.0017,-0.0080
[run_subscribe_msckf-1] [34m[TIME]: 0.0017 seconds total (594.9 hz, 0.25 ms behind)
[run_subscribe_msckf-1] [0mq_GtoI = 0.018,0.003,-1.000,0.010 | p_IinG = 9.538,-7.010,0.372 | dist = 11.79 (meters)
[run_subscribe_msckf-1] bg = 0.0012,0.0008,-0.0011 | ba = 0.0049,0.0017,-0.0080
[run_subscribe_msckf-1] [34m[TIME]: 0.0017 seconds total (572.7 hz, 0.25 ms behind)
[run_subscribe_msckf-1] [0mq_GtoI = 0.019,0.003,-1.000,0.010 | p_IinG = 9.612,-7.067,0.375 | dist = 11.89 (meters)
[run_subscribe_msckf-1] bg = 0.0012,0.0008,-0.0011 | ba = 0.0049,0.0017,-0.0080
[run_subscribe_msckf-1] [34m[TIME]: 0.0018 seconds total (546.1 hz, 0.25 ms behind)
[run_subscribe_msckf-1] [0mq_GtoI = 0.019,0.003,-1.000,0.010 | p_IinG = 9.666,-7.110,0.376 | dist = 11.95 (meters)
[run_subscribe_msckf-1] bg = 0.0012,0.0008,-0.0011 | ba = 0.0049,0.0017,-0.0080
[run_subscribe_msckf-1] [34m[TIME]: 0.0017 seconds total (589.3 hz, 0.25 ms behind)
[run_subscribe_msckf-1] [0mq_GtoI = 0.020,0.004,-1.000,0.010 | p_IinG = 9.720,-7.153,0.378 | dist = 12.02 (meters)
[run_subscribe_msckf-1] bg = 0.0012,0.0008,-0.0011 | ba = 0.0049,0.0017,-0.0080
[run_subscribe_msckf-1] [34m[TIME]: 0.0017 seconds total (575.4 hz, 0.25 ms behind)
[run_subscribe_msckf-1] [0mq_GtoI = 0.020,0.004,-1.000,0.010 | p_IinG = 9.791,-7.211,0.381 | dist = 12.11 (meters)
[run_subscribe_msckf-1] bg = 0.0012,0.0008,-0.0011 | ba = 0.0049,0.0017,-0.0080
[run_subscribe_msckf-1] [34m[TIME]: 0.0018 seconds total (561.8 hz, 0.25 ms behind)
[run_subscribe_msckf-1] [0mq_GtoI = 0.020,0.004,-1.000,0.010 | p_IinG = 9.843,-7.254,0.382 | dist = 12.18 (meters)
[run_subscribe_msckf-1] bg = 0.0012,0.0008,-0.0011 | ba = 0.0049,0.0017,-0.0080
[run_subscribe_msckf-1] [34m[TIME]: 0.0018 seconds total (547.9 hz, 0.25 ms behind)
[run_subscribe_msckf-1] [0mq_GtoI = 0.020,0.004,-1.000,0.010 | p_IinG = 9.895,-7.297,0.384 | dist = 12.25 (meters)
[run_subscribe_msckf-1] bg = 0.0012,0.0008,-0.0011 | ba = 0.0049,0.0017,-0.0080
[run_subscribe_msckf-1] [34m[TIME]: 0.0016 seconds total (607.2 hz, 0.25 ms behind)
[run_subscribe_msckf-1] [0mq_GtoI = 0.020,0.005,-1.000,0.010 | p_IinG = 9.963,-7.354,0.387 | dist = 12.34 (meters)
[run_subscribe_msckf-1] bg = 0.0012,0.0008,-0.0011 | ba = 0.0049,0.0017,-0.0080
[run_subscribe_msckf-1] [34m[TIME]: 0.0018 seconds total (558.7 hz, 0.25 ms behind)
[run_subscribe_msckf-1] [0mq_GtoI = 0.019,0.005,-1.000,0.010 | p_IinG = 10.013,-7.397,0.389 | dist = 12.41 (meters)
[run_subscribe_msckf-1] bg = 0.0012,0.0008,-0.0011 | ba = 0.0049,0.0017,-0.0080
[run_subscribe_msckf-1] [34m[TIME]: 0.0017 seconds total (586.9 hz, 0.25 ms behind)
[run_subscribe_msckf-1] [0mq_GtoI = 0.019,0.005,-1.000,0.011 | p_IinG = 10.063,-7.441,0.391 | dist = 12.47 (meters)
[run_subscribe_msckf-1] bg = 0.0012,0.0008,-0.0011 | ba = 0.0049,0.0017,-0.0080
[run_subscribe_msckf-1] [34m[TIME]: 0.0016 seconds total (643.9 hz, 0.25 ms behind)
[run_subscribe_msckf-1] [0mq_GtoI = 0.017,0.006,-1.000,0.011 | p_IinG = 10.129,-7.498,0.393 | dist = 12.56 (meters)
[run_subscribe_msckf-1] bg = 0.0012,0.0008,-0.0011 | ba = 0.0049,0.0017,-0.0080
[run_subscribe_msckf-1] [34m[TIME]: 0.0023 seconds total (439.2 hz, 0.25 ms behind)
[run_subscribe_msckf-1] [0mq_GtoI = 0.016,0.006,-1.000,0.011 | p_IinG = 10.177,-7.542,0.395 | dist = 12.62 (meters)
[run_subscribe_msckf-1] bg = 0.0012,0.0008,-0.0011 | ba = 0.0049,0.0017,-0.0080
[run_subscribe_msckf-1] [34m[TIME]: 0.0018 seconds total (551.0 hz, 0.25 ms behind)
[run_subscribe_msckf-1] [0mq_GtoI = 0.015,0.007,-1.000,0.011 | p_IinG = 10.225,-7.585,0.397 | dist = 12.69 (meters)
[run_subscribe_msckf-1] bg = 0.0012,0.0008,-0.0011 | ba = 0.0049,0.0017,-0.0080
[run_subscribe_msckf-1] [34m[TIME]: 0.0017 seconds total (580.0 hz, 0.25 ms behind)
[run_subscribe_msckf-1] [0mq_GtoI = 0.013,0.007,-1.000,0.011 | p_IinG = 10.288,-7.643,0.400 | dist = 12.77 (meters)
[run_subscribe_msckf-1] bg = 0.0012,0.0008,-0.0011 | ba = 0.0049,0.0017,-0.0080
[run_subscribe_msckf-1] [34m[TIME]: 0.0017 seconds total (596.3 hz, 0.25 ms behind)
[run_subscribe_msckf-1] [0mq_GtoI = 0.011,0.008,-1.000,0.011 | p_IinG = 10.335,-7.687,0.402 | dist = 12.84 (meters)
[run_subscribe_msckf-1] bg = 0.0012,0.0008,-0.0011 | ba = 0.0049,0.0017,-0.0080
[run_subscribe_msckf-1] [34m[TIME]: 0.0018 seconds total (565.9 hz, 0.25 ms behind)
[run_subscribe_msckf-1] [0mq_GtoI = 0.010,0.009,-1.000,0.011 | p_IinG = 10.381,-7.730,0.404 | dist = 12.90 (meters)
[run_subscribe_msckf-1] bg = 0.0012,0.0008,-0.0011 | ba = 0.0049,0.0017,-0.0080
[run_subscribe_msckf-1] [34m[TIME]: 0.0018 seconds total (549.1 hz, 0.25 ms behind)
[run_subscribe_msckf-1] [0mq_GtoI = 0.007,0.009,-1.000,0.011 | p_IinG = 10.443,-7.789,0.406 | dist = 12.99 (meters)
[run_subscribe_msckf-1] bg = 0.0012,0.0008,-0.0011 | ba = 0.0049,0.0017,-0.0080
[run_subscribe_msckf-1] [34m[TIME]: 0.0018 seconds total (557.1 hz, 0.25 ms behind)
[run_subscribe_msckf-1] [0mq_GtoI = 0.005,0.010,-1.000,0.011 | p_IinG = 10.489,-7.833,0.408 | dist = 13.05 (meters)
[run_subscribe_msckf-1] bg = 0.0012,0.0008,-0.0011 | ba = 0.0049,0.0017,-0.0080
[run_subscribe_msckf-1] [34m[TIME]: 0.0017 seconds total (573.7 hz, 0.25 ms behind)
[run_subscribe_msckf-1] [0mq_GtoI = 0.003,0.010,-1.000,0.011 | p_IinG = 10.534,-7.877,0.411 | dist = 13.11 (meters)
[run_subscribe_msckf-1] bg = 0.0012,0.0008,-0.0011 | ba = 0.0049,0.0017,-0.0080
[run_subscribe_msckf-1] [34m[TIME]: 0.0018 seconds total (561.2 hz, 0.25 ms behind)
[run_subscribe_msckf-1] [0mq_GtoI = -0.000,0.011,-1.000,0.011 | p_IinG = 10.595,-7.937,0.413 | dist = 13.20 (meters)
[run_subscribe_msckf-1] bg = 0.0012,0.0008,-0.0011 | ba = 0.0049,0.0017,-0.0080
[run_subscribe_msckf-1] [34m[TIME]: 0.0019 seconds total (532.2 hz, 0.25 ms behind)
[run_subscribe_msckf-1] [0mq_GtoI = -0.003,0.012,-1.000,0.011 | p_IinG = 10.640,-7.982,0.416 | dist = 13.26 (meters)
[run_subscribe_msckf-1] bg = 0.0012,0.0008,-0.0011 | ba = 0.0049,0.0017,-0.0080
[run_subscribe_msckf-1] [34m[TIME]: 0.0019 seconds total (524.9 hz, 0.25 ms behind)
[run_subscribe_msckf-1] [0mq_GtoI = -0.005,0.012,-1.000,0.011 | p_IinG = 10.685,-8.027,0.418 | dist = 13.33 (meters)
[run_subscribe_msckf-1] bg = 0.0012,0.0008,-0.0011 | ba = 0.0049,0.0017,-0.0080
[run_subscribe_msckf-1] [34m[TIME]: 0.0018 seconds total (570.1 hz, 0.25 ms behind)
[run_subscribe_msckf-1] [0mq_GtoI = -0.009,0.013,-1.000,0.011 | p_IinG = 10.746,-8.087,0.421 | dist = 13.41 (meters)
[run_subscribe_msckf-1] bg = 0.0012,0.0008,-0.0011 | ba = 0.0049,0.0017,-0.0080
[run_subscribe_msckf-1] [34m[TIME]: 0.0023 seconds total (438.4 hz, 0.25 ms behind)
[run_subscribe_msckf-1] [0mq_GtoI = -0.011,0.013,-1.000,0.011 | p_IinG = 10.791,-8.132,0.423 | dist = 13.48 (meters)
[run_subscribe_msckf-1] bg = 0.0012,0.0008,-0.0011 | ba = 0.0049,0.0017,-0.0080
[run_subscribe_msckf-1] [34m[TIME]: 0.0018 seconds total (569.5 hz, 0.25 ms behind)
[run_subscribe_msckf-1] [0mq_GtoI = -0.014,0.014,-1.000,0.011 | p_IinG = 10.837,-8.178,0.425 | dist = 13.54 (meters)
[run_subscribe_msckf-1] bg = 0.0012,0.0008,-0.0011 | ba = 0.0049,0.0017,-0.0080
[run_subscribe_msckf-1] [34m[TIME]: 0.0016 seconds total (609.0 hz, 0.25 ms behind)
[run_subscribe_msckf-1] [0mq_GtoI = -0.017,0.015,-1.000,0.012 | p_IinG = 10.898,-8.240,0.428 | dist = 13.63 (meters)
[run_subscribe_msckf-1] bg = 0.0012,0.0008,-0.0011 | ba = 0.0049,0.0017,-0.0080
[run_subscribe_msckf-1] [34m[TIME]: 0.0016 seconds total (627.7 hz, 0.25 ms behind)
[run_subscribe_msckf-1] [0mq_GtoI = -0.020,0.015,-1.000,0.012 | p_IinG = 10.945,-8.286,0.430 | dist = 13.69 (meters)
[run_subscribe_msckf-1] bg = 0.0012,0.0008,-0.0011 | ba = 0.0049,0.0017,-0.0080
[run_subscribe_msckf-1] [34m[TIME]: 0.0015 seconds total (646.0 hz, 0.25 ms behind)
[run_subscribe_msckf-1] [0mq_GtoI = -0.022,0.015,-1.000,0.012 | p_IinG = 10.992,-8.333,0.433 | dist = 13.76 (meters)
[run_subscribe_msckf-1] bg = 0.0012,0.0008,-0.0011 | ba = 0.0049,0.0017,-0.0080
[run_subscribe_msckf-1] [34m[TIME]: 0.0015 seconds total (645.2 hz, 0.25 ms behind)
[run_subscribe_msckf-1] [0mq_GtoI = -0.025,0.016,-0.999,0.012 | p_IinG = 11.055,-8.396,0.436 | dist = 13.85 (meters)
[run_subscribe_msckf-1] bg = 0.0012,0.0008,-0.0011 | ba = 0.0049,0.0017,-0.0080
[run_subscribe_msckf-1] [34m[TIME]: 0.0017 seconds total (585.1 hz, 0.25 ms behind)
[run_subscribe_msckf-1] [0mq_GtoI = -0.028,0.016,-0.999,0.012 | p_IinG = 11.103,-8.443,0.438 | dist = 13.92 (meters)
[run_subscribe_msckf-1] bg = 0.0012,0.0008,-0.0011 | ba = 0.0049,0.0017,-0.0080
[run_subscribe_msckf-1] [34m[TIME]: 0.0017 seconds total (590.7 hz, 0.25 ms behind)
[run_subscribe_msckf-1] [0mq_GtoI = -0.030,0.017,-0.999,0.012 | p_IinG = 11.152,-8.491,0.440 | dist = 13.99 (meters)
[run_subscribe_msckf-1] bg = 0.0012,0.0008,-0.0011 | ba = 0.0049,0.0017,-0.0080
[run_subscribe_msckf-1] [34m[TIME]: 0.0015 seconds total (648.5 hz, 0.25 ms behind)
[run_subscribe_msckf-1] [0mq_GtoI = -0.033,0.017,-0.999,0.012 | p_IinG = 11.219,-8.555,0.443 | dist = 14.08 (meters)
[run_subscribe_msckf-1] bg = 0.0012,0.0008,-0.0011 | ba = 0.0049,0.0017,-0.0080
[run_subscribe_msckf-1] [34m[TIME]: 0.0016 seconds total (622.3 hz, 0.25 ms behind)
[run_subscribe_msckf-1] [0mq_GtoI = -0.035,0.017,-0.999,0.012 | p_IinG = 11.269,-8.604,0.445 | dist = 14.15 (meters)
[run_subscribe_msckf-1] bg = 0.0012,0.0008,-0.0011 | ba = 0.0049,0.0017,-0.0080
[run_subscribe_msckf-1] [34m[TIME]: 0.0016 seconds total (626.6 hz, 0.25 ms behind)
[run_subscribe_msckf-1] [0mq_GtoI = -0.036,0.017,-0.999,0.012 | p_IinG = 11.321,-8.653,0.447 | dist = 14.22 (meters)
[run_subscribe_msckf-1] bg = 0.0012,0.0008,-0.0011 | ba = 0.0049,0.0017,-0.0080
[run_subscribe_msckf-1] [34m[TIME]: 0.0015 seconds total (658.8 hz, 0.25 ms behind)
[run_subscribe_msckf-1] [0mq_GtoI = -0.039,0.017,-0.999,0.012 | p_IinG = 11.391,-8.719,0.450 | dist = 14.32 (meters)
[run_subscribe_msckf-1] bg = 0.0012,0.0008,-0.0011 | ba = 0.0049,0.0017,-0.0080
[run_subscribe_msckf-1] [34m[TIME]: 0.0021 seconds total (473.3 hz, 0.25 ms behind)
[run_subscribe_msckf-1] [0mq_GtoI = -0.040,0.017,-0.999,0.012 | p_IinG = 11.444,-8.768,0.452 | dist = 14.39 (meters)
[run_subscribe_msckf-1] bg = 0.0012,0.0008,-0.0011 | ba = 0.0049,0.0017,-0.0080
[run_subscribe_msckf-1] [34m[TIME]: 0.0016 seconds total (619.6 hz, 0.25 ms behind)
[run_subscribe_msckf-1] [0mq_GtoI = -0.041,0.017,-0.999,0.012 | p_IinG = 11.499,-8.818,0.455 | dist = 14.46 (meters)
[run_subscribe_msckf-1] bg = 0.0012,0.0008,-0.0011 | ba = 0.0049,0.0017,-0.0080
[run_subscribe_msckf-1] [34m[TIME]: 0.0015 seconds total (668.9 hz, 0.25 ms behind)
[run_subscribe_msckf-1] [0mq_GtoI = -0.043,0.017,-0.999,0.012 | p_IinG = 11.573,-8.886,0.457 | dist = 14.56 (meters)
[run_subscribe_msckf-1] bg = 0.0012,0.0008,-0.0011 | ba = 0.0049,0.0017,-0.0080
[run_subscribe_msckf-1] [34m[TIME]: 0.0018 seconds total (567.2 hz, 0.25 ms behind)
[run_subscribe_msckf-1] [0mq_GtoI = -0.044,0.017,-0.999,0.012 | p_IinG = 11.630,-8.937,0.459 | dist = 14.64 (meters)
[run_subscribe_msckf-1] bg = 0.0012,0.0008,-0.0011 | ba = 0.0049,0.0017,-0.0080
[run_subscribe_msckf-1] [34m[TIME]: 0.0015 seconds total (646.8 hz, 0.25 ms behind)
[run_subscribe_msckf-1] [0mq_GtoI = -0.044,0.017,-0.999,0.012 | p_IinG = 11.688,-8.988,0.461 | dist = 14.72 (meters)
[run_subscribe_msckf-1] bg = 0.0012,0.0008,-0.0011 | ba = 0.0049,0.0017,-0.0080
[run_subscribe_msckf-1] [34m[TIME]: 0.0016 seconds total (641.0 hz, 0.25 ms behind)
[run_subscribe_msckf-1] [0mq_GtoI = -0.045,0.017,-0.999,0.012 | p_IinG = 11.767,-9.057,0.464 | dist = 14.82 (meters)
[run_subscribe_msckf-1] bg = 0.0012,0.0008,-0.0011 | ba = 0.0049,0.0017,-0.0080
[run_subscribe_msckf-1] [34m[TIME]: 0.0016 seconds total (631.3 hz, 0.25 ms behind)
[run_subscribe_msckf-1] [0mq_GtoI = -0.045,0.016,-0.999,0.012 | p_IinG = 11.828,-9.109,0.466 | dist = 14.90 (meters)
[run_subscribe_msckf-1] bg = 0.0012,0.0008,-0.0011 | ba = 0.0049,0.0017,-0.0080
[run_subscribe_msckf-1] [34m[TIME]: 0.0016 seconds total (618.4 hz, 0.25 ms behind)
[run_subscribe_msckf-1] [0mq_GtoI = -0.045,0.016,-0.999,0.012 | p_IinG = 11.890,-9.161,0.468 | dist = 14.98 (meters)
[run_subscribe_msckf-1] bg = 0.0012,0.0008,-0.0011 | ba = 0.0049,0.0017,-0.0080
[run_subscribe_msckf-1] [34m[TIME]: 0.0015 seconds total (666.7 hz, 0.25 ms behind)
[run_subscribe_msckf-1] [0mq_GtoI = -0.044,0.016,-0.999,0.012 | p_IinG = 11.974,-9.232,0.470 | dist = 15.09 (meters)
[run_subscribe_msckf-1] bg = 0.0012,0.0008,-0.0011 | ba = 0.0049,0.0017,-0.0080
[run_subscribe_msckf-1] [34m[TIME]: 0.0016 seconds total (628.1 hz, 0.25 ms behind)
[run_subscribe_msckf-1] [0mq_GtoI = -0.044,0.015,-0.999,0.012 | p_IinG = 12.038,-9.285,0.472 | dist = 15.18 (meters)
[run_subscribe_msckf-1] bg = 0.0012,0.0008,-0.0011 | ba = 0.0049,0.0017,-0.0080
[run_subscribe_msckf-1] [34m[TIME]: 0.0016 seconds total (629.3 hz, 0.25 ms behind)
[run_subscribe_msckf-1] [0mq_GtoI = -0.043,0.015,-0.999,0.012 | p_IinG = 12.103,-9.338,0.474 | dist = 15.26 (meters)
[run_subscribe_msckf-1] bg = 0.0012,0.0008,-0.0011 | ba = 0.0049,0.0017,-0.0080
[run_subscribe_msckf-1] [34m[TIME]: 0.0015 seconds total (650.2 hz, 0.25 ms behind)
[run_subscribe_msckf-1] [0mq_GtoI = -0.042,0.014,-0.999,0.012 | p_IinG = 12.192,-9.410,0.476 | dist = 15.37 (meters)
[run_subscribe_msckf-1] bg = 0.0012,0.0008,-0.0011 | ba = 0.0049,0.0017,-0.0080
[run_subscribe_msckf-1] [34m[TIME]: 0.0021 seconds total (475.5 hz, 0.25 ms behind)
[run_subscribe_msckf-1] [0mq_GtoI = -0.040,0.014,-0.999,0.012 | p_IinG = 12.260,-9.464,0.478 | dist = 15.46 (meters)
[run_subscribe_msckf-1] bg = 0.0012,0.0008,-0.0011 | ba = 0.0049,0.0017,-0.0080
[run_subscribe_msckf-1] [34m[TIME]: 0.0016 seconds total (611.2 hz, 0.25 ms behind)
[run_subscribe_msckf-1] [0mq_GtoI = -0.039,0.013,-0.999,0.012 | p_IinG = 12.329,-9.518,0.479 | dist = 15.55 (meters)
[run_subscribe_msckf-1] bg = 0.0012,0.0008,-0.0011 | ba = 0.0049,0.0017,-0.0080
[run_subscribe_msckf-1] [34m[TIME]: 0.0015 seconds total (662.3 hz, 0.25 ms behind)
[run_subscribe_msckf-1] [0mq_GtoI = -0.036,0.012,-0.999,0.012 | p_IinG = 12.422,-9.591,0.482 | dist = 15.67 (meters)
[run_subscribe_msckf-1] bg = 0.0012,0.0008,-0.0011 | ba = 0.0049,0.0017,-0.0080
[run_subscribe_msckf-1] [34m[TIME]: 0.0015 seconds total (663.1 hz, 0.25 ms behind)
[run_subscribe_msckf-1] [0mq_GtoI = -0.035,0.012,-0.999,0.012 | p_IinG = 12.493,-9.646,0.483 | dist = 15.76 (meters)
[run_subscribe_msckf-1] bg = 0.0012,0.0008,-0.0011 | ba = 0.0049,0.0017,-0.0080
[run_subscribe_msckf-1] [34m[TIME]: 0.0015 seconds total (677.5 hz, 0.25 ms behind)
[run_subscribe_msckf-1] [0mq_GtoI = -0.032,0.011,-0.999,0.012 | p_IinG = 12.565,-9.701,0.485 | dist = 15.85 (meters)
[run_subscribe_msckf-1] bg = 0.0012,0.0008,-0.0011 | ba = 0.0049,0.0017,-0.0080
[run_subscribe_msckf-1] [34m[TIME]: 0.0014 seconds total (697.8 hz, 0.25 ms behind)
[run_subscribe_msckf-1] [0mq_GtoI = -0.029,0.011,-0.999,0.012 | p_IinG = 12.662,-9.775,0.487 | dist = 15.97 (meters)
[run_subscribe_msckf-1] bg = 0.0012,0.0008,-0.0011 | ba = 0.0049,0.0017,-0.0080
[run_subscribe_msckf-1] [34m[TIME]: 0.0016 seconds total (622.3 hz, 0.25 ms behind)
[run_subscribe_msckf-1] [0mq_GtoI = -0.027,0.010,-1.000,0.012 | p_IinG = 12.736,-9.830,0.489 | dist = 16.06 (meters)
[run_subscribe_msckf-1] bg = 0.0012,0.0008,-0.0011 | ba = 0.0049,0.0017,-0.0080
[run_subscribe_msckf-1] [34m[TIME]: 0.0019 seconds total (539.1 hz, 0.25 ms behind)
[run_subscribe_msckf-1] [0mq_GtoI = -0.024,0.010,-1.000,0.012 | p_IinG = 12.810,-9.886,0.490 | dist = 16.15 (meters)
[run_subscribe_msckf-1] bg = 0.0012,0.0008,-0.0011 | ba = 0.0049,0.0017,-0.0080
[run_subscribe_msckf-1] [34m[TIME]: 0.0015 seconds total (657.0 hz, 0.25 ms behind)
[run_subscribe_msckf-1] [0mq_GtoI = -0.021,0.009,-1.000,0.012 | p_IinG = 12.910,-9.961,0.493 | dist = 16.28 (meters)
[run_subscribe_msckf-1] bg = 0.0012,0.0008,-0.0011 | ba = 0.0049,0.0017,-0.0080
[run_subscribe_msckf-1] [34m[TIME]: 0.0018 seconds total (557.7 hz, 0.25 ms behind)
[run_subscribe_msckf-1] [0mq_GtoI = -0.018,0.008,-1.000,0.012 | p_IinG = 12.985,-10.017,0.494 | dist = 16.37 (meters)
[run_subscribe_msckf-1] bg = 0.0012,0.0008,-0.0011 | ba = 0.0049,0.0017,-0.0080
[run_subscribe_msckf-1] [34m[TIME]: 0.0016 seconds total (607.2 hz, 0.25 ms behind)
[run_subscribe_msckf-1] [0mq_GtoI = -0.015,0.008,-1.000,0.012 | p_IinG = 13.061,-10.073,0.496 | dist = 16.47 (meters)
[run_subscribe_msckf-1] bg = 0.0012,0.0008,-0.0011 | ba = 0.0049,0.0017,-0.0080
[run_subscribe_msckf-1] [34m[TIME]: 0.0016 seconds total (642.7 hz, 0.25 ms behind)
[run_subscribe_msckf-1] [0mq_GtoI = -0.011,0.007,-1.000,0.012 | p_IinG = 13.162,-10.148,0.499 | dist = 16.59 (meters)
[run_subscribe_msckf-1] bg = 0.0012,0.0008,-0.0011 | ba = 0.0049,0.0017,-0.0080
[run_subscribe_msckf-1] [34m[TIME]: 0.0022 seconds total (446.4 hz, 0.25 ms behind)
[run_subscribe_msckf-1] [0mq_GtoI = -0.008,0.007,-1.000,0.012 | p_IinG = 13.239,-10.204,0.500 | dist = 16.69 (meters)
[run_subscribe_msckf-1] bg = 0.0012,0.0008,-0.0011 | ba = 0.0049,0.0017,-0.0080
[run_subscribe_msckf-1] [34m[TIME]: 0.0017 seconds total (590.7 hz, 0.25 ms behind)
[run_subscribe_msckf-1] [0mq_GtoI = -0.005,0.006,-1.000,0.012 | p_IinG = 13.316,-10.260,0.502 | dist = 16.78 (meters)
[run_subscribe_msckf-1] bg = 0.0012,0.0008,-0.0011 | ba = 0.0049,0.0017,-0.0080
[run_subscribe_msckf-1] [34m[TIME]: 0.0016 seconds total (615.4 hz, 0.25 ms behind)
[run_subscribe_msckf-1] [0mq_GtoI = -0.001,0.006,-1.000,0.012 | p_IinG = 13.418,-10.336,0.505 | dist = 16.91 (meters)
[run_subscribe_msckf-1] bg = 0.0012,0.0008,-0.0011 | ba = 0.0049,0.0017,-0.0080
[run_subscribe_msckf-1] [34m[TIME]: 0.0017 seconds total (594.9 hz, 0.25 ms behind)
[run_subscribe_msckf-1] [0mq_GtoI = 0.002,0.005,-1.000,0.012 | p_IinG = 13.494,-10.392,0.507 | dist = 17.01 (meters)
[run_subscribe_msckf-1] bg = 0.0012,0.0008,-0.0011 | ba = 0.0049,0.0017,-0.0080
[run_subscribe_msckf-1] [34m[TIME]: 0.0017 seconds total (583.8 hz, 0.25 ms behind)
[run_subscribe_msckf-1] [0mq_GtoI = 0.005,0.005,-1.000,0.012 | p_IinG = 13.571,-10.449,0.508 | dist = 17.10 (meters)
[run_subscribe_msckf-1] bg = 0.0012,0.0008,-0.0011 | ba = 0.0049,0.0017,-0.0080
[run_subscribe_msckf-1] [34m[TIME]: 0.0019 seconds total (536.5 hz, 0.25 ms behind)
[run_subscribe_msckf-1] [0mq_GtoI = 0.008,0.005,-1.000,0.012 | p_IinG = 13.673,-10.524,0.511 | dist = 17.23 (meters)
[run_subscribe_msckf-1] bg = 0.0012,0.0008,-0.0011 | ba = 0.0049,0.0017,-0.0080
[run_subscribe_msckf-1] [34m[TIME]: 0.0020 seconds total (511.2 hz, 0.25 ms behind)
[run_subscribe_msckf-1] [0mq_GtoI = 0.011,0.004,-1.000,0.012 | p_IinG = 13.749,-10.581,0.513 | dist = 17.32 (meters)
[run_subscribe_msckf-1] bg = 0.0012,0.0008,-0.0011 | ba = 0.0049,0.0017,-0.0080
[run_subscribe_msckf-1] [34m[TIME]: 0.0018 seconds total (542.9 hz, 0.25 ms behind)
[run_subscribe_msckf-1] [0mq_GtoI = 0.014,0.004,-1.000,0.012 | p_IinG = 13.855,-10.594,0.506 | dist = 17.42 (meters)
[run_subscribe_msckf-1] bg = 0.0012,0.0008,-0.0011 | ba = 0.0050,0.0018,-0.0078
[run_subscribe_msckf-1] [34m[TIME]: 0.0021 seconds total (473.7 hz, 0.25 ms behind)
[run_subscribe_msckf-1] [0mq_GtoI = 0.017,0.004,-1.000,0.012 | p_IinG = 13.956,-10.669,0.509 | dist = 17.54 (meters)
[run_subscribe_msckf-1] bg = 0.0012,0.0008,-0.0011 | ba = 0.0050,0.0018,-0.0078
[run_subscribe_msckf-1] [34m[TIME]: 0.0018 seconds total (569.5 hz, 0.25 ms behind)
[run_subscribe_msckf-1] [0mq_GtoI = 0.019,0.004,-1.000,0.012 | p_IinG = 14.030,-10.725,0.511 | dist = 17.64 (meters)
[run_subscribe_msckf-1] bg = 0.0012,0.0008,-0.0011 | ba = 0.0050,0.0018,-0.0078
[run_subscribe_msckf-1] [34m[TIME]: 0.0017 seconds total (585.5 hz, 0.25 ms behind)
[run_subscribe_msckf-1] [0mq_GtoI = 0.022,0.005,-1.000,0.012 | p_IinG = 13.841,-11.764,0.550 | dist = 17.73 (meters)
[run_subscribe_msckf-1] bg = 0.0014,0.0007,-0.0011 | ba = 0.0043,0.0003,-0.0090
[run_subscribe_msckf-1] [34m[TIME]: 0.0020 seconds total (489.2 hz, 0.25 ms behind)
[run_subscribe_msckf-1] [0mq_GtoI = 0.024,0.006,-1.000,0.012 | p_IinG = 13.937,-11.848,0.553 | dist = 17.86 (meters)
[run_subscribe_msckf-1] bg = 0.0014,0.0007,-0.0011 | ba = 0.0043,0.0003,-0.0090
[run_subscribe_msckf-1] [34m[TIME]: 0.0023 seconds total (443.9 hz, 0.25 ms behind)
[run_subscribe_msckf-1] [0mq_GtoI = 0.026,0.006,-1.000,0.012 | p_IinG = 14.008,-11.911,0.555 | dist = 17.95 (meters)
[run_subscribe_msckf-1] bg = 0.0014,0.0007,-0.0011 | ba = 0.0043,0.0003,-0.0090
[run_subscribe_msckf-1] [34m[TIME]: 0.0018 seconds total (557.7 hz, 0.25 ms behind)
[run_subscribe_msckf-1] [0mq_GtoI = 0.027,0.006,-1.000,0.012 | p_IinG = 14.078,-11.973,0.557 | dist = 18.05 (meters)
[run_subscribe_msckf-1] bg = 0.0014,0.0007,-0.0011 | ba = 0.0043,0.0003,-0.0090
[run_subscribe_msckf-1] [34m[TIME]: 0.0016 seconds total (618.8 hz, 0.25 ms behind)
[run_subscribe_msckf-1] [0mq_GtoI = 0.029,0.006,-0.999,0.012 | p_IinG = 14.170,-12.057,0.560 | dist = 18.17 (meters)
[run_subscribe_msckf-1] bg = 0.0014,0.0007,-0.0011 | ba = 0.0043,0.0003,-0.0090
[run_subscribe_msckf-1] [34m[TIME]: 0.0017 seconds total (581.4 hz, 0.25 ms behind)
[run_subscribe_msckf-1] [0mq_GtoI = 0.030,0.006,-0.999,0.012 | p_IinG = 14.238,-12.120,0.563 | dist = 18.27 (meters)
[run_subscribe_msckf-1] bg = 0.0014,0.0007,-0.0011 | ba = 0.0043,0.0003,-0.0090
[run_subscribe_msckf-1] [34m[TIME]: 0.0018 seconds total (561.2 hz, 0.25 ms behind)
[run_subscribe_msckf-1] [0mq_GtoI = 0.031,0.007,-0.999,0.012 | p_IinG = 14.305,-12.183,0.565 | dist = 18.36 (meters)
[run_subscribe_msckf-1] bg = 0.0014,0.0007,-0.0011 | ba = 0.0043,0.0003,-0.0090
[run_subscribe_msckf-1] [34m[TIME]: 0.0017 seconds total (575.4 hz, 0.25 ms behind)
[run_subscribe_msckf-1] [0mq_GtoI = 0.031,0.007,-0.999,0.012 | p_IinG = 14.393,-12.267,0.568 | dist = 18.48 (meters)
[run_subscribe_msckf-1] bg = 0.0014,0.0007,-0.0011 | ba = 0.0043,0.0003,-0.0090
[run_subscribe_msckf-1] [34m[TIME]: 0.0018 seconds total (559.0 hz, 0.25 ms behind)
[run_subscribe_msckf-1] [0mq_GtoI = 0.031,0.008,-0.999,0.012 | p_IinG = 14.459,-12.330,0.570 | dist = 18.57 (meters)
[run_subscribe_msckf-1] bg = 0.0014,0.0007,-0.0011 | ba = 0.0043,0.0003,-0.0090
[run_subscribe_msckf-1] [34m[TIME]: 0.0019 seconds total (518.7 hz, 0.25 ms behind)
[run_subscribe_msckf-1] [0mq_GtoI = 0.031,0.008,-0.999,0.012 | p_IinG = 14.523,-12.394,0.572 | dist = 18.66 (meters)
[run_subscribe_msckf-1] bg = 0.0014,0.0007,-0.0011 | ba = 0.0043,0.0003,-0.0090
[run_subscribe_msckf-1] [34m[TIME]: 0.0017 seconds total (575.7 hz, 0.25 ms behind)
[run_subscribe_msckf-1] [0mq_GtoI = 0.031,0.009,-0.999,0.012 | p_IinG = 14.607,-12.478,0.575 | dist = 18.78 (meters)
[run_subscribe_msckf-1] bg = 0.0014,0.0007,-0.0011 | ba = 0.0043,0.0003,-0.0090
[run_subscribe_msckf-1] [34m[TIME]: 0.0018 seconds total (559.3 hz, 0.25 ms behind)
[run_subscribe_msckf-1] [0mq_GtoI = 0.030,0.009,-0.999,0.012 | p_IinG = 14.669,-12.542,0.578 | dist = 18.87 (meters)
[run_subscribe_msckf-1] bg = 0.0014,0.0007,-0.0011 | ba = 0.0043,0.0003,-0.0090
[run_subscribe_msckf-1] [34m[TIME]: 0.0018 seconds total (554.9 hz, 0.25 ms behind)
[run_subscribe_msckf-1] [0mq_GtoI = 0.029,0.010,-0.999,0.012 | p_IinG = 14.730,-12.605,0.580 | dist = 18.96 (meters)
[run_subscribe_msckf-1] bg = 0.0014,0.0007,-0.0011 | ba = 0.0043,0.0003,-0.0090
[run_subscribe_msckf-1] [34m[TIME]: 0.0017 seconds total (572.4 hz, 0.25 ms behind)
[run_subscribe_msckf-1] [0mq_GtoI = 0.028,0.010,-0.999,0.012 | p_IinG = 14.810,-12.691,0.583 | dist = 19.07 (meters)
[run_subscribe_msckf-1] bg = 0.0014,0.0007,-0.0011 | ba = 0.0043,0.0003,-0.0090
[run_subscribe_msckf-1] [34m[TIME]: 0.0023 seconds total (439.2 hz, 0.25 ms behind)
[run_subscribe_msckf-1] [0mq_GtoI = 0.026,0.011,-1.000,0.012 | p_IinG = 14.870,-12.755,0.585 | dist = 19.16 (meters)
[run_subscribe_msckf-1] bg = 0.0014,0.0007,-0.0011 | ba = 0.0043,0.0003,-0.0090
[run_subscribe_msckf-1] [34m[TIME]: 0.0018 seconds total (549.5 hz, 0.25 ms behind)
[run_subscribe_msckf-1] [0mq_GtoI = 0.024,0.012,-1.000,0.012 | p_IinG = 14.928,-12.819,0.588 | dist = 19.25 (meters)
[run_subscribe_msckf-1] bg = 0.0014,0.0007,-0.0011 | ba = 0.0043,0.0003,-0.0090
[run_subscribe_msckf-1] [34m[TIME]: 0.0016 seconds total (609.8 hz, 0.25 ms behind)
[run_subscribe_msckf-1] [0mq_GtoI = 0.022,0.013,-1.000,0.012 | p_IinG = 15.005,-12.905,0.591 | dist = 19.36 (meters)
[run_subscribe_msckf-1] bg = 0.0014,0.0007,-0.0011 | ba = 0.0043,0.0003,-0.0090
[run_subscribe_msckf-1] [34m[TIME]: 0.0018 seconds total (562.4 hz, 0.25 ms behind)
[run_subscribe_msckf-1] [0mq_GtoI = 0.019,0.013,-1.000,0.012 | p_IinG = 15.062,-12.970,0.593 | dist = 19.45 (meters)
[run_subscribe_msckf-1] bg = 0.0014,0.0007,-0.0011 | ba = 0.0043,0.0003,-0.0090
[run_subscribe_msckf-1] [34m[TIME]: 0.0018 seconds total (566.9 hz, 0.25 ms behind)
[run_subscribe_msckf-1] [0mq_GtoI = 0.017,0.014,-1.000,0.012 | p_IinG = 15.118,-13.035,0.596 | dist = 19.54 (meters)
[run_subscribe_msckf-1] bg = 0.0014,0.0007,-0.0011 | ba = 0.0043,0.0003,-0.0090
[run_subscribe_msckf-1] [34m[TIME]: 0.0018 seconds total (558.0 hz, 0.25 ms behind)
[run_subscribe_msckf-1] [0mq_GtoI = 0.013,0.015,-1.000,0.012 | p_IinG = 15.192,-13.122,0.599 | dist = 19.65 (meters)
[run_subscribe_msckf-1] bg = 0.0014,0.0007,-0.0011 | ba = 0.0043,0.0003,-0.0090
[run_subscribe_msckf-1] [34m[TIME]: 0.0019 seconds total (513.3 hz, 0.25 ms behind)
[run_subscribe_msckf-1] [0mq_GtoI = 0.010,0.015,-1.000,0.013 | p_IinG = 15.247,-13.187,0.602 | dist = 19.74 (meters)
[run_subscribe_msckf-1] bg = 0.0014,0.0007,-0.0011 | ba = 0.0043,0.0003,-0.0090
[run_subscribe_msckf-1] [34m[TIME]: 0.0018 seconds total (548.8 hz, 0.25 ms behind)
[run_subscribe_msckf-1] [0mq_GtoI = 0.007,0.016,-1.000,0.013 | p_IinG = 15.302,-13.253,0.604 | dist = 19.82 (meters)
[run_subscribe_msckf-1] bg = 0.0014,0.0007,-0.0011 | ba = 0.0043,0.0003,-0.0090
[run_subscribe_msckf-1] [34m[TIME]: 0.0018 seconds total (556.2 hz, 0.25 ms behind)
[run_subscribe_msckf-1] [0mq_GtoI = 0.003,0.017,-1.000,0.013 | p_IinG = 15.374,-13.342,0.608 | dist = 19.94 (meters)
[run_subscribe_msckf-1] bg = 0.0014,0.0007,-0.0011 | ba = 0.0043,0.0003,-0.0090
[run_subscribe_msckf-1] [34m[TIME]: 0.0018 seconds total (558.3 hz, 0.25 ms behind)
[run_subscribe_msckf-1] [0mq_GtoI = -0.000,0.017,-1.000,0.013 | p_IinG = 15.429,-13.408,0.610 | dist = 20.02 (meters)
[run_subscribe_msckf-1] bg = 0.0014,0.0007,-0.0011 | ba = 0.0043,0.0003,-0.0090
[run_subscribe_msckf-1] [34m[TIME]: 0.0019 seconds total (530.8 hz, 0.25 ms behind)
[run_subscribe_msckf-1] [0mq_GtoI = -0.004,0.018,-1.000,0.013 | p_IinG = 15.483,-13.475,0.613 | dist = 20.11 (meters)
[run_subscribe_msckf-1] bg = 0.0014,0.0007,-0.0011 | ba = 0.0043,0.0003,-0.0090
[run_subscribe_msckf-1] [34m[TIME]: 0.0019 seconds total (531.1 hz, 0.25 ms behind)
[run_subscribe_msckf-1] [0mq_GtoI = -0.008,0.018,-1.000,0.013 | p_IinG = 15.555,-13.565,0.617 | dist = 20.22 (meters)
[run_subscribe_msckf-1] bg = 0.0014,0.0007,-0.0011 | ba = 0.0043,0.0003,-0.0090
[run_subscribe_msckf-1] [34m[TIME]: 0.0024 seconds total (422.7 hz, 0.25 ms behind)
[run_subscribe_msckf-1] [0mq_GtoI = -0.012,0.019,-1.000,0.013 | p_IinG = 15.609,-13.633,0.619 | dist = 20.31 (meters)
[run_subscribe_msckf-1] bg = 0.0014,0.0007,-0.0011 | ba = 0.0043,0.0003,-0.0090
[run_subscribe_msckf-1] [34m[TIME]: 0.0018 seconds total (547.0 hz, 0.25 ms behind)
[run_subscribe_msckf-1] [0mq_GtoI = -0.013,0.019,-1.000,0.013 | p_IinG = 14.112,-13.711,1.183 | dist = 20.39 (meters)
[run_subscribe_msckf-1] bg = 0.0014,0.0005,-0.0011 | ba = 0.0017,0.0012,-0.0171
[run_subscribe_msckf-1] [34m[TIME]: 0.0020 seconds total (508.6 hz, 0.25 ms behind)
[run_subscribe_msckf-1] [0mq_GtoI = -0.018,0.020,-1.000,0.013 | p_IinG = 14.172,-13.803,1.190 | dist = 20.50 (meters)
[run_subscribe_msckf-1] bg = 0.0014,0.0005,-0.0011 | ba = 0.0017,0.0012,-0.0171
[run_subscribe_msckf-1] [34m[TIME]: 0.0018 seconds total (564.0 hz, 0.25 ms behind)
[run_subscribe_msckf-1] [0mq_GtoI = -0.022,0.020,-0.999,0.013 | p_IinG = 14.219,-13.872,1.196 | dist = 20.59 (meters)
[run_subscribe_msckf-1] bg = 0.0014,0.0005,-0.0011 | ba = 0.0017,0.0012,-0.0171
[run_subscribe_msckf-1] [34m[TIME]: 0.0017 seconds total (593.1 hz, 0.25 ms behind)
[run_subscribe_msckf-1] [0mq_GtoI = -0.025,0.020,-0.999,0.013 | p_IinG = 14.265,-13.942,1.202 | dist = 20.67 (meters)
[run_subscribe_msckf-1] bg = 0.0014,0.0005,-0.0011 | ba = 0.0017,0.0012,-0.0171
[run_subscribe_msckf-1] [34m[TIME]: 0.0016 seconds total (621.5 hz, 0.25 ms behind)
[run_subscribe_msckf-1] [0mq_GtoI = -0.030,0.021,-0.999,0.014 | p_IinG = 14.328,-14.035,1.209 | dist = 20.78 (meters)
[run_subscribe_msckf-1] bg = 0.0014,0.0005,-0.0011 | ba = 0.0017,0.0012,-0.0171
[run_subscribe_msckf-1] [34m[TIME]: 0.0018 seconds total (559.3 hz, 0.25 ms behind)
[run_subscribe_msckf-1] [0mq_GtoI = -0.033,0.021,-0.999,0.014 | p_IinG = 14.376,-14.106,1.214 | dist = 20.87 (meters)
[run_subscribe_msckf-1] bg = 0.0014,0.0005,-0.0011 | ba = 0.0017,0.0012,-0.0171
[run_subscribe_msckf-1] [34m[TIME]: 0.0018 seconds total (564.7 hz, 0.25 ms behind)
[run_subscribe_msckf-1] [0mq_GtoI = -0.036,0.021,-0.999,0.014 | p_IinG = 14.425,-14.177,1.220 | dist = 20.96 (meters)
[run_subscribe_msckf-1] bg = 0.0014,0.0005,-0.0011 | ba = 0.0017,0.0012,-0.0171
[run_subscribe_msckf-1] [34m[TIME]: 0.0015 seconds total (658.3 hz, 0.25 ms behind)
[run_subscribe_msckf-1] [0mq_GtoI = -0.040,0.021,-0.999,0.014 | p_IinG = 14.492,-14.273,1.227 | dist = 21.07 (meters)
[run_subscribe_msckf-1] bg = 0.0014,0.0005,-0.0011 | ba = 0.0017,0.0012,-0.0171
[run_subscribe_msckf-1] [34m[TIME]: 0.0017 seconds total (579.7 hz, 0.25 ms behind)
[run_subscribe_msckf-1] [0mq_GtoI = -0.043,0.021,-0.999,0.014 | p_IinG = 14.543,-14.345,1.233 | dist = 21.16 (meters)
[run_subscribe_msckf-1] bg = 0.0014,0.0005,-0.0011 | ba = 0.0017,0.0012,-0.0171
[run_subscribe_msckf-1] [34m[TIME]: 0.0017 seconds total (582.8 hz, 0.25 ms behind)
[run_subscribe_msckf-1] [0mq_GtoI = -0.045,0.021,-0.999,0.014 | p_IinG = 14.595,-14.417,1.238 | dist = 21.25 (meters)
[run_subscribe_msckf-1] bg = 0.0014,0.0005,-0.0011 | ba = 0.0017,0.0012,-0.0171
[run_subscribe_msckf-1] [34m[TIME]: 0.0016 seconds total (624.2 hz, 0.25 ms behind)
[run_subscribe_msckf-1] [0mq_GtoI = -0.048,0.021,-0.999,0.014 | p_IinG = 14.667,-14.515,1.246 | dist = 21.37 (meters)
[run_subscribe_msckf-1] bg = 0.0014,0.0005,-0.0011 | ba = 0.0017,0.0012,-0.0171
[run_subscribe_msckf-1] [34m[TIME]: 0.0022 seconds total (448.8 hz, 0.25 ms behind)
[run_subscribe_msckf-1] [0mq_GtoI = -0.050,0.021,-0.998,0.014 | p_IinG = 14.722,-14.588,1.251 | dist = 21.46 (meters)
[run_subscribe_msckf-1] bg = 0.0014,0.0005,-0.0011 | ba = 0.0017,0.0012,-0.0171
[run_subscribe_msckf-1] [34m[TIME]: 0.0018 seconds total (542.3 hz, 0.25 ms behind)
[run_subscribe_msckf-1] [0mq_GtoI = -0.051,0.020,-0.998,0.014 | p_IinG = 13.690,-14.295,1.654 | dist = 21.55 (meters)
[run_subscribe_msckf-1] bg = 0.0014,0.0003,-0.0011 | ba = -0.0001,0.0024,-0.0225
[run_subscribe_msckf-1] [34m[TIME]: 0.0020 seconds total (510.7 hz, 0.25 ms behind)
[run_subscribe_msckf-1] [0mq_GtoI = -0.053,0.020,-0.998,0.014 | p_IinG = 13.758,-14.391,1.664 | dist = 21.67 (meters)
[run_subscribe_msckf-1] bg = 0.0014,0.0003,-0.0011 | ba = -0.0001,0.0024,-0.0225
[run_subscribe_msckf-1] [34m[TIME]: 0.0015 seconds total (669.3 hz, 0.25 ms behind)
[run_subscribe_msckf-1] [0mq_GtoI = -0.054,0.019,-0.998,0.014 | p_IinG = 13.811,-14.464,1.671 | dist = 21.76 (meters)
[run_subscribe_msckf-1] bg = 0.0014,0.0003,-0.0011 | ba = -0.0001,0.0024,-0.0225
[run_subscribe_msckf-1] [34m[TIME]: 0.0015 seconds total (685.9 hz, 0.25 ms behind)
[run_subscribe_msckf-1] [0mq_GtoI = -0.055,0.019,-0.998,0.014 | p_IinG = 13.866,-14.537,1.678 | dist = 21.85 (meters)
[run_subscribe_msckf-1] bg = 0.0014,0.0003,-0.0011 | ba = -0.0001,0.0024,-0.0225
[run_subscribe_msckf-1] [34m[TIME]: 0.0014 seconds total (707.2 hz, 0.25 ms behind)
[run_subscribe_msckf-1] [0mq_GtoI = -0.056,0.018,-0.998,0.014 | p_IinG = 13.940,-14.636,1.688 | dist = 21.98 (meters)
[run_subscribe_msckf-1] bg = 0.0014,0.0003,-0.0011 | ba = -0.0001,0.0024,-0.0225
[run_subscribe_msckf-1] [34m[TIME]: 0.0016 seconds total (621.9 hz, 0.25 ms behind)
[run_subscribe_msckf-1] [0mq_GtoI = -0.056,0.018,-0.998,0.014 | p_IinG = 13.998,-14.710,1.695 | dist = 22.07 (meters)
[run_subscribe_msckf-1] bg = 0.0014,0.0003,-0.0011 | ba = -0.0001,0.0024,-0.0225
[run_subscribe_msckf-1] [34m[TIME]: 0.0016 seconds total (644.3 hz, 0.25 ms behind)
[run_subscribe_msckf-1] [0mq_GtoI = -0.056,0.017,-0.998,0.014 | p_IinG = 14.057,-14.784,1.702 | dist = 22.16 (meters)
[run_subscribe_msckf-1] bg = 0.0014,0.0003,-0.0011 | ba = -0.0001,0.0024,-0.0225
[run_subscribe_msckf-1] [34m[TIME]: 0.0015 seconds total (689.2 hz, 0.25 ms behind)
[run_subscribe_msckf-1] [0mq_GtoI = -0.055,0.016,-0.998,0.014 | p_IinG = 14.138,-14.884,1.711 | dist = 22.29 (meters)
[run_subscribe_msckf-1] bg = 0.0014,0.0003,-0.0011 | ba = -0.0001,0.0024,-0.0225
[run_subscribe_msckf-1] [34m[TIME]: 0.0016 seconds total (632.5 hz, 0.25 ms behind)
[run_subscribe_msckf-1] [0mq_GtoI = -0.054,0.016,-0.998,0.014 | p_IinG = 14.200,-14.959,1.718 | dist = 22.39 (meters)
[run_subscribe_msckf-1] bg = 0.0014,0.0003,-0.0011 | ba = -0.0001,0.0024,-0.0225
[run_subscribe_msckf-1] [34m[TIME]: 0.0016 seconds total (620.7 hz, 0.25 ms behind)
[run_subscribe_msckf-1] [0mq_GtoI = -0.053,0.015,-0.998,0.014 | p_IinG = 14.264,-15.034,1.725 | dist = 22.49 (meters)
[run_subscribe_msckf-1] bg = 0.0014,0.0003,-0.0011 | ba = -0.0001,0.0024,-0.0225
[run_subscribe_msckf-1] [34m[TIME]: 0.0015 seconds total (679.8 hz, 0.25 ms behind)
[run_subscribe_msckf-1] [0mq_GtoI = -0.051,0.015,-0.998,0.014 | p_IinG = 14.351,-15.135,1.734 | dist = 22.62 (meters)
[run_subscribe_msckf-1] bg = 0.0014,0.0003,-0.0011 | ba = -0.0001,0.0024,-0.0225
[run_subscribe_msckf-1] [34m[TIME]: 0.0021 seconds total (470.4 hz, 0.25 ms behind)
[run_subscribe_msckf-1] [0mq_GtoI = -0.050,0.014,-0.999,0.014 | p_IinG = 14.418,-15.211,1.741 | dist = 22.73 (meters)
[run_subscribe_msckf-1] bg = 0.0014,0.0003,-0.0011 | ba = -0.0001,0.0024,-0.0225
[run_subscribe_msckf-1] [34m[TIME]: 0.0016 seconds total (627.0 hz, 0.25 ms behind)
[run_subscribe_msckf-1] [0mq_GtoI = -0.048,0.013,-0.999,0.014 | p_IinG = 14.486,-15.287,1.748 | dist = 22.83 (meters)
[run_subscribe_msckf-1] bg = 0.0014,0.0003,-0.0011 | ba = -0.0001,0.0024,-0.0225
[run_subscribe_msckf-1] [34m[TIME]: 0.0014 seconds total (699.8 hz, 0.25 ms behind)
[run_subscribe_msckf-1] [0mq_GtoI = -0.044,0.012,-0.999,0.014 | p_IinG = 14.579,-15.389,1.757 | dist = 22.97 (meters)
[run_subscribe_msckf-1] bg = 0.0014,0.0003,-0.0011 | ba = -0.0001,0.0024,-0.0225
[run_subscribe_msckf-1] [34m[TIME]: 0.0015 seconds total (678.9 hz, 0.25 ms behind)
[run_subscribe_msckf-1] [0mq_GtoI = -0.042,0.012,-0.999,0.014 | p_IinG = 14.650,-15.466,1.764 | dist = 23.07 (meters)
[run_subscribe_msckf-1] bg = 0.0014,0.0003,-0.0011 | ba = -0.0001,0.0024,-0.0225
[run_subscribe_msckf-1] [34m[TIME]: 0.0014 seconds total (695.4 hz, 0.25 ms behind)
[run_subscribe_msckf-1] [0mq_GtoI = -0.039,0.011,-0.999,0.014 | p_IinG = 14.722,-15.542,1.771 | dist = 23.18 (meters)
[run_subscribe_msckf-1] bg = 0.0014,0.0003,-0.0011 | ba = -0.0001,0.0024,-0.0225
[run_subscribe_msckf-1] [34m[TIME]: 0.0014 seconds total (707.7 hz, 0.25 ms behind)
[run_subscribe_msckf-1] [0mq_GtoI = -0.035,0.011,-0.999,0.014 | p_IinG = 14.819,-15.645,1.780 | dist = 23.32 (meters)
[run_subscribe_msckf-1] bg = 0.0014,0.0003,-0.0011 | ba = -0.0001,0.0024,-0.0225
[run_subscribe_msckf-1] [34m[TIME]: 0.0016 seconds total (628.1 hz, 0.25 ms behind)
[run_subscribe_msckf-1] [0mq_GtoI = -0.031,0.010,-0.999,0.014 | p_IinG = 14.894,-15.722,1.787 | dist = 23.43 (meters)
[run_subscribe_msckf-1] bg = 0.0014,0.0003,-0.0011 | ba = -0.0001,0.0024,-0.0225
[run_subscribe_msckf-1] [34m[TIME]: 0.0016 seconds total (616.1 hz, 0.25 ms behind)
[run_subscribe_msckf-1] [0mq_GtoI = -0.028,0.009,-0.999,0.014 | p_IinG = 14.968,-15.800,1.794 | dist = 23.53 (meters)
[run_subscribe_msckf-1] bg = 0.0014,0.0003,-0.0011 | ba = -0.0001,0.0024,-0.0225
[run_subscribe_msckf-1] [34m[TIME]: 0.0016 seconds total (639.4 hz, 0.25 ms behind)
[run_subscribe_msckf-1] [0mq_GtoI = -0.023,0.009,-1.000,0.014 | p_IinG = 15.069,-15.903,1.804 | dist = 23.68 (meters)
[run_subscribe_msckf-1] bg = 0.0014,0.0003,-0.0011 | ba = -0.0001,0.0024,-0.0225
[run_subscribe_msckf-1] [34m[TIME]: 0.0017 seconds total (604.6 hz, 0.25 ms behind)
[run_subscribe_msckf-1] [0mq_GtoI = -0.019,0.008,-1.000,0.014 | p_IinG = 15.146,-15.981,1.811 | dist = 23.79 (meters)
[run_subscribe_msckf-1] bg = 0.0014,0.0003,-0.0011 | ba = -0.0001,0.0024,-0.0225
[run_subscribe_msckf-1] [34m[TIME]: 0.0017 seconds total (599.2 hz, 0.25 ms behind)
[run_subscribe_msckf-1] [0mq_GtoI = -0.015,0.008,-1.000,0.013 | p_IinG = 15.223,-16.058,1.818 | dist = 23.90 (meters)
[run_subscribe_msckf-1] bg = 0.0014,0.0003,-0.0011 | ba = -0.0001,0.0024,-0.0225
[run_subscribe_msckf-1] [34m[TIME]: 0.0017 seconds total (595.2 hz, 0.25 ms behind)
[run_subscribe_msckf-1] [0mq_GtoI = -0.010,0.007,-1.000,0.013 | p_IinG = 15.326,-16.162,1.828 | dist = 24.04 (meters)
[run_subscribe_msckf-1] bg = 0.0014,0.0003,-0.0011 | ba = -0.0001,0.0024,-0.0225
[run_subscribe_msckf-1] [34m[TIME]: 0.0021 seconds total (475.5 hz, 0.25 ms behind)
[run_subscribe_msckf-1] [0mq_GtoI = -0.005,0.007,-1.000,0.013 | p_IinG = 15.403,-16.240,1.835 | dist = 24.15 (meters)
[run_subscribe_msckf-1] bg = 0.0014,0.0003,-0.0011 | ba = -0.0001,0.0024,-0.0225
[run_subscribe_msckf-1] [34m[TIME]: 0.0016 seconds total (610.1 hz, 0.25 ms behind)
[run_subscribe_msckf-1] [0mq_GtoI = -0.001,0.007,-1.000,0.013 | p_IinG = 15.481,-16.318,1.843 | dist = 24.26 (meters)
[run_subscribe_msckf-1] bg = 0.0014,0.0003,-0.0011 | ba = -0.0001,0.0024,-0.0225
[run_subscribe_msckf-1] [34m[TIME]: 0.0015 seconds total (652.3 hz, 0.25 ms behind)
[run_subscribe_msckf-1] [0mq_GtoI = 0.004,0.006,-1.000,0.013 | p_IinG = 15.584,-16.422,1.853 | dist = 24.41 (meters)
[run_subscribe_msckf-1] bg = 0.0014,0.0003,-0.0011 | ba = -0.0001,0.0024,-0.0225
[run_subscribe_msckf-1] [34m[TIME]: 0.0017 seconds total (586.5 hz, 0.25 ms behind)
[run_subscribe_msckf-1] [0mq_GtoI = 0.008,0.006,-1.000,0.013 | p_IinG = 15.661,-16.500,1.860 | dist = 24.52 (meters)
[run_subscribe_msckf-1] bg = 0.0014,0.0003,-0.0011 | ba = -0.0001,0.0024,-0.0225
[run_subscribe_msckf-1] [34m[TIME]: 0.0014 seconds total (693.5 hz, 0.25 ms behind)
[run_subscribe_msckf-1] [0mq_GtoI = 0.012,0.006,-1.000,0.013 | p_IinG = 15.738,-16.578,1.868 | dist = 24.63 (meters)
[run_subscribe_msckf-1] bg = 0.0014,0.0003,-0.0011 | ba = -0.0001,0.0024,-0.0225
[run_subscribe_msckf-1] [34m[TIME]: 0.0016 seconds total (636.1 hz, 0.25 ms behind)
[run_subscribe_msckf-1] [0mq_GtoI = 0.018,0.006,-1.000,0.013 | p_IinG = 15.840,-16.682,1.878 | dist = 24.78 (meters)
[run_subscribe_msckf-1] bg = 0.0014,0.0003,-0.0011 | ba = -0.0001,0.0024,-0.0225
[run_subscribe_msckf-1] [34m[TIME]: 0.0018 seconds total (559.6 hz, 0.25 ms behind)
[run_subscribe_msckf-1] [0mq_GtoI = 0.022,0.006,-1.000,0.013 | p_IinG = 15.916,-16.760,1.885 | dist = 24.89 (meters)
[run_subscribe_msckf-1] bg = 0.0014,0.0003,-0.0011 | ba = -0.0001,0.0024,-0.0225
[run_subscribe_msckf-1] [34m[TIME]: 0.0018 seconds total (547.9 hz, 0.25 ms behind)
[run_subscribe_msckf-1] [0mq_GtoI = 0.025,0.006,-1.000,0.013 | p_IinG = 15.992,-16.839,1.893 | dist = 24.99 (meters)
[run_subscribe_msckf-1] bg = 0.0014,0.0003,-0.0011 | ba = -0.0001,0.0024,-0.0225
[run_subscribe_msckf-1] [34m[TIME]: 0.0017 seconds total (583.4 hz, 0.25 ms behind)
[run_subscribe_msckf-1] [0mq_GtoI = 0.030,0.006,-0.999,0.013 | p_IinG = 16.091,-16.943,1.903 | dist = 25.14 (meters)
[run_subscribe_msckf-1] bg = 0.0014,0.0003,-0.0011 | ba = -0.0001,0.0024,-0.0225
[run_subscribe_msckf-1] [34m[TIME]: 0.0018 seconds total (542.6 hz, 0.25 ms behind)
[run_subscribe_msckf-1] [0mq_GtoI = 0.033,0.006,-0.999,0.013 | p_IinG = 16.165,-17.021,1.911 | dist = 25.25 (meters)
[run_subscribe_msckf-1] bg = 0.0014,0.0003,-0.0011 | ba = -0.0001,0.0024,-0.0225
[run_subscribe_msckf-1] [34m[TIME]: 0.0018 seconds total (550.7 hz, 0.25 ms behind)
[run_subscribe_msckf-1] [0mq_GtoI = 0.036,0.007,-0.999,0.013 | p_IinG = 16.237,-17.100,1.919 | dist = 25.35 (meters)
[run_subscribe_msckf-1] bg = 0.0014,0.0003,-0.0011 | ba = -0.0001,0.0024,-0.0225
[run_subscribe_msckf-1] [34m[TIME]: 0.0016 seconds total (607.2 hz, 0.25 ms behind)
[run_subscribe_msckf-1] [0mq_GtoI = 0.040,0.007,-0.999,0.013 | p_IinG = 16.333,-17.205,1.929 | dist = 25.50 (meters)
[run_subscribe_msckf-1] bg = 0.0014,0.0003,-0.0011 | ba = -0.0001,0.0024,-0.0225
[run_subscribe_msckf-1] [34m[TIME]: 0.0023 seconds total (440.1 hz, 0.25 ms behind)
[run_subscribe_msckf-1] [0mq_GtoI = 0.042,0.007,-0.999,0.013 | p_IinG = 16.403,-17.283,1.937 | dist = 25.60 (meters)
[run_subscribe_msckf-1] bg = 0.0014,0.0003,-0.0011 | ba = -0.0001,0.0024,-0.0225
[run_subscribe_msckf-1] [34m[TIME]: 0.0018 seconds total (556.8 hz, 0.25 ms behind)
[run_subscribe_msckf-1] [0mq_GtoI = 0.044,0.008,-0.999,0.013 | p_IinG = 16.472,-17.362,1.945 | dist = 25.71 (meters)
[run_subscribe_msckf-1] bg = 0.0014,0.0003,-0.0011 | ba = -0.0001,0.0024,-0.0225
[run_subscribe_msckf-1] [34m[TIME]: 0.0018 seconds total (543.2 hz, 0.25 ms behind)
[run_subscribe_msckf-1] [0mq_GtoI = 0.047,0.008,-0.999,0.013 | p_IinG = 16.562,-17.467,1.955 | dist = 25.85 (meters)
[run_subscribe_msckf-1] bg = 0.0014,0.0003,-0.0011 | ba = -0.0001,0.0024,-0.0225
[run_subscribe_msckf-1] [34m[TIME]: 0.0018 seconds total (564.3 hz, 0.25 ms behind)
[run_subscribe_msckf-1] [0mq_GtoI = 0.048,0.009,-0.999,0.013 | p_IinG = 16.628,-17.546,1.963 | dist = 25.95 (meters)
[run_subscribe_msckf-1] bg = 0.0014,0.0003,-0.0011 | ba = -0.0001,0.0024,-0.0225
[run_subscribe_msckf-1] [34m[TIME]: 0.0017 seconds total (577.4 hz, 0.25 ms behind)
[run_subscribe_msckf-1] [0mq_GtoI = 0.049,0.009,-0.999,0.013 | p_IinG = 16.692,-17.625,1.971 | dist = 26.05 (meters)
[run_subscribe_msckf-1] bg = 0.0014,0.0003,-0.0011 | ba = -0.0001,0.0024,-0.0225
[run_subscribe_msckf-1] [34m[TIME]: 0.0017 seconds total (578.4 hz, 0.25 ms behind)
[run_subscribe_msckf-1] [0mq_GtoI = 0.050,0.010,-0.999,0.013 | p_IinG = 16.776,-17.730,1.981 | dist = 26.19 (meters)
[run_subscribe_msckf-1] bg = 0.0014,0.0003,-0.0011 | ba = -0.0001,0.0024,-0.0225
[run_subscribe_msckf-1] [34m[TIME]: 0.0019 seconds total (535.0 hz, 0.25 ms behind)
[run_subscribe_msckf-1] [0mq_GtoI = 0.050,0.011,-0.999,0.013 | p_IinG = 16.838,-17.810,1.989 | dist = 26.29 (meters)
[run_subscribe_msckf-1] bg = 0.0014,0.0003,-0.0011 | ba = -0.0001,0.0024,-0.0225
[run_subscribe_msckf-1] [34m[TIME]: 0.0018 seconds total (558.3 hz, 0.25 ms behind)
[run_subscribe_msckf-1] [0mq_GtoI = 0.050,0.011,-0.999,0.013 | p_IinG = 16.898,-17.889,1.997 | dist = 26.39 (meters)
[run_subscribe_msckf-1] bg = 0.0014,0.0003,-0.0011 | ba = -0.0001,0.0024,-0.0225
[run_subscribe_msckf-1] [34m[TIME]: 0.0019 seconds total (535.0 hz, 0.25 ms behind)
[run_subscribe_msckf-1] [0mq_GtoI = 0.050,0.012,-0.999,0.013 | p_IinG = 16.976,-17.996,2.007 | dist = 26.52 (meters)
[run_subscribe_msckf-1] bg = 0.0014,0.0003,-0.0011 | ba = -0.0001,0.0024,-0.0225
[run_subscribe_msckf-1] [34m[TIME]: 0.0021 seconds total (482.9 hz, 0.25 ms behind)
[run_subscribe_msckf-1] [0mq_GtoI = 0.049,0.013,-0.999,0.013 | p_IinG = 17.033,-18.076,2.015 | dist = 26.62 (meters)
[run_subscribe_msckf-1] bg = 0.0014,0.0003,-0.0011 | ba = -0.0001,0.0024,-0.0225
[run_subscribe_msckf-1] [34m[TIME]: 0.0019 seconds total (524.1 hz, 0.25 ms behind)
[run_subscribe_msckf-1] [0mq_GtoI = 0.047,0.014,-0.999,0.013 | p_IinG = 17.088,-18.156,2.023 | dist = 26.72 (meters)
[run_subscribe_msckf-1] bg = 0.0014,0.0003,-0.0011 | ba = -0.0001,0.0024,-0.0225
[run_subscribe_msckf-1] [34m[TIME]: 0.0019 seconds total (535.9 hz, 0.25 ms behind)
[run_subscribe_msckf-1] [0mq_GtoI = 0.045,0.015,-0.999,0.014 | p_IinG = 17.160,-18.263,2.033 | dist = 26.84 (meters)
[run_subscribe_msckf-1] bg = 0.0014,0.0003,-0.0011 | ba = -0.0001,0.0024,-0.0225
[run_subscribe_msckf-1] [34m[TIME]: 0.0023 seconds total (425.9 hz, 0.25 ms behind)
[run_subscribe_msckf-1] [0mq_GtoI = 0.043,0.015,-0.999,0.014 | p_IinG = 17.212,-18.344,2.041 | dist = 26.94 (meters)
[run_subscribe_msckf-1] bg = 0.0014,0.0003,-0.0011 | ba = -0.0001,0.0024,-0.0225
[run_subscribe_msckf-1] [34m[TIME]: 0.0019 seconds total (514.4 hz, 0.25 ms behind)
[run_subscribe_msckf-1] [0mq_GtoI = 0.041,0.016,-0.999,0.014 | p_IinG = 17.263,-18.425,2.049 | dist = 27.04 (meters)
[run_subscribe_msckf-1] bg = 0.0014,0.0003,-0.0011 | ba = -0.0001,0.0024,-0.0225
[run_subscribe_msckf-1] [34m[TIME]: 0.0019 seconds total (528.3 hz, 0.25 ms behind)
[run_subscribe_msckf-1] [0mq_GtoI = 0.037,0.017,-0.999,0.014 | p_IinG = 17.330,-18.534,2.060 | dist = 27.17 (meters)
[run_subscribe_msckf-1] bg = 0.0014,0.0003,-0.0011 | ba = -0.0001,0.0024,-0.0225
[run_subscribe_msckf-1] [34m[TIME]: 0.0018 seconds total (546.1 hz, 0.25 ms behind)
[run_subscribe_msckf-1] [0mq_GtoI = 0.034,0.018,-0.999,0.014 | p_IinG = 17.378,-18.616,2.068 | dist = 27.26 (meters)
[run_subscribe_msckf-1] bg = 0.0014,0.0003,-0.0011 | ba = -0.0001,0.0024,-0.0225
[run_subscribe_msckf-1] [34m[TIME]: 0.0018 seconds total (552.8 hz, 0.25 ms behind)
[run_subscribe_msckf-1] [0mq_GtoI = 0.030,0.018,-0.999,0.014 | p_IinG = 17.426,-18.698,2.076 | dist = 27.36 (meters)
[run_subscribe_msckf-1] bg = 0.0014,0.0003,-0.0011 | ba = -0.0001,0.0024,-0.0225
[run_subscribe_msckf-1] [34m[TIME]: 0.0019 seconds total (519.5 hz, 0.25 ms behind)
[run_subscribe_msckf-1] [0mq_GtoI = 0.026,0.019,-0.999,0.014 | p_IinG = 17.488,-18.809,2.086 | dist = 27.48 (meters)
[run_subscribe_msckf-1] bg = 0.0014,0.0003,-0.0011 | ba = -0.0001,0.0024,-0.0225
[run_subscribe_msckf-1] [34m[TIME]: 0.0020 seconds total (507.6 hz, 0.25 ms behind)
[run_subscribe_msckf-1] [0mq_GtoI = 0.022,0.020,-0.999,0.014 | p_IinG = 17.534,-18.892,2.095 | dist = 27.58 (meters)
[run_subscribe_msckf-1] bg = 0.0014,0.0003,-0.0011 | ba = -0.0001,0.0024,-0.0225
[run_subscribe_msckf-1] [34m[TIME]: 0.0020 seconds total (510.5 hz, 0.25 ms behind)
[run_subscribe_msckf-1] [0mq_GtoI = 0.017,0.020,-1.000,0.014 | p_IinG = 17.579,-18.975,2.103 | dist = 27.67 (meters)
[run_subscribe_msckf-1] bg = 0.0014,0.0003,-0.0011 | ba = -0.0001,0.0024,-0.0225
[run_subscribe_msckf-1] [34m[TIME]: 0.0020 seconds total (498.5 hz, 0.25 ms behind)
[run_subscribe_msckf-1] [0mq_GtoI = 0.012,0.021,-1.000,0.015 | p_IinG = 17.638,-19.087,2.114 | dist = 27.80 (meters)
[run_subscribe_msckf-1] bg = 0.0014,0.0003,-0.0011 | ba = -0.0001,0.0024,-0.0225
[run_subscribe_msckf-1] [34m[TIME]: 0.0019 seconds total (534.5 hz, 0.25 ms behind)
[run_subscribe_msckf-1] [0mq_GtoI = 0.007,0.021,-1.000,0.015 | p_IinG = 17.682,-19.172,2.122 | dist = 27.90 (meters)
[run_subscribe_msckf-1] bg = 0.0014,0.0003,-0.0011 | ba = -0.0001,0.0024,-0.0225
[run_subscribe_msckf-1] [34m[TIME]: 0.0019 seconds total (538.8 hz, 0.25 ms behind)
[run_subscribe_msckf-1] [0mq_GtoI = 0.002,0.022,-1.000,0.015 | p_IinG = 17.726,-19.257,2.131 | dist = 27.99 (meters)
[run_subscribe_msckf-1] bg = 0.0014,0.0003,-0.0011 | ba = -0.0001,0.0024,-0.0225
[run_subscribe_msckf-1] [34m[TIME]: 0.0017 seconds total (572.7 hz, 0.25 ms behind)
[run_subscribe_msckf-1] [0mq_GtoI = -0.004,0.022,-1.000,0.015 | p_IinG = 17.784,-19.371,2.142 | dist = 28.12 (meters)
[run_subscribe_msckf-1] bg = 0.0014,0.0003,-0.0011 | ba = -0.0001,0.0024,-0.0225
[run_subscribe_msckf-1] [34m[TIME]: 0.0025 seconds total (394.3 hz, 0.25 ms behind)
[run_subscribe_msckf-1] [0mq_GtoI = -0.009,0.022,-1.000,0.015 | p_IinG = 17.235,-19.098,2.310 | dist = 28.22 (meters)
[run_subscribe_msckf-1] bg = 0.0013,0.0002,-0.0011 | ba = -0.0007,0.0030,-0.0243
[run_subscribe_msckf-1] [34m[TIME]: 0.0020 seconds total (501.5 hz, 0.25 ms behind)
[run_subscribe_msckf-1] [0mq_GtoI = -0.013,0.022,-1.000,0.015 | p_IinG = 17.275,-19.183,2.319 | dist = 28.31 (meters)
[run_subscribe_msckf-1] bg = 0.0013,0.0002,-0.0011 | ba = -0.0007,0.0030,-0.0243
[run_subscribe_msckf-1] [34m[TIME]: 0.0017 seconds total (577.0 hz, 0.25 ms behind)
[run_subscribe_msckf-1] [0mq_GtoI = -0.020,0.022,-0.999,0.015 | p_IinG = 17.330,-19.296,2.332 | dist = 28.44 (meters)
[run_subscribe_msckf-1] bg = 0.0013,0.0002,-0.0011 | ba = -0.0007,0.0030,-0.0243
[run_subscribe_msckf-1] [34m[TIME]: 0.0019 seconds total (533.0 hz, 0.25 ms behind)
[run_subscribe_msckf-1] [0mq_GtoI = -0.025,0.023,-0.999,0.015 | p_IinG = 17.372,-19.382,2.341 | dist = 28.53 (meters)
[run_subscribe_msckf-1] bg = 0.0013,0.0002,-0.0011 | ba = -0.0007,0.0030,-0.0243
[run_subscribe_msckf-1] [34m[TIME]: 0.0016 seconds total (627.0 hz, 0.25 ms behind)
[run_subscribe_msckf-1] [0mq_GtoI = -0.030,0.023,-0.999,0.015 | p_IinG = 17.414,-19.468,2.351 | dist = 28.63 (meters)
[run_subscribe_msckf-1] bg = 0.0013,0.0002,-0.0011 | ba = -0.0007,0.0030,-0.0243
[run_subscribe_msckf-1] [34m[TIME]: 0.0016 seconds total (628.5 hz, 0.25 ms behind)
[run_subscribe_msckf-1] [0mq_GtoI = -0.036,0.023,-0.999,0.016 | p_IinG = 17.472,-19.584,2.363 | dist = 28.76 (meters)
[run_subscribe_msckf-1] bg = 0.0013,0.0002,-0.0011 | ba = -0.0007,0.0030,-0.0243
[run_subscribe_msckf-1] [34m[TIME]: 0.0017 seconds total (603.1 hz, 0.25 ms behind)
[run_subscribe_msckf-1] [0mq_GtoI = -0.040,0.022,-0.999,0.016 | p_IinG = 17.516,-19.671,2.373 | dist = 28.86 (meters)
[run_subscribe_msckf-1] bg = 0.0013,0.0002,-0.0011 | ba = -0.0007,0.0030,-0.0243
[run_subscribe_msckf-1] [34m[TIME]: 0.0016 seconds total (609.8 hz, 0.25 ms behind)
[run_subscribe_msckf-1] [0mq_GtoI = -0.045,0.022,-0.999,0.016 | p_IinG = 17.561,-19.759,2.382 | dist = 28.96 (meters)
[run_subscribe_msckf-1] bg = 0.0013,0.0002,-0.0011 | ba = -0.0007,0.0030,-0.0243
[run_subscribe_msckf-1] [34m[TIME]: 0.0016 seconds total (608.6 hz, 0.25 ms behind)
[run_subscribe_msckf-1] [0mq_GtoI = -0.050,0.022,-0.998,0.016 | p_IinG = 17.623,-19.877,2.395 | dist = 29.09 (meters)
[run_subscribe_msckf-1] bg = 0.0013,0.0002,-0.0011 | ba = -0.0007,0.0030,-0.0243
[run_subscribe_msckf-1] [34m[TIME]: 0.0016 seconds total (624.6 hz, 0.25 ms behind)
[run_subscribe_msckf-1] [0mq_GtoI = -0.054,0.022,-0.998,0.016 | p_IinG = 17.671,-19.965,2.405 | dist = 29.19 (meters)
[run_subscribe_msckf-1] bg = 0.0013,0.0002,-0.0011 | ba = -0.0007,0.0030,-0.0243
[run_subscribe_msckf-1] [34m[TIME]: 0.0017 seconds total (599.2 hz, 0.25 ms behind)
